timestamp,timestamp_local,local_date,local_hour,hour_idx,forecast_run_date,forecast_step,solar_power,da_price,rt_price,ssrd_accum,tsr_accum,dSSRD,dTSR
2013-03-26 22:00:00+00:00,2013-03-27 09:00:00+11:00,2013-03-27,9,0,2013-03-26 00:00:00+00:00,22,0.266217949,29.49,29.15,15963443.0,18538432.0,795968.0,980480.0
2013-03-26 23:00:00+00:00,2013-03-27 10:00:00+11:00,2013-03-27,10,1,2013-03-26 00:00:00+00:00,23,0.586346154,28.03,32.01,17514944.0,20322576.0,1551501.0,1784144.0
2013-03-27 00:00:00+00:00,2013-03-27 11:00:00+11:00,2013-03-27,11,2,2013-03-26 00:00:00+00:00,24,0.696089744,29.2,30.77,19725088.0,22787008.0,2210144.0,2464432.0
2013-03-27 01:00:00+00:00,2013-03-27 12:00:00+11:00,2013-03-27,12,3,2013-03-27 00:00:00+00:00,1,0.699358974,27.25,27.7,2673986.0,2970962.0,2673986.0,2970962.0
2013-03-27 02:00:00+00:00,2013-03-27 13:00:00+11:00,2013-03-27,13,4,2013-03-27 00:00:00+00:00,2,0.793653846,27.29,27.87,5092068.0,5802410.0,2418082.0,2831448.0
2013-03-27 03:00:00+00:00,2013-03-27 14:00:00+11:00,2013-03-27,14,5,2013-03-27 00:00:00+00:00,3,0.705128205,27.36,26.34,7195256.0,8361529.0,2103188.0,2559119.0
2013-03-27 04:00:00+00:00,2013-03-27 15:00:00+11:00,2013-03-27,15,6,2013-03-27 00:00:00+00:00,4,0.590512821,29.07,35.14,9776184.0,11269730.0,2580928.0,2908201.0
2013-03-27 05:00:00+00:00,2013-03-27 16:00:00+11:00,2013-03-27,16,7,2013-03-27 00:00:00+00:00,5,0.424807692,34.07,30.59,11860858.0,13698104.0,2084674.0,2428374.0
2013-03-27 06:00:00+00:00,2013-03-27 17:00:00+11:00,2013-03-27,17,8,2013-03-27 00:00:00+00:00,6,0.247051282,44.83,33.13,13495741.0,15626977.0,1634883.0,1928873.0
2013-03-27 07:00:00+00:00,2013-03-27 18:00:00+11:00,2013-03-27,18,9,2013-03-27 00:00:00+00:00,7,0.073012821,45.87,34.32,14455207.0,16829888.0,959466.0,1202911.0
2013-03-27 08:00:00+00:00,2013-03-27 19:00:00+11:00,2013-03-27,19,10,2013-03-27 00:00:00+00:00,8,0.017371795,46.46,49.68,14702507.0,17213856.0,247300.0,383968.0
2013-03-27 09:00:00+00:00,2013-03-27 20:00:00+11:00,2013-03-27,20,11,2013-03-27 00:00:00+00:00,9,0.000320513,45.23,36.9,14702507.0,17213856.0,0.0,0.0
2013-03-27 22:00:00+00:00,2013-03-28 09:00:00+11:00,2013-03-28,9,0,2013-03-27 00:00:00+00:00,22,0.203269231,27.55,24.68,15297876.0,18135568.0,492678.0,742672.0
2013-03-27 23:00:00+00:00,2013-03-28 10:00:00+11:00,2013-03-28,10,1,2013-03-27 00:00:00+00:00,23,0.454038462,26.78,24.25,16170255.0,19407200.0,872379.0,1271632.0
2013-03-28 00:00:00+00:00,2013-03-28 11:00:00+11:00,2013-03-28,11,2,2013-03-27 00:00:00+00:00,24,0.331858974,27.41,25.01,17571552.0,21259088.0,1401297.0,1851888.0
2013-03-28 01:00:00+00:00,2013-03-28 12:00:00+11:00,2013-03-28,12,3,2013-03-28 00:00:00+00:00,1,0.445512821,26.18,24.54,2064296.0,2541705.0,2064296.0,2541705.0
2013-03-28 02:00:00+00:00,2013-03-28 13:00:00+11:00,2013-03-28,13,4,2013-03-28 00:00:00+00:00,2,0.387820513,25.46,25.24,3813602.0,4914277.0,1749306.0,2372572.0
2013-03-28 03:00:00+00:00,2013-03-28 14:00:00+11:00,2013-03-28,14,5,2013-03-28 00:00:00+00:00,3,0.388525641,25.78,25.28,5133255.0,6970257.0,1319653.0,2055980.0
2013-03-28 04:00:00+00:00,2013-03-28 15:00:00+11:00,2013-03-28,15,6,2013-03-28 00:00:00+00:00,4,0.22025641,27.15,25.44,6376889.0,8812217.0,1243634.0,1841960.0
2013-03-28 05:00:00+00:00,2013-03-28 16:00:00+11:00,2013-03-28,16,7,2013-03-28 00:00:00+00:00,5,0.086602564,33.25,29.67,6901908.0,10041654.0,525019.0,1229437.0
2013-03-28 06:00:00+00:00,2013-03-28 17:00:00+11:00,2013-03-28,17,8,2013-03-28 00:00:00+00:00,6,0.045,42.16,61.96,7106671.0,10821177.0,204763.0,779523.0
2013-03-28 07:00:00+00:00,2013-03-28 18:00:00+11:00,2013-03-28,18,9,2013-03-28 00:00:00+00:00,7,0.030576923,45.41,42.73,7330604.0,11405879.0,223933.0,584702.0
2013-03-28 08:00:00+00:00,2013-03-28 19:00:00+11:00,2013-03-28,19,10,2013-03-28 00:00:00+00:00,8,0.02025641,44.68,35.27,7421581.0,11613376.0,90977.0,207497.0
2013-03-28 09:00:00+00:00,2013-03-28 20:00:00+11:00,2013-03-28,20,11,2013-03-28 00:00:00+00:00,9,0.000192308,42.32,52.61,7421581.0,11613376.0,0.0,0.0
2013-03-28 22:00:00+00:00,2013-03-29 09:00:00+11:00,2013-03-29,9,0,2013-03-28 00:00:00+00:00,22,0.289423077,27.56,22.37,8347241.0,12728149.0,811765.0,943926.0
2013-03-28 23:00:00+00:00,2013-03-29 10:00:00+11:00,2013-03-29,10,1,2013-03-28 00:00:00+00:00,23,0.661923077,27.25,22.58,9937990.0,14464743.0,1590749.0,1736594.0
2013-03-29 00:00:00+00:00,2013-03-29 11:00:00+11:00,2013-03-29,11,2,2013-03-28 00:00:00+00:00,24,0.814358974,27.26,23.54,12204512.0,16871984.0,2266522.0,2407241.0
2013-03-29 01:00:00+00:00,2013-03-29 12:00:00+11:00,2013-03-29,12,3,2013-03-29 00:00:00+00:00,1,0.86224359,25.28,21.77,2756863.0,2900584.0,2756863.0,2900584.0
2013-03-29 02:00:00+00:00,2013-03-29 13:00:00+11:00,2013-03-29,13,4,2013-03-29 00:00:00+00:00,2,0.837371795,24.32,22.67,5787863.0,6073671.0,3031000.0,3173087.0
2013-03-29 03:00:00+00:00,2013-03-29 14:00:00+11:00,2013-03-29,14,5,2013-03-29 00:00:00+00:00,3,0.762820513,24.09,22.2,8841874.0,9281767.0,3054011.0,3208096.0
2013-03-29 04:00:00+00:00,2013-03-29 15:00:00+11:00,2013-03-29,15,6,2013-03-29 00:00:00+00:00,4,0.650192308,24.84,24.72,11668430.0,12283118.0,2826556.0,3001351.0
2013-03-29 05:00:00+00:00,2013-03-29 16:00:00+11:00,2013-03-29,16,7,2013-03-29 00:00:00+00:00,5,0.484807692,27.71,31.28,14043065.0,14850090.0,2374635.0,2566972.0
2013-03-29 06:00:00+00:00,2013-03-29 17:00:00+11:00,2013-03-29,17,8,2013-03-29 00:00:00+00:00,6,0.265064103,33.8,32.89,15782709.0,16785888.0,1739644.0,1935798.0
2013-03-29 07:00:00+00:00,2013-03-29 18:00:00+11:00,2013-03-29,18,9,2013-03-29 00:00:00+00:00,7,0.063589744,36.41,28.29,16764575.0,17948240.0,981866.0,1162352.0
2013-03-29 08:00:00+00:00,2013-03-29 19:00:00+11:00,2013-03-29,19,10,2013-03-29 00:00:00+00:00,8,0.013717949,37.87,37.66,16995104.0,18287952.0,230529.0,339712.0
2013-03-29 09:00:00+00:00,2013-03-29 20:00:00+11:00,2013-03-29,20,11,2013-03-29 00:00:00+00:00,9,0.000384615,36.26,36.39,16995104.0,18287952.0,0.0,0.0
2013-03-29 22:00:00+00:00,2013-03-30 09:00:00+11:00,2013-03-30,9,0,2013-03-29 00:00:00+00:00,22,0.273782051,25.87,17.51,17881248.0,19388320.0,781040.0,935440.0
2013-03-29 23:00:00+00:00,2013-03-30 10:00:00+11:00,2013-03-30,10,1,2013-03-29 00:00:00+00:00,23,0.631794872,24.68,28.77,19427376.0,21118144.0,1546128.0,1729824.0
2013-03-30 00:00:00+00:00,2013-03-30 11:00:00+11:00,2013-03-30,11,2,2013-03-29 00:00:00+00:00,24,0.775769231,22.94,14.95,21641072.0,23520192.0,2213696.0,2402048.0
2013-03-30 01:00:00+00:00,2013-03-30 12:00:00+11:00,2013-03-30,12,3,2013-03-30 00:00:00+00:00,1,0.838397436,20.44,12.57,2708384.0,2891719.0,2708384.0,2891719.0
2013-03-30 02:00:00+00:00,2013-03-30 13:00:00+11:00,2013-03-30,13,4,2013-03-30 00:00:00+00:00,2,0.820897436,20.26,14.49,5649832.0,6027697.0,2941448.0,3135978.0
2013-03-30 03:00:00+00:00,2013-03-30 14:00:00+11:00,2013-03-30,14,5,2013-03-30 00:00:00+00:00,3,0.644551282,21.12,16.13,8428430.0,9055933.0,2778598.0,3028236.0
2013-03-30 04:00:00+00:00,2013-03-30 15:00:00+11:00,2013-03-30,15,6,2013-03-30 00:00:00+00:00,4,0.463910256,22.05,17.95,10810175.0,11713241.0,2381745.0,2657308.0
2013-03-30 05:00:00+00:00,2013-03-30 16:00:00+11:00,2013-03-30,16,7,2013-03-30 00:00:00+00:00,5,0.459294872,22.46,22.8,12511012.0,13742241.0,1700837.0,2029000.0
2013-03-30 06:00:00+00:00,2013-03-30 17:00:00+11:00,2013-03-30,17,8,2013-03-30 00:00:00+00:00,6,0.238846154,25.24,33.24,13875314.0,15366640.0,1364302.0,1624399.0
2013-03-30 07:00:00+00:00,2013-03-30 18:00:00+11:00,2013-03-30,18,9,2013-03-30 00:00:00+00:00,7,0.089487179,29.42,33.42,14805499.0,16484241.0,930185.0,1117601.0
2013-03-30 08:00:00+00:00,2013-03-30 19:00:00+11:00,2013-03-30,19,10,2013-03-30 00:00:00+00:00,8,0.024935897,33.13,35.22,15002298.0,16787520.0,196799.0,303279.0
2013-03-30 09:00:00+00:00,2013-03-30 20:00:00+11:00,2013-03-30,20,11,2013-03-30 00:00:00+00:00,9,0.000128205,33.95,47.03,15002298.0,16787520.0,0.0,0.0
2013-03-30 22:00:00+00:00,2013-03-31 09:00:00+11:00,2013-03-31,9,0,2013-03-30 00:00:00+00:00,22,0.050897436,24.36,24.1,15625336.0,17674672.0,566829.0,770432.0
2013-03-30 23:00:00+00:00,2013-03-31 10:00:00+11:00,2013-03-31,10,1,2013-03-30 00:00:00+00:00,23,0.08974359,23.24,23.07,16545697.0,18929088.0,920361.0,1254416.0
2013-03-31 00:00:00+00:00,2013-03-31 11:00:00+11:00,2013-03-31,11,2,2013-03-30 00:00:00+00:00,24,0.143333333,22.43,22.08,17922608.0,20723824.0,1376911.0,1794736.0
2013-03-31 01:00:00+00:00,2013-03-31 12:00:00+11:00,2013-03-31,12,3,2013-03-31 00:00:00+00:00,1,0.4175,21.44,22.77,1470426.0,2008271.0,1470426.0,2008271.0
2013-03-31 02:00:00+00:00,2013-03-31 13:00:00+11:00,2013-03-31,13,4,2013-03-31 00:00:00+00:00,2,0.808333333,21.03,22.58,3682731.0,4661261.0,2212305.0,2652990.0
2013-03-31 03:00:00+00:00,2013-03-31 14:00:00+11:00,2013-03-31,14,5,2013-03-31 00:00:00+00:00,3,0.585961538,20.47,21.83,5343973.0,6883013.0,1661242.0,2221752.0
2013-03-31 04:00:00+00:00,2013-03-31 15:00:00+11:00,2013-03-31,15,6,2013-03-31 00:00:00+00:00,4,0.457371795,20.24,20.52,7244370.0,9175205.0,1900397.0,2292192.0
2013-03-31 05:00:00+00:00,2013-03-31 16:00:00+11:00,2013-03-31,16,7,2013-03-31 00:00:00+00:00,5,0.232179487,20.1,19.05,8841288.0,11142437.0,1596918.0,1967232.0
2013-03-31 06:00:00+00:00,2013-03-31 17:00:00+11:00,2013-03-31,17,8,2013-03-31 00:00:00+00:00,6,0.163333333,21.52,20.87,10003312.0,12609437.0,1162024.0,1467000.0
2013-03-31 07:00:00+00:00,2013-03-31 18:00:00+11:00,2013-03-31,18,9,2013-03-31 00:00:00+00:00,7,0.049358974,23.08,21.2,10423493.0,13302528.0,420181.0,693091.0
2013-03-31 08:00:00+00:00,2013-03-31 19:00:00+11:00,2013-03-31,19,10,2013-03-31 00:00:00+00:00,8,0.010705128,25.61,22.63,10540845.0,13530934.0,117352.0,228406.0
2013-03-31 09:00:00+00:00,2013-03-31 20:00:00+11:00,2013-03-31,20,11,2013-03-31 00:00:00+00:00,9,0.00025641,26.85,19.25,10540845.0,13530934.0,0.0,0.0
2013-03-31 22:00:00+00:00,2013-04-01 09:00:00+11:00,2013-04-01,9,0,2013-03-31 00:00:00+00:00,22,0.053269231,24.71,16.02,11166383.0,14415955.0,551201.0,749165.0
2013-03-31 23:00:00+00:00,2013-04-01 10:00:00+11:00,2013-04-01,10,1,2013-03-31 00:00:00+00:00,23,0.210128205,22.25,15.02,12475447.0,15961529.0,1309064.0,1545574.0
2013-04-01 00:00:00+00:00,2013-04-01 11:00:00+11:00,2013-04-01,11,2,2013-03-31 00:00:00+00:00,24,0.688846154,20.78,15.7,14551224.0,18253840.0,2075777.0,2292311.0
2013-04-01 01:00:00+00:00,2013-04-01 12:00:00+11:00,2013-04-01,12,3,2013-04-01 00:00:00+00:00,1,0.813846154,20.14,15.91,2650028.0,2849846.0,2650028.0,2849846.0
2013-04-01 02:00:00+00:00,2013-04-01 13:00:00+11:00,2013-04-01,13,4,2013-04-01 00:00:00+00:00,2,0.761794872,20.62,16.95,5591490.0,5985933.0,2941462.0,3136087.0
2013-04-01 03:00:00+00:00,2013-04-01 14:00:00+11:00,2013-04-01,14,5,2013-04-01 00:00:00+00:00,3,0.736538462,21.45,19.48,8527615.0,9138981.0,2936125.0,3153048.0
2013-04-01 04:00:00+00:00,2013-04-01 15:00:00+11:00,2013-04-01,15,6,2013-04-01 00:00:00+00:00,4,0.643589744,25.18,22.98,11273198.0,12095657.0,2745583.0,2956676.0
2013-04-01 05:00:00+00:00,2013-04-01 16:00:00+11:00,2013-04-01,16,7,2013-04-01 00:00:00+00:00,5,0.470769231,27.5,29.54,13472754.0,14526557.0,2199556.0,2430900.0
2013-04-01 06:00:00+00:00,2013-04-01 17:00:00+11:00,2013-04-01,17,8,2013-04-01 00:00:00+00:00,6,0.260576923,35.96,27.62,15076709.0,16352919.0,1603955.0,1826362.0
2013-04-01 07:00:00+00:00,2013-04-01 18:00:00+11:00,2013-04-01,18,9,2013-04-01 00:00:00+00:00,7,0.06724359,41.17,32.26,15987632.0,17450944.0,910923.0,1098025.0
2013-04-01 08:00:00+00:00,2013-04-01 19:00:00+11:00,2013-04-01,19,10,2013-04-01 00:00:00+00:00,8,0.013846154,43.47,31.4,16172415.0,17736768.0,184783.0,285824.0
2013-04-01 09:00:00+00:00,2013-04-01 20:00:00+11:00,2013-04-01,20,11,2013-04-01 00:00:00+00:00,9,0.000192308,41.54,34.44,16172415.0,17736768.0,0.0,0.0
2013-04-01 22:00:00+00:00,2013-04-02 09:00:00+11:00,2013-04-02,9,0,2013-04-01 00:00:00+00:00,22,0.251923077,28.6,25.51,16989312.0,18775808.0,730049.0,897888.0
2013-04-01 23:00:00+00:00,2013-04-02 10:00:00+11:00,2013-04-02,10,1,2013-04-01 00:00:00+00:00,23,0.615384615,26.61,26.29,18468448.0,20464208.0,1479136.0,1688400.0
2013-04-02 00:00:00+00:00,2013-04-02 11:00:00+11:00,2013-04-02,11,2,2013-04-01 00:00:00+00:00,24,0.743782051,26.06,24.22,20590960.0,22811568.0,2122512.0,2347360.0
2013-04-02 01:00:00+00:00,2013-04-02 12:00:00+11:00,2013-04-02,12,3,2013-04-02 00:00:00+00:00,1,0.780064103,25.4,27.59,2603906.0,2845110.0,2603906.0,2845110.0
2013-04-02 02:00:00+00:00,2013-04-02 13:00:00+11:00,2013-04-02,13,4,2013-04-02 00:00:00+00:00,2,0.77974359,25.23,26.62,5449771.0,5947923.0,2845865.0,3102813.0
2013-04-02 03:00:00+00:00,2013-04-02 14:00:00+11:00,2013-04-02,14,5,2013-04-02 00:00:00+00:00,3,0.730320513,25.74,26.43,8323322.0,9088793.0,2873551.0,3140870.0
2013-04-02 04:00:00+00:00,2013-04-02 15:00:00+11:00,2013-04-02,15,6,2013-04-02 00:00:00+00:00,4,0.531730769,27.39,26.17,10713282.0,11809814.0,2389960.0,2721021.0
2013-04-02 05:00:00+00:00,2013-04-02 16:00:00+11:00,2013-04-02,16,7,2013-04-02 00:00:00+00:00,5,0.458076923,36.38,31.63,11970489.0,13514757.0,1257207.0,1704943.0
2013-04-02 06:00:00+00:00,2013-04-02 17:00:00+11:00,2013-04-02,17,8,2013-04-02 00:00:00+00:00,6,0.227435897,45.69,49.51,13213160.0,15065980.0,1242671.0,1551223.0
2013-04-02 07:00:00+00:00,2013-04-02 18:00:00+11:00,2013-04-02,18,9,2013-04-02 00:00:00+00:00,7,0.052820513,51.07,61.34,14082230.0,16141978.0,869070.0,1075998.0
2013-04-02 08:00:00+00:00,2013-04-02 19:00:00+11:00,2013-04-02,19,10,2013-04-02 00:00:00+00:00,8,0.013974359,47.0,37.33,14236725.0,16395990.0,154495.0,254012.0
2013-04-02 09:00:00+00:00,2013-04-02 20:00:00+11:00,2013-04-02,20,11,2013-04-02 00:00:00+00:00,9,0.000192308,43.31,31.77,14236725.0,16395990.0,0.0,0.0
2013-04-02 22:00:00+00:00,2013-04-03 09:00:00+11:00,2013-04-03,9,0,2013-04-02 00:00:00+00:00,22,0.038910256,28.54,31.04,14491710.0,16962688.0,213384.0,471705.0
2013-04-02 23:00:00+00:00,2013-04-03 10:00:00+11:00,2013-04-03,10,1,2013-04-02 00:00:00+00:00,23,0.097307692,25.08,28.3,15027693.0,17899296.0,535983.0,936608.0
2013-04-03 00:00:00+00:00,2013-04-03 11:00:00+11:00,2013-04-03,11,2,2013-04-02 00:00:00+00:00,24,0.135897436,25.77,39.21,15787380.0,19184848.0,759687.0,1285552.0
2013-04-03 01:00:00+00:00,2013-04-03 12:00:00+11:00,2013-04-03,12,3,2013-04-03 00:00:00+00:00,1,0.178461538,25.65,24.47,818117.875,1440744.0,818117.875,1440744.0
2013-04-03 02:00:00+00:00,2013-04-03 13:00:00+11:00,2013-04-03,13,4,2013-04-03 00:00:00+00:00,2,0.293653846,24.99,28.3,1744437.0,3041832.0,926319.125,1601088.0
2013-04-03 03:00:00+00:00,2013-04-03 14:00:00+11:00,2013-04-03,14,5,2013-04-03 00:00:00+00:00,3,0.548205128,24.74,34.65,2845514.0,4795612.0,1101077.0,1753780.0
2013-04-03 04:00:00+00:00,2013-04-03 15:00:00+11:00,2013-04-03,15,6,2013-04-03 00:00:00+00:00,4,0.385448718,25.44,26.2,3662212.0,6258938.0,816698.0,1463326.0
2013-04-03 05:00:00+00:00,2013-04-03 16:00:00+11:00,2013-04-03,16,7,2013-04-03 00:00:00+00:00,5,0.216794872,33.74,31.16,4582928.0,7683031.0,920716.0,1424093.0
2013-04-03 06:00:00+00:00,2013-04-03 17:00:00+11:00,2013-04-03,17,8,2013-04-03 00:00:00+00:00,6,0.155064103,45.11,32.15,5479141.0,8932949.0,896213.0,1249918.0
2013-04-03 07:00:00+00:00,2013-04-03 18:00:00+11:00,2013-04-03,18,9,2013-04-03 00:00:00+00:00,7,0.081025641,47.96,29.34,6174352.0,9843188.0,695211.0,910239.0
2013-04-03 08:00:00+00:00,2013-04-03 19:00:00+11:00,2013-04-03,19,10,2013-04-03 00:00:00+00:00,8,0.013589744,42.67,38.36,6329103.0,10091606.0,154751.0,248418.0
2013-04-03 09:00:00+00:00,2013-04-03 20:00:00+11:00,2013-04-03,20,11,2013-04-03 00:00:00+00:00,9,6.41e-05,40.23,30.99,6329103.0,10091606.0,0.0,0.0
2013-04-03 22:00:00+00:00,2013-04-04 09:00:00+11:00,2013-04-04,9,0,2013-04-03 00:00:00+00:00,22,0.21724359,21.89,23.15,6971432.0,10973070.0,574660.0,760124.0
2013-04-03 23:00:00+00:00,2013-04-04 10:00:00+11:00,2013-04-04,10,1,2013-04-03 00:00:00+00:00,23,0.310512821,20.33,16.89,7939109.0,12250008.0,967677.0,1276938.0
2013-04-04 00:00:00+00:00,2013-04-04 11:00:00+11:00,2013-04-04,11,2,2013-04-03 00:00:00+00:00,24,0.644423077,20.09,17.45,9405818.0,14071243.0,1466709.0,1821235.0
2013-04-04 01:00:00+00:00,2013-04-04 12:00:00+11:00,2013-04-04,12,3,2013-04-04 00:00:00+00:00,1,0.309038462,18.76,15.9,1261107.0,1804168.0,1261107.0,1804168.0
2013-04-04 02:00:00+00:00,2013-04-04 13:00:00+11:00,2013-04-04,13,4,2013-04-04 00:00:00+00:00,2,0.311923077,19.06,16.02,2606440.0,3714908.0,1345333.0,1910740.0
2013-04-04 03:00:00+00:00,2013-04-04 14:00:00+11:00,2013-04-04,14,5,2013-04-04 00:00:00+00:00,3,0.185128205,19.84,17.5,3782293.0,5506254.0,1175853.0,1791346.0
2013-04-04 04:00:00+00:00,2013-04-04 15:00:00+11:00,2013-04-04,15,6,2013-04-04 00:00:00+00:00,4,0.263269231,21.36,20.58,4466249.0,6842411.0,683956.0,1336157.0
2013-04-04 05:00:00+00:00,2013-04-04 16:00:00+11:00,2013-04-04,16,7,2013-04-04 00:00:00+00:00,5,0.150833333,31.71,26.6,5362118.0,8269523.0,895869.0,1427112.0
2013-04-04 06:00:00+00:00,2013-04-04 17:00:00+11:00,2013-04-04,17,8,2013-04-04 00:00:00+00:00,6,0.076474359,38.34,27.2,5981936.0,9282135.0,619818.0,1012612.0
2013-04-04 07:00:00+00:00,2013-04-04 18:00:00+11:00,2013-04-04,18,9,2013-04-04 00:00:00+00:00,7,0.081538462,46.62,52.39,6627634.0,10135459.0,645698.0,853324.0
2013-04-04 08:00:00+00:00,2013-04-04 19:00:00+11:00,2013-04-04,19,10,2013-04-04 00:00:00+00:00,8,0.014038462,42.52,68.82000000000001,6759828.0,10360669.0,132194.0,225210.0
2013-04-04 09:00:00+00:00,2013-04-04 20:00:00+11:00,2013-04-04,20,11,2013-04-04 00:00:00+00:00,9,6.41e-05,42.02,27.45,6759828.0,10360669.0,0.0,0.0
2013-04-04 22:00:00+00:00,2013-04-05 09:00:00+11:00,2013-04-05,9,0,2013-04-04 00:00:00+00:00,22,0.064615385,27.92,22.48,7255233.0,11126168.0,451818.0,664897.0
2013-04-04 23:00:00+00:00,2013-04-05 10:00:00+11:00,2013-04-05,10,1,2013-04-04 00:00:00+00:00,23,0.17474359,25.71,21.23,8084024.0,12301773.0,828791.0,1175605.0
2013-04-05 00:00:00+00:00,2013-04-05 11:00:00+11:00,2013-04-05,11,2,2013-04-04 00:00:00+00:00,24,0.259679487,22.98,20.61,8931217.0,13668481.0,847193.0,1366708.0
2013-04-05 01:00:00+00:00,2013-04-05 12:00:00+11:00,2013-04-05,12,3,2013-04-05 00:00:00+00:00,1,0.493974359,22.07,27.32,1427372.0,1936632.0,1427372.0,1936632.0
2013-04-05 02:00:00+00:00,2013-04-05 13:00:00+11:00,2013-04-05,13,4,2013-04-05 00:00:00+00:00,2,0.555641026,22.02,21.7,2942827.0,4002406.0,1515455.0,2065774.0
2013-04-05 03:00:00+00:00,2013-04-05 14:00:00+11:00,2013-04-05,14,5,2013-04-05 00:00:00+00:00,3,0.527948718,22.44,22.38,4170988.0,5822875.0,1228161.0,1820469.0
2013-04-05 04:00:00+00:00,2013-04-05 15:00:00+11:00,2013-04-05,15,6,2013-04-05 00:00:00+00:00,4,0.328397436,23.83,23.89,5880323.0,7986620.0,1709335.0,2163745.0
2013-04-05 05:00:00+00:00,2013-04-05 16:00:00+11:00,2013-04-05,16,7,2013-04-05 00:00:00+00:00,5,0.362884615,32.55,28.34,7415569.0,9886370.0,1535246.0,1899750.0
2013-04-05 06:00:00+00:00,2013-04-05 17:00:00+11:00,2013-04-05,17,8,2013-04-05 00:00:00+00:00,6,0.18275641,39.52,48.86,8589412.0,11338856.0,1173843.0,1452486.0
2013-04-05 07:00:00+00:00,2013-04-05 18:00:00+11:00,2013-04-05,18,9,2013-04-05 00:00:00+00:00,7,0.058333333,46.23,30.23,9135845.0,12119841.0,546433.0,780985.0
2013-04-05 08:00:00+00:00,2013-04-05 19:00:00+11:00,2013-04-05,19,10,2013-04-05 00:00:00+00:00,8,0.015641026,39.99,28.48,9240644.0,12313670.0,104799.0,193829.0
2013-04-05 09:00:00+00:00,2013-04-05 20:00:00+11:00,2013-04-05,20,11,2013-04-05 00:00:00+00:00,9,6.41e-05,38.5,27.34,9240644.0,12313670.0,0.0,0.0
2013-04-05 22:00:00+00:00,2013-04-06 09:00:00+11:00,2013-04-06,9,0,2013-04-05 00:00:00+00:00,22,0.208461538,22.75,22.11,9836016.0,13156816.0,531814.0,728096.0
2013-04-05 23:00:00+00:00,2013-04-06 10:00:00+11:00,2013-04-06,10,1,2013-04-05 00:00:00+00:00,23,0.614166667,19.93,20.08,11017781.0,14617438.0,1181765.0,1460622.0
2013-04-06 00:00:00+00:00,2013-04-06 11:00:00+11:00,2013-04-06,11,2,2013-04-05 00:00:00+00:00,24,0.738974359,19.7,75.14,12708184.0,16619136.0,1690403.0,2001698.0
2013-04-06 01:00:00+00:00,2013-04-06 12:00:00+11:00,2013-04-06,12,3,2013-04-06 00:00:00+00:00,1,0.76775641,19.06,17.78,2519735.0,2762923.0,2519735.0,2762923.0
2013-04-06 02:00:00+00:00,2013-04-06 13:00:00+11:00,2013-04-06,13,4,2013-04-06 00:00:00+00:00,2,0.295384615,18.32,13.69,5166828.0,5665468.0,2647093.0,2902545.0
2013-04-06 03:00:00+00:00,2013-04-06 14:00:00+11:00,2013-04-06,14,5,2013-04-06 00:00:00+00:00,3,0.411923077,18.49,12.23,7627931.0,8517351.0,2461103.0,2851883.0
2013-04-06 04:00:00+00:00,2013-04-06 15:00:00+11:00,2013-04-06,15,6,2013-04-06 00:00:00+00:00,4,0.475833333,19.0,15.47,9179148.0,10500632.0,1551217.0,1983281.0
2013-04-06 05:00:00+00:00,2013-04-06 16:00:00+11:00,2013-04-06,16,7,2013-04-06 00:00:00+00:00,5,0.555448718,19.54,36.0,10747814.0,12414671.0,1568666.0,1914039.0
2013-04-06 06:00:00+00:00,2013-04-06 17:00:00+11:00,2013-04-06,17,8,2013-04-06 00:00:00+00:00,6,0.201666667,21.55,27.7,11814161.0,13777660.0,1066347.0,1362989.0
2013-04-06 07:00:00+00:00,2013-04-06 18:00:00+11:00,2013-04-06,18,9,2013-04-06 00:00:00+00:00,7,0.047820513,25.63,46.74,12450054.0,14628779.0,635893.0,851119.0
2013-04-06 08:00:00+00:00,2013-04-06 19:00:00+11:00,2013-04-06,19,10,2013-04-06 00:00:00+00:00,8,0.011217949,30.07,49.53,12549633.0,14812728.0,99579.0,183949.0
2013-04-06 09:00:00+00:00,2013-04-06 20:00:00+11:00,2013-04-06,20,11,2013-04-06 00:00:00+00:00,9,0.0,31.15,34.22,12549633.0,14812728.0,0.0,0.0
2013-04-06 23:00:00+00:00,2013-04-07 09:00:00+10:00,2013-04-07,9,0,2013-04-06 00:00:00+00:00,23,0.607307692,22.37,24.52,14129212.0,16969968.0,1168322.0,1452273.0
2013-04-07 00:00:00+00:00,2013-04-07 10:00:00+10:00,2013-04-07,10,1,2013-04-06 00:00:00+00:00,24,0.726538462,22.67,22.28,16099906.0,19197968.0,1970694.0,2228000.0
2013-04-07 01:00:00+00:00,2013-04-07 11:00:00+10:00,2013-04-07,11,2,2013-04-07 00:00:00+00:00,1,0.773782051,22.93,25.94,2485896.0,2728673.0,2485896.0,2728673.0
2013-04-07 02:00:00+00:00,2013-04-07 12:00:00+10:00,2013-04-07,12,3,2013-04-07 00:00:00+00:00,2,0.761282051,22.63,23.93,5093298.0,5620548.0,2607402.0,2891875.0
2013-04-07 03:00:00+00:00,2013-04-07 13:00:00+10:00,2013-04-07,13,4,2013-04-07 00:00:00+00:00,3,0.545897436,22.91,24.41,7326326.0,8181458.0,2233028.0,2560910.0
2013-04-07 04:00:00+00:00,2013-04-07 14:00:00+10:00,2013-04-07,14,5,2013-04-07 00:00:00+00:00,4,0.615064103,23.01,24.66,9538268.0,10708615.0,2211942.0,2527157.0
2013-04-07 05:00:00+00:00,2013-04-07 15:00:00+10:00,2013-04-07,15,6,2013-04-07 00:00:00+00:00,5,0.464230769,23.17,23.31,11200891.0,12676481.0,1662623.0,1967866.0
2013-04-07 06:00:00+00:00,2013-04-07 16:00:00+10:00,2013-04-07,16,7,2013-04-07 00:00:00+00:00,6,0.15224359,24.3,22.99,12458345.0,14192288.0,1257454.0,1515807.0
2013-04-07 07:00:00+00:00,2013-04-07 17:00:00+10:00,2013-04-07,17,8,2013-04-07 00:00:00+00:00,7,0.048910256,26.96,31.44,13015220.0,14956775.0,556875.0,764487.0
2013-04-07 08:00:00+00:00,2013-04-07 18:00:00+10:00,2013-04-07,18,9,2013-04-07 00:00:00+00:00,8,0.013653846,33.32,26.57,13114529.0,15133603.0,99309.0,176828.0
2013-04-07 09:00:00+00:00,2013-04-07 19:00:00+10:00,2013-04-07,19,10,2013-04-07 00:00:00+00:00,9,6.41e-05,33.65,80.05,13114529.0,15133603.0,0.0,0.0
2013-04-07 10:00:00+00:00,2013-04-07 20:00:00+10:00,2013-04-07,20,11,2013-04-07 00:00:00+00:00,10,0.0,32.63,63.71,13114529.0,15133603.0,0.0,0.0
2013-04-07 23:00:00+00:00,2013-04-08 09:00:00+10:00,2013-04-08,9,0,2013-04-07 00:00:00+00:00,23,0.600512821,23.06,26.56,15154157.0,17564880.0,1378361.0,1564843.0
2013-04-08 00:00:00+00:00,2013-04-08 10:00:00+10:00,2013-04-08,10,1,2013-04-07 00:00:00+00:00,24,0.713910256,25.51,33.160000000000004,17219200.0,19811728.0,2065043.0,2246848.0
2013-04-08 01:00:00+00:00,2013-04-08 11:00:00+10:00,2013-04-08,11,2,2013-04-08 00:00:00+00:00,1,0.731730769,23.42,23.76,2454936.0,2684958.0,2454936.0,2684958.0
2013-04-08 02:00:00+00:00,2013-04-08 12:00:00+10:00,2013-04-08,12,3,2013-04-08 00:00:00+00:00,2,0.722564103,23.45,23.27,5018606.0,5520882.0,2563670.0,2835924.0
2013-04-08 03:00:00+00:00,2013-04-08 13:00:00+10:00,2013-04-08,13,4,2013-04-08 00:00:00+00:00,3,0.614102564,23.49,23.03,6930395.0,7820212.0,1911789.0,2299330.0
2013-04-08 04:00:00+00:00,2013-04-08 14:00:00+10:00,2013-04-08,14,5,2013-04-08 00:00:00+00:00,4,0.513269231,24.46,29.39,8548382.0,9826679.0,1617987.0,2006467.0
2013-04-08 05:00:00+00:00,2013-04-08 15:00:00+10:00,2013-04-08,15,6,2013-04-08 00:00:00+00:00,5,0.289102564,28.91,22.87,9770209.0,11416684.0,1221827.0,1590005.0
2013-04-08 06:00:00+00:00,2013-04-08 16:00:00+10:00,2013-04-08,16,7,2013-04-08 00:00:00+00:00,6,0.163846154,35.5,27.98,11091938.0,12977540.0,1321729.0,1560856.0
2013-04-08 07:00:00+00:00,2013-04-08 17:00:00+10:00,2013-04-08,17,8,2013-04-08 00:00:00+00:00,7,0.066602564,41.96,33.09,11416080.0,13542275.0,324142.0,564735.0
2013-04-08 08:00:00+00:00,2013-04-08 18:00:00+10:00,2013-04-08,18,9,2013-04-08 00:00:00+00:00,8,0.008525641,41.41,46.85,11512063.0,13704150.0,95983.0,161875.0
2013-04-08 09:00:00+00:00,2013-04-08 19:00:00+10:00,2013-04-08,19,10,2013-04-08 00:00:00+00:00,9,0.0,42.63,42.82,11512063.0,13704150.0,0.0,0.0
2013-04-08 10:00:00+00:00,2013-04-08 20:00:00+10:00,2013-04-08,20,11,2013-04-08 00:00:00+00:00,10,0.0,41.95,56.18,11512063.0,13704150.0,0.0,0.0
2013-04-08 23:00:00+00:00,2013-04-09 09:00:00+10:00,2013-04-09,9,0,2013-04-08 00:00:00+00:00,23,0.605641026,23.69,20.58,13128787.0,15847794.0,1119367.0,1387390.0
2013-04-09 00:00:00+00:00,2013-04-09 10:00:00+10:00,2013-04-09,10,1,2013-04-08 00:00:00+00:00,24,0.726923077,21.32,18.63,15126819.0,18075856.0,1998032.0,2228062.0
2013-04-09 01:00:00+00:00,2013-04-09 11:00:00+10:00,2013-04-09,11,2,2013-04-09 00:00:00+00:00,1,0.774551282,19.8,19.22,2484262.0,2708923.0,2484262.0,2708923.0
2013-04-09 02:00:00+00:00,2013-04-09 12:00:00+10:00,2013-04-09,12,3,2013-04-09 00:00:00+00:00,2,0.770641026,19.36,18.68,5229795.0,5678300.0,2745533.0,2969377.0
2013-04-09 03:00:00+00:00,2013-04-09 13:00:00+10:00,2013-04-09,13,4,2013-04-09 00:00:00+00:00,3,0.716987179,19.5,19.74,7958423.0,8641738.0,2728628.0,2963438.0
2013-04-09 04:00:00+00:00,2013-04-09 14:00:00+10:00,2013-04-09,14,5,2013-04-09 00:00:00+00:00,4,0.609935897,20.62,21.87,10451750.0,11366161.0,2493327.0,2724423.0
2013-04-09 05:00:00+00:00,2013-04-09 15:00:00+10:00,2013-04-09,15,6,2013-04-09 00:00:00+00:00,5,0.4425,27.15,47.55,12156866.0,13374001.0,1705116.0,2007840.0
2013-04-09 06:00:00+00:00,2013-04-09 16:00:00+10:00,2013-04-09,16,7,2013-04-09 00:00:00+00:00,6,0.253846154,32.230000000000004,42.15,13207365.0,14692169.0,1050499.0,1318168.0
2013-04-09 07:00:00+00:00,2013-04-09 17:00:00+10:00,2013-04-09,17,8,2013-04-09 00:00:00+00:00,7,0.045833333,35.71,36.12,13901256.0,15567736.0,693891.0,875567.0
2013-04-09 08:00:00+00:00,2013-04-09 18:00:00+10:00,2013-04-09,18,9,2013-04-09 00:00:00+00:00,8,0.006666667,36.78,26.7,13997133.0,15739592.0,95877.0,171856.0
2013-04-09 09:00:00+00:00,2013-04-09 19:00:00+10:00,2013-04-09,19,10,2013-04-09 00:00:00+00:00,9,0.0,36.97,28.75,13997133.0,15739592.0,0.0,0.0
2013-04-09 10:00:00+00:00,2013-04-09 20:00:00+10:00,2013-04-09,20,11,2013-04-09 00:00:00+00:00,10,0.0,36.36,30.64,13997133.0,15739592.0,0.0,0.0
2013-04-09 23:00:00+00:00,2013-04-10 09:00:00+10:00,2013-04-10,9,0,2013-04-09 00:00:00+00:00,23,0.455576923,21.41,18.91,15297082.0,17629520.0,886241.0,1205520.0
2013-04-10 00:00:00+00:00,2013-04-10 10:00:00+10:00,2013-04-10,10,1,2013-04-09 00:00:00+00:00,24,0.714423077,20.54,13.38,16932064.0,19582960.0,1634982.0,1953440.0
2013-04-10 01:00:00+00:00,2013-04-10 11:00:00+10:00,2013-04-10,11,2,2013-04-10 00:00:00+00:00,1,0.76275641,19.46,21.08,2447530.0,2684370.0,2447530.0,2684370.0
2013-04-10 02:00:00+00:00,2013-04-10 12:00:00+10:00,2013-04-10,12,3,2013-04-10 00:00:00+00:00,2,0.759102564,18.86,20.4,5023066.0,5517972.0,2575536.0,2833602.0
2013-04-10 03:00:00+00:00,2013-04-10 13:00:00+10:00,2013-04-10,13,4,2013-04-10 00:00:00+00:00,3,0.669487179,19.72,20.25,7380927.0,8173977.0,2357861.0,2656005.0
2013-04-10 04:00:00+00:00,2013-04-10 14:00:00+10:00,2013-04-10,14,5,2013-04-10 00:00:00+00:00,4,0.289551282,21.08,23.89,9404064.0,10530305.0,2023137.0,2356328.0
2013-04-10 05:00:00+00:00,2013-04-10 15:00:00+10:00,2013-04-10,15,6,2013-04-10 00:00:00+00:00,5,0.346730769,29.34,24.23,10804403.0,12260825.0,1400339.0,1730520.0
2013-04-10 06:00:00+00:00,2013-04-10 16:00:00+10:00,2013-04-10,16,7,2013-04-10 00:00:00+00:00,6,0.249358974,35.68,93.25,11943813.0,13678914.0,1139410.0,1418089.0
2013-04-10 07:00:00+00:00,2013-04-10 17:00:00+10:00,2013-04-10,17,8,2013-04-10 00:00:00+00:00,7,0.077115385,37.04,32.24,12472987.0,14412473.0,529174.0,733559.0
2013-04-10 08:00:00+00:00,2013-04-10 18:00:00+10:00,2013-04-10,18,9,2013-04-10 00:00:00+00:00,8,0.010320513,35.9,31.28,12561148.0,14574295.0,88161.0,161822.0
2013-04-10 09:00:00+00:00,2013-04-10 19:00:00+10:00,2013-04-10,19,10,2013-04-10 00:00:00+00:00,9,0.0,37.58,88.58,12561148.0,14574295.0,0.0,0.0
2013-04-10 10:00:00+00:00,2013-04-10 20:00:00+10:00,2013-04-10,20,11,2013-04-10 00:00:00+00:00,10,0.0,36.55,110.58,12561148.0,14574295.0,0.0,0.0
2013-04-10 23:00:00+00:00,2013-04-11 09:00:00+10:00,2013-04-11,9,0,2013-04-10 00:00:00+00:00,23,0.567628205,22.76,26.28,14589264.0,16998736.0,1350114.0,1551968.0
2013-04-11 00:00:00+00:00,2013-04-11 10:00:00+10:00,2013-04-11,10,1,2013-04-10 00:00:00+00:00,24,0.699423077,23.61,23.42,16568114.0,19202224.0,1978850.0,2203488.0
2013-04-11 01:00:00+00:00,2013-04-11 11:00:00+10:00,2013-04-11,11,2,2013-04-11 00:00:00+00:00,1,0.751923077,22.51,23.86,2437886.0,2676749.0,2437886.0,2676749.0
2013-04-11 02:00:00+00:00,2013-04-11 12:00:00+10:00,2013-04-11,12,3,2013-04-11 00:00:00+00:00,2,0.072115385,22.33,23.8,5128464.0,5611234.0,2690578.0,2934485.0
2013-04-11 03:00:00+00:00,2013-04-11 13:00:00+10:00,2013-04-11,13,4,2013-04-11 00:00:00+00:00,3,0.0,22.69,24.38,7817076.0,8550953.0,2688612.0,2939719.0
2013-04-11 04:00:00+00:00,2013-04-11 14:00:00+10:00,2013-04-11,14,5,2013-04-11 00:00:00+00:00,4,0.000128205,23.54,25.7,9951084.0,10990732.0,2134008.0,2439779.0
2013-04-11 05:00:00+00:00,2013-04-11 15:00:00+10:00,2013-04-11,15,6,2013-04-11 00:00:00+00:00,5,0.299358974,32.7,34.21,11562185.0,12911180.0,1611101.0,1920448.0
2013-04-11 06:00:00+00:00,2013-04-11 16:00:00+10:00,2013-04-11,16,7,2013-04-11 00:00:00+00:00,6,0.204871795,41.0,49.11,12555222.0,14205555.0,993037.0,1294375.0
2013-04-11 07:00:00+00:00,2013-04-11 17:00:00+10:00,2013-04-11,17,8,2013-04-11 00:00:00+00:00,7,0.055,43.3,104.1,13135418.0,14982826.0,580196.0,777271.0
2013-04-11 08:00:00+00:00,2013-04-11 18:00:00+10:00,2013-04-11,18,9,2013-04-11 00:00:00+00:00,8,0.009038462,44.39,56.3,13194033.0,15109610.0,58615.0,126784.0
2013-04-11 09:00:00+00:00,2013-04-11 19:00:00+10:00,2013-04-11,19,10,2013-04-11 00:00:00+00:00,9,0.0,45.98,59.64,13194033.0,15109610.0,0.0,0.0
2013-04-11 10:00:00+00:00,2013-04-11 20:00:00+10:00,2013-04-11,20,11,2013-04-11 00:00:00+00:00,10,0.0,43.75,44.18,13194033.0,15109610.0,0.0,0.0
2013-04-11 23:00:00+00:00,2013-04-12 09:00:00+10:00,2013-04-12,9,0,2013-04-11 00:00:00+00:00,23,0.554487179,25.23,36.38,14375702.0,16892320.0,861962.0,1185988.0
2013-04-12 00:00:00+00:00,2013-04-12 10:00:00+10:00,2013-04-12,10,1,2013-04-11 00:00:00+00:00,24,0.683141026,24.29,23.25,16157956.0,18953568.0,1782254.0,2061248.0
2013-04-12 01:00:00+00:00,2013-04-12 11:00:00+10:00,2013-04-12,11,2,2013-04-12 00:00:00+00:00,1,0.743269231,23.11,24.89,2407525.0,2659534.0,2407525.0,2659534.0
2013-04-12 02:00:00+00:00,2013-04-12 12:00:00+10:00,2013-04-12,12,3,2013-04-12 00:00:00+00:00,2,0.757692308,22.78,25.17,5063164.0,5573121.0,2655639.0,2913587.0
2013-04-12 03:00:00+00:00,2013-04-12 13:00:00+10:00,2013-04-12,13,4,2013-04-12 00:00:00+00:00,3,0.669102564,22.85,25.94,7733612.0,8502831.0,2670448.0,2929710.0
2013-04-12 04:00:00+00:00,2013-04-12 14:00:00+10:00,2013-04-12,14,5,2013-04-12 00:00:00+00:00,4,0.593076923,23.65,30.98,10183556.0,11209413.0,2449944.0,2706582.0
2013-04-12 05:00:00+00:00,2013-04-12 15:00:00+10:00,2013-04-12,15,6,2013-04-12 00:00:00+00:00,5,0.436923077,31.39,28.76,12208504.0,13480353.0,2024948.0,2270940.0
2013-04-12 06:00:00+00:00,2013-04-12 16:00:00+10:00,2013-04-12,16,7,2013-04-12 00:00:00+00:00,6,0.221666667,39.55,37.7,13598705.0,15100299.0,1390201.0,1619946.0
2013-04-12 07:00:00+00:00,2013-04-12 17:00:00+10:00,2013-04-12,17,8,2013-04-12 00:00:00+00:00,7,0.050192308,41.56,29.55,14285657.0,15971074.0,686952.0,870775.0
2013-04-12 08:00:00+00:00,2013-04-12 18:00:00+10:00,2013-04-12,18,9,2013-04-12 00:00:00+00:00,8,0.008205128,43.77,34.88,14359441.0,16110383.0,73784.0,139309.0
2013-04-12 09:00:00+00:00,2013-04-12 19:00:00+10:00,2013-04-12,19,10,2013-04-12 00:00:00+00:00,9,0.0,43.86,31.63,14359441.0,16110383.0,0.0,0.0
2013-04-12 10:00:00+00:00,2013-04-12 20:00:00+10:00,2013-04-12,20,11,2013-04-12 00:00:00+00:00,10,0.0,44.81,31.37,14359441.0,16110383.0,0.0,0.0
2013-04-12 23:00:00+00:00,2013-04-13 09:00:00+10:00,2013-04-13,9,0,2013-04-12 00:00:00+00:00,23,0.589615385,25.69,35.06,16334756.0,18463792.0,1325708.0,1518880.0
2013-04-13 00:00:00+00:00,2013-04-13 10:00:00+10:00,2013-04-13,10,1,2013-04-12 00:00:00+00:00,24,0.721217949,26.05,27.13,18293856.0,20630832.0,1959100.0,2167040.0
2013-04-13 01:00:00+00:00,2013-04-13 11:00:00+10:00,2013-04-13,11,2,2013-04-13 00:00:00+00:00,1,0.752051282,23.74,24.13,2410615.0,2629843.0,2410615.0,2629843.0
2013-04-13 02:00:00+00:00,2013-04-13 12:00:00+10:00,2013-04-13,12,3,2013-04-13 00:00:00+00:00,2,0.569807692,23.72,25.96,4957055.0,5405694.0,2546440.0,2775851.0
2013-04-13 03:00:00+00:00,2013-04-13 13:00:00+10:00,2013-04-13,13,4,2013-04-13 00:00:00+00:00,3,0.731858974,23.97,27.93,7650564.0,8310855.0,2693509.0,2905161.0
2013-04-13 04:00:00+00:00,2013-04-13 14:00:00+10:00,2013-04-13,14,5,2013-04-13 00:00:00+00:00,4,0.501858974,24.05,25.03,10115493.0,10988724.0,2464929.0,2677869.0
2013-04-13 05:00:00+00:00,2013-04-13 15:00:00+10:00,2013-04-13,15,6,2013-04-13 00:00:00+00:00,5,0.366089744,24.73,27.54,12090708.0,13185677.0,1975215.0,2196953.0
2013-04-13 06:00:00+00:00,2013-04-13 16:00:00+10:00,2013-04-13,16,7,2013-04-13 00:00:00+00:00,6,0.176858974,29.69,24.01,13415621.0,14731488.0,1324913.0,1545811.0
2013-04-13 07:00:00+00:00,2013-04-13 17:00:00+10:00,2013-04-13,17,8,2013-04-13 00:00:00+00:00,7,0.064615385,38.43,28.81,14071726.0,15555811.0,656105.0,824323.0
2013-04-13 08:00:00+00:00,2013-04-13 18:00:00+10:00,2013-04-13,18,9,2013-04-13 00:00:00+00:00,8,0.010192308,43.33,40.28,14133864.0,15664970.0,62138.0,109159.0
2013-04-13 09:00:00+00:00,2013-04-13 19:00:00+10:00,2013-04-13,19,10,2013-04-13 00:00:00+00:00,9,0.0,46.55,32.5,14133864.0,15664970.0,0.0,0.0
2013-04-13 10:00:00+00:00,2013-04-13 20:00:00+10:00,2013-04-13,20,11,2013-04-13 00:00:00+00:00,10,0.0,44.14,43.26,14133864.0,15664970.0,0.0,0.0
2013-04-13 23:00:00+00:00,2013-04-14 09:00:00+10:00,2013-04-14,9,0,2013-04-13 00:00:00+00:00,23,0.423846154,21.85,34.15,16039001.0,17988336.0,1281114.0,1502174.0
2013-04-14 00:00:00+00:00,2013-04-14 10:00:00+10:00,2013-04-14,10,1,2013-04-13 00:00:00+00:00,24,0.611602564,22.94,32.93,17920608.0,20112848.0,1881607.0,2124512.0
2013-04-14 01:00:00+00:00,2013-04-14 11:00:00+10:00,2013-04-14,11,2,2013-04-14 00:00:00+00:00,1,0.581346154,21.68,21.55,2369170.0,2621759.0,2369170.0,2621759.0
2013-04-14 02:00:00+00:00,2013-04-14 12:00:00+10:00,2013-04-14,12,3,2013-04-14 00:00:00+00:00,2,0.56525641,21.2,24.89,4959890.0,5476845.0,2590720.0,2855086.0
2013-04-14 03:00:00+00:00,2013-04-14 13:00:00+10:00,2013-04-14,13,4,2013-04-14 00:00:00+00:00,3,0.490705128,20.56,23.0,7578677.0,8356378.0,2618787.0,2879533.0
2013-04-14 04:00:00+00:00,2013-04-14 14:00:00+10:00,2013-04-14,14,5,2013-04-14 00:00:00+00:00,4,0.429358974,20.54,29.6,9986878.0,11021327.0,2408201.0,2664949.0
2013-04-14 05:00:00+00:00,2013-04-14 15:00:00+10:00,2013-04-14,15,6,2013-04-14 00:00:00+00:00,5,0.266794872,21.18,21.23,11875716.0,13171739.0,1888838.0,2150412.0
2013-04-14 06:00:00+00:00,2013-04-14 16:00:00+10:00,2013-04-14,16,7,2013-04-14 00:00:00+00:00,6,0.131730769,21.42,19.65,13101654.0,14625467.0,1225938.0,1453728.0
2013-04-14 07:00:00+00:00,2013-04-14 17:00:00+10:00,2013-04-14,17,8,2013-04-14 00:00:00+00:00,7,0.069294872,22.74,30.94,13678262.0,15372740.0,576608.0,747273.0
2013-04-14 08:00:00+00:00,2013-04-14 18:00:00+10:00,2013-04-14,18,9,2013-04-14 00:00:00+00:00,8,0.006474359,27.85,22.44,13730085.0,15481182.0,51823.0,108442.0
2013-04-14 09:00:00+00:00,2013-04-14 19:00:00+10:00,2013-04-14,19,10,2013-04-14 00:00:00+00:00,9,0.0,29.41,60.93,13730085.0,15481182.0,0.0,0.0
2013-04-14 10:00:00+00:00,2013-04-14 20:00:00+10:00,2013-04-14,20,11,2013-04-14 00:00:00+00:00,10,0.0,28.43,42.63,13730085.0,15481182.0,0.0,0.0
2013-04-14 23:00:00+00:00,2013-04-15 09:00:00+10:00,2013-04-15,9,0,2013-04-14 00:00:00+00:00,23,0.130576923,21.64,23.29,15589333.0,17758624.0,1259912.0,1489442.0
2013-04-15 00:00:00+00:00,2013-04-15 10:00:00+10:00,2013-04-15,10,1,2013-04-14 00:00:00+00:00,24,0.205192308,22.02,23.37,17350816.0,19819872.0,1761483.0,2061248.0
2013-04-15 01:00:00+00:00,2013-04-15 11:00:00+10:00,2013-04-15,11,2,2013-04-15 00:00:00+00:00,1,0.243846154,20.7,24.67,994734.5625,1462609.0,994734.5625,1462609.0
2013-04-15 02:00:00+00:00,2013-04-15 12:00:00+10:00,2013-04-15,12,3,2013-04-15 00:00:00+00:00,2,0.162307692,20.3,19.28,1973456.0,3069207.0,978721.4375,1606598.0
2013-04-15 03:00:00+00:00,2013-04-15 13:00:00+10:00,2013-04-15,13,4,2013-04-15 00:00:00+00:00,3,0.666346154,20.38,17.900000000000002,3044871.0,4779441.0,1071415.0,1710234.0
2013-04-15 04:00:00+00:00,2013-04-15 14:00:00+10:00,2013-04-15,14,5,2013-04-15 00:00:00+00:00,4,0.595,22.48,16.5,4434057.0,6657624.0,1389186.0,1878183.0
2013-04-15 05:00:00+00:00,2013-04-15 15:00:00+10:00,2013-04-15,15,6,2013-04-15 00:00:00+00:00,5,0.205512821,30.85,28.05,5756767.0,8347386.0,1322710.0,1689762.0
2013-04-15 06:00:00+00:00,2013-04-15 16:00:00+10:00,2013-04-15,16,7,2013-04-15 00:00:00+00:00,6,0.165641026,32.97,24.36,6725996.0,9619930.0,969229.0,1272544.0
2013-04-15 07:00:00+00:00,2013-04-15 17:00:00+10:00,2013-04-15,17,8,2013-04-15 00:00:00+00:00,7,0.073974359,38.11,25.86,7210053.0,10283156.0,484057.0,663226.0
2013-04-15 08:00:00+00:00,2013-04-15 18:00:00+10:00,2013-04-15,18,9,2013-04-15 00:00:00+00:00,8,0.007628205,38.38,26.23,7261123.0,10388511.0,51070.0,105355.0
2013-04-15 09:00:00+00:00,2013-04-15 19:00:00+10:00,2013-04-15,19,10,2013-04-15 00:00:00+00:00,9,0.0,42.1,25.91,7261123.0,10388511.0,0.0,0.0
2013-04-15 10:00:00+00:00,2013-04-15 20:00:00+10:00,2013-04-15,20,11,2013-04-15 00:00:00+00:00,10,0.0,41.64,31.85,7261123.0,10388511.0,0.0,0.0
2013-04-15 23:00:00+00:00,2013-04-16 09:00:00+10:00,2013-04-16,9,0,2013-04-15 00:00:00+00:00,23,0.117051282,28.05,24.17,8210194.0,11870858.0,704425.0,1004689.0
2013-04-16 00:00:00+00:00,2013-04-16 10:00:00+10:00,2013-04-16,10,1,2013-04-15 00:00:00+00:00,24,0.207820513,25.69,32.15,9648261.0,13629207.0,1438067.0,1758349.0
2013-04-16 01:00:00+00:00,2013-04-16 11:00:00+10:00,2013-04-16,11,2,2013-04-16 00:00:00+00:00,1,0.257884615,24.35,22.75,916161.625,1472672.0,916161.625,1472672.0
2013-04-16 02:00:00+00:00,2013-04-16 12:00:00+10:00,2013-04-16,12,3,2013-04-16 00:00:00+00:00,2,0.231538462,23.99,23.32,1877369.0,3034558.0,961207.375,1561886.0
2013-04-16 03:00:00+00:00,2013-04-16 13:00:00+10:00,2013-04-16,13,4,2013-04-16 00:00:00+00:00,3,0.386987179,24.33,23.14,3397680.0,5037165.0,1520311.0,2002607.0
2013-04-16 04:00:00+00:00,2013-04-16 14:00:00+10:00,2013-04-16,14,5,2013-04-16 00:00:00+00:00,4,0.435064103,25.12,24.79,4537178.0,6624000.0,1139498.0,1586835.0
2013-04-16 05:00:00+00:00,2013-04-16 15:00:00+10:00,2013-04-16,15,6,2013-04-16 00:00:00+00:00,5,0.16025641,38.01,25.96,5696113.0,8146057.0,1158935.0,1522057.0
2013-04-16 06:00:00+00:00,2013-04-16 16:00:00+10:00,2013-04-16,16,7,2013-04-16 00:00:00+00:00,6,0.185641026,46.2,30.86,6603427.0,9338317.0,907314.0,1192260.0
2013-04-16 07:00:00+00:00,2013-04-16 17:00:00+10:00,2013-04-16,17,8,2013-04-16 00:00:00+00:00,7,0.052435897,50.73,44.17,7046119.0,9962849.0,442692.0,624532.0
2013-04-16 08:00:00+00:00,2013-04-16 18:00:00+10:00,2013-04-16,18,9,2013-04-16 00:00:00+00:00,8,0.005897436,50.5,36.42,7077469.0,10045785.0,31350.0,82936.0
2013-04-16 09:00:00+00:00,2013-04-16 19:00:00+10:00,2013-04-16,19,10,2013-04-16 00:00:00+00:00,9,0.0,52.02,38.26,7077469.0,10045785.0,0.0,0.0
2013-04-16 10:00:00+00:00,2013-04-16 20:00:00+10:00,2013-04-16,20,11,2013-04-16 00:00:00+00:00,10,0.0,52.3,45.38,7077469.0,10046152.0,0.0,367.0
2013-04-16 23:00:00+00:00,2013-04-17 09:00:00+10:00,2013-04-17,9,0,2013-04-16 00:00:00+00:00,23,0.338846154,27.51,26.6,8924421.0,12247591.0,1253630.0,1438436.0
2013-04-17 00:00:00+00:00,2013-04-17 10:00:00+10:00,2013-04-17,10,1,2013-04-16 00:00:00+00:00,24,0.507628205,25.68,22.12,10758770.0,14288569.0,1834349.0,2040978.0
2013-04-17 01:00:00+00:00,2013-04-17 11:00:00+10:00,2013-04-17,11,2,2013-04-17 00:00:00+00:00,1,0.780128205,24.54,23.79,2239926.0,2467559.0,2239926.0,2467559.0
2013-04-17 02:00:00+00:00,2013-04-17 12:00:00+10:00,2013-04-17,12,3,2013-04-17 00:00:00+00:00,2,0.756282051,23.75,22.36,3962030.0,4586569.0,1722104.0,2119010.0
2013-04-17 03:00:00+00:00,2013-04-17 13:00:00+10:00,2013-04-17,13,4,2013-04-17 00:00:00+00:00,3,0.428333333,23.61,23.05,5621885.0,6671021.0,1659855.0,2084452.0
2013-04-17 04:00:00+00:00,2013-04-17 14:00:00+10:00,2013-04-17,14,5,2013-04-17 00:00:00+00:00,4,0.53974359,25.5,22.43,6991788.0,8467099.0,1369903.0,1796078.0
2013-04-17 05:00:00+00:00,2013-04-17 15:00:00+10:00,2013-04-17,15,6,2013-04-17 00:00:00+00:00,5,0.374230769,34.4,27.88,8234511.0,10055139.0,1242723.0,1588040.0
2013-04-17 06:00:00+00:00,2013-04-17 16:00:00+10:00,2013-04-17,16,7,2013-04-17 00:00:00+00:00,6,0.153141026,40.23,71.09,8945936.0,11045723.0,711425.0,990584.0
2013-04-17 07:00:00+00:00,2013-04-17 17:00:00+10:00,2013-04-17,17,8,2013-04-17 00:00:00+00:00,7,0.076025641,44.14,42.69,9302369.0,11568504.0,356433.0,522781.0
2013-04-17 08:00:00+00:00,2013-04-17 18:00:00+10:00,2013-04-17,18,9,2013-04-17 00:00:00+00:00,8,0.008525641,41.95,35.21,9341915.0,11648879.0,39546.0,80375.0
2013-04-17 09:00:00+00:00,2013-04-17 19:00:00+10:00,2013-04-17,19,10,2013-04-17 00:00:00+00:00,9,0.0,43.2,54.7,9341915.0,11648879.0,0.0,0.0
2013-04-17 10:00:00+00:00,2013-04-17 20:00:00+10:00,2013-04-17,20,11,2013-04-17 00:00:00+00:00,10,0.0,43.22,55.17,9341915.0,11648879.0,0.0,0.0
2013-04-17 23:00:00+00:00,2013-04-18 09:00:00+10:00,2013-04-18,9,0,2013-04-17 00:00:00+00:00,23,0.564551282,23.84,25.67,11067847.0,13758917.0,1182733.0,1388456.0
2013-04-18 00:00:00+00:00,2013-04-18 10:00:00+10:00,2013-04-18,10,1,2013-04-17 00:00:00+00:00,24,0.702884615,21.93,28.07,12763836.0,15701576.0,1695989.0,1942659.0
2013-04-18 01:00:00+00:00,2013-04-18 11:00:00+10:00,2013-04-18,11,2,2013-04-18 00:00:00+00:00,1,0.776538462,20.84,21.16,1908053.0,2210158.0,1908053.0,2210158.0
2013-04-18 02:00:00+00:00,2013-04-18 12:00:00+10:00,2013-04-18,12,3,2013-04-18 00:00:00+00:00,2,0.6675,20.28,22.69,3949353.0,4573931.0,2041300.0,2363773.0
2013-04-18 03:00:00+00:00,2013-04-18 13:00:00+10:00,2013-04-18,13,4,2013-04-18 00:00:00+00:00,3,0.349230769,20.07,25.44,6001348.0,7000386.0,2051995.0,2426455.0
2013-04-18 04:00:00+00:00,2013-04-18 14:00:00+10:00,2013-04-18,14,5,2013-04-18 00:00:00+00:00,4,0.123525641,21.54,24.84,7696012.0,9057250.0,1694664.0,2056864.0
2013-04-18 05:00:00+00:00,2013-04-18 15:00:00+10:00,2013-04-18,15,6,2013-04-18 00:00:00+00:00,5,0.140961538,29.43,37.17,9123972.0,10795121.0,1427960.0,1737871.0
2013-04-18 06:00:00+00:00,2013-04-18 16:00:00+10:00,2013-04-18,16,7,2013-04-18 00:00:00+00:00,6,0.091474359,37.15,30.64,10125126.0,12026449.0,1001154.0,1231328.0
2013-04-18 07:00:00+00:00,2013-04-18 17:00:00+10:00,2013-04-18,17,8,2013-04-18 00:00:00+00:00,7,0.062115385,41.42,52.42,10591330.0,12658335.0,466204.0,631886.0
2013-04-18 08:00:00+00:00,2013-04-18 18:00:00+10:00,2013-04-18,18,9,2013-04-18 00:00:00+00:00,8,0.006794872,42.49,31.91,10630137.0,12739500.0,38807.0,81165.0
2013-04-18 09:00:00+00:00,2013-04-18 19:00:00+10:00,2013-04-18,19,10,2013-04-18 00:00:00+00:00,9,0.0,40.78,31.7,10630137.0,12739500.0,0.0,0.0
2013-04-18 10:00:00+00:00,2013-04-18 20:00:00+10:00,2013-04-18,20,11,2013-04-18 00:00:00+00:00,10,0.0,42.72,39.94,10630137.0,12739518.0,0.0,18.0
2013-04-18 23:00:00+00:00,2013-04-19 09:00:00+10:00,2013-04-19,9,0,2013-04-18 00:00:00+00:00,23,0.6425,22.39,25.75,12506514.0,14891810.0,1288425.0,1423010.0
2013-04-19 00:00:00+00:00,2013-04-19 10:00:00+10:00,2013-04-19,10,1,2013-04-18 00:00:00+00:00,24,0.790320513,23.69,25.26,14432964.0,16946720.0,1926450.0,2054910.0
2013-04-19 01:00:00+00:00,2013-04-19 11:00:00+10:00,2013-04-19,11,2,2013-04-19 00:00:00+00:00,1,0.865769231,22.04,22.97,2283950.0,2441596.0,2283950.0,2441596.0
2013-04-19 02:00:00+00:00,2013-04-19 12:00:00+10:00,2013-04-19,12,3,2013-04-19 00:00:00+00:00,2,0.852435897,21.54,21.75,4856334.0,5175997.0,2572384.0,2734401.0
2013-04-19 03:00:00+00:00,2013-04-19 13:00:00+10:00,2013-04-19,13,4,2013-04-19 00:00:00+00:00,3,0.688846154,21.75,23.24,7149939.0,7684397.0,2293605.0,2508400.0
2013-04-19 04:00:00+00:00,2013-04-19 14:00:00+10:00,2013-04-19,14,5,2013-04-19 00:00:00+00:00,4,0.528076923,23.66,23.31,9193395.0,9972440.0,2043456.0,2288043.0
2013-04-19 05:00:00+00:00,2013-04-19 15:00:00+10:00,2013-04-19,15,6,2013-04-19 00:00:00+00:00,5,0.331089744,32.77,19.13,10848094.0,11857718.0,1654699.0,1885278.0
2013-04-19 06:00:00+00:00,2013-04-19 16:00:00+10:00,2013-04-19,16,7,2013-04-19 00:00:00+00:00,6,0.258076923,38.13,29.0,12158100.0,13327749.0,1310006.0,1470031.0
2013-04-19 07:00:00+00:00,2013-04-19 17:00:00+10:00,2013-04-19,17,8,2013-04-19 00:00:00+00:00,7,0.068012821,41.15,30.64,12625085.0,13940469.0,466985.0,612720.0
2013-04-19 08:00:00+00:00,2013-04-19 18:00:00+10:00,2013-04-19,18,9,2013-04-19 00:00:00+00:00,8,0.005064103,41.97,43.44,12665827.0,14019059.0,40742.0,78590.0
2013-04-19 09:00:00+00:00,2013-04-19 19:00:00+10:00,2013-04-19,19,10,2013-04-19 00:00:00+00:00,9,0.0,42.14,57.21,12665827.0,14019059.0,0.0,0.0
2013-04-19 10:00:00+00:00,2013-04-19 20:00:00+10:00,2013-04-19,20,11,2013-04-19 00:00:00+00:00,10,0.0,41.58,42.93,12665827.0,14019126.0,0.0,67.0
2013-04-19 23:00:00+00:00,2013-04-20 09:00:00+10:00,2013-04-20,9,0,2013-04-19 00:00:00+00:00,23,0.57025641,29.62,30.95,14105399.0,15884204.0,939465.0,1194404.0
2013-04-20 00:00:00+00:00,2013-04-20 10:00:00+10:00,2013-04-20,10,1,2013-04-19 00:00:00+00:00,24,0.78724359,31.41,28.71,15570669.0,17615152.0,1465270.0,1730948.0
2013-04-20 01:00:00+00:00,2013-04-20 11:00:00+10:00,2013-04-20,11,2,2013-04-20 00:00:00+00:00,1,0.621987179,26.98,48.05,1158851.0,1608513.0,1158851.0,1608513.0
2013-04-20 02:00:00+00:00,2013-04-20 12:00:00+10:00,2013-04-20,12,3,2013-04-20 00:00:00+00:00,2,0.740641026,25.82,25.12,2516334.0,3430777.0,1357483.0,1822264.0
2013-04-20 03:00:00+00:00,2013-04-20 13:00:00+10:00,2013-04-20,13,4,2013-04-20 00:00:00+00:00,3,0.631346154,26.31,38.51,3928552.0,5299578.0,1412218.0,1868801.0
2013-04-20 04:00:00+00:00,2013-04-20 14:00:00+10:00,2013-04-20,14,5,2013-04-20 00:00:00+00:00,4,0.399423077,26.88,23.74,5383036.0,7135320.0,1454484.0,1835742.0
2013-04-20 05:00:00+00:00,2013-04-20 15:00:00+10:00,2013-04-20,15,6,2013-04-20 00:00:00+00:00,5,0.190384615,32.87,41.49,6655112.0,8745097.0,1272076.0,1609777.0
2013-04-20 06:00:00+00:00,2013-04-20 16:00:00+10:00,2013-04-20,16,7,2013-04-20 00:00:00+00:00,6,0.220897436,38.52,26.76,7564095.0,9903247.0,908983.0,1158150.0
2013-04-20 07:00:00+00:00,2013-04-20 17:00:00+10:00,2013-04-20,17,8,2013-04-20 00:00:00+00:00,7,0.04224359,47.02,34.49,7937008.0,10446057.0,372913.0,542810.0
2013-04-20 08:00:00+00:00,2013-04-20 18:00:00+10:00,2013-04-20,18,9,2013-04-20 00:00:00+00:00,8,0.003653846,49.97,63.33,7964416.0,10509624.0,27408.0,63567.0
2013-04-20 09:00:00+00:00,2013-04-20 19:00:00+10:00,2013-04-20,19,10,2013-04-20 00:00:00+00:00,9,0.0,50.16,64.26,7964416.0,10509624.0,0.0,0.0
2013-04-20 10:00:00+00:00,2013-04-20 20:00:00+10:00,2013-04-20,20,11,2013-04-20 00:00:00+00:00,10,0.0,50.11,38.17,7964416.0,10509480.0,0.0,-144.0
2013-04-20 23:00:00+00:00,2013-04-21 09:00:00+10:00,2013-04-21,9,0,2013-04-20 00:00:00+00:00,23,0.606025641,23.98,27.17,9766776.0,12600139.0,1245749.0,1393168.0
2013-04-21 00:00:00+00:00,2013-04-21 10:00:00+10:00,2013-04-21,10,1,2013-04-20 00:00:00+00:00,24,0.734294872,23.09,32.59,11637526.0,14620903.0,1870750.0,2020764.0
2013-04-21 01:00:00+00:00,2013-04-21 11:00:00+10:00,2013-04-21,11,2,2013-04-21 00:00:00+00:00,1,0.783141026,22.27,25.49,2323697.0,2472478.0,2323697.0,2472478.0
2013-04-21 02:00:00+00:00,2013-04-21 12:00:00+10:00,2013-04-21,12,3,2013-04-21 00:00:00+00:00,2,0.775769231,22.35,25.1,4894493.0,5182716.0,2570796.0,2710238.0
2013-04-21 03:00:00+00:00,2013-04-21 13:00:00+10:00,2013-04-21,13,4,2013-04-21 00:00:00+00:00,3,0.722628205,22.17,37.21,7461365.0,7888853.0,2566872.0,2706137.0
2013-04-21 04:00:00+00:00,2013-04-21 14:00:00+10:00,2013-04-21,14,5,2013-04-21 00:00:00+00:00,4,0.614102564,22.13,21.4,9765689.0,10351795.0,2304324.0,2462942.0
2013-04-21 05:00:00+00:00,2013-04-21 15:00:00+10:00,2013-04-21,15,6,2013-04-21 00:00:00+00:00,5,0.432628205,22.18,18.62,11602531.0,12366205.0,1836842.0,2014410.0
2013-04-21 06:00:00+00:00,2013-04-21 16:00:00+10:00,2013-04-21,16,7,2013-04-21 00:00:00+00:00,6,0.163141026,23.93,25.09,12859424.0,13783682.0,1256893.0,1417477.0
2013-04-21 07:00:00+00:00,2013-04-21 17:00:00+10:00,2013-04-21,17,8,2013-04-21 00:00:00+00:00,7,0.047435897,29.19,34.77,13371918.0,14430242.0,512494.0,646560.0
2013-04-21 08:00:00+00:00,2013-04-21 18:00:00+10:00,2013-04-21,18,9,2013-04-21 00:00:00+00:00,8,0.004807692,31.73,41.41,13405432.0,14490098.0,33514.0,59856.0
2013-04-21 09:00:00+00:00,2013-04-21 19:00:00+10:00,2013-04-21,19,10,2013-04-21 00:00:00+00:00,9,0.0,33.88,36.69,13405432.0,14490098.0,0.0,0.0
2013-04-21 10:00:00+00:00,2013-04-21 20:00:00+10:00,2013-04-21,20,11,2013-04-21 00:00:00+00:00,10,0.0,30.62,25.73,13405432.0,14489826.0,0.0,-272.0
2013-04-21 23:00:00+00:00,2013-04-22 09:00:00+10:00,2013-04-22,9,0,2013-04-21 00:00:00+00:00,23,0.140064103,22.65,27.6,14123119.0,15735303.0,561483.0,869712.0
2013-04-22 00:00:00+00:00,2013-04-22 10:00:00+10:00,2013-04-22,10,1,2013-04-21 00:00:00+00:00,24,0.282051282,23.38,23.57,15812076.0,17681952.0,1688957.0,1946649.0
2013-04-22 01:00:00+00:00,2013-04-22 11:00:00+10:00,2013-04-22,11,2,2013-04-22 00:00:00+00:00,1,0.605897436,22.86,25.93,1451535.0,1845902.0,1451535.0,1845902.0
2013-04-22 02:00:00+00:00,2013-04-22 12:00:00+10:00,2013-04-22,12,3,2013-04-22 00:00:00+00:00,2,0.19474359,23.21,26.07,2794713.0,3626619.0,1343178.0,1780717.0
2013-04-22 03:00:00+00:00,2013-04-22 13:00:00+10:00,2013-04-22,13,4,2013-04-22 00:00:00+00:00,3,0.1875,23.64,27.55,4178499.0,5464242.0,1383786.0,1837623.0
2013-04-22 04:00:00+00:00,2013-04-22 14:00:00+10:00,2013-04-22,14,5,2013-04-22 00:00:00+00:00,4,0.211858974,25.54,24.5,5840572.0,7431022.0,1662073.0,1966780.0
2013-04-22 05:00:00+00:00,2013-04-22 15:00:00+10:00,2013-04-22,15,6,2013-04-22 00:00:00+00:00,5,0.249294872,35.34,32.57,7072390.0,8998314.0,1231818.0,1567292.0
2013-04-22 06:00:00+00:00,2013-04-22 16:00:00+10:00,2013-04-22,16,7,2013-04-22 00:00:00+00:00,6,0.096089744,40.53,33.56,7913149.0,10097825.0,840759.0,1099511.0
2013-04-22 07:00:00+00:00,2013-04-22 17:00:00+10:00,2013-04-22,17,8,2013-04-22 00:00:00+00:00,7,0.055064103,45.03,34.52,8329449.0,10673354.0,416300.0,575529.0
2013-04-22 08:00:00+00:00,2013-04-22 18:00:00+10:00,2013-04-22,18,9,2013-04-22 00:00:00+00:00,8,0.004679487,46.32,44.52,8360199.0,10733688.0,30750.0,60334.0
2013-04-22 09:00:00+00:00,2013-04-22 19:00:00+10:00,2013-04-22,19,10,2013-04-22 00:00:00+00:00,9,0.0,46.25,35.67,8360199.0,10733688.0,0.0,0.0
2013-04-22 10:00:00+00:00,2013-04-22 20:00:00+10:00,2013-04-22,20,11,2013-04-22 00:00:00+00:00,10,0.0,45.71,40.26,8360199.0,10733466.0,0.0,-222.0
2013-04-22 23:00:00+00:00,2013-04-23 09:00:00+10:00,2013-04-23,9,0,2013-04-22 00:00:00+00:00,23,0.576282051,23.93,21.41,10019831.0,12750577.0,1139640.0,1337955.0
2013-04-23 00:00:00+00:00,2013-04-23 10:00:00+10:00,2013-04-23,10,1,2013-04-22 00:00:00+00:00,24,0.726025641,22.55,21.25,11620775.0,14587460.0,1600944.0,1836883.0
2013-04-23 01:00:00+00:00,2013-04-23 11:00:00+10:00,2013-04-23,11,2,2013-04-23 00:00:00+00:00,1,0.593076923,21.48,22.07,1403153.0,1794181.0,1403153.0,1794181.0
2013-04-23 02:00:00+00:00,2013-04-23 12:00:00+10:00,2013-04-23,12,3,2013-04-23 00:00:00+00:00,2,0.200576923,21.01,18.87,2451886.0,3362439.0,1048733.0,1568258.0
2013-04-23 03:00:00+00:00,2013-04-23 13:00:00+10:00,2013-04-23,13,4,2013-04-23 00:00:00+00:00,3,0.481025641,20.93,21.6,4366614.0,5578888.0,1914728.0,2216449.0
2013-04-23 04:00:00+00:00,2013-04-23 14:00:00+10:00,2013-04-23,14,5,2013-04-23 00:00:00+00:00,4,0.200576923,21.91,23.16,5424355.0,7078842.0,1057741.0,1499954.0
2013-04-23 05:00:00+00:00,2013-04-23 15:00:00+10:00,2013-04-23,15,6,2013-04-23 00:00:00+00:00,5,0.218782051,29.92,37.91,6387627.0,8394983.0,963272.0,1316141.0
2013-04-23 06:00:00+00:00,2013-04-23 16:00:00+10:00,2013-04-23,16,7,2013-04-23 00:00:00+00:00,6,0.126025641,35.79,25.31,7251548.0,9470800.0,863921.0,1075817.0
2013-04-23 07:00:00+00:00,2013-04-23 17:00:00+10:00,2013-04-23,17,8,2013-04-23 00:00:00+00:00,7,0.033012821,39.77,32.17,7639202.0,10011566.0,387654.0,540766.0
2013-04-23 08:00:00+00:00,2013-04-23 18:00:00+10:00,2013-04-23,18,9,2013-04-23 00:00:00+00:00,8,0.003653846,38.91,46.01,7667258.0,10065769.0,28056.0,54203.0
2013-04-23 09:00:00+00:00,2013-04-23 19:00:00+10:00,2013-04-23,19,10,2013-04-23 00:00:00+00:00,9,0.0,40.11,36.79,7667258.0,10065769.0,0.0,0.0
2013-04-23 10:00:00+00:00,2013-04-23 20:00:00+10:00,2013-04-23,20,11,2013-04-23 00:00:00+00:00,10,0.0,40.73,107.28,7667258.0,10065733.0,0.0,-36.0
2013-04-23 23:00:00+00:00,2013-04-24 09:00:00+10:00,2013-04-24,9,0,2013-04-23 00:00:00+00:00,23,0.5775,25.73,57.41,9402301.0,12058686.0,1212636.0,1343981.0
2013-04-24 00:00:00+00:00,2013-04-24 10:00:00+10:00,2013-04-24,10,1,2013-04-23 00:00:00+00:00,24,0.720448718,25.44,25.8,11237630.0,14023028.0,1835329.0,1964342.0
2013-04-24 01:00:00+00:00,2013-04-24 11:00:00+10:00,2013-04-24,11,2,2013-04-24 00:00:00+00:00,1,0.795769231,24.66,25.16,2286983.0,2413394.0,2286983.0,2413394.0
2013-04-24 02:00:00+00:00,2013-04-24 12:00:00+10:00,2013-04-24,12,3,2013-04-24 00:00:00+00:00,2,0.793974359,24.22,25.57,4816059.0,5068160.0,2529076.0,2654766.0
2013-04-24 03:00:00+00:00,2013-04-24 13:00:00+10:00,2013-04-24,13,4,2013-04-24 00:00:00+00:00,3,0.723076923,24.48,26.33,7328923.0,7720429.0,2512864.0,2652269.0
2013-04-24 04:00:00+00:00,2013-04-24 14:00:00+10:00,2013-04-24,14,5,2013-04-24 00:00:00+00:00,4,0.613846154,26.42,25.76,9618624.0,10158986.0,2289701.0,2438557.0
2013-04-24 05:00:00+00:00,2013-04-24 15:00:00+10:00,2013-04-24,15,6,2013-04-24 00:00:00+00:00,5,0.437564103,35.09,29.69,11439723.0,12137256.0,1821099.0,1978270.0
2013-04-24 06:00:00+00:00,2013-04-24 16:00:00+10:00,2013-04-24,16,7,2013-04-24 00:00:00+00:00,6,0.214166667,39.31,31.34,12652153.0,13507403.0,1212430.0,1370147.0
2013-04-24 07:00:00+00:00,2013-04-24 17:00:00+10:00,2013-04-24,17,8,2013-04-24 00:00:00+00:00,7,0.041474359,45.09,42.7,13166524.0,14149991.0,514371.0,642588.0
2013-04-24 08:00:00+00:00,2013-04-24 18:00:00+10:00,2013-04-24,18,9,2013-04-24 00:00:00+00:00,8,0.003525641,43.84,45.0,13192789.0,14199263.0,26265.0,49272.0
2013-04-24 09:00:00+00:00,2013-04-24 19:00:00+10:00,2013-04-24,19,10,2013-04-24 00:00:00+00:00,9,0.0,42.76,53.61,13192789.0,14199263.0,0.0,0.0
2013-04-24 10:00:00+00:00,2013-04-24 20:00:00+10:00,2013-04-24,20,11,2013-04-24 00:00:00+00:00,10,0.0,41.21,37.2,13192789.0,14199263.0,0.0,0.0
2013-04-24 23:00:00+00:00,2013-04-25 09:00:00+10:00,2013-04-25,9,0,2013-04-24 00:00:00+00:00,23,0.550448718,24.06,27.01,14815254.0,16129548.0,1148988.0,1312255.0
2013-04-25 00:00:00+00:00,2013-04-25 10:00:00+10:00,2013-04-25,10,1,2013-04-24 00:00:00+00:00,24,0.706282051,25.37,26.68,16599670.0,18076352.0,1784416.0,1946804.0
2013-04-25 01:00:00+00:00,2013-04-25 11:00:00+10:00,2013-04-25,11,2,2013-04-25 00:00:00+00:00,1,0.780897436,23.98,29.7,2238702.0,2400033.0,2238702.0,2400033.0
2013-04-25 02:00:00+00:00,2013-04-25 12:00:00+10:00,2013-04-25,12,3,2013-04-25 00:00:00+00:00,2,0.770384615,24.17,25.09,4711115.0,5035644.0,2472413.0,2635611.0
2013-04-25 03:00:00+00:00,2013-04-25 13:00:00+10:00,2013-04-25,13,4,2013-04-25 00:00:00+00:00,3,0.708974359,24.93,27.69,7189849.0,7682588.0,2478734.0,2646944.0
2013-04-25 04:00:00+00:00,2013-04-25 14:00:00+10:00,2013-04-25,14,5,2013-04-25 00:00:00+00:00,4,0.597051282,26.99,27.04,9433700.0,10099458.0,2243851.0,2416870.0
2013-04-25 05:00:00+00:00,2013-04-25 15:00:00+10:00,2013-04-25,15,6,2013-04-25 00:00:00+00:00,5,0.427948718,37.06,26.43,11240660.0,12079990.0,1806960.0,1980532.0
2013-04-25 06:00:00+00:00,2013-04-25 16:00:00+10:00,2013-04-25,16,7,2013-04-25 00:00:00+00:00,6,0.185128205,44.35,31.23,12425608.0,13435412.0,1184948.0,1355422.0
2013-04-25 07:00:00+00:00,2013-04-25 17:00:00+10:00,2013-04-25,17,8,2013-04-25 00:00:00+00:00,7,0.041153846,48.87,90.42,12910836.0,14056920.0,485228.0,621508.0
2013-04-25 08:00:00+00:00,2013-04-25 18:00:00+10:00,2013-04-25,18,9,2013-04-25 00:00:00+00:00,8,0.005705128,49.32,59.7,12934764.0,14101688.0,23928.0,44768.0
2013-04-25 09:00:00+00:00,2013-04-25 19:00:00+10:00,2013-04-25,19,10,2013-04-25 00:00:00+00:00,9,0.0,49.08,41.99,12934764.0,14101688.0,0.0,0.0
2013-04-25 10:00:00+00:00,2013-04-25 20:00:00+10:00,2013-04-25,20,11,2013-04-25 00:00:00+00:00,10,0.0,47.81,65.65,12934764.0,14101927.0,0.0,239.0
2013-04-25 23:00:00+00:00,2013-04-26 09:00:00+10:00,2013-04-26,9,0,2013-04-25 00:00:00+00:00,23,0.467435897,24.32,19.82,14542976.0,16046450.0,1136244.0,1324655.0
2013-04-26 00:00:00+00:00,2013-04-26 10:00:00+10:00,2013-04-26,10,1,2013-04-25 00:00:00+00:00,24,0.696474359,21.83,17.98,16277114.0,17993696.0,1734138.0,1947246.0
2013-04-26 01:00:00+00:00,2013-04-26 11:00:00+10:00,2013-04-26,11,2,2013-04-26 00:00:00+00:00,1,0.768269231,20.04,18.17,2169718.0,2393682.0,2169718.0,2393682.0
2013-04-26 02:00:00+00:00,2013-04-26 12:00:00+10:00,2013-04-26,12,3,2013-04-26 00:00:00+00:00,2,0.765961538,19.43,16.07,4568321.0,5021801.0,2398603.0,2628119.0
2013-04-26 03:00:00+00:00,2013-04-26 13:00:00+10:00,2013-04-26,13,4,2013-04-26 00:00:00+00:00,3,0.696602564,20.58,18.35,6965983.0,7653885.0,2397662.0,2632084.0
2013-04-26 04:00:00+00:00,2013-04-26 14:00:00+10:00,2013-04-26,14,5,2013-04-26 00:00:00+00:00,4,0.583910256,22.75,24.14,9136903.0,10060981.0,2170920.0,2407096.0
2013-04-26 05:00:00+00:00,2013-04-26 15:00:00+10:00,2013-04-26,15,6,2013-04-26 00:00:00+00:00,5,0.406730769,30.55,37.99,10870777.0,12025774.0,1733874.0,1964793.0
2013-04-26 06:00:00+00:00,2013-04-26 16:00:00+10:00,2013-04-26,16,7,2013-04-26 00:00:00+00:00,6,0.198525641,34.15,28.87,12006205.0,13370579.0,1135428.0,1344805.0
2013-04-26 07:00:00+00:00,2013-04-26 17:00:00+10:00,2013-04-26,17,8,2013-04-26 00:00:00+00:00,7,0.036217949,39.37,23.67,12462522.0,13980196.0,456317.0,609617.0
2013-04-26 08:00:00+00:00,2013-04-26 18:00:00+10:00,2013-04-26,18,9,2013-04-26 00:00:00+00:00,8,0.003141026,38.98,26.68,12483497.0,14021418.0,20975.0,41222.0
2013-04-26 09:00:00+00:00,2013-04-26 19:00:00+10:00,2013-04-26,19,10,2013-04-26 00:00:00+00:00,9,0.0,38.28,91.54,12483497.0,14021418.0,0.0,0.0
2013-04-26 10:00:00+00:00,2013-04-26 20:00:00+10:00,2013-04-26,20,11,2013-04-26 00:00:00+00:00,10,0.0,36.61,25.37,12483497.0,14021589.0,0.0,171.0
2013-04-26 23:00:00+00:00,2013-04-27 09:00:00+10:00,2013-04-27,9,0,2013-04-26 00:00:00+00:00,23,0.535064103,27.27,26.77,14113148.0,15921077.0,1153032.0,1297845.0
2013-04-27 00:00:00+00:00,2013-04-27 10:00:00+10:00,2013-04-27,10,1,2013-04-26 00:00:00+00:00,24,0.698910256,31.74,23.52,15879800.0,17838736.0,1766652.0,1917659.0
2013-04-27 01:00:00+00:00,2013-04-27 11:00:00+10:00,2013-04-27,11,2,2013-04-27 00:00:00+00:00,1,0.760128205,28.94,23.64,2209937.0,2359225.0,2209937.0,2359225.0
2013-04-27 02:00:00+00:00,2013-04-27 12:00:00+10:00,2013-04-27,12,3,2013-04-27 00:00:00+00:00,2,0.763205128,27.02,23.54,4650008.0,4950539.0,2440071.0,2591314.0
2013-04-27 03:00:00+00:00,2013-04-27 13:00:00+10:00,2013-04-27,13,4,2013-04-27 00:00:00+00:00,3,0.708782051,27.07,22.86,7084448.0,7546015.0,2434440.0,2595476.0
2013-04-27 04:00:00+00:00,2013-04-27 14:00:00+10:00,2013-04-27,14,5,2013-04-27 00:00:00+00:00,4,0.549679487,27.33,23.22,9281694.0,9917455.0,2197246.0,2371440.0
2013-04-27 05:00:00+00:00,2013-04-27 15:00:00+10:00,2013-04-27,15,6,2013-04-27 00:00:00+00:00,5,0.422820513,30.95,24.0,11033598.0,11848941.0,1751904.0,1931486.0
2013-04-27 06:00:00+00:00,2013-04-27 16:00:00+10:00,2013-04-27,16,7,2013-04-27 00:00:00+00:00,6,0.200320513,32.38,23.62,12172655.0,13160133.0,1139057.0,1311192.0
2013-04-27 07:00:00+00:00,2013-04-27 17:00:00+10:00,2013-04-27,17,8,2013-04-27 00:00:00+00:00,7,0.036282051,37.29,27.37,12623110.0,13739643.0,450455.0,579510.0
2013-04-27 08:00:00+00:00,2013-04-27 18:00:00+10:00,2013-04-27,18,9,2013-04-27 00:00:00+00:00,8,0.003012821,46.36,46.96,12642336.0,13776544.0,19226.0,36901.0
2013-04-27 09:00:00+00:00,2013-04-27 19:00:00+10:00,2013-04-27,19,10,2013-04-27 00:00:00+00:00,9,0.0,47.87,30.59,12642336.0,13776544.0,0.0,0.0
2013-04-27 10:00:00+00:00,2013-04-27 20:00:00+10:00,2013-04-27,20,11,2013-04-27 00:00:00+00:00,10,0.0,45.76,27.52,12642336.0,13776431.0,0.0,-113.0
2013-04-27 23:00:00+00:00,2013-04-28 09:00:00+10:00,2013-04-28,9,0,2013-04-27 00:00:00+00:00,23,0.388269231,27.74,24.43,13964400.0,15399841.0,944527.0,1125871.0
2013-04-28 00:00:00+00:00,2013-04-28 10:00:00+10:00,2013-04-28,10,1,2013-04-27 00:00:00+00:00,24,0.498269231,26.0,33.21,15473175.0,17132320.0,1508775.0,1732479.0
2013-04-28 01:00:00+00:00,2013-04-28 11:00:00+10:00,2013-04-28,11,2,2013-04-28 00:00:00+00:00,1,0.583269231,23.54,25.35,1924980.0,2198388.0,1924980.0,2198388.0
2013-04-28 02:00:00+00:00,2013-04-28 12:00:00+10:00,2013-04-28,12,3,2013-04-28 00:00:00+00:00,2,0.713717949,23.05,23.34,4070221.0,4634079.0,2145241.0,2435691.0
2013-04-28 03:00:00+00:00,2013-04-28 13:00:00+10:00,2013-04-28,13,4,2013-04-28 00:00:00+00:00,3,0.702115385,22.79,20.33,6312462.0,7127777.0,2242241.0,2493698.0
2013-04-28 04:00:00+00:00,2013-04-28 14:00:00+10:00,2013-04-28,14,5,2013-04-28 00:00:00+00:00,4,0.606858974,22.44,20.8,8393641.0,9437365.0,2081179.0,2309588.0
2013-04-28 05:00:00+00:00,2013-04-28 15:00:00+10:00,2013-04-28,15,6,2013-04-28 00:00:00+00:00,5,0.402179487,22.13,19.5,10075098.0,11344551.0,1681457.0,1907186.0
2013-04-28 06:00:00+00:00,2013-04-28 16:00:00+10:00,2013-04-28,16,7,2013-04-28 00:00:00+00:00,6,0.204551282,22.53,18.58,11179072.0,12649467.0,1103974.0,1304916.0
2013-04-28 07:00:00+00:00,2013-04-28 17:00:00+10:00,2013-04-28,17,8,2013-04-28 00:00:00+00:00,7,0.037820513,25.5,23.87,11611064.0,13229959.0,431992.0,580492.0
2013-04-28 08:00:00+00:00,2013-04-28 18:00:00+10:00,2013-04-28,18,9,2013-04-28 00:00:00+00:00,8,0.002884615,27.44,26.99,11628194.0,13263997.0,17130.0,34038.0
2013-04-28 09:00:00+00:00,2013-04-28 19:00:00+10:00,2013-04-28,19,10,2013-04-28 00:00:00+00:00,9,0.0,30.96,28.17,11628194.0,13263997.0,0.0,0.0
2013-04-28 10:00:00+00:00,2013-04-28 20:00:00+10:00,2013-04-28,20,11,2013-04-28 00:00:00+00:00,10,0.0,32.34,25.89,11628194.0,13264497.0,0.0,500.0
2013-04-28 23:00:00+00:00,2013-04-29 09:00:00+10:00,2013-04-29,9,0,2013-04-28 00:00:00+00:00,23,0.466538462,25.02,23.15,13096606.0,15101985.0,1037853.0,1254801.0
2013-04-29 00:00:00+00:00,2013-04-29 10:00:00+10:00,2013-04-29,10,1,2013-04-28 00:00:00+00:00,24,0.652051282,24.68,25.46,14739190.0,16998800.0,1642584.0,1896815.0
2013-04-29 01:00:00+00:00,2013-04-29 11:00:00+10:00,2013-04-29,11,2,2013-04-29 00:00:00+00:00,1,0.691282051,23.88,22.21,1894956.0,2222913.0,1894956.0,2222913.0
2013-04-29 02:00:00+00:00,2013-04-29 12:00:00+10:00,2013-04-29,12,3,2013-04-29 00:00:00+00:00,2,0.674935897,23.37,24.58,3825116.0,4507763.0,1930160.0,2284850.0
2013-04-29 03:00:00+00:00,2013-04-29 13:00:00+10:00,2013-04-29,13,4,2013-04-29 00:00:00+00:00,3,0.219679487,23.93,22.47,6098368.0,7075922.0,2273252.0,2568159.0
2013-04-29 04:00:00+00:00,2013-04-29 14:00:00+10:00,2013-04-29,14,5,2013-04-29 00:00:00+00:00,4,0.249615385,25.97,21.9,7843354.0,9150785.0,1744986.0,2074863.0
2013-04-29 05:00:00+00:00,2013-04-29 15:00:00+10:00,2013-04-29,15,6,2013-04-29 00:00:00+00:00,5,0.175384615,30.31,25.35,9392688.0,10991109.0,1549334.0,1840324.0
2013-04-29 06:00:00+00:00,2013-04-29 16:00:00+10:00,2013-04-29,16,7,2013-04-29 00:00:00+00:00,6,0.072948718,38.79,27.26,10265720.0,12118151.0,873032.0,1127042.0
2013-04-29 07:00:00+00:00,2013-04-29 17:00:00+10:00,2013-04-29,17,8,2013-04-29 00:00:00+00:00,7,0.014487179,45.76,49.42,10520254.0,12524757.0,254534.0,406606.0
2013-04-29 08:00:00+00:00,2013-04-29 18:00:00+10:00,2013-04-29,18,9,2013-04-29 00:00:00+00:00,8,0.000448718,48.3,48.23,10532367.0,12551997.0,12113.0,27240.0
2013-04-29 09:00:00+00:00,2013-04-29 19:00:00+10:00,2013-04-29,19,10,2013-04-29 00:00:00+00:00,9,0.0,44.65,36.11,10532367.0,12551997.0,0.0,0.0
2013-04-29 10:00:00+00:00,2013-04-29 20:00:00+10:00,2013-04-29,20,11,2013-04-29 00:00:00+00:00,10,0.0,47.98,47.82,10532367.0,12552040.0,0.0,43.0
2013-04-29 23:00:00+00:00,2013-04-30 09:00:00+10:00,2013-04-30,9,0,2013-04-29 00:00:00+00:00,23,0.194679487,23.42,15.07,11369298.0,13824242.0,696123.0,962081.0
2013-04-30 00:00:00+00:00,2013-04-30 10:00:00+10:00,2013-04-30,10,1,2013-04-29 00:00:00+00:00,24,0.183910256,20.49,16.96,12029446.0,14869252.0,660148.0,1045010.0
2013-04-30 01:00:00+00:00,2013-04-30 11:00:00+10:00,2013-04-30,11,2,2013-04-30 00:00:00+00:00,1,0.311025641,19.34,15.71,880780.6875,1390017.0,880780.6875,1390017.0
2013-04-30 02:00:00+00:00,2013-04-30 12:00:00+10:00,2013-04-30,12,3,2013-04-30 00:00:00+00:00,2,0.5675,18.81,13.35,2096361.0,3073280.0,1215580.3125,1683263.0
2013-04-30 03:00:00+00:00,2013-04-30 13:00:00+10:00,2013-04-30,13,4,2013-04-30 00:00:00+00:00,3,0.32474359,18.51,14.87,3697856.0,5113400.0,1601495.0,2040120.0
2013-04-30 04:00:00+00:00,2013-04-30 14:00:00+10:00,2013-04-30,14,5,2013-04-30 00:00:00+00:00,4,0.321282051,20.04,14.29,5396229.0,7129481.0,1698373.0,2016081.0
2013-04-30 05:00:00+00:00,2013-04-30 15:00:00+10:00,2013-04-30,15,6,2013-04-30 00:00:00+00:00,5,0.264038462,25.76,26.66,6655137.0,8695853.0,1258908.0,1566372.0
2013-04-30 06:00:00+00:00,2013-04-30 16:00:00+10:00,2013-04-30,16,7,2013-04-30 00:00:00+00:00,6,0.108141026,28.38,20.5,7397569.0,9683741.0,742432.0,987888.0
2013-04-30 07:00:00+00:00,2013-04-30 17:00:00+10:00,2013-04-30,17,8,2013-04-30 00:00:00+00:00,7,0.033205128,34.71,21.89,7649605.0,10070989.0,252036.0,387248.0
2013-04-30 08:00:00+00:00,2013-04-30 18:00:00+10:00,2013-04-30,18,9,2013-04-30 00:00:00+00:00,8,0.001794872,35.550000000000004,24.01,7659695.0,10092696.0,10090.0,21707.0
2013-04-30 09:00:00+00:00,2013-04-30 19:00:00+10:00,2013-04-30,19,10,2013-04-30 00:00:00+00:00,9,0.0,37.12,26.16,7659695.0,10092696.0,0.0,0.0
2013-04-30 10:00:00+00:00,2013-04-30 20:00:00+10:00,2013-04-30,20,11,2013-04-30 00:00:00+00:00,10,0.0,37.03,28.29,7659695.0,10092771.0,0.0,75.0
2013-04-30 23:00:00+00:00,2013-05-01 09:00:00+10:00,2013-05-01,9,0,2013-04-30 00:00:00+00:00,23,0.445384615,24.38,24.1,8473767.0,11364237.0,589295.0,874033.0
2013-05-01 00:00:00+00:00,2013-05-01 10:00:00+10:00,2013-05-01,10,1,2013-04-30 00:00:00+00:00,24,0.551217949,21.63,24.52,9768726.0,12936658.0,1294959.0,1572421.0
2013-05-01 01:00:00+00:00,2013-05-01 11:00:00+10:00,2013-05-01,11,2,2013-05-01 00:00:00+00:00,1,0.649871795,20.33,20.57,1743436.0,2018293.0,1743436.0,2018293.0
2013-05-01 02:00:00+00:00,2013-05-01 12:00:00+10:00,2013-05-01,12,3,2013-05-01 00:00:00+00:00,2,0.661666667,19.7,18.48,3695590.0,4239716.0,1952154.0,2221423.0
2013-05-01 03:00:00+00:00,2013-05-01 13:00:00+10:00,2013-05-01,13,4,2013-05-01 00:00:00+00:00,3,0.42974359,19.57,21.85,5507190.0,6361516.0,1811600.0,2121800.0
2013-05-01 04:00:00+00:00,2013-05-01 14:00:00+10:00,2013-05-01,14,5,2013-05-01 00:00:00+00:00,4,0.256346154,20.53,23.57,7032110.0,8228624.0,1524920.0,1867108.0
2013-05-01 05:00:00+00:00,2013-05-01 15:00:00+10:00,2013-05-01,15,6,2013-05-01 00:00:00+00:00,5,0.259294872,26.05,37.24,8500526.0,9948914.0,1468416.0,1720290.0
2013-05-01 06:00:00+00:00,2013-05-01 16:00:00+10:00,2013-05-01,16,7,2013-05-01 00:00:00+00:00,6,0.172115385,28.51,25.91,9432568.0,11102272.0,932042.0,1153358.0
2013-05-01 07:00:00+00:00,2013-05-01 17:00:00+10:00,2013-05-01,17,8,2013-05-01 00:00:00+00:00,7,0.032179487,34.7,51.26,9800648.0,11614887.0,368080.0,512615.0
2013-05-01 08:00:00+00:00,2013-05-01 18:00:00+10:00,2013-05-01,18,9,2013-05-01 00:00:00+00:00,8,0.001794872,36.33,27.31,9809469.0,11634394.0,8821.0,19507.0
2013-05-01 09:00:00+00:00,2013-05-01 19:00:00+10:00,2013-05-01,19,10,2013-05-01 00:00:00+00:00,9,0.0,37.25,48.58,9809469.0,11634394.0,0.0,0.0
2013-05-01 10:00:00+00:00,2013-05-01 20:00:00+10:00,2013-05-01,20,11,2013-05-01 00:00:00+00:00,10,0.0,38.03,38.34,9809469.0,11634226.0,0.0,-168.0
2013-05-01 23:00:00+00:00,2013-05-02 09:00:00+10:00,2013-05-02,9,0,2013-05-01 00:00:00+00:00,23,0.445384615,21.0,18.72,11356980.0,13386666.0,1115033.0,1224721.0
2013-05-02 00:00:00+00:00,2013-05-02 10:00:00+10:00,2013-05-02,10,1,2013-05-01 00:00:00+00:00,24,0.776730769,21.87,16.31,13080250.0,15217460.0,1723270.0,1830794.0
2013-05-02 01:00:00+00:00,2013-05-02 11:00:00+10:00,2013-05-02,11,2,2013-05-02 00:00:00+00:00,1,0.811474359,19.82,16.61,2153608.0,2265234.0,2153608.0,2265234.0
2013-05-02 02:00:00+00:00,2013-05-02 12:00:00+10:00,2013-05-02,12,3,2013-05-02 00:00:00+00:00,2,0.786538462,19.5,15.14,4525807.0,4758928.0,2372199.0,2493694.0
2013-05-02 03:00:00+00:00,2013-05-02 13:00:00+10:00,2013-05-02,13,4,2013-05-02 00:00:00+00:00,3,0.718974359,19.89,15.42,6887801.0,7255693.0,2361994.0,2496765.0
2013-05-02 04:00:00+00:00,2013-05-02 14:00:00+10:00,2013-05-02,14,5,2013-05-02 00:00:00+00:00,4,0.595448718,22.02,16.95,9012876.0,9528371.0,2125075.0,2272678.0
2013-05-02 05:00:00+00:00,2013-05-02 15:00:00+10:00,2013-05-02,15,6,2013-05-02 00:00:00+00:00,5,0.418205128,27.1,19.9,10692704.0,11366819.0,1679828.0,1838448.0
2013-05-02 06:00:00+00:00,2013-05-02 16:00:00+10:00,2013-05-02,16,7,2013-05-02 00:00:00+00:00,6,0.195705128,31.24,32.97,11766438.0,12598268.0,1073734.0,1231449.0
2013-05-02 07:00:00+00:00,2013-05-02 17:00:00+10:00,2013-05-02,17,8,2013-05-02 00:00:00+00:00,7,0.032179487,36.76,48.57,12154029.0,13109157.0,387591.0,510889.0
2013-05-02 08:00:00+00:00,2013-05-02 18:00:00+10:00,2013-05-02,18,9,2013-05-02 00:00:00+00:00,8,0.002051282,36.68,24.84,12164090.0,13127831.0,10061.0,18674.0
2013-05-02 09:00:00+00:00,2013-05-02 19:00:00+10:00,2013-05-02,19,10,2013-05-02 00:00:00+00:00,9,0.0,34.69,32.37,12164090.0,13127831.0,0.0,0.0
2013-05-02 10:00:00+00:00,2013-05-02 20:00:00+10:00,2013-05-02,20,11,2013-05-02 00:00:00+00:00,10,0.0,35.69,28.26,12164090.0,13127729.0,0.0,-102.0
2013-05-02 23:00:00+00:00,2013-05-03 09:00:00+10:00,2013-05-03,9,0,2013-05-02 00:00:00+00:00,23,0.469166667,24.79,22.49,13433605.0,14698958.0,942006.0,1113167.0
2013-05-03 00:00:00+00:00,2013-05-03 10:00:00+10:00,2013-05-03,10,1,2013-05-02 00:00:00+00:00,24,0.676602564,21.77,17.39,15116334.0,16515880.0,1682729.0,1816922.0
2013-05-03 01:00:00+00:00,2013-05-03 11:00:00+10:00,2013-05-03,11,2,2013-05-03 00:00:00+00:00,1,0.769230769,20.17,19.28,2131747.0,2247521.0,2131747.0,2247521.0
2013-05-03 02:00:00+00:00,2013-05-03 12:00:00+10:00,2013-05-03,12,3,2013-05-03 00:00:00+00:00,2,0.770192308,19.56,17.7,4494666.0,4719741.0,2362919.0,2472220.0
2013-05-03 03:00:00+00:00,2013-05-03 13:00:00+10:00,2013-05-03,13,4,2013-05-03 00:00:00+00:00,3,0.705705128,19.57,15.68,6854437.0,7192209.0,2359771.0,2472468.0
2013-05-03 04:00:00+00:00,2013-05-03 14:00:00+10:00,2013-05-03,14,5,2013-05-03 00:00:00+00:00,4,0.589487179,21.21,22.33,8984356.0,9438038.0,2129919.0,2245829.0
2013-05-03 05:00:00+00:00,2013-05-03 15:00:00+10:00,2013-05-03,15,6,2013-05-03 00:00:00+00:00,5,0.418589744,25.38,26.51,10677247.0,11248915.0,1692891.0,1810877.0
2013-05-03 06:00:00+00:00,2013-05-03 16:00:00+10:00,2013-05-03,16,7,2013-05-03 00:00:00+00:00,6,0.1725,31.05,24.52,11765045.0,12455853.0,1087798.0,1206938.0
2013-05-03 07:00:00+00:00,2013-05-03 17:00:00+10:00,2013-05-03,17,8,2013-05-03 00:00:00+00:00,7,0.047564103,39.02,31.16,12131989.0,12918959.0,366944.0,463106.0
2013-05-03 08:00:00+00:00,2013-05-03 18:00:00+10:00,2013-05-03,18,9,2013-05-03 00:00:00+00:00,8,0.001538462,39.73,32.17,12139859.0,12932574.0,7870.0,13615.0
2013-05-03 09:00:00+00:00,2013-05-03 19:00:00+10:00,2013-05-03,19,10,2013-05-03 00:00:00+00:00,9,0.0,38.43,42.98,12139859.0,12932574.0,0.0,0.0
2013-05-03 10:00:00+00:00,2013-05-03 20:00:00+10:00,2013-05-03,20,11,2013-05-03 00:00:00+00:00,10,0.0,37.07,32.67,12139859.0,12932864.0,0.0,290.0
2013-05-03 23:00:00+00:00,2013-05-04 09:00:00+10:00,2013-05-04,9,0,2013-05-03 00:00:00+00:00,23,0.418076923,23.65,25.06,13451592.0,14537811.0,926885.0,1094023.0
2013-05-04 00:00:00+00:00,2013-05-04 10:00:00+10:00,2013-05-04,10,1,2013-05-03 00:00:00+00:00,24,0.677371795,22.56,25.74,15051303.0,16299391.0,1599711.0,1761580.0
2013-05-04 01:00:00+00:00,2013-05-04 11:00:00+10:00,2013-05-04,11,2,2013-05-04 00:00:00+00:00,1,0.775576923,22.1,19.79,2084192.0,2218178.0,2084192.0,2218178.0
2013-05-04 02:00:00+00:00,2013-05-04 12:00:00+10:00,2013-05-04,12,3,2013-05-04 00:00:00+00:00,2,0.759358974,21.41,29.03,4427909.0,4675865.0,2343717.0,2457687.0
2013-05-04 03:00:00+00:00,2013-05-04 13:00:00+10:00,2013-05-04,13,4,2013-05-04 00:00:00+00:00,3,0.692115385,21.1,26.5,6774506.0,7132753.0,2346597.0,2456888.0
2013-05-04 04:00:00+00:00,2013-05-04 14:00:00+10:00,2013-05-04,14,5,2013-05-04 00:00:00+00:00,4,0.577820513,20.92,25.12,8888452.0,9364730.0,2113946.0,2231977.0
2013-05-04 05:00:00+00:00,2013-05-04 15:00:00+10:00,2013-05-04,15,6,2013-05-04 00:00:00+00:00,5,0.409615385,21.43,15.97,10553176.0,11164882.0,1664724.0,1800152.0
2013-05-04 06:00:00+00:00,2013-05-04 16:00:00+10:00,2013-05-04,16,7,2013-05-04 00:00:00+00:00,6,0.190769231,24.01,18.85,11605662.0,12361140.0,1052486.0,1196258.0
2013-05-04 07:00:00+00:00,2013-05-04 17:00:00+10:00,2013-05-04,17,8,2013-05-04 00:00:00+00:00,7,0.031666667,29.52,23.96,11975695.0,12847026.0,370033.0,485886.0
2013-05-04 08:00:00+00:00,2013-05-04 18:00:00+10:00,2013-05-04,18,9,2013-05-04 00:00:00+00:00,8,0.001987179,38.5,31.48,11983386.0,12861134.0,7691.0,14108.0
2013-05-04 09:00:00+00:00,2013-05-04 19:00:00+10:00,2013-05-04,19,10,2013-05-04 00:00:00+00:00,9,0.0,38.47,50.87,11983386.0,12861134.0,0.0,0.0
2013-05-04 10:00:00+00:00,2013-05-04 20:00:00+10:00,2013-05-04,20,11,2013-05-04 00:00:00+00:00,10,0.0,39.07,39.51,11983386.0,12861392.0,0.0,258.0
2013-05-04 23:00:00+00:00,2013-05-05 09:00:00+10:00,2013-05-05,9,0,2013-05-04 00:00:00+00:00,23,0.47974359,24.35,23.05,13434559.0,14535030.0,1060440.0,1183690.0
2013-05-05 00:00:00+00:00,2013-05-05 10:00:00+10:00,2013-05-05,10,1,2013-05-04 00:00:00+00:00,24,0.712884615,24.03,23.75,15095384.0,16318785.0,1660825.0,1783755.0
2013-05-05 01:00:00+00:00,2013-05-05 11:00:00+10:00,2013-05-05,11,2,2013-05-05 00:00:00+00:00,1,0.794679487,23.48,25.36,2097551.0,2213660.0,2097551.0,2213660.0
2013-05-05 02:00:00+00:00,2013-05-05 12:00:00+10:00,2013-05-05,12,3,2013-05-05 00:00:00+00:00,2,0.771987179,23.48,24.85,4422122.0,4650433.0,2324571.0,2436773.0
2013-05-05 03:00:00+00:00,2013-05-05 13:00:00+10:00,2013-05-05,13,4,2013-05-05 00:00:00+00:00,3,0.701474359,23.27,48.42,6744387.0,7087211.0,2322265.0,2436778.0
2013-05-05 04:00:00+00:00,2013-05-05 14:00:00+10:00,2013-05-05,14,5,2013-05-05 00:00:00+00:00,4,0.586666667,23.46,23.74,8832432.0,9300365.0,2088045.0,2213154.0
2013-05-05 05:00:00+00:00,2013-05-05 15:00:00+10:00,2013-05-05,15,6,2013-05-05 00:00:00+00:00,5,0.411217949,22.35,23.21,10474636.0,11081868.0,1642204.0,1781503.0
2013-05-05 06:00:00+00:00,2013-05-05 16:00:00+10:00,2013-05-05,16,7,2013-05-05 00:00:00+00:00,6,0.191666667,23.49,23.68,11507858.0,12260877.0,1033222.0,1179009.0
2013-05-05 07:00:00+00:00,2013-05-05 17:00:00+10:00,2013-05-05,17,8,2013-05-05 00:00:00+00:00,7,0.030961538,26.81,23.88,11864007.0,12732513.0,356149.0,471636.0
2013-05-05 08:00:00+00:00,2013-05-05 18:00:00+10:00,2013-05-05,18,9,2013-05-05 00:00:00+00:00,8,0.001794872,29.62,25.1,11870383.0,12745080.0,6376.0,12567.0
2013-05-05 09:00:00+00:00,2013-05-05 19:00:00+10:00,2013-05-05,19,10,2013-05-05 00:00:00+00:00,9,0.0,32.61,32.64,11870383.0,12745080.0,0.0,0.0
2013-05-05 10:00:00+00:00,2013-05-05 20:00:00+10:00,2013-05-05,20,11,2013-05-05 00:00:00+00:00,10,0.0,33.02,33.81,11870383.0,12745080.0,0.0,0.0
2013-05-05 23:00:00+00:00,2013-05-06 09:00:00+10:00,2013-05-06,9,0,2013-05-05 00:00:00+00:00,23,0.42775641,24.01,26.35,13269641.0,14389005.0,1032391.0,1169737.0
2013-05-06 00:00:00+00:00,2013-05-06 10:00:00+10:00,2013-05-06,10,1,2013-05-05 00:00:00+00:00,24,0.684679487,25.09,26.84,14867806.0,16133245.0,1598165.0,1744240.0
2013-05-06 01:00:00+00:00,2013-05-06 11:00:00+10:00,2013-05-06,11,2,2013-05-06 00:00:00+00:00,1,0.639935897,24.29,25.98,2041931.0,2187361.0,2041931.0,2187361.0
2013-05-06 02:00:00+00:00,2013-05-06 12:00:00+10:00,2013-05-06,12,3,2013-05-06 00:00:00+00:00,2,0.720705128,23.61,24.38,4290382.0,4583485.0,2248451.0,2396124.0
2013-05-06 03:00:00+00:00,2013-05-06 13:00:00+10:00,2013-05-06,13,4,2013-05-06 00:00:00+00:00,3,0.644038462,23.9,23.59,6533440.0,6977783.0,2243058.0,2394298.0
2013-05-06 04:00:00+00:00,2013-05-06 14:00:00+10:00,2013-05-06,14,5,2013-05-06 00:00:00+00:00,4,0.490384615,25.28,23.05,8500710.0,9123538.0,1967270.0,2145755.0
2013-05-06 05:00:00+00:00,2013-05-06 15:00:00+10:00,2013-05-06,15,6,2013-05-06 00:00:00+00:00,5,0.418397436,28.9,23.7,10059269.0,10851123.0,1558559.0,1727585.0
2013-05-06 06:00:00+00:00,2013-05-06 16:00:00+10:00,2013-05-06,16,7,2013-05-06 00:00:00+00:00,6,0.202435897,35.36,167.57,11065408.0,12013052.0,1006139.0,1161929.0
2013-05-06 07:00:00+00:00,2013-05-06 17:00:00+10:00,2013-05-06,17,8,2013-05-06 00:00:00+00:00,7,0.032820513,43.08,40.31,11408486.0,12473187.0,343078.0,460135.0
2013-05-06 08:00:00+00:00,2013-05-06 18:00:00+10:00,2013-05-06,18,9,2013-05-06 00:00:00+00:00,8,0.001410256,43.38,36.02,11414246.0,12483939.0,5760.0,10752.0
2013-05-06 09:00:00+00:00,2013-05-06 19:00:00+10:00,2013-05-06,19,10,2013-05-06 00:00:00+00:00,9,0.0,44.28,102.97,11414246.0,12483939.0,0.0,0.0
2013-05-06 10:00:00+00:00,2013-05-06 20:00:00+10:00,2013-05-06,20,11,2013-05-06 00:00:00+00:00,10,0.0,47.77,33.19,11414246.0,12484107.0,0.0,168.0
2013-05-06 23:00:00+00:00,2013-05-07 09:00:00+10:00,2013-05-07,9,0,2013-05-06 00:00:00+00:00,23,0.136346154,25.86,34.76,12279026.0,13702668.0,713417.0,920347.0
2013-05-07 00:00:00+00:00,2013-05-07 10:00:00+10:00,2013-05-07,10,1,2013-05-06 00:00:00+00:00,24,0.496987179,25.78,24.49,13217332.0,14948829.0,938306.0,1246161.0
2013-05-07 01:00:00+00:00,2013-05-07 11:00:00+10:00,2013-05-07,11,2,2013-05-07 00:00:00+00:00,1,0.728012821,23.71,23.55,1136228.0,1498280.0,1136228.0,1498280.0
2013-05-07 02:00:00+00:00,2013-05-07 12:00:00+10:00,2013-05-07,12,3,2013-05-07 00:00:00+00:00,2,0.703910256,23.3,23.42,3104733.0,3694443.0,1968505.0,2196163.0
2013-05-07 03:00:00+00:00,2013-05-07 13:00:00+10:00,2013-05-07,13,4,2013-05-07 00:00:00+00:00,3,0.608012821,23.31,23.74,5255451.0,6034566.0,2150718.0,2340123.0
2013-05-07 04:00:00+00:00,2013-05-07 14:00:00+10:00,2013-05-07,14,5,2013-05-07 00:00:00+00:00,4,0.487628205,24.29,24.44,7108252.0,8089786.0,1852801.0,2055220.0
2013-05-07 05:00:00+00:00,2013-05-07 15:00:00+10:00,2013-05-07,15,6,2013-05-07 00:00:00+00:00,5,0.340128205,28.84,26.07,8635702.0,9806251.0,1527450.0,1716465.0
2013-05-07 06:00:00+00:00,2013-05-07 16:00:00+10:00,2013-05-07,16,7,2013-05-07 00:00:00+00:00,6,0.147307692,36.15,37.12,9552902.0,10896290.0,917200.0,1090039.0
2013-05-07 07:00:00+00:00,2013-05-07 17:00:00+10:00,2013-05-07,17,8,2013-05-07 00:00:00+00:00,7,0.04775641,41.27,43.58,9814977.0,11269605.0,262075.0,373315.0
2013-05-07 08:00:00+00:00,2013-05-07 18:00:00+10:00,2013-05-07,18,9,2013-05-07 00:00:00+00:00,8,0.001217949,43.32,27.87,9819694.0,11277651.0,4717.0,8046.0
2013-05-07 09:00:00+00:00,2013-05-07 19:00:00+10:00,2013-05-07,19,10,2013-05-07 00:00:00+00:00,9,0.0,44.82,48.78,9819694.0,11277651.0,0.0,0.0
2013-05-07 10:00:00+00:00,2013-05-07 20:00:00+10:00,2013-05-07,20,11,2013-05-07 00:00:00+00:00,10,0.0,45.83,40.94,9819694.0,11277651.0,0.0,0.0
2013-05-07 23:00:00+00:00,2013-05-08 09:00:00+10:00,2013-05-08,9,0,2013-05-07 00:00:00+00:00,23,0.150192308,25.85,27.55,10560405.0,12374999.0,562096.0,801885.0
2013-05-08 00:00:00+00:00,2013-05-08 10:00:00+10:00,2013-05-08,10,1,2013-05-07 00:00:00+00:00,24,0.605641026,25.06,26.24,11525474.0,13670545.0,965069.0,1295546.0
2013-05-08 01:00:00+00:00,2013-05-08 11:00:00+10:00,2013-05-08,11,2,2013-05-08 00:00:00+00:00,1,0.740833333,23.69,23.63,1874654.0,2124150.0,1874654.0,2124150.0
2013-05-08 02:00:00+00:00,2013-05-08 12:00:00+10:00,2013-05-08,12,3,2013-05-08 00:00:00+00:00,2,0.717051282,23.43,24.22,3976805.0,4476302.0,2102151.0,2352152.0
2013-05-08 03:00:00+00:00,2013-05-08 13:00:00+10:00,2013-05-08,13,4,2013-05-08 00:00:00+00:00,3,0.65775641,23.53,24.55,6019888.0,6784640.0,2043083.0,2308338.0
2013-05-08 04:00:00+00:00,2013-05-08 14:00:00+10:00,2013-05-08,14,5,2013-05-08 00:00:00+00:00,4,0.550961538,24.4,27.14,7808849.0,8839606.0,1788961.0,2054966.0
2013-05-08 05:00:00+00:00,2013-05-08 15:00:00+10:00,2013-05-08,15,6,2013-05-08 00:00:00+00:00,5,0.392884615,28.4,26.44,8937198.0,10251528.0,1128349.0,1411922.0
2013-05-08 06:00:00+00:00,2013-05-08 16:00:00+10:00,2013-05-08,16,7,2013-05-08 00:00:00+00:00,6,0.178076923,35.230000000000004,24.66,9789989.0,11317247.0,852791.0,1065719.0
2013-05-08 07:00:00+00:00,2013-05-08 17:00:00+10:00,2013-05-08,17,8,2013-05-08 00:00:00+00:00,7,0.022564103,40.66,29.19,10040435.0,11704812.0,250446.0,387565.0
2013-05-08 08:00:00+00:00,2013-05-08 18:00:00+10:00,2013-05-08,18,9,2013-05-08 00:00:00+00:00,8,0.001153846,41.29,34.19,10044078.0,11712233.0,3643.0,7421.0
2013-05-08 09:00:00+00:00,2013-05-08 19:00:00+10:00,2013-05-08,19,10,2013-05-08 00:00:00+00:00,9,0.0,43.96,35.800000000000004,10044078.0,11712233.0,0.0,0.0
2013-05-08 10:00:00+00:00,2013-05-08 20:00:00+10:00,2013-05-08,20,11,2013-05-08 00:00:00+00:00,10,0.0,45.27,40.65,10044078.0,11712247.0,0.0,14.0
2013-05-08 23:00:00+00:00,2013-05-09 09:00:00+10:00,2013-05-09,9,0,2013-05-08 00:00:00+00:00,23,0.424615385,26.21,31.57,11341794.0,13296473.0,968236.0,1139526.0
2013-05-09 00:00:00+00:00,2013-05-09 10:00:00+10:00,2013-05-09,10,1,2013-05-08 00:00:00+00:00,24,0.641410256,24.44,23.9,12887441.0,15033423.0,1545647.0,1736950.0
2013-05-09 01:00:00+00:00,2013-05-09 11:00:00+10:00,2013-05-09,11,2,2013-05-09 00:00:00+00:00,1,0.719871795,23.6,23.63,1970141.0,2165542.0,1970141.0,2165542.0
2013-05-09 02:00:00+00:00,2013-05-09 12:00:00+10:00,2013-05-09,12,3,2013-05-09 00:00:00+00:00,2,0.715641026,23.25,23.67,4163429.0,4552619.0,2193288.0,2387077.0
2013-05-09 03:00:00+00:00,2013-05-09 13:00:00+10:00,2013-05-09,13,4,2013-05-09 00:00:00+00:00,3,0.650897436,23.41,24.52,6356657.0,6936670.0,2193228.0,2384051.0
2013-05-09 04:00:00+00:00,2013-05-09 14:00:00+10:00,2013-05-09,14,5,2013-05-09 00:00:00+00:00,4,0.546923077,24.43,25.99,8324113.0,9093982.0,1967456.0,2157312.0
2013-05-09 05:00:00+00:00,2013-05-09 15:00:00+10:00,2013-05-09,15,6,2013-05-09 00:00:00+00:00,5,0.383653846,26.7,70.85000000000001,9861639.0,10820080.0,1537526.0,1726098.0
2013-05-09 06:00:00+00:00,2013-05-09 16:00:00+10:00,2013-05-09,16,7,2013-05-09 00:00:00+00:00,6,0.176346154,33.33,25.5,10812428.0,11945765.0,950789.0,1125685.0
2013-05-09 07:00:00+00:00,2013-05-09 17:00:00+10:00,2013-05-09,17,8,2013-05-09 00:00:00+00:00,7,0.028076923,37.45,29.49,11115156.0,12369538.0,302728.0,423773.0
2013-05-09 08:00:00+00:00,2013-05-09 18:00:00+10:00,2013-05-09,18,9,2013-05-09 00:00:00+00:00,8,0.001282051,38.89,32.45,11118260.0,12375426.0,3104.0,5888.0
2013-05-09 09:00:00+00:00,2013-05-09 19:00:00+10:00,2013-05-09,19,10,2013-05-09 00:00:00+00:00,9,0.0,41.91,38.44,11118260.0,12375426.0,0.0,0.0
2013-05-09 10:00:00+00:00,2013-05-09 20:00:00+10:00,2013-05-09,20,11,2013-05-09 00:00:00+00:00,10,0.0,41.47,37.58,11118260.0,12375247.0,0.0,-179.0
2013-05-09 23:00:00+00:00,2013-05-10 09:00:00+10:00,2013-05-10,9,0,2013-05-09 00:00:00+00:00,23,0.28025641,24.38,16.240000000000002,12415036.0,13929812.0,969982.0,1122666.0
2013-05-10 00:00:00+00:00,2013-05-10 10:00:00+10:00,2013-05-10,10,1,2013-05-09 00:00:00+00:00,24,0.558397436,22.32,8.19,13962374.0,15647562.0,1547338.0,1717750.0
2013-05-10 01:00:00+00:00,2013-05-10 11:00:00+10:00,2013-05-10,11,2,2013-05-10 00:00:00+00:00,1,0.724038462,20.95,14.74,1946879.0,2150407.0,1946879.0,2150407.0
2013-05-10 02:00:00+00:00,2013-05-10 12:00:00+10:00,2013-05-10,12,3,2013-05-10 00:00:00+00:00,2,0.702884615,19.88,8.370000000000001,4111605.0,4522193.0,2164726.0,2371786.0
2013-05-10 03:00:00+00:00,2013-05-10 13:00:00+10:00,2013-05-10,13,4,2013-05-10 00:00:00+00:00,3,0.640897436,20.58,9.38,6273630.0,6891466.0,2162025.0,2369273.0
2013-05-10 04:00:00+00:00,2013-05-10 14:00:00+10:00,2013-05-10,14,5,2013-05-10 00:00:00+00:00,4,0.528269231,21.81,19.14,8211276.0,9035559.0,1937646.0,2144093.0
2013-05-10 05:00:00+00:00,2013-05-10 15:00:00+10:00,2013-05-10,15,6,2013-05-10 00:00:00+00:00,5,0.367371795,27.01,23.98,9722373.0,10748805.0,1511097.0,1713246.0
2013-05-10 06:00:00+00:00,2013-05-10 16:00:00+10:00,2013-05-10,16,7,2013-05-10 00:00:00+00:00,6,0.168525641,33.980000000000004,30.82,10651487.0,11861846.0,929114.0,1113041.0
2013-05-10 07:00:00+00:00,2013-05-10 17:00:00+10:00,2013-05-10,17,8,2013-05-10 00:00:00+00:00,7,0.027628205,38.64,50.02,10941903.0,12274228.0,290416.0,412382.0
2013-05-10 08:00:00+00:00,2013-05-10 18:00:00+10:00,2013-05-10,18,9,2013-05-10 00:00:00+00:00,8,0.001153846,43.94,30.43,10944271.0,12279092.0,2368.0,4864.0
2013-05-10 09:00:00+00:00,2013-05-10 19:00:00+10:00,2013-05-10,19,10,2013-05-10 00:00:00+00:00,9,0.0,43.96,30.77,10944271.0,12279092.0,0.0,0.0
2013-05-10 10:00:00+00:00,2013-05-10 20:00:00+10:00,2013-05-10,20,11,2013-05-10 00:00:00+00:00,10,0.0,45.18,40.85,10944271.0,12279220.0,0.0,128.0
2013-05-10 23:00:00+00:00,2013-05-11 09:00:00+10:00,2013-05-11,9,0,2013-05-10 00:00:00+00:00,23,0.344551282,26.68,22.44,11658780.0,13393729.0,550720.0,807081.0
2013-05-11 00:00:00+00:00,2013-05-11 10:00:00+10:00,2013-05-11,10,1,2013-05-10 00:00:00+00:00,24,0.622371795,23.99,16.740000000000002,12946874.0,14921139.0,1288094.0,1527410.0
2013-05-11 01:00:00+00:00,2013-05-11 11:00:00+10:00,2013-05-11,11,2,2013-05-11 00:00:00+00:00,1,0.720705128,22.52,16.93,1952231.0,2127459.0,1952231.0,2127459.0
2013-05-11 02:00:00+00:00,2013-05-11 12:00:00+10:00,2013-05-11,12,3,2013-05-11 00:00:00+00:00,2,0.710192308,20.93,12.49,4128848.0,4474909.0,2176617.0,2347450.0
2013-05-11 03:00:00+00:00,2013-05-11 13:00:00+10:00,2013-05-11,13,4,2013-05-11 00:00:00+00:00,3,0.644038462,20.84,12.85,6304140.0,6819878.0,2175292.0,2344969.0
2013-05-11 04:00:00+00:00,2013-05-11 14:00:00+10:00,2013-05-11,14,5,2013-05-11 00:00:00+00:00,4,0.467628205,19.76,9.23,8254902.0,8940118.0,1950762.0,2120240.0
2013-05-11 05:00:00+00:00,2013-05-11 15:00:00+10:00,2013-05-11,15,6,2013-05-11 00:00:00+00:00,5,0.359358974,19.61,13.82,9777531.0,10631053.0,1522629.0,1690935.0
2013-05-11 06:00:00+00:00,2013-05-11 16:00:00+10:00,2013-05-11,16,7,2013-05-11 00:00:00+00:00,6,0.180064103,22.36,16.95,10713609.0,11725438.0,936078.0,1094385.0
2013-05-11 07:00:00+00:00,2013-05-11 17:00:00+10:00,2013-05-11,17,8,2013-05-11 00:00:00+00:00,7,0.029679487,26.36,23.17,11002466.0,12124413.0,288857.0,398975.0
2013-05-11 08:00:00+00:00,2013-05-11 18:00:00+10:00,2013-05-11,18,9,2013-05-11 00:00:00+00:00,8,0.001089744,30.76,18.65,11004194.0,12127709.0,1728.0,3296.0
2013-05-11 09:00:00+00:00,2013-05-11 19:00:00+10:00,2013-05-11,19,10,2013-05-11 00:00:00+00:00,9,0.0,31.46,21.12,11004194.0,12127709.0,0.0,0.0
2013-05-11 10:00:00+00:00,2013-05-11 20:00:00+10:00,2013-05-11,20,11,2013-05-11 00:00:00+00:00,10,0.0,30.92,22.01,11004194.0,12127485.0,0.0,-224.0
2013-05-11 23:00:00+00:00,2013-05-12 09:00:00+10:00,2013-05-12,9,0,2013-05-11 00:00:00+00:00,23,0.336794872,24.99,22.2,11737047.0,13238999.0,579088.0,821034.0
2013-05-12 00:00:00+00:00,2013-05-12 10:00:00+10:00,2013-05-12,10,1,2013-05-11 00:00:00+00:00,24,0.594551282,23.51,20.06,12946525.0,14695779.0,1209478.0,1456780.0
2013-05-12 01:00:00+00:00,2013-05-12 11:00:00+10:00,2013-05-12,11,2,2013-05-12 00:00:00+00:00,1,0.707820513,22.45,18.45,1697672.0,1925220.0,1697672.0,1925220.0
2013-05-12 02:00:00+00:00,2013-05-12 12:00:00+10:00,2013-05-12,12,3,2013-05-12 00:00:00+00:00,2,0.694551282,22.11,20.83,3777901.0,4195017.0,2080229.0,2269797.0
2013-05-12 03:00:00+00:00,2013-05-12 13:00:00+10:00,2013-05-12,13,4,2013-05-12 00:00:00+00:00,3,0.665833333,21.94,20.97,5770966.0,6403752.0,1993065.0,2208735.0
2013-05-12 04:00:00+00:00,2013-05-12 14:00:00+10:00,2013-05-12,14,5,2013-05-12 00:00:00+00:00,4,0.552051282,21.96,20.92,7145501.0,8062359.0,1374535.0,1658607.0
2013-05-12 05:00:00+00:00,2013-05-12 15:00:00+10:00,2013-05-12,15,6,2013-05-12 00:00:00+00:00,5,0.376602564,22.24,19.91,8230603.0,9400150.0,1085102.0,1337791.0
2013-05-12 06:00:00+00:00,2013-05-12 16:00:00+10:00,2013-05-12,16,7,2013-05-12 00:00:00+00:00,6,0.134807692,23.92,22.54,8819707.0,10191043.0,589104.0,790893.0
2013-05-12 07:00:00+00:00,2013-05-12 17:00:00+10:00,2013-05-12,17,8,2013-05-12 00:00:00+00:00,7,0.016602564,27.4,25.75,8981386.0,10459649.0,161679.0,268606.0
2013-05-12 08:00:00+00:00,2013-05-12 18:00:00+10:00,2013-05-12,18,9,2013-05-12 00:00:00+00:00,8,0.000320513,31.32,27.21,8982382.0,10461418.0,996.0,1769.0
2013-05-12 09:00:00+00:00,2013-05-12 19:00:00+10:00,2013-05-12,19,10,2013-05-12 00:00:00+00:00,9,0.0,36.36,24.77,8982382.0,10461418.0,0.0,0.0
2013-05-12 10:00:00+00:00,2013-05-12 20:00:00+10:00,2013-05-12,20,11,2013-05-12 00:00:00+00:00,10,0.0,34.14,24.05,8982382.0,10461536.0,0.0,118.0
2013-05-12 23:00:00+00:00,2013-05-13 09:00:00+10:00,2013-05-13,9,0,2013-05-12 00:00:00+00:00,23,0.02974359,24.35,22.87,9233945.0,11102349.0,202947.0,478263.0
2013-05-13 00:00:00+00:00,2013-05-13 10:00:00+10:00,2013-05-13,10,1,2013-05-12 00:00:00+00:00,24,0.0375,22.32,18.44,9489976.0,11787798.0,256031.0,685449.0
2013-05-13 01:00:00+00:00,2013-05-13 11:00:00+10:00,2013-05-13,11,2,2013-05-13 00:00:00+00:00,1,0.065705128,21.3,19.84,234510.25,776791.875,234510.25,776791.875
2013-05-13 02:00:00+00:00,2013-05-13 12:00:00+10:00,2013-05-13,12,3,2013-05-13 00:00:00+00:00,2,0.079679487,21.24,19.74,555777.3125,1698798.0,321267.0625,922006.125
2013-05-13 03:00:00+00:00,2013-05-13 13:00:00+10:00,2013-05-13,13,4,2013-05-13 00:00:00+00:00,3,0.074807692,21.49,17.97,807542.5,2568035.0,251765.1875,869237.0
2013-05-13 04:00:00+00:00,2013-05-13 14:00:00+10:00,2013-05-13,14,5,2013-05-13 00:00:00+00:00,4,0.068782051,23.19,21.36,940062.125,3265233.0,132519.625,697198.0
2013-05-13 05:00:00+00:00,2013-05-13 15:00:00+10:00,2013-05-13,15,6,2013-05-13 00:00:00+00:00,5,0.088846154,27.3,23.49,1057117.0,3822915.0,117054.875,557682.0
2013-05-13 06:00:00+00:00,2013-05-13 16:00:00+10:00,2013-05-13,16,7,2013-05-13 00:00:00+00:00,6,0.044102564,33.64,26.21,1208351.0,4261548.0,151234.0,438633.0
2013-05-13 07:00:00+00:00,2013-05-13 17:00:00+10:00,2013-05-13,17,8,2013-05-13 00:00:00+00:00,7,0.013717949,37.95,29.0,1286730.0,4465113.0,78379.0,203565.0
2013-05-13 08:00:00+00:00,2013-05-13 18:00:00+10:00,2013-05-13,18,9,2013-05-13 00:00:00+00:00,8,0.000192308,36.98,32.42,1286748.0,4465490.0,18.0,377.0
2013-05-13 09:00:00+00:00,2013-05-13 19:00:00+10:00,2013-05-13,19,10,2013-05-13 00:00:00+00:00,9,0.0,39.17,25.95,1286748.0,4465490.0,0.0,0.0
2013-05-13 10:00:00+00:00,2013-05-13 20:00:00+10:00,2013-05-13,20,11,2013-05-13 00:00:00+00:00,10,0.0,37.88,24.0,1286748.0,4465563.0,0.0,73.0
2013-05-13 23:00:00+00:00,2013-05-14 09:00:00+10:00,2013-05-14,9,0,2013-05-13 00:00:00+00:00,23,0.313782051,23.77,14.1,2529326.0,5917513.0,945862.0,1068614.0
2013-05-14 00:00:00+00:00,2013-05-14 10:00:00+10:00,2013-05-14,10,1,2013-05-13 00:00:00+00:00,24,0.691025641,20.79,15.1,4014341.0,7538214.0,1485015.0,1620701.0
2013-05-14 01:00:00+00:00,2013-05-14 11:00:00+10:00,2013-05-14,11,2,2013-05-14 00:00:00+00:00,1,0.767179487,19.94,15.77,1867722.0,2021226.0,1867722.0,2021226.0
2013-05-14 02:00:00+00:00,2013-05-14 12:00:00+10:00,2013-05-14,12,3,2013-05-14 00:00:00+00:00,2,0.742307692,19.89,13.28,3955928.0,4268461.0,2088206.0,2247235.0
2013-05-14 03:00:00+00:00,2013-05-14 13:00:00+10:00,2013-05-14,13,4,2013-05-14 00:00:00+00:00,3,0.671858974,20.08,16.830000000000002,6031180.0,6517768.0,2075252.0,2249307.0
2013-05-14 04:00:00+00:00,2013-05-14 14:00:00+10:00,2013-05-14,14,5,2013-05-14 00:00:00+00:00,4,0.587307692,22.28,21.41,7826909.0,8509234.0,1795729.0,1991466.0
2013-05-14 05:00:00+00:00,2013-05-14 15:00:00+10:00,2013-05-14,15,6,2013-05-14 00:00:00+00:00,5,0.414423077,25.36,22.01,9138823.0,10014266.0,1311914.0,1505032.0
2013-05-14 06:00:00+00:00,2013-05-14 16:00:00+10:00,2013-05-14,16,7,2013-05-14 00:00:00+00:00,6,0.100641026,32.44,34.2,9790583.0,10847374.0,651760.0,833108.0
2013-05-14 07:00:00+00:00,2013-05-14 17:00:00+10:00,2013-05-14,17,8,2013-05-14 00:00:00+00:00,7,0.021730769,37.42,25.96,9965223.0,11124935.0,174640.0,277561.0
2013-05-14 08:00:00+00:00,2013-05-14 18:00:00+10:00,2013-05-14,18,9,2013-05-14 00:00:00+00:00,8,0.000384615,37.43,25.27,9965223.0,11125088.0,0.0,153.0
2013-05-14 09:00:00+00:00,2013-05-14 19:00:00+10:00,2013-05-14,19,10,2013-05-14 00:00:00+00:00,9,0.0,37.74,25.64,9965223.0,11125088.0,0.0,0.0
2013-05-14 10:00:00+00:00,2013-05-14 20:00:00+10:00,2013-05-14,20,11,2013-05-14 00:00:00+00:00,10,0.0,38.04,24.11,9965223.0,11125014.0,0.0,-74.0
2013-05-14 23:00:00+00:00,2013-05-15 09:00:00+10:00,2013-05-15,9,0,2013-05-14 00:00:00+00:00,23,0.044871795,22.84,20.87,10400022.0,11957740.0,352735.0,621702.0
2013-05-15 00:00:00+00:00,2013-05-15 10:00:00+10:00,2013-05-15,10,1,2013-05-14 00:00:00+00:00,24,0.231794872,19.17,16.21,11095336.0,12980279.0,695314.0,1022539.0
2013-05-15 01:00:00+00:00,2013-05-15 11:00:00+10:00,2013-05-15,11,2,2013-05-15 00:00:00+00:00,1,0.259038462,17.57,17.91,1003528.312,1382364.0,1003528.312,1382364.0
2013-05-15 02:00:00+00:00,2013-05-15 12:00:00+10:00,2013-05-15,12,3,2013-05-15 00:00:00+00:00,2,0.457948718,17.55,18.69,2291063.0,3017594.0,1287534.688,1635230.0
2013-05-15 03:00:00+00:00,2013-05-15 13:00:00+10:00,2013-05-15,13,4,2013-05-15 00:00:00+00:00,3,0.185512821,18.42,18.26,3560754.0,4664265.0,1269691.0,1646671.0
2013-05-15 04:00:00+00:00,2013-05-15 14:00:00+10:00,2013-05-15,14,5,2013-05-15 00:00:00+00:00,4,0.157628205,20.26,20.82,4275831.0,5816965.0,715077.0,1152700.0
2013-05-15 05:00:00+00:00,2013-05-15 15:00:00+10:00,2013-05-15,15,6,2013-05-15 00:00:00+00:00,5,0.085384615,24.11,21.94,4979133.0,6872586.0,703302.0,1055621.0
2013-05-15 06:00:00+00:00,2013-05-15 16:00:00+10:00,2013-05-15,16,7,2013-05-15 00:00:00+00:00,6,0.034487179,33.81,24.9,5299365.0,7464102.0,320232.0,591516.0
2013-05-15 07:00:00+00:00,2013-05-15 17:00:00+10:00,2013-05-15,17,8,2013-05-15 00:00:00+00:00,7,0.008012821,36.79,29.71,5463915.0,7747711.0,164550.0,283609.0
2013-05-15 08:00:00+00:00,2013-05-15 18:00:00+10:00,2013-05-15,18,9,2013-05-15 00:00:00+00:00,8,0.000128205,39.58,27.74,5463915.0,7747700.0,0.0,-11.0
2013-05-15 09:00:00+00:00,2013-05-15 19:00:00+10:00,2013-05-15,19,10,2013-05-15 00:00:00+00:00,9,0.0,41.42,29.06,5463915.0,7747700.0,0.0,0.0
2013-05-15 10:00:00+00:00,2013-05-15 20:00:00+10:00,2013-05-15,20,11,2013-05-15 00:00:00+00:00,10,0.0,42.48,32.12,5463915.0,7747864.0,0.0,164.0
2013-05-15 23:00:00+00:00,2013-05-16 09:00:00+10:00,2013-05-16,9,0,2013-05-15 00:00:00+00:00,23,0.206153846,29.18,35.9,5968989.0,8642081.0,394283.0,656463.0
2013-05-16 00:00:00+00:00,2013-05-16 10:00:00+10:00,2013-05-16,10,1,2013-05-15 00:00:00+00:00,24,0.298782051,24.3,76.12,7027608.0,9946641.0,1058619.0,1304560.0
2013-05-16 01:00:00+00:00,2013-05-16 11:00:00+10:00,2013-05-16,11,2,2013-05-16 00:00:00+00:00,1,0.64474359,23.15,26.06,1668018.0,1849879.0,1668018.0,1849879.0
2013-05-16 02:00:00+00:00,2013-05-16 12:00:00+10:00,2013-05-16,12,3,2013-05-16 00:00:00+00:00,2,0.383782051,22.68,24.72,3497383.0,3890643.0,1829365.0,2040764.0
2013-05-16 03:00:00+00:00,2013-05-16 13:00:00+10:00,2013-05-16,13,4,2013-05-16 00:00:00+00:00,3,0.605897436,22.61,24.8,5489522.0,6057992.0,1992139.0,2167349.0
2013-05-16 04:00:00+00:00,2013-05-16 14:00:00+10:00,2013-05-16,14,5,2013-05-16 00:00:00+00:00,4,0.228269231,23.26,27.4,7283742.0,8024771.0,1794220.0,1966779.0
2013-05-16 05:00:00+00:00,2013-05-16 15:00:00+10:00,2013-05-16,15,6,2013-05-16 00:00:00+00:00,5,0.08724359,27.74,29.89,8656377.0,9567469.0,1372635.0,1542698.0
2013-05-16 06:00:00+00:00,2013-05-16 16:00:00+10:00,2013-05-16,16,7,2013-05-16 00:00:00+00:00,6,0.042820513,32.53,27.74,9420391.0,10506405.0,764014.0,938936.0
2013-05-16 07:00:00+00:00,2013-05-16 17:00:00+10:00,2013-05-16,17,8,2013-05-16 00:00:00+00:00,7,0.011282051,36.61,33.81,9628310.0,10824093.0,207919.0,317688.0
2013-05-16 08:00:00+00:00,2013-05-16 18:00:00+10:00,2013-05-16,18,9,2013-05-16 00:00:00+00:00,8,0.000384615,39.32,40.85,9628310.0,10824093.0,0.0,0.0
2013-05-16 09:00:00+00:00,2013-05-16 19:00:00+10:00,2013-05-16,19,10,2013-05-16 00:00:00+00:00,9,0.0,44.42,45.43,9628310.0,10824093.0,0.0,0.0
2013-05-16 10:00:00+00:00,2013-05-16 20:00:00+10:00,2013-05-16,20,11,2013-05-16 00:00:00+00:00,10,0.0,46.7,43.82,9628310.0,10824348.0,0.0,255.0
2013-05-16 23:00:00+00:00,2013-05-17 09:00:00+10:00,2013-05-17,9,0,2013-05-16 00:00:00+00:00,23,0.350064103,24.78,29.3,10456619.0,11946473.0,661341.0,849723.0
2013-05-17 00:00:00+00:00,2013-05-17 10:00:00+10:00,2013-05-17,10,1,2013-05-16 00:00:00+00:00,24,0.695448718,23.91,21.79,11617988.0,13327126.0,1161369.0,1380653.0
2013-05-17 01:00:00+00:00,2013-05-17 11:00:00+10:00,2013-05-17,11,2,2013-05-17 00:00:00+00:00,1,0.787948718,22.31,22.57,1837404.0,2018008.0,1837404.0,2018008.0
2013-05-17 02:00:00+00:00,2013-05-17 12:00:00+10:00,2013-05-17,12,3,2013-05-17 00:00:00+00:00,2,0.502692308,21.88,22.64,3716274.0,4136627.0,1878870.0,2118619.0
2013-05-17 03:00:00+00:00,2013-05-17 13:00:00+10:00,2013-05-17,13,4,2013-05-17 00:00:00+00:00,3,0.481089744,21.55,23.45,4714274.0,5569016.0,998000.0,1432389.0
2013-05-17 04:00:00+00:00,2013-05-17 14:00:00+10:00,2013-05-17,14,5,2013-05-17 00:00:00+00:00,4,0.506089744,22.18,25.89,5746165.0,6971450.0,1031891.0,1402434.0
2013-05-17 05:00:00+00:00,2013-05-17 15:00:00+10:00,2013-05-17,15,6,2013-05-17 00:00:00+00:00,5,0.370448718,25.92,25.75,6219635.0,7811272.0,473470.0,839822.0
2013-05-17 06:00:00+00:00,2013-05-17 16:00:00+10:00,2013-05-17,16,7,2013-05-17 00:00:00+00:00,6,0.167884615,28.66,26.36,6679937.0,8502949.0,460302.0,691677.0
2013-05-17 07:00:00+00:00,2013-05-17 17:00:00+10:00,2013-05-17,17,8,2013-05-17 00:00:00+00:00,7,0.019423077,34.13,28.43,6884292.0,8816599.0,204355.0,313650.0
2013-05-17 08:00:00+00:00,2013-05-17 18:00:00+10:00,2013-05-17,18,9,2013-05-17 00:00:00+00:00,8,0.000576923,37.25,39.76,6884292.0,8816599.0,0.0,0.0
2013-05-17 09:00:00+00:00,2013-05-17 19:00:00+10:00,2013-05-17,19,10,2013-05-17 00:00:00+00:00,9,0.0,40.65,37.45,6884292.0,8816599.0,0.0,0.0
2013-05-17 10:00:00+00:00,2013-05-17 20:00:00+10:00,2013-05-17,20,11,2013-05-17 00:00:00+00:00,10,0.0,42.88,42.8,6884292.0,8816917.0,0.0,318.0
2013-05-17 23:00:00+00:00,2013-05-18 09:00:00+10:00,2013-05-18,9,0,2013-05-17 00:00:00+00:00,23,0.274166667,24.79,25.6,7933823.0,10090574.0,810104.0,948577.0
2013-05-18 00:00:00+00:00,2013-05-18 10:00:00+10:00,2013-05-18,10,1,2013-05-17 00:00:00+00:00,24,0.661346154,22.95,21.65,9358122.0,11646550.0,1424299.0,1555976.0
2013-05-18 01:00:00+00:00,2013-05-18 11:00:00+10:00,2013-05-18,11,2,2013-05-18 00:00:00+00:00,1,0.737884615,21.88,22.4,1884096.0,1999713.0,1884096.0,1999713.0
2013-05-18 02:00:00+00:00,2013-05-18 12:00:00+10:00,2013-05-18,12,3,2013-05-18 00:00:00+00:00,2,0.742115385,21.35,22.46,3979142.0,4214908.0,2095046.0,2215195.0
2013-05-18 03:00:00+00:00,2013-05-18 13:00:00+10:00,2013-05-18,13,4,2013-05-18 00:00:00+00:00,3,0.678846154,21.1,22.86,6066887.0,6437502.0,2087745.0,2222594.0
2013-05-18 04:00:00+00:00,2013-05-18 14:00:00+10:00,2013-05-18,14,5,2013-05-18 00:00:00+00:00,4,0.569102564,21.19,22.48,7924389.0,8438190.0,1857502.0,2000688.0
2013-05-18 05:00:00+00:00,2013-05-18 15:00:00+10:00,2013-05-18,15,6,2013-05-18 00:00:00+00:00,5,0.397307692,21.76,24.52,9334893.0,10004606.0,1410504.0,1566416.0
2013-05-18 06:00:00+00:00,2013-05-18 16:00:00+10:00,2013-05-18,16,7,2013-05-18 00:00:00+00:00,6,0.178653846,22.98,25.12,10124371.0,10954750.0,789478.0,950144.0
2013-05-18 07:00:00+00:00,2013-05-18 17:00:00+10:00,2013-05-18,17,8,2013-05-18 00:00:00+00:00,7,0.024038462,25.29,40.83,10338566.0,11268209.0,214195.0,313459.0
2013-05-18 08:00:00+00:00,2013-05-18 18:00:00+10:00,2013-05-18,18,9,2013-05-18 00:00:00+00:00,8,0.000576923,29.33,37.21,10338566.0,11268214.0,0.0,5.0
2013-05-18 09:00:00+00:00,2013-05-18 19:00:00+10:00,2013-05-18,19,10,2013-05-18 00:00:00+00:00,9,0.0,32.95,30.64,10338566.0,11268214.0,0.0,0.0
2013-05-18 10:00:00+00:00,2013-05-18 20:00:00+10:00,2013-05-18,20,11,2013-05-18 00:00:00+00:00,10,0.0,35.050000000000004,51.5,10338566.0,11268423.0,0.0,209.0
2013-05-18 23:00:00+00:00,2013-05-19 09:00:00+10:00,2013-05-19,9,0,2013-05-18 00:00:00+00:00,23,0.253141026,23.54,31.2,11457633.0,12615917.0,872937.0,1013700.0
2013-05-19 00:00:00+00:00,2013-05-19 10:00:00+10:00,2013-05-19,10,1,2013-05-18 00:00:00+00:00,24,0.663012821,22.3,14.58,12906304.0,14218175.0,1448671.0,1602258.0
2013-05-19 01:00:00+00:00,2013-05-19 11:00:00+10:00,2013-05-19,11,2,2013-05-19 00:00:00+00:00,1,0.755,20.29,15.84,1812371.0,1977663.0,1812371.0,1977663.0
2013-05-19 02:00:00+00:00,2013-05-19 12:00:00+10:00,2013-05-19,12,3,2013-05-19 00:00:00+00:00,2,0.754294872,19.73,15.64,3891346.0,4212969.0,2078975.0,2235306.0
2013-05-19 03:00:00+00:00,2013-05-19 13:00:00+10:00,2013-05-19,13,4,2013-05-19 00:00:00+00:00,3,0.690769231,19.45,19.29,5977332.0,6450658.0,2085986.0,2237689.0
2013-05-19 04:00:00+00:00,2013-05-19 14:00:00+10:00,2013-05-19,14,5,2013-05-19 00:00:00+00:00,4,0.571410256,19.5,36.55,7803763.0,8442614.0,1826431.0,1991956.0
2013-05-19 05:00:00+00:00,2013-05-19 15:00:00+10:00,2013-05-19,15,6,2013-05-19 00:00:00+00:00,5,0.403461538,19.78,19.24,9102556.0,9923104.0,1298793.0,1480490.0
2013-05-19 06:00:00+00:00,2013-05-19 16:00:00+10:00,2013-05-19,16,7,2013-05-19 00:00:00+00:00,6,0.178269231,20.82,18.77,9722216.0,10718029.0,619660.0,794925.0
2013-05-19 07:00:00+00:00,2013-05-19 17:00:00+10:00,2013-05-19,17,8,2013-05-19 00:00:00+00:00,7,0.025064103,23.72,23.91,9914478.0,11008090.0,192262.0,290061.0
2013-05-19 08:00:00+00:00,2013-05-19 18:00:00+10:00,2013-05-19,18,9,2013-05-19 00:00:00+00:00,8,0.000576923,27.8,20.81,9914478.0,11008090.0,0.0,0.0
2013-05-19 09:00:00+00:00,2013-05-19 19:00:00+10:00,2013-05-19,19,10,2013-05-19 00:00:00+00:00,9,0.0,28.8,23.11,9914478.0,11008090.0,0.0,0.0
2013-05-19 10:00:00+00:00,2013-05-19 20:00:00+10:00,2013-05-19,20,11,2013-05-19 00:00:00+00:00,10,0.0,31.35,24.34,9914478.0,11008130.0,0.0,40.0
2013-05-19 23:00:00+00:00,2013-05-20 09:00:00+10:00,2013-05-20,9,0,2013-05-19 00:00:00+00:00,23,0.103461538,24.02,49.51,10986720.0,12336589.0,841042.0,1004597.0
2013-05-20 00:00:00+00:00,2013-05-20 10:00:00+10:00,2013-05-20,10,1,2013-05-19 00:00:00+00:00,24,0.373076923,23.73,17.16,12308629.0,13847356.0,1321909.0,1510767.0
2013-05-20 01:00:00+00:00,2013-05-20 11:00:00+10:00,2013-05-20,11,2,2013-05-20 00:00:00+00:00,1,0.526666667,22.21,14.9,1811372.0,2003453.0,1811372.0,2003453.0
2013-05-20 02:00:00+00:00,2013-05-20 12:00:00+10:00,2013-05-20,12,3,2013-05-20 00:00:00+00:00,2,0.755897436,21.17,21.47,3160221.0,3708184.0,1348849.0,1704731.0
2013-05-20 03:00:00+00:00,2013-05-20 13:00:00+10:00,2013-05-20,13,4,2013-05-20 00:00:00+00:00,3,0.667307692,20.65,20.99,4340731.0,5296248.0,1180510.0,1588064.0
2013-05-20 04:00:00+00:00,2013-05-20 14:00:00+10:00,2013-05-20,14,5,2013-05-20 00:00:00+00:00,4,0.525769231,22.13,22.28,5683025.0,6925093.0,1342294.0,1628845.0
2013-05-20 05:00:00+00:00,2013-05-20 15:00:00+10:00,2013-05-20,15,6,2013-05-20 00:00:00+00:00,5,0.288717949,26.78,21.92,6936317.0,8392038.0,1253292.0,1466945.0
2013-05-20 06:00:00+00:00,2013-05-20 16:00:00+10:00,2013-05-20,16,7,2013-05-20 00:00:00+00:00,6,0.116602564,29.46,19.75,7688578.0,9328110.0,752261.0,936072.0
2013-05-20 07:00:00+00:00,2013-05-20 17:00:00+10:00,2013-05-20,17,8,2013-05-20 00:00:00+00:00,7,0.017692308,32.93,21.95,7889005.0,9635448.0,200427.0,307338.0
2013-05-20 08:00:00+00:00,2013-05-20 18:00:00+10:00,2013-05-20,18,9,2013-05-20 00:00:00+00:00,8,0.000448718,34.07,27.3,7889005.0,9635448.0,0.0,0.0
2013-05-20 09:00:00+00:00,2013-05-20 19:00:00+10:00,2013-05-20,19,10,2013-05-20 00:00:00+00:00,9,0.0,38.15,25.39,7889005.0,9635448.0,0.0,0.0
2013-05-20 10:00:00+00:00,2013-05-20 20:00:00+10:00,2013-05-20,20,11,2013-05-20 00:00:00+00:00,10,0.0,42.66,43.23,7889005.0,9635403.0,0.0,-45.0
2013-05-20 23:00:00+00:00,2013-05-21 09:00:00+10:00,2013-05-21,9,0,2013-05-20 00:00:00+00:00,23,0.199807692,25.82,23.94,8789056.0,10801631.0,711849.0,887749.0
2013-05-21 00:00:00+00:00,2013-05-21 10:00:00+10:00,2013-05-21,10,1,2013-05-20 00:00:00+00:00,24,0.669230769,24.45,22.83,9865891.0,12138977.0,1076835.0,1337346.0
2013-05-21 01:00:00+00:00,2013-05-21 11:00:00+10:00,2013-05-21,11,2,2013-05-21 00:00:00+00:00,1,0.746858974,20.65,21.72,1740752.0,1905524.0,1740752.0,1905524.0
2013-05-21 02:00:00+00:00,2013-05-21 12:00:00+10:00,2013-05-21,12,3,2013-05-21 00:00:00+00:00,2,0.754423077,20.2,20.52,3837894.0,4116178.0,2097142.0,2210654.0
2013-05-21 03:00:00+00:00,2013-05-21 13:00:00+10:00,2013-05-21,13,4,2013-05-21 00:00:00+00:00,3,0.687307692,20.24,21.36,5925848.0,6308811.0,2087954.0,2192633.0
2013-05-21 04:00:00+00:00,2013-05-21 14:00:00+10:00,2013-05-21,14,5,2013-05-21 00:00:00+00:00,4,0.563589744,21.33,23.3,7786170.0,8281667.0,1860322.0,1972856.0
2013-05-21 05:00:00+00:00,2013-05-21 15:00:00+10:00,2013-05-21,15,6,2013-05-21 00:00:00+00:00,5,0.391153846,27.33,23.78,9212451.0,9838341.0,1426281.0,1556674.0
2013-05-21 06:00:00+00:00,2013-05-21 16:00:00+10:00,2013-05-21,16,7,2013-05-21 00:00:00+00:00,6,0.152371795,30.88,28.98,10051610.0,10813451.0,839159.0,975110.0
2013-05-21 07:00:00+00:00,2013-05-21 17:00:00+10:00,2013-05-21,17,8,2013-05-21 00:00:00+00:00,7,0.028525641,33.82,23.91,10264268.0,11117113.0,212658.0,303662.0
2013-05-21 08:00:00+00:00,2013-05-21 18:00:00+10:00,2013-05-21,18,9,2013-05-21 00:00:00+00:00,8,0.000320513,35.57,29.98,10264268.0,11117113.0,0.0,0.0
2013-05-21 09:00:00+00:00,2013-05-21 19:00:00+10:00,2013-05-21,19,10,2013-05-21 00:00:00+00:00,9,0.0,39.77,35.730000000000004,10264268.0,11117113.0,0.0,0.0
2013-05-21 10:00:00+00:00,2013-05-21 20:00:00+10:00,2013-05-21,20,11,2013-05-21 00:00:00+00:00,10,0.0,44.27,37.33,10264268.0,11117113.0,0.0,0.0
2013-05-21 23:00:00+00:00,2013-05-22 09:00:00+10:00,2013-05-22,9,0,2013-05-21 00:00:00+00:00,23,0.123141026,28.02,42.57,11009466.0,12107042.0,569073.0,733511.0
2013-05-22 00:00:00+00:00,2013-05-22 10:00:00+10:00,2013-05-22,10,1,2013-05-21 00:00:00+00:00,24,0.239166667,24.89,45.66,11901509.0,13247678.0,892043.0,1140636.0
2013-05-22 01:00:00+00:00,2013-05-22 11:00:00+10:00,2013-05-22,11,2,2013-05-22 00:00:00+00:00,1,0.255961538,22.67,26.6,1319002.0,1573509.0,1319002.0,1573509.0
2013-05-22 02:00:00+00:00,2013-05-22 12:00:00+10:00,2013-05-22,12,3,2013-05-22 00:00:00+00:00,2,0.142371795,22.0,21.82,2741579.0,3291237.0,1422577.0,1717728.0
2013-05-22 03:00:00+00:00,2013-05-22 13:00:00+10:00,2013-05-22,13,4,2013-05-22 00:00:00+00:00,3,0.178076923,21.86,22.68,3899590.0,4845377.0,1158011.0,1554140.0
2013-05-22 04:00:00+00:00,2013-05-22 14:00:00+10:00,2013-05-22,14,5,2013-05-22 00:00:00+00:00,4,0.100192308,22.21,68.46000000000001,4569624.0,5949829.0,670034.0,1104452.0
2013-05-22 05:00:00+00:00,2013-05-22 15:00:00+10:00,2013-05-22,15,6,2013-05-22 00:00:00+00:00,5,0.076987179,24.89,44.45,5134314.0,6853855.0,564690.0,904026.0
2013-05-22 06:00:00+00:00,2013-05-22 16:00:00+10:00,2013-05-22,16,7,2013-05-22 00:00:00+00:00,6,0.029102564,28.8,31.7,5341453.0,7303694.0,207139.0,449839.0
2013-05-22 07:00:00+00:00,2013-05-22 17:00:00+10:00,2013-05-22,17,8,2013-05-22 00:00:00+00:00,7,0.007051282,32.53,52.97,5404770.0,7463695.0,63317.0,160001.0
2013-05-22 08:00:00+00:00,2013-05-22 18:00:00+10:00,2013-05-22,18,9,2013-05-22 00:00:00+00:00,8,6.41e-05,35.480000000000004,29.21,5404776.0,7463772.0,6.0,77.0
2013-05-22 09:00:00+00:00,2013-05-22 19:00:00+10:00,2013-05-22,19,10,2013-05-22 00:00:00+00:00,9,0.0,36.61,43.48,5404776.0,7463772.0,0.0,0.0
2013-05-22 10:00:00+00:00,2013-05-22 20:00:00+10:00,2013-05-22,20,11,2013-05-22 00:00:00+00:00,10,0.0,36.72,34.88,5404776.0,7463772.0,0.0,0.0
2013-05-22 23:00:00+00:00,2013-05-23 09:00:00+10:00,2013-05-23,9,0,2013-05-22 00:00:00+00:00,23,0.114935897,21.5,20.06,6093025.0,8447245.0,556871.0,756868.0
2013-05-23 00:00:00+00:00,2013-05-23 10:00:00+10:00,2013-05-23,10,1,2013-05-22 00:00:00+00:00,24,0.390897436,20.6,18.61,6859213.0,9515523.0,766188.0,1068278.0
2013-05-23 01:00:00+00:00,2013-05-23 11:00:00+10:00,2013-05-23,11,2,2013-05-23 00:00:00+00:00,1,0.509487179,18.93,19.14,1251546.0,1585622.0,1251546.0,1585622.0
2013-05-23 02:00:00+00:00,2013-05-23 12:00:00+10:00,2013-05-23,12,3,2013-05-23 00:00:00+00:00,2,0.37275641,18.33,17.490000000000002,2758834.0,3421971.0,1507288.0,1836349.0
2013-05-23 03:00:00+00:00,2013-05-23 13:00:00+10:00,2013-05-23,13,4,2013-05-23 00:00:00+00:00,3,0.328141026,18.58,18.69,4533023.0,5450712.0,1774189.0,2028741.0
2013-05-23 04:00:00+00:00,2013-05-23 14:00:00+10:00,2013-05-23,14,5,2013-05-23 00:00:00+00:00,4,0.295897436,19.08,17.12,6190768.0,7328615.0,1657745.0,1877903.0
2013-05-23 05:00:00+00:00,2013-05-23 15:00:00+10:00,2013-05-23,15,6,2013-05-23 00:00:00+00:00,5,0.215512821,21.55,19.54,7552494.0,8876252.0,1361726.0,1547637.0
2013-05-23 06:00:00+00:00,2013-05-23 16:00:00+10:00,2013-05-23,16,7,2013-05-23 00:00:00+00:00,6,0.105641026,26.18,22.91,8345252.0,9830620.0,792758.0,954368.0
2013-05-23 07:00:00+00:00,2013-05-23 17:00:00+10:00,2013-05-23,17,8,2013-05-23 00:00:00+00:00,7,0.028910256,31.38,27.43,8535230.0,10108068.0,189978.0,277448.0
2013-05-23 08:00:00+00:00,2013-05-23 18:00:00+10:00,2013-05-23,18,9,2013-05-23 00:00:00+00:00,8,0.000512821,32.43,26.63,8535230.0,10108068.0,0.0,0.0
2013-05-23 09:00:00+00:00,2013-05-23 19:00:00+10:00,2013-05-23,19,10,2013-05-23 00:00:00+00:00,9,0.0,34.19,31.83,8535230.0,10108068.0,0.0,0.0
2013-05-23 10:00:00+00:00,2013-05-23 20:00:00+10:00,2013-05-23,20,11,2013-05-23 00:00:00+00:00,10,0.0,34.77,27.64,8535230.0,10108068.0,0.0,0.0
2013-05-23 23:00:00+00:00,2013-05-24 09:00:00+10:00,2013-05-24,9,0,2013-05-23 00:00:00+00:00,23,0.219551282,23.88,20.28,9519514.0,11326610.0,783509.0,937108.0
2013-05-24 00:00:00+00:00,2013-05-24 10:00:00+10:00,2013-05-24,10,1,2013-05-23 00:00:00+00:00,24,0.642564103,21.43,17.41,10880395.0,12859016.0,1360881.0,1532406.0
2013-05-24 01:00:00+00:00,2013-05-24 11:00:00+10:00,2013-05-24,11,2,2013-05-24 00:00:00+00:00,1,0.7325,19.82,17.71,1294806.0,1560024.0,1294806.0,1560024.0
2013-05-24 02:00:00+00:00,2013-05-24 12:00:00+10:00,2013-05-24,12,3,2013-05-24 00:00:00+00:00,2,0.703397436,19.59,15.63,2395016.0,3047644.0,1100210.0,1487620.0
2013-05-24 03:00:00+00:00,2013-05-24 13:00:00+10:00,2013-05-24,13,4,2013-05-24 00:00:00+00:00,3,0.328141026,19.16,18.0,3257823.0,4340574.0,862807.0,1292930.0
2013-05-24 04:00:00+00:00,2013-05-24 14:00:00+10:00,2013-05-24,14,5,2013-05-24 00:00:00+00:00,4,0.335448718,20.12,21.4,4125236.0,5554672.0,867413.0,1214098.0
2013-05-24 05:00:00+00:00,2013-05-24 15:00:00+10:00,2013-05-24,15,6,2013-05-24 00:00:00+00:00,5,0.3475,22.58,17.92,4953288.0,6660887.0,828052.0,1106215.0
2013-05-24 06:00:00+00:00,2013-05-24 16:00:00+10:00,2013-05-24,16,7,2013-05-24 00:00:00+00:00,6,0.117692308,26.0,28.13,5297342.0,7243193.0,344054.0,582306.0
2013-05-24 07:00:00+00:00,2013-05-24 17:00:00+10:00,2013-05-24,17,8,2013-05-24 00:00:00+00:00,7,0.034679487,29.77,54.24,5401884.0,7450142.0,104542.0,206949.0
2013-05-24 08:00:00+00:00,2013-05-24 18:00:00+10:00,2013-05-24,18,9,2013-05-24 00:00:00+00:00,8,0.000320513,31.01,27.08,5401884.0,7450142.0,0.0,0.0
2013-05-24 09:00:00+00:00,2013-05-24 19:00:00+10:00,2013-05-24,19,10,2013-05-24 00:00:00+00:00,9,0.0,31.04,27.54,5401884.0,7450142.0,0.0,0.0
2013-05-24 10:00:00+00:00,2013-05-24 20:00:00+10:00,2013-05-24,20,11,2013-05-24 00:00:00+00:00,10,0.0,30.43,25.51,5401884.0,7450142.0,0.0,0.0
2013-05-24 23:00:00+00:00,2013-05-25 09:00:00+10:00,2013-05-25,9,0,2013-05-24 00:00:00+00:00,23,0.26525641,18.27,18.58,6422860.0,8664178.0,816747.0,937378.0
2013-05-25 00:00:00+00:00,2013-05-25 10:00:00+10:00,2013-05-25,10,1,2013-05-24 00:00:00+00:00,24,0.666089744,17.38,14.44,7809555.0,10173528.0,1386695.0,1509350.0
2013-05-25 01:00:00+00:00,2013-05-25 11:00:00+10:00,2013-05-25,11,2,2013-05-25 00:00:00+00:00,1,0.734615385,15.75,15.16,1728307.0,1869749.0,1728307.0,1869749.0
2013-05-25 02:00:00+00:00,2013-05-25 12:00:00+10:00,2013-05-25,12,3,2013-05-25 00:00:00+00:00,2,0.734935897,15.15,12.26,3757007.0,4004697.0,2028700.0,2134948.0
2013-05-25 03:00:00+00:00,2013-05-25 13:00:00+10:00,2013-05-25,13,4,2013-05-25 00:00:00+00:00,3,0.673269231,15.08,11.12,5782266.0,6138664.0,2025259.0,2133967.0
2013-05-25 04:00:00+00:00,2013-05-25 14:00:00+10:00,2013-05-25,14,5,2013-05-25 00:00:00+00:00,4,0.561217949,16.0,13.26,7580139.0,8058337.0,1797873.0,1919673.0
2013-05-25 05:00:00+00:00,2013-05-25 15:00:00+10:00,2013-05-25,15,6,2013-05-25 00:00:00+00:00,5,0.386153846,17.13,15.41,8952954.0,9566442.0,1372815.0,1508105.0
2013-05-25 06:00:00+00:00,2013-05-25 16:00:00+10:00,2013-05-25,16,7,2013-05-25 00:00:00+00:00,6,0.170128205,19.09,15.33,9753268.0,10500059.0,800314.0,933617.0
2013-05-25 07:00:00+00:00,2013-05-25 17:00:00+10:00,2013-05-25,17,8,2013-05-25 00:00:00+00:00,7,0.021602564,24.05,21.21,9943065.0,10774842.0,189797.0,274783.0
2013-05-25 08:00:00+00:00,2013-05-25 18:00:00+10:00,2013-05-25,18,9,2013-05-25 00:00:00+00:00,8,0.000384615,26.03,20.55,9943065.0,10774842.0,0.0,0.0
2013-05-25 09:00:00+00:00,2013-05-25 19:00:00+10:00,2013-05-25,19,10,2013-05-25 00:00:00+00:00,9,0.0,27.26,19.66,9943065.0,10774842.0,0.0,0.0
2013-05-25 10:00:00+00:00,2013-05-25 20:00:00+10:00,2013-05-25,20,11,2013-05-25 00:00:00+00:00,10,0.0,27.07,19.86,9943106.0,10774742.0,41.0,-100.0
2013-05-25 23:00:00+00:00,2013-05-26 09:00:00+10:00,2013-05-26,9,0,2013-05-25 00:00:00+00:00,23,0.044294872,17.71,14.49,10690938.0,11780014.0,602980.0,777412.0
2013-05-26 00:00:00+00:00,2013-05-26 10:00:00+10:00,2013-05-26,10,1,2013-05-25 00:00:00+00:00,24,0.081346154,11.72,10.1,11751180.0,13040319.0,1060242.0,1260305.0
2013-05-26 01:00:00+00:00,2013-05-26 11:00:00+10:00,2013-05-26,11,2,2013-05-26 00:00:00+00:00,1,0.120769231,10.85,16.39,1506249.0,1708261.0,1506249.0,1708261.0
2013-05-26 02:00:00+00:00,2013-05-26 12:00:00+10:00,2013-05-26,12,3,2013-05-26 00:00:00+00:00,2,0.132371795,10.3,13.2,3409200.0,3770396.0,1902951.0,2062135.0
2013-05-26 03:00:00+00:00,2013-05-26 13:00:00+10:00,2013-05-26,13,4,2013-05-26 00:00:00+00:00,3,0.164102564,9.48,13.05,5422274.0,5908361.0,2013074.0,2137965.0
2013-05-26 04:00:00+00:00,2013-05-26 14:00:00+10:00,2013-05-26,14,5,2013-05-26 00:00:00+00:00,4,0.530961538,10.34,15.81,7198749.0,7824195.0,1776475.0,1915834.0
2013-05-26 05:00:00+00:00,2013-05-26 15:00:00+10:00,2013-05-26,15,6,2013-05-26 00:00:00+00:00,5,0.381602564,10.84,16.740000000000002,8549781.0,9325964.0,1351032.0,1501769.0
2013-05-26 06:00:00+00:00,2013-05-26 16:00:00+10:00,2013-05-26,16,7,2013-05-26 00:00:00+00:00,6,0.168653846,13.51,21.37,9335397.0,10252273.0,785616.0,926309.0
2013-05-26 07:00:00+00:00,2013-05-26 17:00:00+10:00,2013-05-26,17,8,2013-05-26 00:00:00+00:00,7,0.022435897,17.63,22.9,9518771.0,10520782.0,183374.0,268509.0
2013-05-26 08:00:00+00:00,2013-05-26 18:00:00+10:00,2013-05-26,18,9,2013-05-26 00:00:00+00:00,8,0.000320513,19.52,19.65,9518771.0,10520782.0,0.0,0.0
2013-05-26 09:00:00+00:00,2013-05-26 19:00:00+10:00,2013-05-26,19,10,2013-05-26 00:00:00+00:00,9,0.0,21.48,21.28,9518771.0,10520782.0,0.0,0.0
2013-05-26 10:00:00+00:00,2013-05-26 20:00:00+10:00,2013-05-26,20,11,2013-05-26 00:00:00+00:00,10,0.0,22.09,22.68,9518771.0,10520966.0,0.0,184.0
2013-05-26 23:00:00+00:00,2013-05-27 09:00:00+10:00,2013-05-27,9,0,2013-05-26 00:00:00+00:00,23,0.186089744,15.07,38.76,10447778.0,11661659.0,757779.0,894078.0
2013-05-27 00:00:00+00:00,2013-05-27 10:00:00+10:00,2013-05-27,10,1,2013-05-26 00:00:00+00:00,24,0.634807692,14.91,11.59,11744459.0,13114315.0,1296681.0,1452656.0
2013-05-27 01:00:00+00:00,2013-05-27 11:00:00+10:00,2013-05-27,11,2,2013-05-27 00:00:00+00:00,1,0.731666667,14.25,13.19,1745858.0,1899561.0,1745858.0,1899561.0
2013-05-27 02:00:00+00:00,2013-05-27 12:00:00+10:00,2013-05-27,12,3,2013-05-27 00:00:00+00:00,2,0.703397436,13.76,18.66,3713147.0,4022802.0,1967289.0,2123241.0
2013-05-27 03:00:00+00:00,2013-05-27 13:00:00+10:00,2013-05-27,13,4,2013-05-27 00:00:00+00:00,3,0.63474359,13.39,19.12,5682280.0,6150185.0,1969133.0,2127383.0
2013-05-27 04:00:00+00:00,2013-05-27 14:00:00+10:00,2013-05-27,14,5,2013-05-27 00:00:00+00:00,4,0.490384615,13.74,18.44,7425941.0,8059239.0,1743661.0,1909054.0
2013-05-27 05:00:00+00:00,2013-05-27 15:00:00+10:00,2013-05-27,15,6,2013-05-27 00:00:00+00:00,5,0.360769231,13.79,20.79,8757065.0,9558456.0,1331124.0,1499217.0
2013-05-27 06:00:00+00:00,2013-05-27 16:00:00+10:00,2013-05-27,16,7,2013-05-27 00:00:00+00:00,6,0.137435897,15.92,20.44,9509768.0,10466118.0,752703.0,907662.0
2013-05-27 07:00:00+00:00,2013-05-27 17:00:00+10:00,2013-05-27,17,8,2013-05-27 00:00:00+00:00,7,0.023397436,20.12,18.7,9675997.0,10717214.0,166229.0,251096.0
2013-05-27 08:00:00+00:00,2013-05-27 18:00:00+10:00,2013-05-27,18,9,2013-05-27 00:00:00+00:00,8,0.00025641,21.56,70.07000000000001,9675997.0,10717214.0,0.0,0.0
2013-05-27 09:00:00+00:00,2013-05-27 19:00:00+10:00,2013-05-27,19,10,2013-05-27 00:00:00+00:00,9,0.0,23.73,45.06,9675997.0,10717214.0,0.0,0.0
2013-05-27 10:00:00+00:00,2013-05-27 20:00:00+10:00,2013-05-27,20,11,2013-05-27 00:00:00+00:00,10,0.0,23.56,30.28,9675997.0,10717417.0,0.0,203.0
2013-05-27 23:00:00+00:00,2013-05-28 09:00:00+10:00,2013-05-28,9,0,2013-05-27 00:00:00+00:00,23,0.06724359,18.18,13.49,9984095.0,11357633.0,251753.0,497169.0
2013-05-28 00:00:00+00:00,2013-05-28 10:00:00+10:00,2013-05-28,10,1,2013-05-27 00:00:00+00:00,24,0.118141026,19.33,8.22,10578461.0,12288283.0,594366.0,930650.0
2013-05-28 01:00:00+00:00,2013-05-28 11:00:00+10:00,2013-05-28,11,2,2013-05-28 00:00:00+00:00,1,0.322628205,16.84,12.66,546494.375,1006594.75,546494.375,1006594.75
2013-05-28 02:00:00+00:00,2013-05-28 12:00:00+10:00,2013-05-28,12,3,2013-05-28 00:00:00+00:00,2,0.312435897,15.74,17.09,1454180.0,2356444.0,907685.625,1349849.25
2013-05-28 03:00:00+00:00,2013-05-28 13:00:00+10:00,2013-05-28,13,4,2013-05-28 00:00:00+00:00,3,0.340320513,15.72,18.42,2802182.0,4037769.0,1348002.0,1681325.0
2013-05-28 04:00:00+00:00,2013-05-28 14:00:00+10:00,2013-05-28,14,5,2013-05-28 00:00:00+00:00,4,0.544615385,17.89,21.61,3756264.0,5334043.0,954082.0,1296274.0
2013-05-28 05:00:00+00:00,2013-05-28 15:00:00+10:00,2013-05-28,15,6,2013-05-28 00:00:00+00:00,5,0.343717949,22.46,23.74,4713453.0,6526597.0,957189.0,1192554.0
2013-05-28 06:00:00+00:00,2013-05-28 16:00:00+10:00,2013-05-28,16,7,2013-05-28 00:00:00+00:00,6,0.162051282,27.12,28.66,5278509.0,7284339.0,565056.0,757742.0
2013-05-28 07:00:00+00:00,2013-05-28 17:00:00+10:00,2013-05-28,17,8,2013-05-28 00:00:00+00:00,7,0.0225,31.09,32.0,5418336.0,7518811.0,139827.0,234472.0
2013-05-28 08:00:00+00:00,2013-05-28 18:00:00+10:00,2013-05-28,18,9,2013-05-28 00:00:00+00:00,8,0.000192308,32.37,44.02,5418336.0,7518811.0,0.0,0.0
2013-05-28 09:00:00+00:00,2013-05-28 19:00:00+10:00,2013-05-28,19,10,2013-05-28 00:00:00+00:00,9,0.0,37.97,30.76,5418336.0,7518811.0,0.0,0.0
2013-05-28 10:00:00+00:00,2013-05-28 20:00:00+10:00,2013-05-28,20,11,2013-05-28 00:00:00+00:00,10,0.0,40.16,44.75,5418336.0,7518674.0,0.0,-137.0
2013-05-28 23:00:00+00:00,2013-05-29 09:00:00+10:00,2013-05-29,9,0,2013-05-28 00:00:00+00:00,23,0.228974359,23.84,22.6,6290071.0,8625911.0,715042.0,875303.0
2013-05-29 00:00:00+00:00,2013-05-29 10:00:00+10:00,2013-05-29,10,1,2013-05-28 00:00:00+00:00,24,0.611987179,22.66,20.86,7557865.0,10068440.0,1267794.0,1442529.0
2013-05-29 01:00:00+00:00,2013-05-29 11:00:00+10:00,2013-05-29,11,2,2013-05-29 00:00:00+00:00,1,0.632820513,21.62,26.63,1682788.0,1867737.0,1682788.0,1867737.0
2013-05-29 02:00:00+00:00,2013-05-29 12:00:00+10:00,2013-05-29,12,3,2013-05-29 00:00:00+00:00,2,0.656538462,20.33,19.95,3555962.0,3936971.0,1873174.0,2069234.0
2013-05-29 03:00:00+00:00,2013-05-29 13:00:00+10:00,2013-05-29,13,4,2013-05-29 00:00:00+00:00,3,0.648269231,20.48,20.66,5335883.0,5939577.0,1779921.0,2002606.0
2013-05-29 04:00:00+00:00,2013-05-29 14:00:00+10:00,2013-05-29,14,5,2013-05-29 00:00:00+00:00,4,0.544807692,21.34,21.23,6490387.0,7361556.0,1154504.0,1421979.0
2013-05-29 05:00:00+00:00,2013-05-29 15:00:00+10:00,2013-05-29,15,6,2013-05-29 00:00:00+00:00,5,0.375769231,23.53,24.69,7376406.0,8509956.0,886019.0,1148400.0
2013-05-29 06:00:00+00:00,2013-05-29 16:00:00+10:00,2013-05-29,16,7,2013-05-29 00:00:00+00:00,6,0.128205128,27.23,22.61,7989857.0,9303904.0,613451.0,793948.0
2013-05-29 07:00:00+00:00,2013-05-29 17:00:00+10:00,2013-05-29,17,8,2013-05-29 00:00:00+00:00,7,0.019294872,30.01,26.26,8148171.0,9553856.0,158314.0,249952.0
2013-05-29 08:00:00+00:00,2013-05-29 18:00:00+10:00,2013-05-29,18,9,2013-05-29 00:00:00+00:00,8,0.00025641,33.21,31.5,8148171.0,9553856.0,0.0,0.0
2013-05-29 09:00:00+00:00,2013-05-29 19:00:00+10:00,2013-05-29,19,10,2013-05-29 00:00:00+00:00,9,0.0,37.61,34.9,8148171.0,9553856.0,0.0,0.0
2013-05-29 10:00:00+00:00,2013-05-29 20:00:00+10:00,2013-05-29,20,11,2013-05-29 00:00:00+00:00,10,0.0,39.42,39.42,8148171.0,9553792.0,0.0,-64.0
2013-05-29 23:00:00+00:00,2013-05-30 09:00:00+10:00,2013-05-30,9,0,2013-05-29 00:00:00+00:00,23,0.024230769,21.96,20.69,8466528.0,10153584.0,268346.0,475309.0
2013-05-30 00:00:00+00:00,2013-05-30 10:00:00+10:00,2013-05-30,10,1,2013-05-29 00:00:00+00:00,24,0.113782051,20.26,27.2,8831800.0,10871271.0,365272.0,717687.0
2013-05-30 01:00:00+00:00,2013-05-30 11:00:00+10:00,2013-05-30,11,2,2013-05-30 00:00:00+00:00,1,0.178205128,17.45,15.32,579125.0,1022444.375,579125.0,1022444.375
2013-05-30 02:00:00+00:00,2013-05-30 12:00:00+10:00,2013-05-30,12,3,2013-05-30 00:00:00+00:00,2,0.519679487,16.22,12.88,1920506.0,2731283.0,1341381.0,1708838.625
2013-05-30 03:00:00+00:00,2013-05-30 13:00:00+10:00,2013-05-30,13,4,2013-05-30 00:00:00+00:00,3,0.566217949,16.25,10.08,3377283.0,4507222.0,1456777.0,1775939.0
2013-05-30 04:00:00+00:00,2013-05-30 14:00:00+10:00,2013-05-30,14,5,2013-05-30 00:00:00+00:00,4,0.309871795,17.41,15.28,4475699.0,5953954.0,1098416.0,1446732.0
2013-05-30 05:00:00+00:00,2013-05-30 15:00:00+10:00,2013-05-30,15,6,2013-05-30 00:00:00+00:00,5,0.128269231,21.22,21.03,5164500.0,6948958.0,688801.0,995004.0
2013-05-30 06:00:00+00:00,2013-05-30 16:00:00+10:00,2013-05-30,16,7,2013-05-30 00:00:00+00:00,6,0.066282051,25.63,25.26,5652108.0,7610254.0,487608.0,661296.0
2013-05-30 07:00:00+00:00,2013-05-30 17:00:00+10:00,2013-05-30,17,8,2013-05-30 00:00:00+00:00,7,0.016346154,30.58,34.26,5748362.0,7783656.0,96254.0,173402.0
2013-05-30 08:00:00+00:00,2013-05-30 18:00:00+10:00,2013-05-30,18,9,2013-05-30 00:00:00+00:00,8,6.41e-05,32.63,37.02,5748362.0,7783656.0,0.0,0.0
2013-05-30 09:00:00+00:00,2013-05-30 19:00:00+10:00,2013-05-30,19,10,2013-05-30 00:00:00+00:00,9,0.0,37.85,28.69,5748362.0,7783656.0,0.0,0.0
2013-05-30 10:00:00+00:00,2013-05-30 20:00:00+10:00,2013-05-30,20,11,2013-05-30 00:00:00+00:00,10,0.0,42.52,31.14,5748362.0,7783585.0,0.0,-71.0
2013-05-30 23:00:00+00:00,2013-05-31 09:00:00+10:00,2013-05-31,9,0,2013-05-30 00:00:00+00:00,23,0.109615385,23.71,18.28,6327894.0,8667289.0,491325.0,710367.0
2013-05-31 00:00:00+00:00,2013-05-31 10:00:00+10:00,2013-05-31,10,1,2013-05-30 00:00:00+00:00,24,0.519166667,19.73,15.25,7150089.0,9791163.0,822195.0,1123874.0
2013-05-31 01:00:00+00:00,2013-05-31 11:00:00+10:00,2013-05-31,11,2,2013-05-31 00:00:00+00:00,1,0.395641026,16.830000000000002,14.68,1412373.0,1701585.0,1412373.0,1701585.0
2013-05-31 02:00:00+00:00,2013-05-31 12:00:00+10:00,2013-05-31,12,3,2013-05-31 00:00:00+00:00,2,0.303525641,15.85,13.82,2968509.0,3577523.0,1556136.0,1875938.0
2013-05-31 03:00:00+00:00,2013-05-31 13:00:00+10:00,2013-05-31,13,4,2013-05-31 00:00:00+00:00,3,0.288461538,15.58,13.97,4258089.0,5236131.0,1289580.0,1658608.0
2013-05-31 04:00:00+00:00,2013-05-31 14:00:00+10:00,2013-05-31,14,5,2013-05-31 00:00:00+00:00,4,0.289230769,17.05,14.59,5415075.0,6743759.0,1156986.0,1507628.0
2013-05-31 05:00:00+00:00,2013-05-31 15:00:00+10:00,2013-05-31,15,6,2013-05-31 00:00:00+00:00,5,0.227948718,20.25,25.51,6359755.0,7967278.0,944680.0,1223519.0
2013-05-31 06:00:00+00:00,2013-05-31 16:00:00+10:00,2013-05-31,16,7,2013-05-31 00:00:00+00:00,6,0.093397436,24.15,30.43,6832830.0,8670946.0,473075.0,703668.0
2013-05-31 07:00:00+00:00,2013-05-31 17:00:00+10:00,2013-05-31,17,8,2013-05-31 00:00:00+00:00,7,0.019294872,28.0,26.73,6971409.0,8908537.0,138579.0,237591.0
2013-05-31 08:00:00+00:00,2013-05-31 18:00:00+10:00,2013-05-31,18,9,2013-05-31 00:00:00+00:00,8,6.41e-05,31.01,29.44,6971409.0,8908537.0,0.0,0.0
2013-05-31 09:00:00+00:00,2013-05-31 19:00:00+10:00,2013-05-31,19,10,2013-05-31 00:00:00+00:00,9,0.0,34.86,41.32,6971409.0,8908537.0,0.0,0.0
2013-05-31 10:00:00+00:00,2013-05-31 20:00:00+10:00,2013-05-31,20,11,2013-05-31 00:00:00+00:00,10,0.0,37.6,23.45,6971409.0,8908239.0,0.0,-298.0
2013-05-31 23:00:00+00:00,2013-06-01 09:00:00+10:00,2013-06-01,9,0,2013-05-31 00:00:00+00:00,23,0.02275641,23.1,17.17,7270772.0,9505722.0,230211.0,458779.0
2013-06-01 00:00:00+00:00,2013-06-01 10:00:00+10:00,2013-06-01,10,1,2013-05-31 00:00:00+00:00,24,0.035192308,21.68,19.15,7574147.0,10168830.0,303375.0,663108.0
2013-06-01 01:00:00+00:00,2013-06-01 11:00:00+10:00,2013-06-01,11,2,2013-06-01 00:00:00+00:00,1,0.043141026,19.92,24.49,207502.1875,703367.875,207502.1875,703367.875
2013-06-01 02:00:00+00:00,2013-06-01 12:00:00+10:00,2013-06-01,12,3,2013-06-01 00:00:00+00:00,2,0.053333333,17.96,20.47,429555.875,1473129.0,222053.6875,769761.125
2013-06-01 03:00:00+00:00,2013-06-01 13:00:00+10:00,2013-06-01,13,4,2013-06-01 00:00:00+00:00,3,0.056858974,17.43,20.61,805869.3125,2411986.0,376313.4375,938857.0
2013-06-01 04:00:00+00:00,2013-06-01 14:00:00+10:00,2013-06-01,14,5,2013-06-01 00:00:00+00:00,4,0.037820513,17.43,20.32,1158215.0,3275471.0,352345.6875,863485.0
2013-06-01 05:00:00+00:00,2013-06-01 15:00:00+10:00,2013-06-01,15,6,2013-06-01 00:00:00+00:00,5,0.030576923,17.63,19.11,1285838.0,3804174.0,127623.0,528703.0
2013-06-01 06:00:00+00:00,2013-06-01 16:00:00+10:00,2013-06-01,16,7,2013-06-01 00:00:00+00:00,6,0.017307692,20.1,17.45,1323606.0,4107932.0,37768.0,303758.0
2013-06-01 07:00:00+00:00,2013-06-01 17:00:00+10:00,2013-06-01,17,8,2013-06-01 00:00:00+00:00,7,0.001987179,22.32,21.14,1338604.0,4212068.0,14998.0,104136.0
2013-06-01 08:00:00+00:00,2013-06-01 18:00:00+10:00,2013-06-01,18,9,2013-06-01 00:00:00+00:00,8,0.0,25.39,23.46,1338604.0,4212068.0,0.0,0.0
2013-06-01 09:00:00+00:00,2013-06-01 19:00:00+10:00,2013-06-01,19,10,2013-06-01 00:00:00+00:00,9,0.0,26.41,23.62,1338604.0,4212068.0,0.0,0.0
2013-06-01 10:00:00+00:00,2013-06-01 20:00:00+10:00,2013-06-01,20,11,2013-06-01 00:00:00+00:00,10,0.0,27.88,24.14,1338604.0,4212054.0,0.0,-14.0
2013-06-01 23:00:00+00:00,2013-06-02 09:00:00+10:00,2013-06-02,9,0,2013-06-01 00:00:00+00:00,23,0.016858974,17.63,13.15,1490365.0,4669053.0,140566.0,370326.0
2013-06-02 00:00:00+00:00,2013-06-02 10:00:00+10:00,2013-06-02,10,1,2013-06-01 00:00:00+00:00,24,0.124935897,18.08,11.24,2356149.0,5786815.0,865784.0,1117762.0
2013-06-02 01:00:00+00:00,2013-06-02 11:00:00+10:00,2013-06-02,11,2,2013-06-02 00:00:00+00:00,1,0.240897436,15.56,13.12,843080.5,1218930.0,843080.5,1218930.0
2013-06-02 02:00:00+00:00,2013-06-02 12:00:00+10:00,2013-06-02,12,3,2013-06-02 00:00:00+00:00,2,0.559807692,14.99,10.08,2473314.0,3072384.0,1630233.5,1853454.0
2013-06-02 03:00:00+00:00,2013-06-02 13:00:00+10:00,2013-06-02,13,4,2013-06-02 00:00:00+00:00,3,0.690961538,15.59,10.43,4321028.0,5095689.0,1847714.0,2023305.0
2013-06-02 04:00:00+00:00,2013-06-02 14:00:00+10:00,2013-06-02,14,5,2013-06-02 00:00:00+00:00,4,0.558974359,15.72,15.32,5958782.0,6926123.0,1637754.0,1830434.0
2013-06-02 05:00:00+00:00,2013-06-02 15:00:00+10:00,2013-06-02,15,6,2013-06-02 00:00:00+00:00,5,0.386410256,16.18,4.28,7256753.0,8383120.0,1297971.0,1456997.0
2013-06-02 06:00:00+00:00,2013-06-02 16:00:00+10:00,2013-06-02,16,7,2013-06-02 00:00:00+00:00,6,0.163846154,18.81,15.2,8002009.0,9269215.0,745256.0,886095.0
2013-06-02 07:00:00+00:00,2013-06-02 17:00:00+10:00,2013-06-02,17,8,2013-06-02 00:00:00+00:00,7,0.022435897,21.05,20.73,8160544.0,9507784.0,158535.0,238569.0
2013-06-02 08:00:00+00:00,2013-06-02 18:00:00+10:00,2013-06-02,18,9,2013-06-02 00:00:00+00:00,8,0.00025641,22.89,21.74,8160544.0,9507784.0,0.0,0.0
2013-06-02 09:00:00+00:00,2013-06-02 19:00:00+10:00,2013-06-02,19,10,2013-06-02 00:00:00+00:00,9,0.0,24.44,22.57,8160544.0,9507784.0,0.0,0.0
2013-06-02 10:00:00+00:00,2013-06-02 20:00:00+10:00,2013-06-02,20,11,2013-06-02 00:00:00+00:00,10,0.0,24.82,22.3,8160544.0,9508256.0,0.0,472.0
2013-06-02 23:00:00+00:00,2013-06-03 09:00:00+10:00,2013-06-03,9,0,2013-06-02 00:00:00+00:00,23,0.104679487,21.94,21.32,9058346.0,10576112.0,743296.0,852393.0
2013-06-03 00:00:00+00:00,2013-06-03 10:00:00+10:00,2013-06-03,10,1,2013-06-02 00:00:00+00:00,24,0.640192308,20.38,20.26,10361510.0,11994908.0,1303164.0,1418796.0
2013-06-03 01:00:00+00:00,2013-06-03 11:00:00+10:00,2013-06-03,11,2,2013-06-03 00:00:00+00:00,1,0.704102564,19.17,25.06,1717558.0,1828517.0,1717558.0,1828517.0
2013-06-03 02:00:00+00:00,2013-06-03 12:00:00+10:00,2013-06-03,12,3,2013-06-03 00:00:00+00:00,2,0.705128205,18.56,17.42,3649848.0,3874981.0,1932290.0,2046464.0
2013-06-03 03:00:00+00:00,2013-06-03 13:00:00+10:00,2013-06-03,13,4,2013-06-03 00:00:00+00:00,3,0.671410256,18.81,18.81,5581711.0,5926290.0,1931863.0,2051309.0
2013-06-03 04:00:00+00:00,2013-06-03 14:00:00+10:00,2013-06-03,14,5,2013-06-03 00:00:00+00:00,4,0.399807692,20.37,21.98,7298616.0,7768311.0,1716905.0,1842021.0
2013-06-03 05:00:00+00:00,2013-06-03 15:00:00+10:00,2013-06-03,15,6,2013-06-03 00:00:00+00:00,5,0.382115385,22.68,22.16,8604703.0,9208842.0,1306087.0,1440531.0
2013-06-03 06:00:00+00:00,2013-06-03 16:00:00+10:00,2013-06-03,16,7,2013-06-03 00:00:00+00:00,6,0.148269231,25.96,23.2,9309432.0,10046241.0,704729.0,837399.0
2013-06-03 07:00:00+00:00,2013-06-03 17:00:00+10:00,2013-06-03,17,8,2013-06-03 00:00:00+00:00,7,0.020705128,30.73,25.94,9467236.0,10283883.0,157804.0,237642.0
2013-06-03 08:00:00+00:00,2013-06-03 18:00:00+10:00,2013-06-03,18,9,2013-06-03 00:00:00+00:00,8,0.000320513,30.06,25.65,9467236.0,10283883.0,0.0,0.0
2013-06-03 09:00:00+00:00,2013-06-03 19:00:00+10:00,2013-06-03,19,10,2013-06-03 00:00:00+00:00,9,0.0,31.01,26.23,9467236.0,10283883.0,0.0,0.0
2013-06-03 10:00:00+00:00,2013-06-03 20:00:00+10:00,2013-06-03,20,11,2013-06-03 00:00:00+00:00,10,0.0,31.97000000000001,32.31,9467236.0,10284063.0,0.0,180.0
2013-06-03 23:00:00+00:00,2013-06-04 09:00:00+10:00,2013-06-04,9,0,2013-06-03 00:00:00+00:00,23,0.09974359,20.43,17.48,10329991.0,11350871.0,717234.0,854442.0
2013-06-04 00:00:00+00:00,2013-06-04 10:00:00+10:00,2013-06-04,10,1,2013-06-03 00:00:00+00:00,24,0.622371795,17.240000000000002,0.02,11595563.0,12773110.0,1265572.0,1422239.0
2013-06-04 01:00:00+00:00,2013-06-04 11:00:00+10:00,2013-06-04,11,2,2013-06-04 00:00:00+00:00,1,0.684807692,15.78,1.45,1679695.0,1829855.0,1679695.0,1829855.0
2013-06-04 02:00:00+00:00,2013-06-04 12:00:00+10:00,2013-06-04,12,3,2013-06-04 00:00:00+00:00,2,0.704102564,15.66,5.67,3574443.0,3873816.0,1894748.0,2043961.0
2013-06-04 03:00:00+00:00,2013-06-04 13:00:00+10:00,2013-06-04,13,4,2013-06-04 00:00:00+00:00,3,0.641410256,15.84,17.61,5473724.0,5922683.0,1899281.0,2048867.0
2013-06-04 04:00:00+00:00,2013-06-04 14:00:00+10:00,2013-06-04,14,5,2013-06-04 00:00:00+00:00,4,0.532692308,17.080000000000002,20.4,7162049.0,7763832.0,1688325.0,1841149.0
2013-06-04 05:00:00+00:00,2013-06-04 15:00:00+10:00,2013-06-04,15,6,2013-06-04 00:00:00+00:00,5,0.369615385,20.04,23.4,8443825.0,9200906.0,1281776.0,1437074.0
2013-06-04 06:00:00+00:00,2013-06-04 16:00:00+10:00,2013-06-04,16,7,2013-06-04 00:00:00+00:00,6,0.149487179,23.55,22.07,9172894.0,10075258.0,729069.0,874352.0
2013-06-04 07:00:00+00:00,2013-06-04 17:00:00+10:00,2013-06-04,17,8,2013-06-04 00:00:00+00:00,7,0.018782051,25.0,20.86,9324403.0,10308305.0,151509.0,233047.0
2013-06-04 08:00:00+00:00,2013-06-04 18:00:00+10:00,2013-06-04,18,9,2013-06-04 00:00:00+00:00,8,0.000128205,24.96,19.65,9324403.0,10308305.0,0.0,0.0
2013-06-04 09:00:00+00:00,2013-06-04 19:00:00+10:00,2013-06-04,19,10,2013-06-04 00:00:00+00:00,9,0.0,26.09,24.24,9324403.0,10308305.0,0.0,0.0
2013-06-04 10:00:00+00:00,2013-06-04 20:00:00+10:00,2013-06-04,20,11,2013-06-04 00:00:00+00:00,10,0.0,26.1,23.13,9324403.0,10308305.0,0.0,0.0
2013-06-04 23:00:00+00:00,2013-06-05 09:00:00+10:00,2013-06-05,9,0,2013-06-04 00:00:00+00:00,23,0.083141026,21.72,19.12,9821387.0,11053806.0,420241.0,603618.0
2013-06-05 00:00:00+00:00,2013-06-05 10:00:00+10:00,2013-06-05,10,1,2013-06-04 00:00:00+00:00,24,0.099871795,19.31,16.6,10670452.0,12149265.0,849065.0,1095459.0
2013-06-05 01:00:00+00:00,2013-06-05 11:00:00+10:00,2013-06-05,11,2,2013-06-05 00:00:00+00:00,1,0.392307692,18.48,16.71,1342403.0,1567698.0,1342403.0,1567698.0
2013-06-05 02:00:00+00:00,2013-06-05 12:00:00+10:00,2013-06-05,12,3,2013-06-05 00:00:00+00:00,2,0.396346154,17.45,16.3,2575527.0,3103055.0,1233124.0,1535357.0
2013-06-05 03:00:00+00:00,2013-06-05 13:00:00+10:00,2013-06-05,13,4,2013-06-05 00:00:00+00:00,3,0.346987179,17.990000000000002,17.69,3805270.0,4673906.0,1229743.0,1570851.0
2013-06-05 04:00:00+00:00,2013-06-05 14:00:00+10:00,2013-06-05,14,5,2013-06-05 00:00:00+00:00,4,0.396666667,19.34,20.51,5359727.0,6426543.0,1554457.0,1752637.0
2013-06-05 05:00:00+00:00,2013-06-05 15:00:00+10:00,2013-06-05,15,6,2013-06-05 00:00:00+00:00,5,0.302884615,22.08,20.96,6394679.0,7668213.0,1034952.0,1241670.0
2013-06-05 06:00:00+00:00,2013-06-05 16:00:00+10:00,2013-06-05,16,7,2013-06-05 00:00:00+00:00,6,0.163397436,23.99,24.11,7001934.0,8435726.0,607255.0,767513.0
2013-06-05 07:00:00+00:00,2013-06-05 17:00:00+10:00,2013-06-05,17,8,2013-06-05 00:00:00+00:00,7,0.028846154,26.41,22.03,7126151.0,8636018.0,124217.0,200292.0
2013-06-05 08:00:00+00:00,2013-06-05 18:00:00+10:00,2013-06-05,18,9,2013-06-05 00:00:00+00:00,8,0.000192308,26.28,23.1,7126151.0,8636018.0,0.0,0.0
2013-06-05 09:00:00+00:00,2013-06-05 19:00:00+10:00,2013-06-05,19,10,2013-06-05 00:00:00+00:00,9,0.0,27.04,26.81,7126151.0,8636018.0,0.0,0.0
2013-06-05 10:00:00+00:00,2013-06-05 20:00:00+10:00,2013-06-05,20,11,2013-06-05 00:00:00+00:00,10,0.0,27.92,47.04,7126151.0,8636137.0,0.0,119.0
2013-06-05 23:00:00+00:00,2013-06-06 09:00:00+10:00,2013-06-06,9,0,2013-06-05 00:00:00+00:00,23,0.025897436,22.94,27.38,7912721.0,9640161.0,679758.0,833907.0
2013-06-06 00:00:00+00:00,2013-06-06 10:00:00+10:00,2013-06-06,10,1,2013-06-05 00:00:00+00:00,24,0.108525641,20.97,20.45,9138680.0,11045645.0,1225959.0,1405484.0
2013-06-06 01:00:00+00:00,2013-06-06 11:00:00+10:00,2013-06-06,11,2,2013-06-06 00:00:00+00:00,1,0.226089744,20.24,23.32,1235505.0,1528579.0,1235505.0,1528579.0
2013-06-06 02:00:00+00:00,2013-06-06 12:00:00+10:00,2013-06-06,12,3,2013-06-06 00:00:00+00:00,2,0.191025641,19.85,20.1,2763787.0,3331477.0,1528282.0,1802898.0
2013-06-06 03:00:00+00:00,2013-06-06 13:00:00+10:00,2013-06-06,13,4,2013-06-06 00:00:00+00:00,3,0.134807692,19.64,20.13,4002558.0,4937115.0,1238771.0,1605638.0
2013-06-06 04:00:00+00:00,2013-06-06 14:00:00+10:00,2013-06-06,14,5,2013-06-06 00:00:00+00:00,4,0.179807692,21.13,21.19,4807896.0,6159608.0,805338.0,1222493.0
2013-06-06 05:00:00+00:00,2013-06-06 15:00:00+10:00,2013-06-06,15,6,2013-06-06 00:00:00+00:00,5,0.189038462,22.93,22.91,5478042.0,7164805.0,670146.0,1005197.0
2013-06-06 06:00:00+00:00,2013-06-06 16:00:00+10:00,2013-06-06,16,7,2013-06-06 00:00:00+00:00,6,0.069358974,25.04,44.98,5773525.0,7693724.0,295483.0,528919.0
2013-06-06 07:00:00+00:00,2013-06-06 17:00:00+10:00,2013-06-06,17,8,2013-06-06 00:00:00+00:00,7,0.014102564,30.1,28.47,5877457.0,7889669.0,103932.0,195945.0
2013-06-06 08:00:00+00:00,2013-06-06 18:00:00+10:00,2013-06-06,18,9,2013-06-06 00:00:00+00:00,8,0.000128205,31.52,31.22000000000001,5877457.0,7889669.0,0.0,0.0
2013-06-06 09:00:00+00:00,2013-06-06 19:00:00+10:00,2013-06-06,19,10,2013-06-06 00:00:00+00:00,9,0.0,32.01,27.85,5877457.0,7889669.0,0.0,0.0
2013-06-06 10:00:00+00:00,2013-06-06 20:00:00+10:00,2013-06-06,20,11,2013-06-06 00:00:00+00:00,10,0.0,34.87,41.87,5877457.0,7889885.0,0.0,216.0
2013-06-06 23:00:00+00:00,2013-06-07 09:00:00+10:00,2013-06-07,9,0,2013-06-06 00:00:00+00:00,23,0.131410256,23.51,33.33,6306207.0,8583018.0,372542.0,573219.0
2013-06-07 00:00:00+00:00,2013-06-07 10:00:00+10:00,2013-06-07,10,1,2013-06-06 00:00:00+00:00,24,0.310448718,21.89,20.24,6720868.0,9340112.0,414661.0,757094.0
2013-06-07 01:00:00+00:00,2013-06-07 11:00:00+10:00,2013-06-07,11,2,2013-06-07 00:00:00+00:00,1,0.371282051,21.3,20.87,1338732.0,1596345.0,1338732.0,1596345.0
2013-06-07 02:00:00+00:00,2013-06-07 12:00:00+10:00,2013-06-07,12,3,2013-06-07 00:00:00+00:00,2,0.398141026,20.74,19.77,2936837.0,3448518.0,1598105.0,1852173.0
2013-06-07 03:00:00+00:00,2013-06-07 13:00:00+10:00,2013-06-07,13,4,2013-06-07 00:00:00+00:00,3,0.647435897,20.79,21.1,4449509.0,5228010.0,1512672.0,1779492.0
2013-06-07 04:00:00+00:00,2013-06-07 14:00:00+10:00,2013-06-07,14,5,2013-06-07 00:00:00+00:00,4,0.388782051,22.1,33.39,5548877.0,6628168.0,1099368.0,1400158.0
2013-06-07 05:00:00+00:00,2013-06-07 15:00:00+10:00,2013-06-07,15,6,2013-06-07 00:00:00+00:00,5,0.152435897,22.98,21.89,6437292.0,7761885.0,888415.0,1133717.0
2013-06-07 06:00:00+00:00,2013-06-07 16:00:00+10:00,2013-06-07,16,7,2013-06-07 00:00:00+00:00,6,0.083012821,27.58,24.69,7113341.0,8601090.0,676049.0,839205.0
2013-06-07 07:00:00+00:00,2013-06-07 17:00:00+10:00,2013-06-07,17,8,2013-06-07 00:00:00+00:00,7,0.011858974,31.04,26.85,7256446.0,8827008.0,143105.0,225918.0
2013-06-07 08:00:00+00:00,2013-06-07 18:00:00+10:00,2013-06-07,18,9,2013-06-07 00:00:00+00:00,8,0.00025641,32.37,25.0,7256446.0,8827008.0,0.0,0.0
2013-06-07 09:00:00+00:00,2013-06-07 19:00:00+10:00,2013-06-07,19,10,2013-06-07 00:00:00+00:00,9,0.0,34.68,25.62,7256446.0,8827008.0,0.0,0.0
2013-06-07 10:00:00+00:00,2013-06-07 20:00:00+10:00,2013-06-07,20,11,2013-06-07 00:00:00+00:00,10,0.0,36.89,27.78,7256446.0,8827163.0,0.0,155.0
2013-06-07 23:00:00+00:00,2013-06-08 09:00:00+10:00,2013-06-08,9,0,2013-06-07 00:00:00+00:00,23,0.083782051,22.48,18.52,7722317.0,9536657.0,400239.0,574384.0
2013-06-08 00:00:00+00:00,2013-06-08 10:00:00+10:00,2013-06-08,10,1,2013-06-07 00:00:00+00:00,24,0.408846154,21.4,11.4,8553399.0,10612666.0,831082.0,1076009.0
2013-06-08 01:00:00+00:00,2013-06-08 11:00:00+10:00,2013-06-08,11,2,2013-06-08 00:00:00+00:00,1,0.70275641,20.02,18.3,955329.8125,1255701.0,955329.8125,1255701.0
2013-06-08 02:00:00+00:00,2013-06-08 12:00:00+10:00,2013-06-08,12,3,2013-06-08 00:00:00+00:00,2,0.713269231,19.23,35.12,2308634.0,2877841.0,1353304.1875,1622140.0
2013-06-08 03:00:00+00:00,2013-06-08 13:00:00+10:00,2013-06-08,13,4,2013-06-08 00:00:00+00:00,3,0.570320513,19.42,28.33,3484442.0,4368452.0,1175808.0,1490611.0
2013-06-08 04:00:00+00:00,2013-06-08 14:00:00+10:00,2013-06-08,14,5,2013-06-08 00:00:00+00:00,4,0.53525641,20.28,18.11,4660124.0,5793391.0,1175682.0,1424939.0
2013-06-08 05:00:00+00:00,2013-06-08 15:00:00+10:00,2013-06-08,15,6,2013-06-08 00:00:00+00:00,5,0.372371795,19.18,22.54,5444410.0,6821077.0,784286.0,1027686.0
2013-06-08 06:00:00+00:00,2013-06-08 16:00:00+10:00,2013-06-08,16,7,2013-06-08 00:00:00+00:00,6,0.16525641,20.09,19.05,5868023.0,7430891.0,423613.0,609814.0
2013-06-08 07:00:00+00:00,2013-06-08 17:00:00+10:00,2013-06-08,17,8,2013-06-08 00:00:00+00:00,7,0.020641026,22.85,23.33,5936044.0,7583405.0,68021.0,152514.0
2013-06-08 08:00:00+00:00,2013-06-08 18:00:00+10:00,2013-06-08,18,9,2013-06-08 00:00:00+00:00,8,0.00025641,25.32,37.6,5936044.0,7583405.0,0.0,0.0
2013-06-08 09:00:00+00:00,2013-06-08 19:00:00+10:00,2013-06-08,19,10,2013-06-08 00:00:00+00:00,9,0.0,26.86,23.15,5936044.0,7583405.0,0.0,0.0
2013-06-08 10:00:00+00:00,2013-06-08 20:00:00+10:00,2013-06-08,20,11,2013-06-08 00:00:00+00:00,10,0.0,26.63,24.98,5936044.0,7583405.0,0.0,0.0
2013-06-08 23:00:00+00:00,2013-06-09 09:00:00+10:00,2013-06-09,9,0,2013-06-08 00:00:00+00:00,23,0.081923077,16.490000000000002,3.29,6629384.0,8492800.0,582469.0,734944.0
2013-06-09 00:00:00+00:00,2013-06-09 10:00:00+10:00,2013-06-09,10,1,2013-06-08 00:00:00+00:00,24,0.157564103,11.95,-20.33,7791150.0,9809837.0,1161766.0,1317037.0
2013-06-09 01:00:00+00:00,2013-06-09 11:00:00+10:00,2013-06-09,11,2,2013-06-09 00:00:00+00:00,1,0.415961538,10.82,-9.57,1322114.0,1562344.0,1322114.0,1562344.0
2013-06-09 02:00:00+00:00,2013-06-09 12:00:00+10:00,2013-06-09,12,3,2013-06-09 00:00:00+00:00,2,0.68775641,10.1,-8.950000000000001,2876274.0,3327717.0,1554160.0,1765373.0
2013-06-09 03:00:00+00:00,2013-06-09 13:00:00+10:00,2013-06-09,13,4,2013-06-09 00:00:00+00:00,3,0.625705128,9.96,-29.93,4689213.0,5297948.0,1812939.0,1970231.0
2013-06-09 04:00:00+00:00,2013-06-09 14:00:00+10:00,2013-06-09,14,5,2013-06-09 00:00:00+00:00,4,0.521410256,10.54,-0.55,6320891.0,7077108.0,1631678.0,1779160.0
2013-06-09 05:00:00+00:00,2013-06-09 15:00:00+10:00,2013-06-09,15,6,2013-06-09 00:00:00+00:00,5,0.287051282,8.81,-22.36,7517792.0,8431201.0,1196901.0,1354093.0
2013-06-09 06:00:00+00:00,2013-06-09 16:00:00+10:00,2013-06-09,16,7,2013-06-09 00:00:00+00:00,6,0.133589744,13.63,-3.11,8169735.0,9209790.0,651943.0,778589.0
2013-06-09 07:00:00+00:00,2013-06-09 17:00:00+10:00,2013-06-09,17,8,2013-06-09 00:00:00+00:00,7,0.036858974,18.73,15.3,8306822.0,9417194.0,137087.0,207404.0
2013-06-09 08:00:00+00:00,2013-06-09 18:00:00+10:00,2013-06-09,18,9,2013-06-09 00:00:00+00:00,8,0.000448718,20.29,21.72,8306822.0,9417194.0,0.0,0.0
2013-06-09 09:00:00+00:00,2013-06-09 19:00:00+10:00,2013-06-09,19,10,2013-06-09 00:00:00+00:00,9,0.0,21.61,22.01,8306822.0,9417194.0,0.0,0.0
2013-06-09 10:00:00+00:00,2013-06-09 20:00:00+10:00,2013-06-09,20,11,2013-06-09 00:00:00+00:00,10,0.0,22.29,22.39,8306822.0,9417062.0,0.0,-132.0
2013-06-09 23:00:00+00:00,2013-06-10 09:00:00+10:00,2013-06-10,9,0,2013-06-09 00:00:00+00:00,23,0.018589744,21.86,21.63,8782873.0,10158744.0,401970.0,599994.0
2013-06-10 00:00:00+00:00,2013-06-10 10:00:00+10:00,2013-06-10,10,1,2013-06-09 00:00:00+00:00,24,0.064871795,20.33,18.72,9758833.0,11370339.0,975960.0,1211595.0
2013-06-10 01:00:00+00:00,2013-06-10 11:00:00+10:00,2013-06-10,11,2,2013-06-10 00:00:00+00:00,1,0.097948718,19.44,19.89,587820.5625,1009166.875,587820.5625,1009166.875
2013-06-10 02:00:00+00:00,2013-06-10 12:00:00+10:00,2013-06-10,12,3,2013-06-10 00:00:00+00:00,2,0.119358974,18.97,20.17,1122240.0,2032270.0,534419.4375,1023103.125
2013-06-10 03:00:00+00:00,2013-06-10 13:00:00+10:00,2013-06-10,13,4,2013-06-10 00:00:00+00:00,3,0.170576923,19.09,19.28,1615381.0,3061256.0,493141.0,1028986.0
2013-06-10 04:00:00+00:00,2013-06-10 14:00:00+10:00,2013-06-10,14,5,2013-06-10 00:00:00+00:00,4,0.278076923,20.45,20.5,2076628.0,4001121.0,461247.0,939865.0
2013-06-10 05:00:00+00:00,2013-06-10 15:00:00+10:00,2013-06-10,15,6,2013-06-10 00:00:00+00:00,5,0.244935897,21.99,23.48,2403185.0,4725376.0,326557.0,724255.0
2013-06-10 06:00:00+00:00,2013-06-10 16:00:00+10:00,2013-06-10,16,7,2013-06-10 00:00:00+00:00,6,0.152820513,25.77,25.37,2737856.0,5321240.0,334671.0,595864.0
2013-06-10 07:00:00+00:00,2013-06-10 17:00:00+10:00,2013-06-10,17,8,2013-06-10 00:00:00+00:00,7,0.013974359,29.59,25.41,2805013.0,5490192.0,67157.0,168952.0
2013-06-10 08:00:00+00:00,2013-06-10 18:00:00+10:00,2013-06-10,18,9,2013-06-10 00:00:00+00:00,8,0.000192308,30.42,24.46,2805013.0,5490192.0,0.0,0.0
2013-06-10 09:00:00+00:00,2013-06-10 19:00:00+10:00,2013-06-10,19,10,2013-06-10 00:00:00+00:00,9,0.0,31.21,31.97000000000001,2805013.0,5490192.0,0.0,0.0
2013-06-10 10:00:00+00:00,2013-06-10 20:00:00+10:00,2013-06-10,20,11,2013-06-10 00:00:00+00:00,10,0.0,35.07,32.03,2804733.0,5490482.0,-280.0,290.0
2013-06-10 23:00:00+00:00,2013-06-11 09:00:00+10:00,2013-06-11,9,0,2013-06-10 00:00:00+00:00,23,0.033846154,23.03,22.49,3283564.0,6247564.0,398750.0,605517.0
2013-06-11 00:00:00+00:00,2013-06-11 10:00:00+10:00,2013-06-11,10,1,2013-06-10 00:00:00+00:00,24,0.082692308,21.15,19.68,3990817.0,7242607.0,707253.0,995043.0
2013-06-11 01:00:00+00:00,2013-06-11 11:00:00+10:00,2013-06-11,11,2,2013-06-11 00:00:00+00:00,1,0.151858974,19.99,16.28,1462872.0,1673452.0,1462872.0,1673452.0
2013-06-11 02:00:00+00:00,2013-06-11 12:00:00+10:00,2013-06-11,12,3,2013-06-11 00:00:00+00:00,2,0.296089744,19.39,17.09,3154986.0,3575940.0,1692114.0,1902488.0
2013-06-11 03:00:00+00:00,2013-06-11 13:00:00+10:00,2013-06-11,13,4,2013-06-11 00:00:00+00:00,3,0.646346154,19.6,14.8,4990435.0,5587797.0,1835449.0,2011857.0
2013-06-11 04:00:00+00:00,2013-06-11 14:00:00+10:00,2013-06-11,14,5,2013-06-11 00:00:00+00:00,4,0.523141026,21.04,20.14,6622893.0,7399907.0,1632458.0,1812110.0
2013-06-11 05:00:00+00:00,2013-06-11 15:00:00+10:00,2013-06-11,15,6,2013-06-11 00:00:00+00:00,5,0.298782051,21.94,25.64,7858902.0,8813478.0,1236009.0,1413571.0
2013-06-11 06:00:00+00:00,2013-06-11 16:00:00+10:00,2013-06-11,16,7,2013-06-11 00:00:00+00:00,6,0.131410256,25.12,27.6,8558830.0,9671305.0,699928.0,857827.0
2013-06-11 07:00:00+00:00,2013-06-11 17:00:00+10:00,2013-06-11,17,8,2013-06-11 00:00:00+00:00,7,0.026410256,28.81,25.3,8699425.0,9895131.0,140595.0,223826.0
2013-06-11 08:00:00+00:00,2013-06-11 18:00:00+10:00,2013-06-11,18,9,2013-06-11 00:00:00+00:00,8,0.000192308,30.51,27.06,8699425.0,9895131.0,0.0,0.0
2013-06-11 09:00:00+00:00,2013-06-11 19:00:00+10:00,2013-06-11,19,10,2013-06-11 00:00:00+00:00,9,0.0,32.59,43.57,8699425.0,9895131.0,0.0,0.0
2013-06-11 10:00:00+00:00,2013-06-11 20:00:00+10:00,2013-06-11,20,11,2013-06-11 00:00:00+00:00,10,0.0,36.04,49.06,8699425.0,9894790.0,0.0,-341.0
2013-06-11 23:00:00+00:00,2013-06-12 09:00:00+10:00,2013-06-12,9,0,2013-06-11 00:00:00+00:00,23,0.024358974,23.46,23.83,9045414.0,10477013.0,287438.0,468439.0
2013-06-12 00:00:00+00:00,2013-06-12 10:00:00+10:00,2013-06-12,10,1,2013-06-11 00:00:00+00:00,24,0.016794872,21.42,15.82,9647994.0,11368065.0,602580.0,891052.0
2013-06-12 01:00:00+00:00,2013-06-12 11:00:00+10:00,2013-06-12,11,2,2013-06-12 00:00:00+00:00,1,0.017435897,20.25,18.78,188765.1875,657726.0625,188765.1875,657726.0625
2013-06-12 02:00:00+00:00,2013-06-12 12:00:00+10:00,2013-06-12,12,3,2013-06-12 00:00:00+00:00,2,0.043653846,19.67,17.580000000000002,657336.4375,1589005.0,468571.25,931278.9375
2013-06-12 03:00:00+00:00,2013-06-12 13:00:00+10:00,2013-06-12,13,4,2013-06-12 00:00:00+00:00,3,0.049871795,19.71,18.2,889267.0,2340044.0,231930.5625,751039.0
2013-06-12 04:00:00+00:00,2013-06-12 14:00:00+10:00,2013-06-12,14,5,2013-06-12 00:00:00+00:00,4,0.038846154,20.62,20.27,1035506.625,2976184.0,146239.625,636140.0
2013-06-12 05:00:00+00:00,2013-06-12 15:00:00+10:00,2013-06-12,15,6,2013-06-12 00:00:00+00:00,5,0.015705128,22.09,21.01,1154926.0,3495180.0,119419.375,518996.0
2013-06-12 06:00:00+00:00,2013-06-12 16:00:00+10:00,2013-06-12,16,7,2013-06-12 00:00:00+00:00,6,0.013397436,25.86,25.67,1261887.0,3856290.0,106961.0,361110.0
2013-06-12 07:00:00+00:00,2013-06-12 17:00:00+10:00,2013-06-12,17,8,2013-06-12 00:00:00+00:00,7,0.005769231,28.14,20.95,1278905.0,3958389.0,17018.0,102099.0
2013-06-12 08:00:00+00:00,2013-06-12 18:00:00+10:00,2013-06-12,18,9,2013-06-12 00:00:00+00:00,8,6.41e-05,30.01,29.17,1278905.0,3958389.0,0.0,0.0
2013-06-12 09:00:00+00:00,2013-06-12 19:00:00+10:00,2013-06-12,19,10,2013-06-12 00:00:00+00:00,9,0.0,33.02,47.73,1278905.0,3958389.0,0.0,0.0
2013-06-12 10:00:00+00:00,2013-06-12 20:00:00+10:00,2013-06-12,20,11,2013-06-12 00:00:00+00:00,10,0.0,35.57,34.67,1278905.0,3958444.0,0.0,55.0
2013-06-12 23:00:00+00:00,2013-06-13 09:00:00+10:00,2013-06-13,9,0,2013-06-12 00:00:00+00:00,23,0.054038462,22.47,17.41,1644321.0,4621335.0,301833.0,529698.0
2013-06-13 00:00:00+00:00,2013-06-13 10:00:00+10:00,2013-06-13,10,1,2013-06-12 00:00:00+00:00,24,0.235,20.6,18.16,2396986.0,5666139.0,752665.0,1044804.0
2013-06-13 01:00:00+00:00,2013-06-13 11:00:00+10:00,2013-06-13,11,2,2013-06-13 00:00:00+00:00,1,0.286923077,19.72,17.82,783760.1875,1145395.0,783760.1875,1145395.0
2013-06-13 02:00:00+00:00,2013-06-13 12:00:00+10:00,2013-06-13,12,3,2013-06-13 00:00:00+00:00,2,0.386538462,19.27,16.57,2102162.0,2796369.0,1318401.8125,1650974.0
2013-06-13 03:00:00+00:00,2013-06-13 13:00:00+10:00,2013-06-13,13,4,2013-06-13 00:00:00+00:00,3,0.213141026,19.52,13.67,3519836.0,4523564.0,1417674.0,1727195.0
2013-06-13 04:00:00+00:00,2013-06-13 14:00:00+10:00,2013-06-13,14,5,2013-06-13 00:00:00+00:00,4,0.374871795,20.87,20.87,4534936.0,5877971.0,1015100.0,1354407.0
2013-06-13 05:00:00+00:00,2013-06-13 15:00:00+10:00,2013-06-13,15,6,2013-06-13 00:00:00+00:00,5,0.115833333,22.01,19.3,5464632.0,7057574.0,929696.0,1179603.0
2013-06-13 06:00:00+00:00,2013-06-13 16:00:00+10:00,2013-06-13,16,7,2013-06-13 00:00:00+00:00,6,0.11974359,24.49,23.1,5821731.0,7641279.0,357099.0,583705.0
2013-06-13 07:00:00+00:00,2013-06-13 17:00:00+10:00,2013-06-13,17,8,2013-06-13 00:00:00+00:00,7,0.013269231,27.61,39.17,5930041.0,7839424.0,108310.0,198145.0
2013-06-13 08:00:00+00:00,2013-06-13 18:00:00+10:00,2013-06-13,18,9,2013-06-13 00:00:00+00:00,8,0.000192308,28.5,24.53,5930041.0,7839424.0,0.0,0.0
2013-06-13 09:00:00+00:00,2013-06-13 19:00:00+10:00,2013-06-13,19,10,2013-06-13 00:00:00+00:00,9,0.0,31.69,31.11,5930041.0,7839424.0,0.0,0.0
2013-06-13 10:00:00+00:00,2013-06-13 20:00:00+10:00,2013-06-13,20,11,2013-06-13 00:00:00+00:00,10,0.0,33.18,37.64,5930041.0,7839441.0,0.0,17.0
2013-06-13 23:00:00+00:00,2013-06-14 09:00:00+10:00,2013-06-14,9,0,2013-06-13 00:00:00+00:00,23,0.099423077,22.75,21.52,6402594.0,8576409.0,407359.0,602201.0
2013-06-14 00:00:00+00:00,2013-06-14 10:00:00+10:00,2013-06-14,10,1,2013-06-13 00:00:00+00:00,24,0.443589744,20.78,19.1,6779339.0,9291100.0,376745.0,714691.0
2013-06-14 01:00:00+00:00,2013-06-14 11:00:00+10:00,2013-06-14,11,2,2013-06-14 00:00:00+00:00,1,0.288717949,18.59,19.7,832174.25,1209086.0,832174.25,1209086.0
2013-06-14 02:00:00+00:00,2013-06-14 12:00:00+10:00,2013-06-14,12,3,2013-06-14 00:00:00+00:00,2,0.296089744,18.25,18.85,1709587.0,2514624.0,877412.75,1305538.0
2013-06-14 03:00:00+00:00,2013-06-14 13:00:00+10:00,2013-06-14,13,4,2013-06-14 00:00:00+00:00,3,0.250128205,18.11,18.1,2586957.0,3851964.0,877370.0,1337340.0
2013-06-14 04:00:00+00:00,2013-06-14 14:00:00+10:00,2013-06-14,14,5,2013-06-14 00:00:00+00:00,4,0.389807692,19.32,18.52,3539961.0,5125572.0,953004.0,1273608.0
2013-06-14 05:00:00+00:00,2013-06-14 15:00:00+10:00,2013-06-14,15,6,2013-06-14 00:00:00+00:00,5,0.177692308,20.26,18.01,4187430.0,6085412.0,647469.0,959840.0
2013-06-14 06:00:00+00:00,2013-06-14 16:00:00+10:00,2013-06-14,16,7,2013-06-14 00:00:00+00:00,6,0.111858974,23.53,16.580000000000002,4504779.0,6619409.0,317349.0,533997.0
2013-06-14 07:00:00+00:00,2013-06-14 17:00:00+10:00,2013-06-14,17,8,2013-06-14 00:00:00+00:00,7,0.017884615,26.03,26.82,4588677.0,6784297.0,83898.0,164888.0
2013-06-14 08:00:00+00:00,2013-06-14 18:00:00+10:00,2013-06-14,18,9,2013-06-14 00:00:00+00:00,8,0.000192308,27.23,25.5,4588677.0,6784297.0,0.0,0.0
2013-06-14 09:00:00+00:00,2013-06-14 19:00:00+10:00,2013-06-14,19,10,2013-06-14 00:00:00+00:00,9,0.0,29.33,29.68,4588677.0,6784297.0,0.0,0.0
2013-06-14 10:00:00+00:00,2013-06-14 20:00:00+10:00,2013-06-14,20,11,2013-06-14 00:00:00+00:00,10,0.0,30.75,27.22,4588677.0,6784118.0,0.0,-179.0
2013-06-14 23:00:00+00:00,2013-06-15 09:00:00+10:00,2013-06-15,9,0,2013-06-14 00:00:00+00:00,23,0.050384615,20.63,17.16,5192597.0,7596740.0,518803.0,672111.0
2013-06-15 00:00:00+00:00,2013-06-15 10:00:00+10:00,2013-06-15,10,1,2013-06-14 00:00:00+00:00,24,0.577948718,18.98,9.98,6255999.0,8857526.0,1063402.0,1260786.0
2013-06-15 01:00:00+00:00,2013-06-15 11:00:00+10:00,2013-06-15,11,2,2013-06-15 00:00:00+00:00,1,0.695320513,17.29,16.04,1593256.0,1766463.0,1593256.0,1766463.0
2013-06-15 02:00:00+00:00,2013-06-15 12:00:00+10:00,2013-06-15,12,3,2013-06-15 00:00:00+00:00,2,0.691474359,17.39,14.83,3061119.0,3489431.0,1467863.0,1722968.0
2013-06-15 03:00:00+00:00,2013-06-15 13:00:00+10:00,2013-06-15,13,4,2013-06-15 00:00:00+00:00,3,0.572307692,17.27,13.66,4359780.0,5102177.0,1298661.0,1612746.0
2013-06-15 04:00:00+00:00,2013-06-15 14:00:00+10:00,2013-06-15,14,5,2013-06-15 00:00:00+00:00,4,0.625576923,17.48,16.37,5048575.0,6185565.0,688795.0,1083388.0
2013-06-15 05:00:00+00:00,2013-06-15 15:00:00+10:00,2013-06-15,15,6,2013-06-15 00:00:00+00:00,5,0.363525641,17.72,18.3,5634514.0,7089606.0,585939.0,904041.0
2013-06-15 06:00:00+00:00,2013-06-15 16:00:00+10:00,2013-06-15,16,7,2013-06-15 00:00:00+00:00,6,0.094615385,18.91,60.43,5985010.0,7655351.0,350496.0,565745.0
2013-06-15 07:00:00+00:00,2013-06-15 17:00:00+10:00,2013-06-15,17,8,2013-06-15 00:00:00+00:00,7,0.015769231,22.19,21.22,6097248.0,7849910.0,112238.0,194559.0
2013-06-15 08:00:00+00:00,2013-06-15 18:00:00+10:00,2013-06-15,18,9,2013-06-15 00:00:00+00:00,8,0.00025641,24.18,24.69,6097248.0,7849910.0,0.0,0.0
2013-06-15 09:00:00+00:00,2013-06-15 19:00:00+10:00,2013-06-15,19,10,2013-06-15 00:00:00+00:00,9,0.0,26.38,24.89,6097248.0,7849910.0,0.0,0.0
2013-06-15 10:00:00+00:00,2013-06-15 20:00:00+10:00,2013-06-15,20,11,2013-06-15 00:00:00+00:00,10,0.0,29.1,34.03,6097248.0,7849910.0,0.0,0.0
2013-06-15 23:00:00+00:00,2013-06-16 09:00:00+10:00,2013-06-16,9,0,2013-06-15 00:00:00+00:00,23,0.089615385,22.84,21.63,6838936.0,8784879.0,639075.0,775784.0
2013-06-16 00:00:00+00:00,2013-06-16 10:00:00+10:00,2013-06-16,10,1,2013-06-15 00:00:00+00:00,24,0.579615385,20.54,19.26,7945494.0,10064565.0,1106558.0,1279686.0
2013-06-16 01:00:00+00:00,2013-06-16 11:00:00+10:00,2013-06-16,11,2,2013-06-16 00:00:00+00:00,1,0.662179487,18.96,18.83,1589323.0,1758647.0,1589323.0,1758647.0
2013-06-16 02:00:00+00:00,2013-06-16 12:00:00+10:00,2013-06-16,12,3,2013-06-16 00:00:00+00:00,2,0.719487179,18.11,18.88,3401404.0,3745722.0,1812081.0,1987075.0
2013-06-16 03:00:00+00:00,2013-06-16 13:00:00+10:00,2013-06-16,13,4,2013-06-16 00:00:00+00:00,3,0.636602564,17.59,17.31,4966951.0,5550957.0,1565547.0,1805235.0
2013-06-16 04:00:00+00:00,2013-06-16 14:00:00+10:00,2013-06-16,14,5,2013-06-16 00:00:00+00:00,4,0.526730769,17.51,12.35,6116642.0,6982408.0,1149691.0,1431451.0
2013-06-16 05:00:00+00:00,2013-06-16 15:00:00+10:00,2013-06-16,15,6,2013-06-16 00:00:00+00:00,5,0.404230769,16.25,14.18,6857388.0,7994093.0,740746.0,1011685.0
2013-06-16 06:00:00+00:00,2013-06-16 16:00:00+10:00,2013-06-16,16,7,2013-06-16 00:00:00+00:00,6,0.170384615,19.0,14.91,7434905.0,8746933.0,577517.0,752840.0
2013-06-16 07:00:00+00:00,2013-06-16 17:00:00+10:00,2013-06-16,17,8,2013-06-16 00:00:00+00:00,7,0.019358974,21.65,21.66,7555772.0,8952218.0,120867.0,205285.0
2013-06-16 08:00:00+00:00,2013-06-16 18:00:00+10:00,2013-06-16,18,9,2013-06-16 00:00:00+00:00,8,0.000128205,23.81,22.83,7555772.0,8952218.0,0.0,0.0
2013-06-16 09:00:00+00:00,2013-06-16 19:00:00+10:00,2013-06-16,19,10,2013-06-16 00:00:00+00:00,9,0.0,26.1,55.28,7555772.0,8952218.0,0.0,0.0
2013-06-16 10:00:00+00:00,2013-06-16 20:00:00+10:00,2013-06-16,20,11,2013-06-16 00:00:00+00:00,10,0.0,28.69,23.4,7555772.0,8952218.0,0.0,0.0
2013-06-16 23:00:00+00:00,2013-06-17 09:00:00+10:00,2013-06-17,9,0,2013-06-16 00:00:00+00:00,23,0.097884615,23.22,21.65,7886750.0,9534777.0,281597.0,471007.0
2013-06-17 00:00:00+00:00,2013-06-17 10:00:00+10:00,2013-06-17,10,1,2013-06-16 00:00:00+00:00,24,0.447371795,21.6,19.44,8609818.0,10511924.0,723068.0,977147.0
2013-06-17 01:00:00+00:00,2013-06-17 11:00:00+10:00,2013-06-17,11,2,2013-06-17 00:00:00+00:00,1,0.195576923,20.62,17.52,872763.6875,1181236.0,872763.6875,1181236.0
2013-06-17 02:00:00+00:00,2013-06-17 12:00:00+10:00,2013-06-17,12,3,2013-06-17 00:00:00+00:00,2,0.47275641,19.47,16.41,1841389.0,2480524.0,968625.3125,1299288.0
2013-06-17 03:00:00+00:00,2013-06-17 13:00:00+10:00,2013-06-17,13,4,2013-06-17 00:00:00+00:00,3,0.55724359,19.53,17.86,2754027.0,3779240.0,912638.0,1298716.0
2013-06-17 04:00:00+00:00,2013-06-17 14:00:00+10:00,2013-06-17,14,5,2013-06-17 00:00:00+00:00,4,0.356153846,20.8,19.37,3424823.0,4844131.0,670796.0,1064891.0
2013-06-17 05:00:00+00:00,2013-06-17 15:00:00+10:00,2013-06-17,15,6,2013-06-17 00:00:00+00:00,5,0.330064103,22.54,20.6,4006570.0,5738392.0,581747.0,894261.0
2013-06-17 06:00:00+00:00,2013-06-17 16:00:00+10:00,2013-06-17,16,7,2013-06-17 00:00:00+00:00,6,0.179294872,25.69,22.51,4511895.0,6433637.0,505325.0,695245.0
2013-06-17 07:00:00+00:00,2013-06-17 17:00:00+10:00,2013-06-17,17,8,2013-06-17 00:00:00+00:00,7,0.015961538,29.85,28.02,4624437.0,6634800.0,112542.0,201163.0
2013-06-17 08:00:00+00:00,2013-06-17 18:00:00+10:00,2013-06-17,18,9,2013-06-17 00:00:00+00:00,8,0.00025641,30.81,30.21,4624437.0,6634800.0,0.0,0.0
2013-06-17 09:00:00+00:00,2013-06-17 19:00:00+10:00,2013-06-17,19,10,2013-06-17 00:00:00+00:00,9,0.0,35.1,59.35,4624437.0,6634800.0,0.0,0.0
2013-06-17 10:00:00+00:00,2013-06-17 20:00:00+10:00,2013-06-17,20,11,2013-06-17 00:00:00+00:00,10,0.0,38.12,42.8,4624437.0,6634800.0,0.0,0.0
2013-06-17 23:00:00+00:00,2013-06-18 09:00:00+10:00,2013-06-18,9,0,2013-06-17 00:00:00+00:00,23,0.058910256,24.82,22.18,5349761.0,7552439.0,630836.0,768842.0
2013-06-18 00:00:00+00:00,2013-06-18 10:00:00+10:00,2013-06-18,10,1,2013-06-17 00:00:00+00:00,24,0.238461538,22.53,21.26,6522062.0,8885165.0,1172301.0,1332726.0
2013-06-18 01:00:00+00:00,2013-06-18 11:00:00+10:00,2013-06-18,11,2,2013-06-18 00:00:00+00:00,1,0.359166667,21.69,19.16,1299092.0,1523881.0,1299092.0,1523881.0
2013-06-18 02:00:00+00:00,2013-06-18 12:00:00+10:00,2013-06-18,12,3,2013-06-18 00:00:00+00:00,2,0.701282051,21.03,20.15,2816983.0,3280561.0,1517891.0,1756680.0
2013-06-18 03:00:00+00:00,2013-06-18 13:00:00+10:00,2013-06-18,13,4,2013-06-18 00:00:00+00:00,3,0.620961538,21.08,19.9,4320702.0,5020448.0,1503719.0,1739887.0
2013-06-18 04:00:00+00:00,2013-06-18 14:00:00+10:00,2013-06-18,14,5,2013-06-18 00:00:00+00:00,4,0.288076923,21.98,20.9,5669083.0,6581052.0,1348381.0,1560604.0
2013-06-18 05:00:00+00:00,2013-06-18 15:00:00+10:00,2013-06-18,15,6,2013-06-18 00:00:00+00:00,5,0.058653846,23.11,20.8,6579691.0,7746739.0,910608.0,1165687.0
2013-06-18 06:00:00+00:00,2013-06-18 16:00:00+10:00,2013-06-18,16,7,2013-06-18 00:00:00+00:00,6,0.123269231,26.68,22.7,7125491.0,8471327.0,545800.0,724588.0
2013-06-18 07:00:00+00:00,2013-06-18 17:00:00+10:00,2013-06-18,17,8,2013-06-18 00:00:00+00:00,7,0.002051282,29.54,23.73,7201339.0,8631729.0,75848.0,160402.0
2013-06-18 08:00:00+00:00,2013-06-18 18:00:00+10:00,2013-06-18,18,9,2013-06-18 00:00:00+00:00,8,6.41e-05,30.6,24.88,7201339.0,8631729.0,0.0,0.0
2013-06-18 09:00:00+00:00,2013-06-18 19:00:00+10:00,2013-06-18,19,10,2013-06-18 00:00:00+00:00,9,0.0,32.47,26.02,7201339.0,8631729.0,0.0,0.0
2013-06-18 10:00:00+00:00,2013-06-18 20:00:00+10:00,2013-06-18,20,11,2013-06-18 00:00:00+00:00,10,0.0,34.26,27.7,7201339.0,8631620.0,0.0,-109.0
2013-06-18 23:00:00+00:00,2013-06-19 09:00:00+10:00,2013-06-19,9,0,2013-06-18 00:00:00+00:00,23,0.059358974,23.4,21.93,7935030.0,9548820.0,635190.0,763879.0
2013-06-19 00:00:00+00:00,2013-06-19 10:00:00+10:00,2013-06-19,10,1,2013-06-18 00:00:00+00:00,24,0.611474359,19.96,19.63,9122430.0,10877512.0,1187400.0,1328692.0
2013-06-19 01:00:00+00:00,2013-06-19 11:00:00+10:00,2013-06-19,11,2,2013-06-19 00:00:00+00:00,1,0.722564103,18.28,19.37,1604161.0,1742996.0,1604161.0,1742996.0
2013-06-19 02:00:00+00:00,2013-06-19 12:00:00+10:00,2013-06-19,12,3,2013-06-19 00:00:00+00:00,2,0.674358974,17.88,15.84,3423361.0,3708536.0,1819200.0,1965540.0
2013-06-19 03:00:00+00:00,2013-06-19 13:00:00+10:00,2013-06-19,13,4,2013-06-19 00:00:00+00:00,3,0.647948718,17.400000000000002,15.51,4961883.0,5452482.0,1538522.0,1743946.0
2013-06-19 04:00:00+00:00,2013-06-19 14:00:00+10:00,2013-06-19,14,5,2013-06-19 00:00:00+00:00,4,0.530448718,18.3,17.240000000000002,6319832.0,7016434.0,1357949.0,1563952.0
2013-06-19 05:00:00+00:00,2013-06-19 15:00:00+10:00,2013-06-19,15,6,2013-06-19 00:00:00+00:00,5,0.393076923,20.67,19.08,7406950.0,8269489.0,1087118.0,1253055.0
2013-06-19 06:00:00+00:00,2013-06-19 16:00:00+10:00,2013-06-19,16,7,2013-06-19 00:00:00+00:00,6,0.142051282,23.01,22.73,7731377.0,8787659.0,324427.0,518170.0
2013-06-19 07:00:00+00:00,2013-06-19 17:00:00+10:00,2013-06-19,17,8,2013-06-19 00:00:00+00:00,7,0.022628205,25.43,26.11,7812374.0,8949218.0,80997.0,161559.0
2013-06-19 08:00:00+00:00,2013-06-19 18:00:00+10:00,2013-06-19,18,9,2013-06-19 00:00:00+00:00,8,0.00025641,26.77,31.79,7812374.0,8949218.0,0.0,0.0
2013-06-19 09:00:00+00:00,2013-06-19 19:00:00+10:00,2013-06-19,19,10,2013-06-19 00:00:00+00:00,9,0.0,29.12,31.84,7812374.0,8949218.0,0.0,0.0
2013-06-19 10:00:00+00:00,2013-06-19 20:00:00+10:00,2013-06-19,20,11,2013-06-19 00:00:00+00:00,10,0.0,31.54,49.48,7812374.0,8949212.0,0.0,-6.0
2013-06-19 23:00:00+00:00,2013-06-20 09:00:00+10:00,2013-06-20,9,0,2013-06-19 00:00:00+00:00,23,0.078717949,20.23,19.95,8541704.0,9861021.0,632594.0,761134.0
2013-06-20 00:00:00+00:00,2013-06-20 10:00:00+10:00,2013-06-20,10,1,2013-06-19 00:00:00+00:00,24,0.470128205,19.39,12.4,9720312.0,11187292.0,1178608.0,1326271.0
2013-06-20 01:00:00+00:00,2013-06-20 11:00:00+10:00,2013-06-20,11,2,2013-06-20 00:00:00+00:00,1,0.662051282,17.44,16.64,1413985.0,1604233.0,1413985.0,1604233.0
2013-06-20 02:00:00+00:00,2013-06-20 12:00:00+10:00,2013-06-20,12,3,2013-06-20 00:00:00+00:00,2,0.646217949,15.69,12.91,2952268.0,3339569.0,1538283.0,1735336.0
2013-06-20 03:00:00+00:00,2013-06-20 13:00:00+10:00,2013-06-20,13,4,2013-06-20 00:00:00+00:00,3,0.645833333,16.04,15.39,4671301.0,5238219.0,1719033.0,1898650.0
2013-06-20 04:00:00+00:00,2013-06-20 14:00:00+10:00,2013-06-20,14,5,2013-06-20 00:00:00+00:00,4,0.564038462,18.4,17.44,6266523.0,6999874.0,1595222.0,1761655.0
2013-06-20 05:00:00+00:00,2013-06-20 15:00:00+10:00,2013-06-20,15,6,2013-06-20 00:00:00+00:00,5,0.287564103,20.28,19.28,7444303.0,8344788.0,1177780.0,1344914.0
2013-06-20 06:00:00+00:00,2013-06-20 16:00:00+10:00,2013-06-20,16,7,2013-06-20 00:00:00+00:00,6,0.180641026,22.92,22.21,8082067.0,9133022.0,637764.0,788234.0
2013-06-20 07:00:00+00:00,2013-06-20 17:00:00+10:00,2013-06-20,17,8,2013-06-20 00:00:00+00:00,7,0.034358974,25.63,24.71,8205599.0,9321111.0,123532.0,188089.0
2013-06-20 08:00:00+00:00,2013-06-20 18:00:00+10:00,2013-06-20,18,9,2013-06-20 00:00:00+00:00,8,0.000192308,28.23,26.96,8205599.0,9321111.0,0.0,0.0
2013-06-20 09:00:00+00:00,2013-06-20 19:00:00+10:00,2013-06-20,19,10,2013-06-20 00:00:00+00:00,9,0.0,31.3,25.85,8205599.0,9321111.0,0.0,0.0
2013-06-20 10:00:00+00:00,2013-06-20 20:00:00+10:00,2013-06-20,20,11,2013-06-20 00:00:00+00:00,10,0.0,33.4,28.73,8205599.0,9321300.0,0.0,189.0
2013-06-20 23:00:00+00:00,2013-06-21 09:00:00+10:00,2013-06-21,9,0,2013-06-20 00:00:00+00:00,23,0.134615385,22.22,21.33,8868475.0,10163678.0,576717.0,707878.0
2013-06-21 00:00:00+00:00,2013-06-21 10:00:00+10:00,2013-06-21,10,1,2013-06-20 00:00:00+00:00,24,0.475705128,20.33,16.06,9895152.0,11368748.0,1026677.0,1205070.0
2013-06-21 01:00:00+00:00,2013-06-21 11:00:00+10:00,2013-06-21,11,2,2013-06-21 00:00:00+00:00,1,0.631666667,19.1,19.74,1524517.0,1691670.0,1524517.0,1691670.0
2013-06-21 02:00:00+00:00,2013-06-21 12:00:00+10:00,2013-06-21,12,3,2013-06-21 00:00:00+00:00,2,0.677179487,18.42,16.44,3321024.0,3644689.0,1796507.0,1953019.0
2013-06-21 03:00:00+00:00,2013-06-21 13:00:00+10:00,2013-06-21,13,4,2013-06-21 00:00:00+00:00,3,0.652307692,18.5,19.09,5137367.0,5618785.0,1816343.0,1974096.0
2013-06-21 04:00:00+00:00,2013-06-21 14:00:00+10:00,2013-06-21,14,5,2013-06-21 00:00:00+00:00,4,0.536987179,19.76,21.73,6769088.0,7408089.0,1631721.0,1789304.0
2013-06-21 05:00:00+00:00,2013-06-21 15:00:00+10:00,2013-06-21,15,6,2013-06-21 00:00:00+00:00,5,0.38025641,21.31,24.32,8018340.0,8813727.0,1249252.0,1405638.0
2013-06-21 06:00:00+00:00,2013-06-21 16:00:00+10:00,2013-06-21,16,7,2013-06-21 00:00:00+00:00,6,0.173525641,24.45,24.19,8725980.0,9665961.0,707640.0,852234.0
2013-06-21 07:00:00+00:00,2013-06-21 17:00:00+10:00,2013-06-21,17,8,2013-06-21 00:00:00+00:00,7,0.021153846,28.43,53.44,8872574.0,9890056.0,146594.0,224095.0
2013-06-21 08:00:00+00:00,2013-06-21 18:00:00+10:00,2013-06-21,18,9,2013-06-21 00:00:00+00:00,8,0.00025641,30.22,23.69,8872574.0,9890056.0,0.0,0.0
2013-06-21 09:00:00+00:00,2013-06-21 19:00:00+10:00,2013-06-21,19,10,2013-06-21 00:00:00+00:00,9,0.0,34.300000000000004,24.01,8872574.0,9890056.0,0.0,0.0
2013-06-21 10:00:00+00:00,2013-06-21 20:00:00+10:00,2013-06-21,20,11,2013-06-21 00:00:00+00:00,10,0.0,37.94,24.87,8872574.0,9889987.0,0.0,-69.0
2013-06-21 23:00:00+00:00,2013-06-22 09:00:00+10:00,2013-06-22,9,0,2013-06-21 00:00:00+00:00,23,0.05,23.7,19.95,9597054.0,10784212.0,629763.0,749264.0
2013-06-22 00:00:00+00:00,2013-06-22 10:00:00+10:00,2013-06-22,10,1,2013-06-21 00:00:00+00:00,24,0.588974359,21.26,17.97,10767007.0,12099894.0,1169953.0,1315682.0
2013-06-22 01:00:00+00:00,2013-06-22 11:00:00+10:00,2013-06-22,11,2,2013-06-22 00:00:00+00:00,1,0.688333333,18.89,19.17,1322391.0,1537396.0,1322391.0,1537396.0
2013-06-22 02:00:00+00:00,2013-06-22 12:00:00+10:00,2013-06-22,12,3,2013-06-22 00:00:00+00:00,2,0.708974359,17.01,18.83,2905949.0,3321049.0,1583558.0,1783653.0
2013-06-22 03:00:00+00:00,2013-06-22 13:00:00+10:00,2013-06-22,13,4,2013-06-22 00:00:00+00:00,3,0.505512821,15.93,16.62,4064293.0,4795257.0,1158344.0,1474208.0
2013-06-22 04:00:00+00:00,2013-06-22 14:00:00+10:00,2013-06-22,14,5,2013-06-22 00:00:00+00:00,4,0.199166667,16.54,18.71,5069166.0,6105425.0,1004873.0,1310168.0
2013-06-22 05:00:00+00:00,2013-06-22 15:00:00+10:00,2013-06-22,15,6,2013-06-22 00:00:00+00:00,5,0.264935897,17.6,13.91,5971814.0,7228921.0,902648.0,1123496.0
2013-06-22 06:00:00+00:00,2013-06-22 16:00:00+10:00,2013-06-22,16,7,2013-06-22 00:00:00+00:00,6,0.089423077,20.02,20.72,6515240.0,7958405.0,543426.0,729484.0
2013-06-22 07:00:00+00:00,2013-06-22 17:00:00+10:00,2013-06-22,17,8,2013-06-22 00:00:00+00:00,7,0.030320513,22.97,22.66,6634813.0,8164070.0,119573.0,205665.0
2013-06-22 08:00:00+00:00,2013-06-22 18:00:00+10:00,2013-06-22,18,9,2013-06-22 00:00:00+00:00,8,0.00025641,26.76,23.73,6634813.0,8164070.0,0.0,0.0
2013-06-22 09:00:00+00:00,2013-06-22 19:00:00+10:00,2013-06-22,19,10,2013-06-22 00:00:00+00:00,9,0.0,29.74,24.28,6634813.0,8164070.0,0.0,0.0
2013-06-22 10:00:00+00:00,2013-06-22 20:00:00+10:00,2013-06-22,20,11,2013-06-22 00:00:00+00:00,10,0.0,32.67,25.33,6634813.0,8164051.0,0.0,-19.0
2013-06-22 23:00:00+00:00,2013-06-23 09:00:00+10:00,2013-06-23,9,0,2013-06-22 00:00:00+00:00,23,0.077628205,22.47,20.05,7273330.0,8997416.0,560075.0,698663.0
2013-06-23 00:00:00+00:00,2013-06-23 10:00:00+10:00,2013-06-23,10,1,2013-06-22 00:00:00+00:00,24,0.303012821,18.85,24.55,8356934.0,10264062.0,1083604.0,1266646.0
2013-06-23 01:00:00+00:00,2013-06-23 11:00:00+10:00,2013-06-23,11,2,2013-06-23 00:00:00+00:00,1,0.373525641,16.2,15.47,1471677.0,1661049.0,1471677.0,1661049.0
2013-06-23 02:00:00+00:00,2013-06-23 12:00:00+10:00,2013-06-23,12,3,2013-06-23 00:00:00+00:00,2,0.701410256,14.92,3.19,2982116.0,3433141.0,1510439.0,1772092.0
2013-06-23 03:00:00+00:00,2013-06-23 13:00:00+10:00,2013-06-23,13,4,2013-06-23 00:00:00+00:00,3,0.375192308,13.68,-2.34,4121056.0,4930838.0,1138940.0,1497697.0
2013-06-23 04:00:00+00:00,2013-06-23 14:00:00+10:00,2013-06-23,14,5,2013-06-23 00:00:00+00:00,4,0.223589744,13.69,0.73,5143686.0,6266241.0,1022630.0,1335403.0
2013-06-23 05:00:00+00:00,2013-06-23 15:00:00+10:00,2013-06-23,15,6,2013-06-23 00:00:00+00:00,5,0.146217949,12.83,-8.17,5604643.0,7073707.0,460957.0,807466.0
2013-06-23 06:00:00+00:00,2013-06-23 16:00:00+10:00,2013-06-23,16,7,2013-06-23 00:00:00+00:00,6,0.092115385,16.04,17.61,5861310.0,7557327.0,256667.0,483620.0
2013-06-23 07:00:00+00:00,2013-06-23 17:00:00+10:00,2013-06-23,17,8,2013-06-23 00:00:00+00:00,7,0.016346154,19.71,20.32,5915262.0,7700857.0,53952.0,143530.0
2013-06-23 08:00:00+00:00,2013-06-23 18:00:00+10:00,2013-06-23,18,9,2013-06-23 00:00:00+00:00,8,0.000448718,23.77,25.63,5915262.0,7700857.0,0.0,0.0
2013-06-23 09:00:00+00:00,2013-06-23 19:00:00+10:00,2013-06-23,19,10,2013-06-23 00:00:00+00:00,9,0.0,26.39,27.42,5915262.0,7700857.0,0.0,0.0
2013-06-23 10:00:00+00:00,2013-06-23 20:00:00+10:00,2013-06-23,20,11,2013-06-23 00:00:00+00:00,10,0.0,29.08,31.34,5915262.0,7700985.0,0.0,128.0
2013-06-23 23:00:00+00:00,2013-06-24 09:00:00+10:00,2013-06-24,9,0,2013-06-23 00:00:00+00:00,23,0.021282051,23.31,22.19,6090499.0,8125899.0,143664.0,343444.0
2013-06-24 00:00:00+00:00,2013-06-24 10:00:00+10:00,2013-06-24,10,1,2013-06-23 00:00:00+00:00,24,0.043333333,22.62,18.85,6303873.0,8690018.0,213374.0,564119.0
2013-06-24 01:00:00+00:00,2013-06-24 11:00:00+10:00,2013-06-24,11,2,2013-06-24 00:00:00+00:00,1,0.047179487,20.98,19.51,311396.75,755755.0,311396.75,755755.0
2013-06-24 02:00:00+00:00,2013-06-24 12:00:00+10:00,2013-06-24,12,3,2013-06-24 00:00:00+00:00,2,0.05974359,20.14,18.6,511326.5,1459549.0,199929.75,703794.0
2013-06-24 03:00:00+00:00,2013-06-24 13:00:00+10:00,2013-06-24,13,4,2013-06-24 00:00:00+00:00,3,0.083653846,19.87,19.04,777188.0,2242892.0,265861.5,783343.0
2013-06-24 04:00:00+00:00,2013-06-24 14:00:00+10:00,2013-06-24,14,5,2013-06-24 00:00:00+00:00,4,0.053397436,21.16,19.97,954637.25,2911202.0,177449.25,668310.0
2013-06-24 05:00:00+00:00,2013-06-24 15:00:00+10:00,2013-06-24,15,6,2013-06-24 00:00:00+00:00,5,0.031474359,23.39,20.78,1067913.0,3411945.0,113275.75,500743.0
2013-06-24 06:00:00+00:00,2013-06-24 16:00:00+10:00,2013-06-24,16,7,2013-06-24 00:00:00+00:00,6,0.008397436,26.38,24.44,1130341.0,3724440.0,62428.0,312495.0
2013-06-24 07:00:00+00:00,2013-06-24 17:00:00+10:00,2013-06-24,17,8,2013-06-24 00:00:00+00:00,7,0.002307692,30.68,30.82,1140528.0,3821197.0,10187.0,96757.0
2013-06-24 08:00:00+00:00,2013-06-24 18:00:00+10:00,2013-06-24,18,9,2013-06-24 00:00:00+00:00,8,0.0,33.06,27.33,1140528.0,3821197.0,0.0,0.0
2013-06-24 09:00:00+00:00,2013-06-24 19:00:00+10:00,2013-06-24,19,10,2013-06-24 00:00:00+00:00,9,0.0,37.26,27.56,1140528.0,3821197.0,0.0,0.0
2013-06-24 10:00:00+00:00,2013-06-24 20:00:00+10:00,2013-06-24,20,11,2013-06-24 00:00:00+00:00,10,0.0,42.0,34.36,1140528.0,3821069.0,0.0,-128.0
2013-06-24 23:00:00+00:00,2013-06-25 09:00:00+10:00,2013-06-25,9,0,2013-06-24 00:00:00+00:00,23,0.023269231,23.96,20.76,1444849.0,4410208.0,267138.0,485739.0
2013-06-25 00:00:00+00:00,2013-06-25 10:00:00+10:00,2013-06-25,10,1,2013-06-24 00:00:00+00:00,24,0.043653846,21.21,17.36,2147436.0,5399433.0,702587.0,989225.0
2013-06-25 01:00:00+00:00,2013-06-25 11:00:00+10:00,2013-06-25,11,2,2013-06-25 00:00:00+00:00,1,0.14275641,18.47,18.27,239920.3125,732494.1875,239920.3125,732494.1875
2013-06-25 02:00:00+00:00,2013-06-25 12:00:00+10:00,2013-06-25,12,3,2013-06-25 00:00:00+00:00,2,0.279294872,16.44,18.11,430633.4375,1445166.0,190713.125,712671.8125
2013-06-25 03:00:00+00:00,2013-06-25 13:00:00+10:00,2013-06-25,13,4,2013-06-25 00:00:00+00:00,3,0.360512821,15.79,17.91,688534.625,2211936.0,257901.1875,766770.0
2013-06-25 04:00:00+00:00,2013-06-25 14:00:00+10:00,2013-06-25,14,5,2013-06-25 00:00:00+00:00,4,0.208589744,17.62,19.4,965388.8125,2958615.0,276854.1875,746679.0
2013-06-25 05:00:00+00:00,2013-06-25 15:00:00+10:00,2013-06-25,15,6,2013-06-25 00:00:00+00:00,5,0.161217949,21.42,21.15,1482380.0,3823301.0,516991.1875,864686.0
2013-06-25 06:00:00+00:00,2013-06-25 16:00:00+10:00,2013-06-25,16,7,2013-06-25 00:00:00+00:00,6,0.080576923,24.11,22.25,1643724.0,4227958.0,161344.0,404657.0
2013-06-25 07:00:00+00:00,2013-06-25 17:00:00+10:00,2013-06-25,17,8,2013-06-25 00:00:00+00:00,7,0.024615385,27.26,23.95,1687181.0,4368715.0,43457.0,140757.0
2013-06-25 08:00:00+00:00,2013-06-25 18:00:00+10:00,2013-06-25,18,9,2013-06-25 00:00:00+00:00,8,0.000448718,31.13,26.99,1687181.0,4368715.0,0.0,0.0
2013-06-25 09:00:00+00:00,2013-06-25 19:00:00+10:00,2013-06-25,19,10,2013-06-25 00:00:00+00:00,9,0.0,33.74,26.33,1687181.0,4368715.0,0.0,0.0
2013-06-25 10:00:00+00:00,2013-06-25 20:00:00+10:00,2013-06-25,20,11,2013-06-25 00:00:00+00:00,10,0.0,40.98,30.61,1687181.0,4368715.0,0.0,0.0
2013-06-25 23:00:00+00:00,2013-06-26 09:00:00+10:00,2013-06-26,9,0,2013-06-25 00:00:00+00:00,23,0.049230769,26.57,23.89,1991775.0,4969649.0,257838.0,489079.0
2013-06-26 00:00:00+00:00,2013-06-26 10:00:00+10:00,2013-06-26,10,1,2013-06-25 00:00:00+00:00,24,0.578525641,22.69,20.67,2629903.0,5919060.0,638128.0,949411.0
2013-06-26 01:00:00+00:00,2013-06-26 11:00:00+10:00,2013-06-26,11,2,2013-06-26 00:00:00+00:00,1,0.691025641,20.92,21.92,1269967.0,1573174.0,1269967.0,1573174.0
2013-06-26 02:00:00+00:00,2013-06-26 12:00:00+10:00,2013-06-26,12,3,2013-06-26 00:00:00+00:00,2,0.641025641,20.69,22.03,2287342.0,3001144.0,1017375.0,1427970.0
2013-06-26 03:00:00+00:00,2013-06-26 13:00:00+10:00,2013-06-26,13,4,2013-06-26 00:00:00+00:00,3,0.664358974,20.58,21.35,3245381.0,4387446.0,958039.0,1386302.0
2013-06-26 04:00:00+00:00,2013-06-26 14:00:00+10:00,2013-06-26,14,5,2013-06-26 00:00:00+00:00,4,0.520192308,21.21,21.69,4207049.0,5722973.0,961668.0,1335527.0
2013-06-26 05:00:00+00:00,2013-06-26 15:00:00+10:00,2013-06-26,15,6,2013-06-26 00:00:00+00:00,5,0.374551282,22.82,23.17,4870427.0,6709167.0,663378.0,986194.0
2013-06-26 06:00:00+00:00,2013-06-26 16:00:00+10:00,2013-06-26,16,7,2013-06-26 00:00:00+00:00,6,0.177179487,25.54,28.9,5322456.0,7382950.0,452029.0,673783.0
2013-06-26 07:00:00+00:00,2013-06-26 17:00:00+10:00,2013-06-26,17,8,2013-06-26 00:00:00+00:00,7,0.034230769,30.52,31.47000000000001,5434514.0,7595897.0,112058.0,212947.0
2013-06-26 08:00:00+00:00,2013-06-26 18:00:00+10:00,2013-06-26,18,9,2013-06-26 00:00:00+00:00,8,0.000384615,31.9,28.59,5434514.0,7595897.0,0.0,0.0
2013-06-26 09:00:00+00:00,2013-06-26 19:00:00+10:00,2013-06-26,19,10,2013-06-26 00:00:00+00:00,9,0.0,32.660000000000004,30.51,5434514.0,7595897.0,0.0,0.0
2013-06-26 10:00:00+00:00,2013-06-26 20:00:00+10:00,2013-06-26,20,11,2013-06-26 00:00:00+00:00,10,0.0,36.6,56.16,5434514.0,7595886.0,0.0,-11.0
2013-06-26 23:00:00+00:00,2013-06-27 09:00:00+10:00,2013-06-27,9,0,2013-06-26 00:00:00+00:00,23,0.114935897,25.52,25.57,5963182.0,8366956.0,456829.0,637776.0
2013-06-27 00:00:00+00:00,2013-06-27 10:00:00+10:00,2013-06-27,10,1,2013-06-26 00:00:00+00:00,24,0.359807692,23.73,22.86,6874652.0,9531794.0,911470.0,1164838.0
2013-06-27 01:00:00+00:00,2013-06-27 11:00:00+10:00,2013-06-27,11,2,2013-06-27 00:00:00+00:00,1,0.574102564,22.64,23.63,1139599.0,1427279.0,1139599.0,1427279.0
2013-06-27 02:00:00+00:00,2013-06-27 12:00:00+10:00,2013-06-27,12,3,2013-06-27 00:00:00+00:00,2,0.365192308,22.02,22.9,2296137.0,2937311.0,1156538.0,1510032.0
2013-06-27 03:00:00+00:00,2013-06-27 13:00:00+10:00,2013-06-27,13,4,2013-06-27 00:00:00+00:00,3,0.238333333,21.73,23.24,3635927.0,4598447.0,1339790.0,1661136.0
2013-06-27 04:00:00+00:00,2013-06-27 14:00:00+10:00,2013-06-27,14,5,2013-06-27 00:00:00+00:00,4,0.111730769,22.11,23.12,4647632.0,5952101.0,1011705.0,1353654.0
2013-06-27 05:00:00+00:00,2013-06-27 15:00:00+10:00,2013-06-27,15,6,2013-06-27 00:00:00+00:00,5,0.100576923,23.37,23.62,5341033.0,6938798.0,693401.0,986697.0
2013-06-27 06:00:00+00:00,2013-06-27 16:00:00+10:00,2013-06-27,16,7,2013-06-27 00:00:00+00:00,6,0.067884615,25.95,28.01,5733626.0,7530614.0,392593.0,591816.0
2013-06-27 07:00:00+00:00,2013-06-27 17:00:00+10:00,2013-06-27,17,8,2013-06-27 00:00:00+00:00,7,0.013141026,31.13,38.67,5847592.0,7719715.0,113966.0,189101.0
2013-06-27 08:00:00+00:00,2013-06-27 18:00:00+10:00,2013-06-27,18,9,2013-06-27 00:00:00+00:00,8,6.41e-05,32.07,32.83,5847592.0,7719715.0,0.0,0.0
2013-06-27 09:00:00+00:00,2013-06-27 19:00:00+10:00,2013-06-27,19,10,2013-06-27 00:00:00+00:00,9,0.0,35.93,42.75,5847592.0,7719715.0,0.0,0.0
2013-06-27 10:00:00+00:00,2013-06-27 20:00:00+10:00,2013-06-27,20,11,2013-06-27 00:00:00+00:00,10,0.0,39.67,40.79,5847592.0,7719525.0,0.0,-190.0
2013-06-27 23:00:00+00:00,2013-06-28 09:00:00+10:00,2013-06-28,9,0,2013-06-27 00:00:00+00:00,23,0.066474359,24.97,22.83,6238516.0,8389156.0,340717.0,555832.0
2013-06-28 00:00:00+00:00,2013-06-28 10:00:00+10:00,2013-06-28,10,1,2013-06-27 00:00:00+00:00,24,0.152628205,23.1,20.26,6833417.0,9313728.0,594901.0,924572.0
2013-06-28 01:00:00+00:00,2013-06-28 11:00:00+10:00,2013-06-28,11,2,2013-06-28 00:00:00+00:00,1,0.176346154,21.72,21.31,1348637.0,1618864.0,1348637.0,1618864.0
2013-06-28 02:00:00+00:00,2013-06-28 12:00:00+10:00,2013-06-28,12,3,2013-06-28 00:00:00+00:00,2,0.403653846,20.95,20.24,2779428.0,3373281.0,1430791.0,1754417.0
2013-06-28 03:00:00+00:00,2013-06-28 13:00:00+10:00,2013-06-28,13,4,2013-06-28 00:00:00+00:00,3,0.442948718,20.39,20.06,3913569.0,4882185.0,1134141.0,1508904.0
2013-06-28 04:00:00+00:00,2013-06-28 14:00:00+10:00,2013-06-28,14,5,2013-06-28 00:00:00+00:00,4,0.201025641,20.72,19.57,4700580.0,6082704.0,787011.0,1200519.0
2013-06-28 05:00:00+00:00,2013-06-28 15:00:00+10:00,2013-06-28,15,6,2013-06-28 00:00:00+00:00,5,0.108269231,21.92,21.8,5190976.0,6914068.0,490396.0,831364.0
2013-06-28 06:00:00+00:00,2013-06-28 16:00:00+10:00,2013-06-28,16,7,2013-06-28 00:00:00+00:00,6,0.068205128,23.42,24.06,5394695.0,7364324.0,203719.0,450256.0
2013-06-28 07:00:00+00:00,2013-06-28 17:00:00+10:00,2013-06-28,17,8,2013-06-28 00:00:00+00:00,7,0.012564103,27.05,30.71,5475144.0,7531126.0,80449.0,166802.0
2013-06-28 08:00:00+00:00,2013-06-28 18:00:00+10:00,2013-06-28,18,9,2013-06-28 00:00:00+00:00,8,6.41e-05,28.66,28.2,5475080.0,7531010.0,-64.0,-116.0
2013-06-28 09:00:00+00:00,2013-06-28 19:00:00+10:00,2013-06-28,19,10,2013-06-28 00:00:00+00:00,9,0.0,31.17,25.52,5475080.0,7531010.0,0.0,0.0
2013-06-28 10:00:00+00:00,2013-06-28 20:00:00+10:00,2013-06-28,20,11,2013-06-28 00:00:00+00:00,10,0.0,33.2,36.71,5475080.0,7531504.0,0.0,494.0
2013-06-28 23:00:00+00:00,2013-06-29 09:00:00+10:00,2013-06-29,9,0,2013-06-28 00:00:00+00:00,23,0.036923077,21.82,19.86,5551060.0,7879456.0,65846.0,282507.0
2013-06-29 00:00:00+00:00,2013-06-29 10:00:00+10:00,2013-06-29,10,1,2013-06-28 00:00:00+00:00,24,0.109230769,19.69,21.61,5703662.0,8385082.0,152602.0,505626.0
2013-06-29 01:00:00+00:00,2013-06-29 11:00:00+10:00,2013-06-29,11,2,2013-06-29 00:00:00+00:00,1,0.195833333,16.91,21.56,784324.625,1161702.0,784324.625,1161702.0
2013-06-29 02:00:00+00:00,2013-06-29 12:00:00+10:00,2013-06-29,12,3,2013-06-29 00:00:00+00:00,2,0.206794872,15.98,17.54,1709949.0,2529403.0,925624.375,1367701.0
2013-06-29 03:00:00+00:00,2013-06-29 13:00:00+10:00,2013-06-29,13,4,2013-06-29 00:00:00+00:00,3,0.135641026,15.57,18.8,2487554.0,3769963.0,777605.0,1240560.0
2013-06-29 04:00:00+00:00,2013-06-29 14:00:00+10:00,2013-06-29,14,5,2013-06-29 00:00:00+00:00,4,0.174615385,15.38,18.3,3393384.0,5023419.0,905830.0,1253456.0
2013-06-29 05:00:00+00:00,2013-06-29 15:00:00+10:00,2013-06-29,15,6,2013-06-29 00:00:00+00:00,5,0.142564103,15.82,19.88,4174939.0,6116223.0,781555.0,1092804.0
2013-06-29 06:00:00+00:00,2013-06-29 16:00:00+10:00,2013-06-29,16,7,2013-06-29 00:00:00+00:00,6,0.069038462,19.13,22.66,4578486.0,6736199.0,403547.0,619976.0
2013-06-29 07:00:00+00:00,2013-06-29 17:00:00+10:00,2013-06-29,17,8,2013-06-29 00:00:00+00:00,7,0.010769231,21.7,25.49,4694481.0,6934064.0,115995.0,197865.0
2013-06-29 08:00:00+00:00,2013-06-29 18:00:00+10:00,2013-06-29,18,9,2013-06-29 00:00:00+00:00,8,6.41e-05,23.03,25.07,4694481.0,6934064.0,0.0,0.0
2013-06-29 09:00:00+00:00,2013-06-29 19:00:00+10:00,2013-06-29,19,10,2013-06-29 00:00:00+00:00,9,0.0,24.53,25.28,4694481.0,6934064.0,0.0,0.0
2013-06-29 10:00:00+00:00,2013-06-29 20:00:00+10:00,2013-06-29,20,11,2013-06-29 00:00:00+00:00,10,0.0,25.7,42.61,4694481.0,6934080.0,0.0,16.0
2013-06-29 23:00:00+00:00,2013-06-30 09:00:00+10:00,2013-06-30,9,0,2013-06-29 00:00:00+00:00,23,0.275705128,20.66,20.85,5377530.0,7832226.0,596888.0,754184.0
2013-06-30 00:00:00+00:00,2013-06-30 10:00:00+10:00,2013-06-30,10,1,2013-06-29 00:00:00+00:00,24,0.568589744,19.03,16.51,6509452.0,9158967.0,1131922.0,1326741.0
2013-06-30 01:00:00+00:00,2013-06-30 11:00:00+10:00,2013-06-30,11,2,2013-06-30 00:00:00+00:00,1,0.664102564,17.81,18.49,1564243.0,1763520.0,1564243.0,1763520.0
2013-06-30 02:00:00+00:00,2013-06-30 12:00:00+10:00,2013-06-30,12,3,2013-06-30 00:00:00+00:00,2,0.695833333,16.28,18.58,3333149.0,3745848.0,1768906.0,1982328.0
2013-06-30 03:00:00+00:00,2013-06-30 13:00:00+10:00,2013-06-30,13,4,2013-06-30 00:00:00+00:00,3,0.614807692,14.58,17.21,5120594.0,5744319.0,1787445.0,1998471.0
2013-06-30 04:00:00+00:00,2013-06-30 14:00:00+10:00,2013-06-30,14,5,2013-06-30 00:00:00+00:00,4,0.5375,14.87,14.95,6647627.0,7496476.0,1527033.0,1752157.0
2013-06-30 05:00:00+00:00,2013-06-30 15:00:00+10:00,2013-06-30,15,6,2013-06-30 00:00:00+00:00,5,0.37974359,10.56,14.94,7821659.0,8875435.0,1174032.0,1378959.0
2013-06-30 06:00:00+00:00,2013-06-30 16:00:00+10:00,2013-06-30,16,7,2013-06-30 00:00:00+00:00,6,0.177820513,18.05,15.23,8503946.0,9736765.0,682287.0,861330.0
2013-06-30 07:00:00+00:00,2013-06-30 17:00:00+10:00,2013-06-30,17,8,2013-06-30 00:00:00+00:00,7,0.023653846,20.9,21.37,8659254.0,9985786.0,155308.0,249021.0
2013-06-30 08:00:00+00:00,2013-06-30 18:00:00+10:00,2013-06-30,18,9,2013-06-30 00:00:00+00:00,8,0.000384615,22.53,22.53,8659254.0,9985786.0,0.0,0.0
2013-06-30 09:00:00+00:00,2013-06-30 19:00:00+10:00,2013-06-30,19,10,2013-06-30 00:00:00+00:00,9,0.0,24.27,29.04,8659254.0,9985786.0,0.0,0.0
2013-06-30 10:00:00+00:00,2013-06-30 20:00:00+10:00,2013-06-30,20,11,2013-06-30 00:00:00+00:00,10,0.0,25.44,24.42,8659254.0,9985540.0,0.0,-246.0
2013-06-30 23:00:00+00:00,2013-07-01 09:00:00+10:00,2013-07-01,9,0,2013-06-30 00:00:00+00:00,23,0.031730769,22.1,21.32,9110659.0,10695768.0,395939.0,590509.0
2013-07-01 00:00:00+00:00,2013-07-01 10:00:00+10:00,2013-07-01,10,1,2013-06-30 00:00:00+00:00,24,0.077371795,20.98,21.02,9888953.0,11743903.0,778294.0,1048135.0
2013-07-01 01:00:00+00:00,2013-07-01 11:00:00+10:00,2013-07-01,11,2,2013-07-01 00:00:00+00:00,1,0.123846154,20.14,20.71,1557786.0,1733948.0,1557786.0,1733948.0
2013-07-01 02:00:00+00:00,2013-07-01 12:00:00+10:00,2013-07-01,12,3,2013-07-01 00:00:00+00:00,2,0.194102564,19.81,19.29,3380267.0,3728032.0,1822481.0,1994084.0
2013-07-01 03:00:00+00:00,2013-07-01 13:00:00+10:00,2013-07-01,13,4,2013-07-01 00:00:00+00:00,3,0.511474359,19.64,19.24,5244430.0,5764803.0,1864163.0,2036771.0
2013-07-01 04:00:00+00:00,2013-07-01 14:00:00+10:00,2013-07-01,14,5,2013-07-01 00:00:00+00:00,4,0.525128205,20.22,19.88,6910629.0,7611417.0,1666199.0,1846614.0
2013-07-01 05:00:00+00:00,2013-07-01 15:00:00+10:00,2013-07-01,15,6,2013-07-01 00:00:00+00:00,5,0.348846154,21.45,21.06,8172020.0,9055756.0,1261391.0,1444339.0
2013-07-01 06:00:00+00:00,2013-07-01 16:00:00+10:00,2013-07-01,16,7,2013-07-01 00:00:00+00:00,6,0.183333333,23.29,22.67,8898599.0,9947757.0,726579.0,892001.0
2013-07-01 07:00:00+00:00,2013-07-01 17:00:00+10:00,2013-07-01,17,8,2013-07-01 00:00:00+00:00,7,0.025064103,27.4,27.97,9069830.0,10212044.0,171231.0,264287.0
2013-07-01 08:00:00+00:00,2013-07-01 18:00:00+10:00,2013-07-01,18,9,2013-07-01 00:00:00+00:00,8,0.000384615,29.38,51.78,9069830.0,10212044.0,0.0,0.0
2013-07-01 09:00:00+00:00,2013-07-01 19:00:00+10:00,2013-07-01,19,10,2013-07-01 00:00:00+00:00,9,0.0,30.71,43.48,9069830.0,10212044.0,0.0,0.0
2013-07-01 10:00:00+00:00,2013-07-01 20:00:00+10:00,2013-07-01,20,11,2013-07-01 00:00:00+00:00,10,0.0,34.4,27.36,9069830.0,10211928.0,0.0,-116.0
2013-07-01 23:00:00+00:00,2013-07-02 09:00:00+10:00,2013-07-02,9,0,2013-07-01 00:00:00+00:00,23,0.026474359,23.3,21.42,9478173.0,10876612.0,352718.0,547882.0
2013-07-02 00:00:00+00:00,2013-07-02 10:00:00+10:00,2013-07-02,10,1,2013-07-01 00:00:00+00:00,24,0.053653846,21.32,20.05,10189520.0,11852201.0,711347.0,975589.0
2013-07-02 01:00:00+00:00,2013-07-02 11:00:00+10:00,2013-07-02,11,2,2013-07-02 00:00:00+00:00,1,0.088333333,20.34,19.6,1370715.0,1572251.0,1370715.0,1572251.0
2013-07-02 02:00:00+00:00,2013-07-02 12:00:00+10:00,2013-07-02,12,3,2013-07-02 00:00:00+00:00,2,0.104935897,19.98,17.39,3069120.0,3465520.0,1698405.0,1893269.0
2013-07-02 03:00:00+00:00,2013-07-02 13:00:00+10:00,2013-07-02,13,4,2013-07-02 00:00:00+00:00,3,0.153974359,19.81,19.18,4675843.0,5307950.0,1606723.0,1842430.0
2013-07-02 04:00:00+00:00,2013-07-02 14:00:00+10:00,2013-07-02,14,5,2013-07-02 00:00:00+00:00,4,0.143974359,20.44,19.77,6207364.0,7038560.0,1531521.0,1730610.0
2013-07-02 05:00:00+00:00,2013-07-02 15:00:00+10:00,2013-07-02,15,6,2013-07-02 00:00:00+00:00,5,0.099679487,21.38,20.44,7478723.0,8483486.0,1271359.0,1444926.0
2013-07-02 06:00:00+00:00,2013-07-02 16:00:00+10:00,2013-07-02,16,7,2013-07-02 00:00:00+00:00,6,0.071794872,23.03,22.14,8225886.0,9387523.0,747163.0,904037.0
2013-07-02 07:00:00+00:00,2013-07-02 17:00:00+10:00,2013-07-02,17,8,2013-07-02 00:00:00+00:00,7,0.020961538,27.0,23.56,8401468.0,9655138.0,175582.0,267615.0
2013-07-02 08:00:00+00:00,2013-07-02 18:00:00+10:00,2013-07-02,18,9,2013-07-02 00:00:00+00:00,8,0.000448718,27.6,25.23,8401468.0,9655138.0,0.0,0.0
2013-07-02 09:00:00+00:00,2013-07-02 19:00:00+10:00,2013-07-02,19,10,2013-07-02 00:00:00+00:00,9,0.0,29.49,35.75,8401468.0,9655138.0,0.0,0.0
2013-07-02 10:00:00+00:00,2013-07-02 20:00:00+10:00,2013-07-02,20,11,2013-07-02 00:00:00+00:00,10,0.0,30.48,27.41,8401468.0,9655138.0,0.0,0.0
2013-07-02 23:00:00+00:00,2013-07-03 09:00:00+10:00,2013-07-03,9,0,2013-07-02 00:00:00+00:00,23,0.035448718,22.86,22.27,9060046.0,10490571.0,567388.0,694133.0
2013-07-03 00:00:00+00:00,2013-07-03 10:00:00+10:00,2013-07-03,10,1,2013-07-02 00:00:00+00:00,24,0.104807692,21.47,20.79,10142691.0,11718367.0,1082645.0,1227796.0
2013-07-03 01:00:00+00:00,2013-07-03 11:00:00+10:00,2013-07-03,11,2,2013-07-03 00:00:00+00:00,1,0.167948718,20.44,20.77,1302359.0,1505255.0,1302359.0,1505255.0
2013-07-03 02:00:00+00:00,2013-07-03 12:00:00+10:00,2013-07-03,12,3,2013-07-03 00:00:00+00:00,2,0.247564103,19.79,20.31,3057360.0,3392769.0,1755001.0,1887514.0
2013-07-03 03:00:00+00:00,2013-07-03 13:00:00+10:00,2013-07-03,13,4,2013-07-03 00:00:00+00:00,3,0.433012821,19.66,20.16,4957776.0,5399176.0,1900416.0,2006407.0
2013-07-03 04:00:00+00:00,2013-07-03 14:00:00+10:00,2013-07-03,14,5,2013-07-03 00:00:00+00:00,4,0.578141026,20.66,21.55,6652870.0,7216989.0,1695094.0,1817813.0
2013-07-03 05:00:00+00:00,2013-07-03 15:00:00+10:00,2013-07-03,15,6,2013-07-03 00:00:00+00:00,5,0.401923077,21.83,22.01,7960942.0,8658331.0,1308072.0,1441342.0
2013-07-03 06:00:00+00:00,2013-07-03 16:00:00+10:00,2013-07-03,16,7,2013-07-03 00:00:00+00:00,6,0.188974359,23.39,43.58,8729880.0,9556974.0,768938.0,898643.0
2013-07-03 07:00:00+00:00,2013-07-03 17:00:00+10:00,2013-07-03,17,8,2013-07-03 00:00:00+00:00,7,0.026538462,27.55,46.2,8915259.0,9826765.0,185379.0,269791.0
2013-07-03 08:00:00+00:00,2013-07-03 18:00:00+10:00,2013-07-03,18,9,2013-07-03 00:00:00+00:00,8,0.000512821,28.84,24.7,8915259.0,9826765.0,0.0,0.0
2013-07-03 09:00:00+00:00,2013-07-03 19:00:00+10:00,2013-07-03,19,10,2013-07-03 00:00:00+00:00,9,0.0,30.11,29.09,8915259.0,9826765.0,0.0,0.0
2013-07-03 10:00:00+00:00,2013-07-03 20:00:00+10:00,2013-07-03,20,11,2013-07-03 00:00:00+00:00,10,0.0,31.97000000000001,31.34,8915259.0,9826688.0,0.0,-77.0
2013-07-03 23:00:00+00:00,2013-07-04 09:00:00+10:00,2013-07-04,9,0,2013-07-03 00:00:00+00:00,23,0.08974359,22.55,21.91,9532658.0,10649478.0,530532.0,681897.0
2013-07-04 00:00:00+00:00,2013-07-04 10:00:00+10:00,2013-07-04,10,1,2013-07-03 00:00:00+00:00,24,0.567692308,20.5,17.62,10456096.0,11778895.0,923438.0,1129417.0
2013-07-04 01:00:00+00:00,2013-07-04 11:00:00+10:00,2013-07-04,11,2,2013-07-04 00:00:00+00:00,1,0.706089744,18.99,13.32,1216352.0,1468908.0,1216352.0,1468908.0
2013-07-04 02:00:00+00:00,2013-07-04 12:00:00+10:00,2013-07-04,12,3,2013-07-04 00:00:00+00:00,2,0.694294872,17.580000000000002,10.73,2848007.0,3321155.0,1631655.0,1852247.0
2013-07-04 03:00:00+00:00,2013-07-04 13:00:00+10:00,2013-07-04,13,4,2013-07-04 00:00:00+00:00,3,0.462948718,15.87,18.09,3977049.0,4769196.0,1129042.0,1448041.0
2013-07-04 04:00:00+00:00,2013-07-04 14:00:00+10:00,2013-07-04,14,5,2013-07-04 00:00:00+00:00,4,0.593269231,16.25,15.53,5018529.0,6131520.0,1041480.0,1362324.0
2013-07-04 05:00:00+00:00,2013-07-04 15:00:00+10:00,2013-07-04,15,6,2013-07-04 00:00:00+00:00,5,0.307692308,16.56,14.86,5810586.0,7173577.0,792057.0,1042057.0
2013-07-04 06:00:00+00:00,2013-07-04 16:00:00+10:00,2013-07-04,16,7,2013-07-04 00:00:00+00:00,6,0.169551282,19.58,14.15,6327586.0,7886396.0,517000.0,712819.0
2013-07-04 07:00:00+00:00,2013-07-04 17:00:00+10:00,2013-07-04,17,8,2013-07-04 00:00:00+00:00,7,0.033076923,21.65,20.57,6492876.0,8147980.0,165290.0,261584.0
2013-07-04 08:00:00+00:00,2013-07-04 18:00:00+10:00,2013-07-04,18,9,2013-07-04 00:00:00+00:00,8,0.000384615,23.32,23.25,6492876.0,8147980.0,0.0,0.0
2013-07-04 09:00:00+00:00,2013-07-04 19:00:00+10:00,2013-07-04,19,10,2013-07-04 00:00:00+00:00,9,0.0,26.09,32.24,6492876.0,8147980.0,0.0,0.0
2013-07-04 10:00:00+00:00,2013-07-04 20:00:00+10:00,2013-07-04,20,11,2013-07-04 00:00:00+00:00,10,0.0,27.73,50.25,6492876.0,8147946.0,0.0,-34.0
2013-07-04 23:00:00+00:00,2013-07-05 09:00:00+10:00,2013-07-05,9,0,2013-07-04 00:00:00+00:00,23,0.09474359,21.06,17.01,6880393.0,8792123.0,372556.0,564769.0
2013-07-05 00:00:00+00:00,2013-07-05 10:00:00+10:00,2013-07-05,10,1,2013-07-04 00:00:00+00:00,24,0.497307692,19.39,10.83,7623600.0,9768565.0,743207.0,976442.0
2013-07-05 01:00:00+00:00,2013-07-05 11:00:00+10:00,2013-07-05,11,2,2013-07-05 00:00:00+00:00,1,0.701282051,16.740000000000002,6.71,1411121.0,1617773.0,1411121.0,1617773.0
2013-07-05 02:00:00+00:00,2013-07-05 12:00:00+10:00,2013-07-05,12,3,2013-07-05 00:00:00+00:00,2,0.717628205,14.45,9.19,3102897.0,3502623.0,1691776.0,1884850.0
2013-07-05 03:00:00+00:00,2013-07-05 13:00:00+10:00,2013-07-05,13,4,2013-07-05 00:00:00+00:00,3,0.717179487,14.23,6.21,4662117.0,5283884.0,1559220.0,1781261.0
2013-07-05 04:00:00+00:00,2013-07-05 14:00:00+10:00,2013-07-05,14,5,2013-07-05 00:00:00+00:00,4,0.553525641,15.97,11.1,6300782.0,7090478.0,1638665.0,1806594.0
2013-07-05 05:00:00+00:00,2013-07-05 15:00:00+10:00,2013-07-05,15,6,2013-07-05 00:00:00+00:00,5,0.422628205,18.76,14.32,7562963.0,8519514.0,1262181.0,1429036.0
2013-07-05 06:00:00+00:00,2013-07-05 16:00:00+10:00,2013-07-05,16,7,2013-07-05 00:00:00+00:00,6,0.200384615,21.28,17.11,8246851.0,9366008.0,683888.0,846494.0
2013-07-05 07:00:00+00:00,2013-07-05 17:00:00+10:00,2013-07-05,17,8,2013-07-05 00:00:00+00:00,7,0.028397436,23.8,21.57,8431330.0,9644389.0,184479.0,278381.0
2013-07-05 08:00:00+00:00,2013-07-05 18:00:00+10:00,2013-07-05,18,9,2013-07-05 00:00:00+00:00,8,0.000448718,26.82,25.68,8431330.0,9644389.0,0.0,0.0
2013-07-05 09:00:00+00:00,2013-07-05 19:00:00+10:00,2013-07-05,19,10,2013-07-05 00:00:00+00:00,9,0.0,28.9,26.53,8431330.0,9644389.0,0.0,0.0
2013-07-05 10:00:00+00:00,2013-07-05 20:00:00+10:00,2013-07-05,20,11,2013-07-05 00:00:00+00:00,10,0.0,31.7,44.17,8431330.0,9644417.0,0.0,28.0
2013-07-05 23:00:00+00:00,2013-07-06 09:00:00+10:00,2013-07-06,9,0,2013-07-05 00:00:00+00:00,23,0.061923077,22.0,19.32,9171926.0,10559710.0,644453.0,766889.0
2013-07-06 00:00:00+00:00,2013-07-06 10:00:00+10:00,2013-07-06,10,1,2013-07-05 00:00:00+00:00,24,0.608269231,18.66,15.55,10334420.0,11872958.0,1162494.0,1313248.0
2013-07-06 01:00:00+00:00,2013-07-06 11:00:00+10:00,2013-07-06,11,2,2013-07-06 00:00:00+00:00,1,0.696474359,16.69,18.75,1612809.0,1748932.0,1612809.0,1748932.0
2013-07-06 02:00:00+00:00,2013-07-06 12:00:00+10:00,2013-07-06,12,3,2013-07-06 00:00:00+00:00,2,0.777948718,14.71,16.3,3435533.0,3719243.0,1822724.0,1970311.0
2013-07-06 03:00:00+00:00,2013-07-06 13:00:00+10:00,2013-07-06,13,4,2013-07-06 00:00:00+00:00,3,0.628525641,13.18,16.53,5049829.0,5524138.0,1614296.0,1804895.0
2013-07-06 04:00:00+00:00,2013-07-06 14:00:00+10:00,2013-07-06,14,5,2013-07-06 00:00:00+00:00,4,0.403589744,13.77,16.21,6321571.0,7023102.0,1271742.0,1498964.0
2013-07-06 05:00:00+00:00,2013-07-06 15:00:00+10:00,2013-07-06,15,6,2013-07-06 00:00:00+00:00,5,0.426538462,14.47,16.4,7361457.0,8259064.0,1039886.0,1235962.0
2013-07-06 06:00:00+00:00,2013-07-06 16:00:00+10:00,2013-07-06,16,7,2013-07-06 00:00:00+00:00,6,0.084487179,17.89,18.75,7972232.0,9046791.0,610775.0,787727.0
2013-07-06 07:00:00+00:00,2013-07-06 17:00:00+10:00,2013-07-06,17,8,2013-07-06 00:00:00+00:00,7,0.015512821,20.9,24.23,8132071.0,9302797.0,159839.0,256006.0
2013-07-06 08:00:00+00:00,2013-07-06 18:00:00+10:00,2013-07-06,18,9,2013-07-06 00:00:00+00:00,8,0.000448718,23.78,76.06,8132071.0,9302797.0,0.0,0.0
2013-07-06 09:00:00+00:00,2013-07-06 19:00:00+10:00,2013-07-06,19,10,2013-07-06 00:00:00+00:00,9,0.0,27.14,27.9,8132071.0,9302797.0,0.0,0.0
2013-07-06 10:00:00+00:00,2013-07-06 20:00:00+10:00,2013-07-06,20,11,2013-07-06 00:00:00+00:00,10,0.0,30.35,29.1,8132071.0,9302681.0,0.0,-116.0
2013-07-06 23:00:00+00:00,2013-07-07 09:00:00+10:00,2013-07-07,9,0,2013-07-06 00:00:00+00:00,23,0.13025641,21.55,22.99,8503616.0,9936746.0,312609.0,513348.0
2013-07-07 00:00:00+00:00,2013-07-07 10:00:00+10:00,2013-07-07,10,1,2013-07-06 00:00:00+00:00,24,0.555769231,20.26,19.85,9276065.0,10962171.0,772449.0,1025425.0
2013-07-07 01:00:00+00:00,2013-07-07 11:00:00+10:00,2013-07-07,11,2,2013-07-07 00:00:00+00:00,1,0.57525641,19.48,21.11,1176933.0,1431878.0,1176933.0,1431878.0
2013-07-07 02:00:00+00:00,2013-07-07 12:00:00+10:00,2013-07-07,12,3,2013-07-07 00:00:00+00:00,2,0.276346154,18.18,20.52,2693437.0,3203396.0,1516504.0,1771518.0
2013-07-07 03:00:00+00:00,2013-07-07 13:00:00+10:00,2013-07-07,13,4,2013-07-07 00:00:00+00:00,3,0.739230769,17.21,20.1,3945346.0,4762955.0,1251909.0,1559559.0
2013-07-07 04:00:00+00:00,2013-07-07 14:00:00+10:00,2013-07-07,14,5,2013-07-07 00:00:00+00:00,4,0.482628205,17.09,19.07,5264904.0,6349924.0,1319558.0,1586969.0
2013-07-07 05:00:00+00:00,2013-07-07 15:00:00+10:00,2013-07-07,15,6,2013-07-07 00:00:00+00:00,5,0.309551282,17.81,18.03,6163723.0,7506225.0,898819.0,1156301.0
2013-07-07 06:00:00+00:00,2013-07-07 16:00:00+10:00,2013-07-07,16,7,2013-07-07 00:00:00+00:00,6,0.114358974,19.33,19.92,6762194.0,8292023.0,598471.0,785798.0
2013-07-07 07:00:00+00:00,2013-07-07 17:00:00+10:00,2013-07-07,17,8,2013-07-07 00:00:00+00:00,7,0.031346154,22.03,22.65,6949052.0,8581895.0,186858.0,289872.0
2013-07-07 08:00:00+00:00,2013-07-07 18:00:00+10:00,2013-07-07,18,9,2013-07-07 00:00:00+00:00,8,0.000384615,24.58,24.33,6949052.0,8581895.0,0.0,0.0
2013-07-07 09:00:00+00:00,2013-07-07 19:00:00+10:00,2013-07-07,19,10,2013-07-07 00:00:00+00:00,9,0.0,26.98,35.83,6949052.0,8581895.0,0.0,0.0
2013-07-07 10:00:00+00:00,2013-07-07 20:00:00+10:00,2013-07-07,20,11,2013-07-07 00:00:00+00:00,10,0.0,29.1,24.32,6949052.0,8581895.0,0.0,0.0
2013-07-07 23:00:00+00:00,2013-07-08 09:00:00+10:00,2013-07-08,9,0,2013-07-07 00:00:00+00:00,23,0.099038462,24.3,24.95,7579349.0,9441761.0,543756.0,712602.0
2013-07-08 00:00:00+00:00,2013-07-08 10:00:00+10:00,2013-07-08,10,1,2013-07-07 00:00:00+00:00,24,0.546602564,23.03,20.96,8522092.0,10615017.0,942743.0,1173256.0
2013-07-08 01:00:00+00:00,2013-07-08 11:00:00+10:00,2013-07-08,11,2,2013-07-08 00:00:00+00:00,1,0.695320513,22.08,21.99,1540322.0,1750497.0,1540322.0,1750497.0
2013-07-08 02:00:00+00:00,2013-07-08 12:00:00+10:00,2013-07-08,12,3,2013-07-08 00:00:00+00:00,2,0.700064103,21.14,20.87,3077502.0,3553600.0,1537180.0,1803103.0
2013-07-08 03:00:00+00:00,2013-07-08 13:00:00+10:00,2013-07-08,13,4,2013-07-08 00:00:00+00:00,3,0.364423077,20.93,20.36,4748681.0,5465090.0,1671179.0,1911490.0
2013-07-08 04:00:00+00:00,2013-07-08 14:00:00+10:00,2013-07-08,14,5,2013-07-08 00:00:00+00:00,4,0.351794872,21.61,21.5,6266773.0,7207827.0,1518092.0,1742737.0
2013-07-08 05:00:00+00:00,2013-07-08 15:00:00+10:00,2013-07-08,15,6,2013-07-08 00:00:00+00:00,5,0.310961538,22.54,21.85,7421880.0,8568893.0,1155107.0,1361066.0
2013-07-08 06:00:00+00:00,2013-07-08 16:00:00+10:00,2013-07-08,16,7,2013-07-08 00:00:00+00:00,6,0.186987179,26.24,24.16,8160781.0,9474001.0,738901.0,905108.0
2013-07-08 07:00:00+00:00,2013-07-08 17:00:00+10:00,2013-07-08,17,8,2013-07-08 00:00:00+00:00,7,0.040833333,29.77,27.97,8362897.0,9775439.0,202116.0,301438.0
2013-07-08 08:00:00+00:00,2013-07-08 18:00:00+10:00,2013-07-08,18,9,2013-07-08 00:00:00+00:00,8,0.000897436,32.92,29.54,8362897.0,9775439.0,0.0,0.0
2013-07-08 09:00:00+00:00,2013-07-08 19:00:00+10:00,2013-07-08,19,10,2013-07-08 00:00:00+00:00,9,0.0,37.52,32.34,8362897.0,9775439.0,0.0,0.0
2013-07-08 10:00:00+00:00,2013-07-08 20:00:00+10:00,2013-07-08,20,11,2013-07-08 00:00:00+00:00,10,0.0,42.48,43.29,8362897.0,9775439.0,0.0,0.0
2013-07-08 23:00:00+00:00,2013-07-09 09:00:00+10:00,2013-07-09,9,0,2013-07-08 00:00:00+00:00,23,0.05724359,24.9,25.7,9098200.0,10696661.0,638494.0,769356.0
2013-07-09 00:00:00+00:00,2013-07-09 10:00:00+10:00,2013-07-09,10,1,2013-07-08 00:00:00+00:00,24,0.601153846,23.3,23.02,10285702.0,12033550.0,1187502.0,1336889.0
2013-07-09 01:00:00+00:00,2013-07-09 11:00:00+10:00,2013-07-09,11,2,2013-07-09 00:00:00+00:00,1,0.69525641,22.19,22.6,1558134.0,1729283.0,1558134.0,1729283.0
2013-07-09 02:00:00+00:00,2013-07-09 12:00:00+10:00,2013-07-09,12,3,2013-07-09 00:00:00+00:00,2,0.681346154,21.31,20.98,3239239.0,3607618.0,1681105.0,1878335.0
2013-07-09 03:00:00+00:00,2013-07-09 13:00:00+10:00,2013-07-09,13,4,2013-07-09 00:00:00+00:00,3,0.490961538,20.92,20.4,5092709.0,5630945.0,1853470.0,2023327.0
2013-07-09 04:00:00+00:00,2013-07-09 14:00:00+10:00,2013-07-09,14,5,2013-07-09 00:00:00+00:00,4,0.518397436,21.22,20.54,6744561.0,7458505.0,1651852.0,1827560.0
2013-07-09 05:00:00+00:00,2013-07-09 15:00:00+10:00,2013-07-09,15,6,2013-07-09 00:00:00+00:00,5,0.410064103,22.6,27.91,7966620.0,8858122.0,1222059.0,1399617.0
2013-07-09 06:00:00+00:00,2013-07-09 16:00:00+10:00,2013-07-09,16,7,2013-07-09 00:00:00+00:00,6,0.171987179,24.48,22.1,8625105.0,9679515.0,658485.0,821393.0
2013-07-09 07:00:00+00:00,2013-07-09 17:00:00+10:00,2013-07-09,17,8,2013-07-09 00:00:00+00:00,7,0.026602564,27.52,26.38,8799253.0,9937256.0,174148.0,257741.0
2013-07-09 08:00:00+00:00,2013-07-09 18:00:00+10:00,2013-07-09,18,9,2013-07-09 00:00:00+00:00,8,0.00025641,30.99,29.16,8799253.0,9937256.0,0.0,0.0
2013-07-09 09:00:00+00:00,2013-07-09 19:00:00+10:00,2013-07-09,19,10,2013-07-09 00:00:00+00:00,9,0.0,35.28,28.12,8799253.0,9937256.0,0.0,0.0
2013-07-09 10:00:00+00:00,2013-07-09 20:00:00+10:00,2013-07-09,20,11,2013-07-09 00:00:00+00:00,10,0.0,38.59,30.41,8799253.0,9937278.0,0.0,22.0
2013-07-09 23:00:00+00:00,2013-07-10 09:00:00+10:00,2013-07-10,9,0,2013-07-09 00:00:00+00:00,23,0.049230769,25.34,24.13,9356557.0,10733870.0,468549.0,649146.0
2013-07-10 00:00:00+00:00,2013-07-10 10:00:00+10:00,2013-07-10,10,1,2013-07-09 00:00:00+00:00,24,0.117820513,22.88,22.17,10311312.0,11910252.0,954755.0,1176382.0
2013-07-10 01:00:00+00:00,2013-07-10 11:00:00+10:00,2013-07-10,11,2,2013-07-10 00:00:00+00:00,1,0.145641026,21.19,22.55,1120354.0,1449990.0,1120354.0,1449990.0
2013-07-10 02:00:00+00:00,2013-07-10 12:00:00+10:00,2013-07-10,12,3,2013-07-10 00:00:00+00:00,2,0.260705128,20.34,20.59,2294317.0,3010214.0,1173963.0,1560224.0
2013-07-10 03:00:00+00:00,2013-07-10 13:00:00+10:00,2013-07-10,13,4,2013-07-10 00:00:00+00:00,3,0.46525641,19.43,20.24,3547750.0,4616272.0,1253433.0,1606058.0
2013-07-10 04:00:00+00:00,2013-07-10 14:00:00+10:00,2013-07-10,14,5,2013-07-10 00:00:00+00:00,4,0.330064103,20.2,20.96,4536634.0,5959247.0,988884.0,1342975.0
2013-07-10 05:00:00+00:00,2013-07-10 15:00:00+10:00,2013-07-10,15,6,2013-07-10 00:00:00+00:00,5,0.355320513,21.66,21.96,5439188.0,7137765.0,902554.0,1178518.0
2013-07-10 06:00:00+00:00,2013-07-10 16:00:00+10:00,2013-07-10,16,7,2013-07-10 00:00:00+00:00,6,0.173461538,23.74,35.300000000000004,6132411.0,8026253.0,693223.0,888488.0
2013-07-10 07:00:00+00:00,2013-07-10 17:00:00+10:00,2013-07-10,17,8,2013-07-10 00:00:00+00:00,7,0.019166667,27.27,56.87,6332235.0,8336954.0,199824.0,310701.0
2013-07-10 08:00:00+00:00,2013-07-10 18:00:00+10:00,2013-07-10,18,9,2013-07-10 00:00:00+00:00,8,0.000769231,29.58,28.2,6332235.0,8336954.0,0.0,0.0
2013-07-10 09:00:00+00:00,2013-07-10 19:00:00+10:00,2013-07-10,19,10,2013-07-10 00:00:00+00:00,9,0.0,31.08,49.06,6332235.0,8336954.0,0.0,0.0
2013-07-10 10:00:00+00:00,2013-07-10 20:00:00+10:00,2013-07-10,20,11,2013-07-10 00:00:00+00:00,10,0.0,33.68,100.12,6332235.0,8336837.0,0.0,-117.0
2013-07-10 23:00:00+00:00,2013-07-11 09:00:00+10:00,2013-07-11,9,0,2013-07-10 00:00:00+00:00,23,0.050576923,24.58,36.06,6890534.0,9144083.0,482279.0,666456.0
2013-07-11 00:00:00+00:00,2013-07-11 10:00:00+10:00,2013-07-11,10,1,2013-07-10 00:00:00+00:00,24,0.129038462,22.44,21.75,7952361.0,10416376.0,1061827.0,1272293.0
2013-07-11 01:00:00+00:00,2013-07-11 11:00:00+10:00,2013-07-11,11,2,2013-07-11 00:00:00+00:00,1,0.664807692,21.37,20.99,1551363.0,1744615.0,1551363.0,1744615.0
2013-07-11 02:00:00+00:00,2013-07-11 12:00:00+10:00,2013-07-11,12,3,2013-07-11 00:00:00+00:00,2,0.711666667,20.92,20.4,3392112.0,3764889.0,1840749.0,2020274.0
2013-07-11 03:00:00+00:00,2013-07-11 13:00:00+10:00,2013-07-11,13,4,2013-07-11 00:00:00+00:00,3,0.636474359,20.27,19.97,5280572.0,5830704.0,1888460.0,2065815.0
2013-07-11 04:00:00+00:00,2013-07-11 14:00:00+10:00,2013-07-11,14,5,2013-07-11 00:00:00+00:00,4,0.514615385,20.78,20.53,6936883.0,7673409.0,1656311.0,1842705.0
2013-07-11 05:00:00+00:00,2013-07-11 15:00:00+10:00,2013-07-11,15,6,2013-07-11 00:00:00+00:00,5,0.314230769,21.75,19.96,8104899.0,9041969.0,1168016.0,1368560.0
2013-07-11 06:00:00+00:00,2013-07-11 16:00:00+10:00,2013-07-11,16,7,2013-07-11 00:00:00+00:00,6,0.108910256,23.65,21.43,8738121.0,9847040.0,633222.0,805071.0
2013-07-11 07:00:00+00:00,2013-07-11 17:00:00+10:00,2013-07-11,17,8,2013-07-11 00:00:00+00:00,7,0.029615385,27.26,23.89,8907022.0,10097962.0,168901.0,250922.0
2013-07-11 08:00:00+00:00,2013-07-11 18:00:00+10:00,2013-07-11,18,9,2013-07-11 00:00:00+00:00,8,0.000448718,29.48,40.38,8907036.0,10097927.0,14.0,-35.0
2013-07-11 09:00:00+00:00,2013-07-11 19:00:00+10:00,2013-07-11,19,10,2013-07-11 00:00:00+00:00,9,0.0,30.46,27.07,8907036.0,10097927.0,0.0,0.0
2013-07-11 10:00:00+00:00,2013-07-11 20:00:00+10:00,2013-07-11,20,11,2013-07-11 00:00:00+00:00,10,0.0,33.09,30.27,8907036.0,10097756.0,0.0,-171.0
2013-07-11 23:00:00+00:00,2013-07-12 09:00:00+10:00,2013-07-12,9,0,2013-07-11 00:00:00+00:00,23,0.042884615,21.75,19.63,9395752.0,10877914.0,411098.0,633352.0
2013-07-12 00:00:00+00:00,2013-07-12 10:00:00+10:00,2013-07-12,10,1,2013-07-11 00:00:00+00:00,24,0.078205128,19.75,16.77,10241822.0,12022661.0,846070.0,1144747.0
2013-07-12 01:00:00+00:00,2013-07-12 11:00:00+10:00,2013-07-12,11,2,2013-07-12 00:00:00+00:00,1,0.122628205,17.91,11.73,1568125.0,1793056.0,1568125.0,1793056.0
2013-07-12 02:00:00+00:00,2013-07-12 12:00:00+10:00,2013-07-12,12,3,2013-07-12 00:00:00+00:00,2,0.446794872,16.35,11.71,3396223.0,3840755.0,1828098.0,2047699.0
2013-07-12 03:00:00+00:00,2013-07-12 13:00:00+10:00,2013-07-12,13,4,2013-07-12 00:00:00+00:00,3,0.638012821,15.43,11.69,5210159.0,5878169.0,1813936.0,2037414.0
2013-07-12 04:00:00+00:00,2013-07-12 14:00:00+10:00,2013-07-12,14,5,2013-07-12 00:00:00+00:00,4,0.545128205,16.330000000000002,15.03,6676109.0,7626986.0,1465950.0,1748817.0
2013-07-12 05:00:00+00:00,2013-07-12 15:00:00+10:00,2013-07-12,15,6,2013-07-12 00:00:00+00:00,5,0.376666667,18.35,19.1,7714185.0,8941268.0,1038076.0,1314282.0
2013-07-12 06:00:00+00:00,2013-07-12 16:00:00+10:00,2013-07-12,16,7,2013-07-12 00:00:00+00:00,6,0.118589744,21.32,21.55,8298957.0,9751769.0,584772.0,810501.0
2013-07-12 07:00:00+00:00,2013-07-12 17:00:00+10:00,2013-07-12,17,8,2013-07-12 00:00:00+00:00,7,0.023397436,23.25,24.99,8482190.0,10052408.0,183233.0,300639.0
2013-07-12 08:00:00+00:00,2013-07-12 18:00:00+10:00,2013-07-12,18,9,2013-07-12 00:00:00+00:00,8,0.000384615,26.37,27.61,8482198.0,10052382.0,8.0,-26.0
2013-07-12 09:00:00+00:00,2013-07-12 19:00:00+10:00,2013-07-12,19,10,2013-07-12 00:00:00+00:00,9,0.0,27.36,26.42,8482198.0,10052382.0,0.0,0.0
2013-07-12 10:00:00+00:00,2013-07-12 20:00:00+10:00,2013-07-12,20,11,2013-07-12 00:00:00+00:00,10,0.0,28.82,28.0,8482198.0,10052397.0,0.0,15.0
2013-07-12 23:00:00+00:00,2013-07-13 09:00:00+10:00,2013-07-13,9,0,2013-07-12 00:00:00+00:00,23,0.056538462,21.45,22.13,8817329.0,10667636.0,277651.0,494052.0
2013-07-13 00:00:00+00:00,2013-07-13 10:00:00+10:00,2013-07-13,10,1,2013-07-12 00:00:00+00:00,24,0.205705128,19.72,19.78,9449286.0,11633122.0,631957.0,965486.0
2013-07-13 01:00:00+00:00,2013-07-13 11:00:00+10:00,2013-07-13,11,2,2013-07-13 00:00:00+00:00,1,0.196602564,18.34,18.93,1014154.0,1398325.0,1014154.0,1398325.0
2013-07-13 02:00:00+00:00,2013-07-13 12:00:00+10:00,2013-07-13,12,3,2013-07-13 00:00:00+00:00,2,0.364102564,16.3,17.26,2255825.0,3037079.0,1241671.0,1638754.0
2013-07-13 03:00:00+00:00,2013-07-13 13:00:00+10:00,2013-07-13,13,4,2013-07-13 00:00:00+00:00,3,0.428910256,15.13,17.2,3570901.0,4712376.0,1315076.0,1675297.0
2013-07-13 04:00:00+00:00,2013-07-13 14:00:00+10:00,2013-07-13,14,5,2013-07-13 00:00:00+00:00,4,0.535576923,15.34,17.1,4967933.0,6411649.0,1397032.0,1699273.0
2013-07-13 05:00:00+00:00,2013-07-13 15:00:00+10:00,2013-07-13,15,6,2013-07-13 00:00:00+00:00,5,0.227307692,16.55,17.39,6045114.0,7751648.0,1077181.0,1339999.0
2013-07-13 06:00:00+00:00,2013-07-13 16:00:00+10:00,2013-07-13,16,7,2013-07-13 00:00:00+00:00,6,0.165961538,19.25,20.41,6614576.0,8522037.0,569462.0,770389.0
2013-07-13 07:00:00+00:00,2013-07-13 17:00:00+10:00,2013-07-13,17,8,2013-07-13 00:00:00+00:00,7,0.041602564,21.48,23.03,6813380.0,8831058.0,198804.0,309021.0
2013-07-13 08:00:00+00:00,2013-07-13 18:00:00+10:00,2013-07-13,18,9,2013-07-13 00:00:00+00:00,8,0.000641026,24.66,25.16,6813380.0,8831058.0,0.0,0.0
2013-07-13 09:00:00+00:00,2013-07-13 19:00:00+10:00,2013-07-13,19,10,2013-07-13 00:00:00+00:00,9,0.0,27.28,53.1,6813380.0,8831058.0,0.0,0.0
2013-07-13 10:00:00+00:00,2013-07-13 20:00:00+10:00,2013-07-13,20,11,2013-07-13 00:00:00+00:00,10,0.0,29.23,29.56,6813380.0,8830841.0,0.0,-217.0
2013-07-13 23:00:00+00:00,2013-07-14 09:00:00+10:00,2013-07-14,9,0,2013-07-13 00:00:00+00:00,23,0.027884615,22.36,23.15,7159942.0,9463153.0,295889.0,515541.0
2013-07-14 00:00:00+00:00,2013-07-14 10:00:00+10:00,2013-07-14,10,1,2013-07-13 00:00:00+00:00,24,0.043525641,21.53,22.84,7866834.0,10483048.0,706892.0,1019895.0
2013-07-14 01:00:00+00:00,2013-07-14 11:00:00+10:00,2013-07-14,11,2,2013-07-14 00:00:00+00:00,1,0.121410256,20.47,21.55,338455.5,808324.25,338455.5,808324.25
2013-07-14 02:00:00+00:00,2013-07-14 12:00:00+10:00,2013-07-14,12,3,2013-07-14 00:00:00+00:00,2,0.099166667,19.58,21.5,1221225.0,2103020.0,882769.5,1294695.75
2013-07-14 03:00:00+00:00,2013-07-14 13:00:00+10:00,2013-07-14,13,4,2013-07-14 00:00:00+00:00,3,0.071794872,18.21,18.83,2559212.0,3803763.0,1337987.0,1700743.0
2013-07-14 04:00:00+00:00,2013-07-14 14:00:00+10:00,2013-07-14,14,5,2013-07-14 00:00:00+00:00,4,0.162051282,18.58,18.49,3859557.0,5447776.0,1300345.0,1644013.0
2013-07-14 05:00:00+00:00,2013-07-14 15:00:00+10:00,2013-07-14,15,6,2013-07-14 00:00:00+00:00,5,0.113910256,18.39,19.41,4622736.0,6526839.0,763179.0,1079063.0
2013-07-14 06:00:00+00:00,2013-07-14 16:00:00+10:00,2013-07-14,16,7,2013-07-14 00:00:00+00:00,6,0.074166667,20.33,20.63,4977170.0,7125538.0,354434.0,598699.0
2013-07-14 07:00:00+00:00,2013-07-14 17:00:00+10:00,2013-07-14,17,8,2013-07-14 00:00:00+00:00,7,0.015961538,22.2,22.17,5033186.0,7297686.0,56016.0,172148.0
2013-07-14 08:00:00+00:00,2013-07-14 18:00:00+10:00,2013-07-14,18,9,2013-07-14 00:00:00+00:00,8,0.000128205,24.72,25.61,5033186.0,7297710.0,0.0,24.0
2013-07-14 09:00:00+00:00,2013-07-14 19:00:00+10:00,2013-07-14,19,10,2013-07-14 00:00:00+00:00,9,0.0,27.81,38.5,5033186.0,7297710.0,0.0,0.0
2013-07-14 10:00:00+00:00,2013-07-14 20:00:00+10:00,2013-07-14,20,11,2013-07-14 00:00:00+00:00,10,0.0,30.75,48.43,5033186.0,7297710.0,0.0,0.0
2013-07-14 23:00:00+00:00,2013-07-15 09:00:00+10:00,2013-07-15,9,0,2013-07-14 00:00:00+00:00,23,0.056987179,24.42,27.62,5312650.0,7875190.0,240925.0,469573.0
2013-07-15 00:00:00+00:00,2013-07-15 10:00:00+10:00,2013-07-15,10,1,2013-07-14 00:00:00+00:00,24,0.102115385,23.34,22.47,5596010.0,8508058.0,283360.0,632868.0
2013-07-15 01:00:00+00:00,2013-07-15 11:00:00+10:00,2013-07-15,11,2,2013-07-15 00:00:00+00:00,1,0.059038462,22.4,22.66,311256.375,814908.3125,311256.375,814908.3125
2013-07-15 02:00:00+00:00,2013-07-15 12:00:00+10:00,2013-07-15,12,3,2013-07-15 00:00:00+00:00,2,0.074166667,21.9,22.41,519015.125,1568000.0,207758.75,753091.6875
2013-07-15 03:00:00+00:00,2013-07-15 13:00:00+10:00,2013-07-15,13,4,2013-07-15 00:00:00+00:00,3,0.131923077,21.55,21.98,674992.0,2310996.0,155976.875,742996.0
2013-07-15 04:00:00+00:00,2013-07-15 14:00:00+10:00,2013-07-15,14,5,2013-07-15 00:00:00+00:00,4,0.089551282,22.25,22.65,867850.5,3026457.0,192858.5,715461.0
2013-07-15 05:00:00+00:00,2013-07-15 15:00:00+10:00,2013-07-15,15,6,2013-07-15 00:00:00+00:00,5,0.081217949,23.46,23.28,1012351.25,3602004.0,144500.75,575547.0
2013-07-15 06:00:00+00:00,2013-07-15 16:00:00+10:00,2013-07-15,16,7,2013-07-15 00:00:00+00:00,6,0.021282051,26.06,23.12,1102992.0,4002750.0,90640.75,400746.0
2013-07-15 07:00:00+00:00,2013-07-15 17:00:00+10:00,2013-07-15,17,8,2013-07-15 00:00:00+00:00,7,0.004935897,30.64,26.54,1139511.0,4166814.0,36519.0,164064.0
2013-07-15 08:00:00+00:00,2013-07-15 18:00:00+10:00,2013-07-15,18,9,2013-07-15 00:00:00+00:00,8,6.41e-05,33.39,45.68,1139511.0,4166904.0,0.0,90.0
2013-07-15 09:00:00+00:00,2013-07-15 19:00:00+10:00,2013-07-15,19,10,2013-07-15 00:00:00+00:00,9,0.0,37.0,49.54,1139511.0,4166904.0,0.0,0.0
2013-07-15 10:00:00+00:00,2013-07-15 20:00:00+10:00,2013-07-15,20,11,2013-07-15 00:00:00+00:00,10,0.0,42.49,72.19,1139511.0,4166904.0,0.0,0.0
2013-07-15 23:00:00+00:00,2013-07-16 09:00:00+10:00,2013-07-16,9,0,2013-07-15 00:00:00+00:00,23,0.042948718,25.52,23.84,1329913.0,4699899.0,158159.0,425959.0
2013-07-16 00:00:00+00:00,2013-07-16 10:00:00+10:00,2013-07-16,10,1,2013-07-15 00:00:00+00:00,24,0.092948718,24.25,21.3,1571670.0,5371795.0,241757.0,671896.0
2013-07-16 01:00:00+00:00,2013-07-16 11:00:00+10:00,2013-07-16,11,2,2013-07-16 00:00:00+00:00,1,0.145192308,22.79,18.88,922350.8125,1324889.0,922350.8125,1324889.0
2013-07-16 02:00:00+00:00,2013-07-16 12:00:00+10:00,2013-07-16,12,3,2013-07-16 00:00:00+00:00,2,0.29724359,22.04,18.29,2367076.0,3118330.0,1444725.1875,1793441.0
2013-07-16 03:00:00+00:00,2013-07-16 13:00:00+10:00,2013-07-16,13,4,2013-07-16 00:00:00+00:00,3,0.146858974,21.84,20.04,3787894.0,4860957.0,1420818.0,1742627.0
2013-07-16 04:00:00+00:00,2013-07-16 14:00:00+10:00,2013-07-16,14,5,2013-07-16 00:00:00+00:00,4,0.113397436,22.29,21.61,4957572.0,6356660.0,1169678.0,1495703.0
2013-07-16 05:00:00+00:00,2013-07-16 15:00:00+10:00,2013-07-16,15,6,2013-07-16 00:00:00+00:00,5,0.111025641,23.88,23.53,6004718.0,7710052.0,1047146.0,1353392.0
2013-07-16 06:00:00+00:00,2013-07-16 16:00:00+10:00,2013-07-16,16,7,2013-07-16 00:00:00+00:00,6,0.061217949,27.15,27.41,6575866.0,8521926.0,571148.0,811874.0
2013-07-16 07:00:00+00:00,2013-07-16 17:00:00+10:00,2013-07-16,17,8,2013-07-16 00:00:00+00:00,7,0.014935897,32.47,28.65,6726438.0,8806315.0,150572.0,284389.0
2013-07-16 08:00:00+00:00,2013-07-16 18:00:00+10:00,2013-07-16,18,9,2013-07-16 00:00:00+00:00,8,0.000769231,36.93,44.32,6726952.0,8806965.0,514.0,650.0
2013-07-16 09:00:00+00:00,2013-07-16 19:00:00+10:00,2013-07-16,19,10,2013-07-16 00:00:00+00:00,9,0.0,43.34,78.93,6726952.0,8806965.0,0.0,0.0
2013-07-16 10:00:00+00:00,2013-07-16 20:00:00+10:00,2013-07-16,20,11,2013-07-16 00:00:00+00:00,10,0.0,52.09,92.29,6726952.0,8806908.0,0.0,-57.0
2013-07-16 23:00:00+00:00,2013-07-17 09:00:00+10:00,2013-07-17,9,0,2013-07-16 00:00:00+00:00,23,0.031410256,28.21,26.84,6938084.0,9368426.0,180747.0,448733.0
2013-07-17 00:00:00+00:00,2013-07-17 10:00:00+10:00,2013-07-17,10,1,2013-07-16 00:00:00+00:00,24,0.078910256,24.81,23.32,7253518.0,10086995.0,315434.0,718569.0
2013-07-17 01:00:00+00:00,2013-07-17 11:00:00+10:00,2013-07-17,11,2,2013-07-17 00:00:00+00:00,1,0.138846154,23.63,20.95,669842.0,1119178.0,669842.0,1119178.0
2013-07-17 02:00:00+00:00,2013-07-17 12:00:00+10:00,2013-07-17,12,3,2013-07-17 00:00:00+00:00,2,0.384423077,23.0,21.15,2195091.0,2952777.0,1525249.0,1833599.0
2013-07-17 03:00:00+00:00,2013-07-17 13:00:00+10:00,2013-07-17,13,4,2013-07-17 00:00:00+00:00,3,0.212115385,22.36,22.09,3579048.0,4663882.0,1383957.0,1711105.0
2013-07-17 04:00:00+00:00,2013-07-17 14:00:00+10:00,2013-07-17,14,5,2013-07-17 00:00:00+00:00,4,0.242179487,22.74,22.71,4641158.0,6078350.0,1062110.0,1414468.0
2013-07-17 05:00:00+00:00,2013-07-17 15:00:00+10:00,2013-07-17,15,6,2013-07-17 00:00:00+00:00,5,0.08775641,24.33,23.81,5396104.0,7133197.0,754946.0,1054847.0
2013-07-17 06:00:00+00:00,2013-07-17 16:00:00+10:00,2013-07-17,16,7,2013-07-17 00:00:00+00:00,6,0.084294872,28.13,25.62,5827358.0,7827092.0,431254.0,693895.0
2013-07-17 07:00:00+00:00,2013-07-17 17:00:00+10:00,2013-07-17,17,8,2013-07-17 00:00:00+00:00,7,0.021089744,36.05,33.49,5993358.0,8113759.0,166000.0,286667.0
2013-07-17 08:00:00+00:00,2013-07-17 18:00:00+10:00,2013-07-17,18,9,2013-07-17 00:00:00+00:00,8,0.000320513,41.64,38.81,5994287.0,8115396.0,929.0,1637.0
2013-07-17 09:00:00+00:00,2013-07-17 19:00:00+10:00,2013-07-17,19,10,2013-07-17 00:00:00+00:00,9,0.0,49.25,53.2,5994287.0,8115396.0,0.0,0.0
2013-07-17 10:00:00+00:00,2013-07-17 20:00:00+10:00,2013-07-17,20,11,2013-07-17 00:00:00+00:00,10,0.0,56.34,92.26,5994287.0,8115396.0,0.0,0.0
2013-07-17 23:00:00+00:00,2013-07-18 09:00:00+10:00,2013-07-18,9,0,2013-07-17 00:00:00+00:00,23,0.082628205,28.65,37.23,6455827.0,8822842.0,371690.0,558404.0
2013-07-18 00:00:00+00:00,2013-07-18 10:00:00+10:00,2013-07-18,10,1,2013-07-17 00:00:00+00:00,24,0.115512821,25.52,22.85,7191624.0,9861387.0,735797.0,1038545.0
2013-07-18 01:00:00+00:00,2013-07-18 11:00:00+10:00,2013-07-18,11,2,2013-07-18 00:00:00+00:00,1,0.40025641,23.56,20.03,1159690.0,1475677.0,1159690.0,1475677.0
2013-07-18 02:00:00+00:00,2013-07-18 12:00:00+10:00,2013-07-18,12,3,2013-07-18 00:00:00+00:00,2,0.356153846,22.84,18.36,2546260.0,3229150.0,1386570.0,1753473.0
2013-07-18 03:00:00+00:00,2013-07-18 13:00:00+10:00,2013-07-18,13,4,2013-07-18 00:00:00+00:00,3,0.351153846,22.46,16.48,4059277.0,5084175.0,1513017.0,1855025.0
2013-07-18 04:00:00+00:00,2013-07-18 14:00:00+10:00,2013-07-18,14,5,2013-07-18 00:00:00+00:00,4,0.208269231,22.84,20.19,5151000.0,6525265.0,1091723.0,1441090.0
2013-07-18 05:00:00+00:00,2013-07-18 15:00:00+10:00,2013-07-18,15,6,2013-07-18 00:00:00+00:00,5,0.169423077,24.02,22.56,6266782.0,7923362.0,1115782.0,1398097.0
2013-07-18 06:00:00+00:00,2013-07-18 16:00:00+10:00,2013-07-18,16,7,2013-07-18 00:00:00+00:00,6,0.068076923,27.43,32.77,6752680.0,8663905.0,485898.0,740543.0
2013-07-18 07:00:00+00:00,2013-07-18 17:00:00+10:00,2013-07-18,17,8,2013-07-18 00:00:00+00:00,7,0.021923077,34.43,33.75,6878915.0,8907617.0,126235.0,243712.0
2013-07-18 08:00:00+00:00,2013-07-18 18:00:00+10:00,2013-07-18,18,9,2013-07-18 00:00:00+00:00,8,0.000576923,39.77,42.3,6880067.0,8909665.0,1152.0,2048.0
2013-07-18 09:00:00+00:00,2013-07-18 19:00:00+10:00,2013-07-18,19,10,2013-07-18 00:00:00+00:00,9,0.0,48.21,110.31,6880067.0,8909665.0,0.0,0.0
2013-07-18 10:00:00+00:00,2013-07-18 20:00:00+10:00,2013-07-18,20,11,2013-07-18 00:00:00+00:00,10,0.0,56.05,49.53,6880067.0,8909665.0,0.0,0.0
2013-07-18 23:00:00+00:00,2013-07-19 09:00:00+10:00,2013-07-19,9,0,2013-07-18 00:00:00+00:00,23,0.009102564,27.41,23.56,7072351.0,9413115.0,146972.0,390478.0
2013-07-19 00:00:00+00:00,2013-07-19 10:00:00+10:00,2013-07-19,10,1,2013-07-18 00:00:00+00:00,24,0.023653846,24.0,20.43,7391881.0,10105769.0,319530.0,692654.0
2013-07-19 01:00:00+00:00,2013-07-19 11:00:00+10:00,2013-07-19,11,2,2013-07-19 00:00:00+00:00,1,0.034871795,22.22,19.73,849135.875,1286423.0,849135.875,1286423.0
2013-07-19 02:00:00+00:00,2013-07-19 12:00:00+10:00,2013-07-19,12,3,2013-07-19 00:00:00+00:00,2,0.036987179,21.21,21.52,1418869.0,2375878.0,569733.125,1089455.0
2013-07-19 03:00:00+00:00,2013-07-19 13:00:00+10:00,2013-07-19,13,4,2013-07-19 00:00:00+00:00,3,0.085320513,20.15,19.17,1943670.0,3423024.0,524801.0,1047146.0
2013-07-19 04:00:00+00:00,2013-07-19 14:00:00+10:00,2013-07-19,14,5,2013-07-19 00:00:00+00:00,4,0.053910256,21.02,20.98,2867746.0,4792043.0,924076.0,1369019.0
2013-07-19 05:00:00+00:00,2013-07-19 15:00:00+10:00,2013-07-19,15,6,2013-07-19 00:00:00+00:00,5,0.31224359,23.0,23.74,3875546.0,6084297.0,1007800.0,1292254.0
2013-07-19 06:00:00+00:00,2013-07-19 16:00:00+10:00,2013-07-19,16,7,2013-07-19 00:00:00+00:00,6,0.217628205,27.43,28.71,4544419.0,6970786.0,668873.0,886489.0
2013-07-19 07:00:00+00:00,2013-07-19 17:00:00+10:00,2013-07-19,17,8,2013-07-19 00:00:00+00:00,7,0.03775641,33.25,43.71,4739162.0,7302533.0,194743.0,331747.0
2013-07-19 08:00:00+00:00,2013-07-19 18:00:00+10:00,2013-07-19,18,9,2013-07-19 00:00:00+00:00,8,0.001025641,38.18,32.82,4740889.0,7306052.0,1727.0,3519.0
2013-07-19 09:00:00+00:00,2013-07-19 19:00:00+10:00,2013-07-19,19,10,2013-07-19 00:00:00+00:00,9,0.0,46.72,72.25,4740889.0,7306052.0,0.0,0.0
2013-07-19 10:00:00+00:00,2013-07-19 20:00:00+10:00,2013-07-19,20,11,2013-07-19 00:00:00+00:00,10,0.0,52.56,36.61,4740889.0,7306052.0,0.0,0.0
2013-07-19 23:00:00+00:00,2013-07-20 09:00:00+10:00,2013-07-20,9,0,2013-07-19 00:00:00+00:00,23,0.085576923,28.68,29.09,4986665.0,7869674.0,206524.0,441323.0
2013-07-20 00:00:00+00:00,2013-07-20 10:00:00+10:00,2013-07-20,10,1,2013-07-19 00:00:00+00:00,24,0.131474359,25.03,26.48,5684393.0,8863797.0,697728.0,994123.0
2013-07-20 01:00:00+00:00,2013-07-20 11:00:00+10:00,2013-07-20,11,2,2013-07-20 00:00:00+00:00,1,0.171730769,22.77,23.2,1493654.0,1762468.0,1493654.0,1762468.0
2013-07-20 02:00:00+00:00,2013-07-20 12:00:00+10:00,2013-07-20,12,3,2013-07-20 00:00:00+00:00,2,0.454487179,22.11,22.51,2925066.0,3515963.0,1431412.0,1753495.0
2013-07-20 03:00:00+00:00,2013-07-20 13:00:00+10:00,2013-07-20,13,4,2013-07-20 00:00:00+00:00,3,0.2975,21.35,22.65,4589378.0,5444858.0,1664312.0,1928895.0
2013-07-20 04:00:00+00:00,2013-07-20 14:00:00+10:00,2013-07-20,14,5,2013-07-20 00:00:00+00:00,4,0.586602564,21.32,22.79,5969046.0,7116531.0,1379668.0,1671673.0
2013-07-20 05:00:00+00:00,2013-07-20 15:00:00+10:00,2013-07-20,15,6,2013-07-20 00:00:00+00:00,5,0.22974359,22.05,22.88,7002092.0,8436140.0,1033046.0,1319609.0
2013-07-20 06:00:00+00:00,2013-07-20 16:00:00+10:00,2013-07-20,16,7,2013-07-20 00:00:00+00:00,6,0.056153846,23.06,22.79,7605662.0,9278598.0,603570.0,842458.0
2013-07-20 07:00:00+00:00,2013-07-20 17:00:00+10:00,2013-07-20,17,8,2013-07-20 00:00:00+00:00,7,0.012948718,26.24,25.82,7807726.0,9599159.0,202064.0,320561.0
2013-07-20 08:00:00+00:00,2013-07-20 18:00:00+10:00,2013-07-20,18,9,2013-07-20 00:00:00+00:00,8,0.000320513,31.3,28.12,7809518.0,9603765.0,1792.0,4606.0
2013-07-20 09:00:00+00:00,2013-07-20 19:00:00+10:00,2013-07-20,19,10,2013-07-20 00:00:00+00:00,9,0.0,35.160000000000004,27.56,7809518.0,9603765.0,0.0,0.0
2013-07-20 10:00:00+00:00,2013-07-20 20:00:00+10:00,2013-07-20,20,11,2013-07-20 00:00:00+00:00,10,0.0,40.99,31.5,7809518.0,9603765.0,0.0,0.0
2013-07-20 23:00:00+00:00,2013-07-21 09:00:00+10:00,2013-07-21,9,0,2013-07-20 00:00:00+00:00,23,0.149294872,23.07,23.01,8481061.0,10505257.0,549885.0,712597.0
2013-07-21 00:00:00+00:00,2013-07-21 10:00:00+10:00,2013-07-21,10,1,2013-07-20 00:00:00+00:00,24,0.674679487,22.44,20.05,9378932.0,11630588.0,897871.0,1125331.0
2013-07-21 01:00:00+00:00,2013-07-21 11:00:00+10:00,2013-07-21,11,2,2013-07-21 00:00:00+00:00,1,0.75525641,21.3,22.3,1319094.0,1543857.0,1319094.0,1543857.0
2013-07-21 02:00:00+00:00,2013-07-21 12:00:00+10:00,2013-07-21,12,3,2013-07-21 00:00:00+00:00,2,0.641858974,19.87,20.93,2841927.0,3310541.0,1522833.0,1766684.0
2013-07-21 03:00:00+00:00,2013-07-21 13:00:00+10:00,2013-07-21,13,4,2013-07-21 00:00:00+00:00,3,0.625128205,18.76,20.17,4468589.0,5141922.0,1626662.0,1831381.0
2013-07-21 04:00:00+00:00,2013-07-21 14:00:00+10:00,2013-07-21,14,5,2013-07-21 00:00:00+00:00,4,0.271282051,18.7,18.77,5986672.0,6855595.0,1518083.0,1713673.0
2013-07-21 05:00:00+00:00,2013-07-21 15:00:00+10:00,2013-07-21,15,6,2013-07-21 00:00:00+00:00,5,0.190512821,18.32,18.88,7174413.0,8229724.0,1187741.0,1374129.0
2013-07-21 06:00:00+00:00,2013-07-21 16:00:00+10:00,2013-07-21,16,7,2013-07-21 00:00:00+00:00,6,0.061730769,19.53,20.02,7885860.0,9111347.0,711447.0,881623.0
2013-07-21 07:00:00+00:00,2013-07-21 17:00:00+10:00,2013-07-21,17,8,2013-07-21 00:00:00+00:00,7,0.033589744,21.95,22.28,8119224.0,9456251.0,233364.0,344904.0
2013-07-21 08:00:00+00:00,2013-07-21 18:00:00+10:00,2013-07-21,18,9,2013-07-21 00:00:00+00:00,8,0.001025641,23.43,23.62,8122507.0,9462273.0,3283.0,6022.0
2013-07-21 09:00:00+00:00,2013-07-21 19:00:00+10:00,2013-07-21,19,10,2013-07-21 00:00:00+00:00,9,0.0,25.91,25.35,8122507.0,9462273.0,0.0,0.0
2013-07-21 10:00:00+00:00,2013-07-21 20:00:00+10:00,2013-07-21,20,11,2013-07-21 00:00:00+00:00,10,0.0,28.43,28.56,8122507.0,9462273.0,0.0,0.0
2013-07-21 23:00:00+00:00,2013-07-22 09:00:00+10:00,2013-07-22,9,0,2013-07-21 00:00:00+00:00,23,0.141858974,23.3,58.17,8865741.0,10420480.0,618347.0,768784.0
2013-07-22 00:00:00+00:00,2013-07-22 10:00:00+10:00,2013-07-22,10,1,2013-07-21 00:00:00+00:00,24,0.623012821,22.05,18.2,10050479.0,11775924.0,1184738.0,1355444.0
2013-07-22 01:00:00+00:00,2013-07-22 11:00:00+10:00,2013-07-22,11,2,2013-07-22 00:00:00+00:00,1,0.766602564,21.17,21.35,1493964.0,1699843.0,1493964.0,1699843.0
2013-07-22 02:00:00+00:00,2013-07-22 12:00:00+10:00,2013-07-22,12,3,2013-07-22 00:00:00+00:00,2,0.523461538,19.85,21.37,3446824.0,3806374.0,1952860.0,2106531.0
2013-07-22 03:00:00+00:00,2013-07-22 13:00:00+10:00,2013-07-22,13,4,2013-07-22 00:00:00+00:00,3,0.509615385,19.62,21.5,5331610.0,5871937.0,1884786.0,2065563.0
2013-07-22 04:00:00+00:00,2013-07-22 14:00:00+10:00,2013-07-22,14,5,2013-07-22 00:00:00+00:00,4,0.338012821,21.08,21.5,6714476.0,7509812.0,1382866.0,1637875.0
2013-07-22 05:00:00+00:00,2013-07-22 15:00:00+10:00,2013-07-22,15,6,2013-07-22 00:00:00+00:00,5,0.235,22.35,23.59,7793589.0,8826518.0,1079113.0,1316706.0
2013-07-22 06:00:00+00:00,2013-07-22 16:00:00+10:00,2013-07-22,16,7,2013-07-22 00:00:00+00:00,6,0.113653846,23.95,26.22,8472297.0,9711475.0,678708.0,884957.0
2013-07-22 07:00:00+00:00,2013-07-22 17:00:00+10:00,2013-07-22,17,8,2013-07-22 00:00:00+00:00,7,0.029166667,28.77,24.82,8710806.0,10073896.0,238509.0,362421.0
2013-07-22 08:00:00+00:00,2013-07-22 18:00:00+10:00,2013-07-22,18,9,2013-07-22 00:00:00+00:00,8,0.000576923,31.42,27.31,8713944.0,10080765.0,3138.0,6869.0
2013-07-22 09:00:00+00:00,2013-07-22 19:00:00+10:00,2013-07-22,19,10,2013-07-22 00:00:00+00:00,9,0.0,35.13,33.54,8713944.0,10080765.0,0.0,0.0
2013-07-22 10:00:00+00:00,2013-07-22 20:00:00+10:00,2013-07-22,20,11,2013-07-22 00:00:00+00:00,10,0.0,41.3,52.99,8713944.0,10080765.0,0.0,0.0
2013-07-22 23:00:00+00:00,2013-07-23 09:00:00+10:00,2013-07-23,9,0,2013-07-22 00:00:00+00:00,23,0.110641026,27.02,25.21,9470358.0,11095077.0,637108.0,819415.0
2013-07-23 00:00:00+00:00,2013-07-23 10:00:00+10:00,2013-07-23,10,1,2013-07-22 00:00:00+00:00,24,0.654935897,23.27,19.44,10649003.0,12491263.0,1178645.0,1396186.0
2013-07-23 01:00:00+00:00,2013-07-23 11:00:00+10:00,2013-07-23,11,2,2013-07-23 00:00:00+00:00,1,0.757307692,22.08,21.15,1556215.0,1789670.0,1556215.0,1789670.0
2013-07-23 02:00:00+00:00,2013-07-23 12:00:00+10:00,2013-07-23,12,3,2013-07-23 00:00:00+00:00,2,0.551858974,21.57,21.01,3424035.0,3855284.0,1867820.0,2065614.0
2013-07-23 03:00:00+00:00,2013-07-23 13:00:00+10:00,2013-07-23,13,4,2013-07-23 00:00:00+00:00,3,0.656730769,21.07,21.03,5165826.0,5850366.0,1741791.0,1995082.0
2013-07-23 04:00:00+00:00,2013-07-23 14:00:00+10:00,2013-07-23,14,5,2013-07-23 00:00:00+00:00,4,0.390384615,21.57,21.53,6110659.0,7182643.0,944833.0,1332277.0
2013-07-23 05:00:00+00:00,2013-07-23 15:00:00+10:00,2013-07-23,15,6,2013-07-23 00:00:00+00:00,5,0.124038462,22.86,22.33,6993336.0,8373383.0,882677.0,1190740.0
2013-07-23 06:00:00+00:00,2013-07-23 16:00:00+10:00,2013-07-23,16,7,2013-07-23 00:00:00+00:00,6,0.114807692,24.37,25.47,7754503.0,9328425.0,761167.0,955042.0
2013-07-23 07:00:00+00:00,2013-07-23 17:00:00+10:00,2013-07-23,17,8,2013-07-23 00:00:00+00:00,7,0.031538462,28.28,30.19,8032626.0,9731671.0,278123.0,403246.0
2013-07-23 08:00:00+00:00,2013-07-23 18:00:00+10:00,2013-07-23,18,9,2013-07-23 00:00:00+00:00,8,0.001410256,31.04,28.5,8036905.0,9740139.0,4279.0,8468.0
2013-07-23 09:00:00+00:00,2013-07-23 19:00:00+10:00,2013-07-23,19,10,2013-07-23 00:00:00+00:00,9,0.0,34.7,41.55,8036905.0,9740139.0,0.0,0.0
2013-07-23 10:00:00+00:00,2013-07-23 20:00:00+10:00,2013-07-23,20,11,2013-07-23 00:00:00+00:00,10,0.0,39.79,30.31,8036905.0,9740139.0,0.0,0.0
2013-07-23 23:00:00+00:00,2013-07-24 09:00:00+10:00,2013-07-24,9,0,2013-07-23 00:00:00+00:00,23,0.166474359,24.48,21.4,8859578.0,10766313.0,674451.0,810027.0
2013-07-24 00:00:00+00:00,2013-07-24 10:00:00+10:00,2013-07-24,10,1,2013-07-23 00:00:00+00:00,24,0.636217949,22.14,20.63,10103314.0,12154746.0,1243736.0,1388433.0
2013-07-24 01:00:00+00:00,2013-07-24 11:00:00+10:00,2013-07-24,11,2,2013-07-24 00:00:00+00:00,1,0.741153846,21.11,21.08,1739834.0,1861573.0,1739834.0,1861573.0
2013-07-24 02:00:00+00:00,2013-07-24 12:00:00+10:00,2013-07-24,12,3,2013-07-24 00:00:00+00:00,2,0.744102564,20.45,20.48,3780680.0,4005594.0,2040846.0,2144021.0
2013-07-24 03:00:00+00:00,2013-07-24 13:00:00+10:00,2013-07-24,13,4,2013-07-24 00:00:00+00:00,3,0.690897436,20.12,20.27,5763539.0,6117507.0,1982859.0,2111913.0
2013-07-24 04:00:00+00:00,2013-07-24 14:00:00+10:00,2013-07-24,14,5,2013-07-24 00:00:00+00:00,4,0.584294872,20.7,21.8,7651570.0,8126411.0,1888031.0,2008904.0
2013-07-24 05:00:00+00:00,2013-07-24 15:00:00+10:00,2013-07-24,15,6,2013-07-24 00:00:00+00:00,5,0.421089744,21.95,21.5,9143948.0,9757289.0,1492378.0,1630878.0
2013-07-24 06:00:00+00:00,2013-07-24 16:00:00+10:00,2013-07-24,16,7,2013-07-24 00:00:00+00:00,6,0.210705128,23.76,22.32,10078077.0,10836790.0,934129.0,1079501.0
2013-07-24 07:00:00+00:00,2013-07-24 17:00:00+10:00,2013-07-24,17,8,2013-07-24 00:00:00+00:00,7,0.038782051,27.09,31.09,10388717.0,11260368.0,310640.0,423578.0
2013-07-24 08:00:00+00:00,2013-07-24 18:00:00+10:00,2013-07-24,18,9,2013-07-24 00:00:00+00:00,8,0.001538462,28.71,30.45,10393514.0,11269807.0,4797.0,9439.0
2013-07-24 09:00:00+00:00,2013-07-24 19:00:00+10:00,2013-07-24,19,10,2013-07-24 00:00:00+00:00,9,0.0,31.46,32.43,10393514.0,11269807.0,0.0,0.0
2013-07-24 10:00:00+00:00,2013-07-24 20:00:00+10:00,2013-07-24,20,11,2013-07-24 00:00:00+00:00,10,0.0,33.42,34.15,10393514.0,11269807.0,0.0,0.0
2013-07-24 23:00:00+00:00,2013-07-25 09:00:00+10:00,2013-07-25,9,0,2013-07-24 00:00:00+00:00,23,0.180705128,22.38,21.23,11311041.0,12368529.0,760251.0,876538.0
2013-07-25 00:00:00+00:00,2013-07-25 10:00:00+10:00,2013-07-25,10,1,2013-07-24 00:00:00+00:00,24,0.63974359,20.81,20.1,12663623.0,13839008.0,1352582.0,1470479.0
2013-07-25 01:00:00+00:00,2013-07-25 11:00:00+10:00,2013-07-25,11,2,2013-07-25 00:00:00+00:00,1,0.743782051,19.94,19.53,1713740.0,1845955.0,1713740.0,1845955.0
2013-07-25 02:00:00+00:00,2013-07-25 12:00:00+10:00,2013-07-25,12,3,2013-07-25 00:00:00+00:00,2,0.757051282,18.95,17.07,3766726.0,3996878.0,2052986.0,2150923.0
2013-07-25 03:00:00+00:00,2013-07-25 13:00:00+10:00,2013-07-25,13,4,2013-07-25 00:00:00+00:00,3,0.616153846,18.59,10.63,5852381.0,6182376.0,2085655.0,2185498.0
2013-07-25 04:00:00+00:00,2013-07-25 14:00:00+10:00,2013-07-25,14,5,2013-07-25 00:00:00+00:00,4,0.556217949,19.38,17.92,7645633.0,8111862.0,1793252.0,1929486.0
2013-07-25 05:00:00+00:00,2013-07-25 15:00:00+10:00,2013-07-25,15,6,2013-07-25 00:00:00+00:00,5,0.257307692,20.97,19.34,9025749.0,9645404.0,1380116.0,1533542.0
2013-07-25 06:00:00+00:00,2013-07-25 16:00:00+10:00,2013-07-25,16,7,2013-07-25 00:00:00+00:00,6,0.151858974,22.54,20.64,9748644.0,10540371.0,722895.0,894967.0
2013-07-25 07:00:00+00:00,2013-07-25 17:00:00+10:00,2013-07-25,17,8,2013-07-25 00:00:00+00:00,7,0.056346154,24.53,22.59,9999263.0,10884736.0,250619.0,344365.0
2013-07-25 08:00:00+00:00,2013-07-25 18:00:00+10:00,2013-07-25,18,9,2013-07-25 00:00:00+00:00,8,0.001217949,26.8,24.48,10004420.0,10893964.0,5157.0,9228.0
2013-07-25 09:00:00+00:00,2013-07-25 19:00:00+10:00,2013-07-25,19,10,2013-07-25 00:00:00+00:00,9,0.0,29.66,25.43,10004420.0,10893964.0,0.0,0.0
2013-07-25 10:00:00+00:00,2013-07-25 20:00:00+10:00,2013-07-25,20,11,2013-07-25 00:00:00+00:00,10,0.0,32.26,26.76,10004420.0,10893964.0,0.0,0.0
2013-07-25 23:00:00+00:00,2013-07-26 09:00:00+10:00,2013-07-26,9,0,2013-07-25 00:00:00+00:00,23,0.103525641,22.42,21.61,10842035.0,11926884.0,717566.0,845331.0
2013-07-26 00:00:00+00:00,2013-07-26 10:00:00+10:00,2013-07-26,10,1,2013-07-25 00:00:00+00:00,24,0.119935897,20.52,19.96,12214397.0,13415218.0,1372362.0,1488334.0
2013-07-26 01:00:00+00:00,2013-07-26 11:00:00+10:00,2013-07-26,11,2,2013-07-26 00:00:00+00:00,1,0.316666667,19.06,19.77,1794057.0,1886535.0,1794057.0,1886535.0
2013-07-26 02:00:00+00:00,2013-07-26 12:00:00+10:00,2013-07-26,12,3,2013-07-26 00:00:00+00:00,2,0.771025641,17.67,18.25,3877184.0,4057671.0,2083127.0,2171136.0
2013-07-26 03:00:00+00:00,2013-07-26 13:00:00+10:00,2013-07-26,13,4,2013-07-26 00:00:00+00:00,3,0.714102564,17.46,18.42,5986314.0,6273383.0,2109130.0,2215712.0
2013-07-26 04:00:00+00:00,2013-07-26 14:00:00+10:00,2013-07-26,14,5,2013-07-26 00:00:00+00:00,4,0.602115385,18.27,20.82,7893407.0,8312044.0,1907093.0,2038661.0
2013-07-26 05:00:00+00:00,2013-07-26 15:00:00+10:00,2013-07-26,15,6,2013-07-26 00:00:00+00:00,5,0.436602564,20.28,22.52,9388439.0,9960371.0,1495032.0,1648327.0
2013-07-26 06:00:00+00:00,2013-07-26 16:00:00+10:00,2013-07-26,16,7,2013-07-26 00:00:00+00:00,6,0.217307692,22.11,23.28,10342787.0,11062566.0,954348.0,1102195.0
2013-07-26 07:00:00+00:00,2013-07-26 17:00:00+10:00,2013-07-26,17,8,2013-07-26 00:00:00+00:00,7,0.038846154,23.61,28.59,10671355.0,11502942.0,328568.0,440376.0
2013-07-26 08:00:00+00:00,2013-07-26 18:00:00+10:00,2013-07-26,18,9,2013-07-26 00:00:00+00:00,8,0.001858974,25.17,29.16,10677476.0,11514961.0,6121.0,12019.0
2013-07-26 09:00:00+00:00,2013-07-26 19:00:00+10:00,2013-07-26,19,10,2013-07-26 00:00:00+00:00,9,0.0,27.08,26.03,10677476.0,11514961.0,0.0,0.0
2013-07-26 10:00:00+00:00,2013-07-26 20:00:00+10:00,2013-07-26,20,11,2013-07-26 00:00:00+00:00,10,0.0,28.29,26.88,10677476.0,11514961.0,0.0,0.0
2013-07-26 23:00:00+00:00,2013-07-27 09:00:00+10:00,2013-07-27,9,0,2013-07-26 00:00:00+00:00,23,0.203782051,21.6,22.34,11347987.0,12472945.0,557226.0,758301.0
2013-07-27 00:00:00+00:00,2013-07-27 10:00:00+10:00,2013-07-27,10,1,2013-07-26 00:00:00+00:00,24,0.644102564,20.37,16.87,12458538.0,13783258.0,1110551.0,1310313.0
2013-07-27 01:00:00+00:00,2013-07-27 11:00:00+10:00,2013-07-27,11,2,2013-07-27 00:00:00+00:00,1,0.71775641,18.9,20.96,1752801.0,1891972.0,1752801.0,1891972.0
2013-07-27 02:00:00+00:00,2013-07-27 12:00:00+10:00,2013-07-27,12,3,2013-07-27 00:00:00+00:00,2,0.735128205,17.95,19.92,3560612.0,3893350.0,1807811.0,2001378.0
2013-07-27 03:00:00+00:00,2013-07-27 13:00:00+10:00,2013-07-27,13,4,2013-07-27 00:00:00+00:00,3,0.704935897,17.31,20.38,5400544.0,5911112.0,1839932.0,2017762.0
2013-07-27 04:00:00+00:00,2013-07-27 14:00:00+10:00,2013-07-27,14,5,2013-07-27 00:00:00+00:00,4,0.59275641,17.98,21.06,7293944.0,7932806.0,1893400.0,2021694.0
2013-07-27 05:00:00+00:00,2013-07-27 15:00:00+10:00,2013-07-27,15,6,2013-07-27 00:00:00+00:00,5,0.433910256,18.85,21.59,8822067.0,9594303.0,1528123.0,1661497.0
2013-07-27 06:00:00+00:00,2013-07-27 16:00:00+10:00,2013-07-27,16,7,2013-07-27 00:00:00+00:00,6,0.22224359,20.69,22.51,9795442.0,10703836.0,973375.0,1109533.0
2013-07-27 07:00:00+00:00,2013-07-27 17:00:00+10:00,2013-07-27,17,8,2013-07-27 00:00:00+00:00,7,0.040512821,22.16,28.92,10135199.0,11153643.0,339757.0,449807.0
2013-07-27 08:00:00+00:00,2013-07-27 18:00:00+10:00,2013-07-27,18,9,2013-07-27 00:00:00+00:00,8,0.002051282,23.35,33.01,10142148.0,11166756.0,6949.0,13113.0
2013-07-27 09:00:00+00:00,2013-07-27 19:00:00+10:00,2013-07-27,19,10,2013-07-27 00:00:00+00:00,9,0.0,24.73,25.66,10142148.0,11166756.0,0.0,0.0
2013-07-27 10:00:00+00:00,2013-07-27 20:00:00+10:00,2013-07-27,20,11,2013-07-27 00:00:00+00:00,10,0.0,25.54,28.43,10142148.0,11166756.0,0.0,0.0
2013-07-27 23:00:00+00:00,2013-07-28 09:00:00+10:00,2013-07-28,9,0,2013-07-27 00:00:00+00:00,23,0.185705128,20.57,17.64,10810585.0,12052853.0,541709.0,696903.0
2013-07-28 00:00:00+00:00,2013-07-28 10:00:00+10:00,2013-07-28,10,1,2013-07-27 00:00:00+00:00,24,0.454807692,18.74,8.9,11831620.0,13294384.0,1021035.0,1241531.0
2013-07-28 01:00:00+00:00,2013-07-28 11:00:00+10:00,2013-07-28,11,2,2013-07-28 00:00:00+00:00,1,0.378333333,17.78,15.28,1270406.0,1536689.0,1270406.0,1536689.0
2013-07-28 02:00:00+00:00,2013-07-28 12:00:00+10:00,2013-07-28,12,3,2013-07-28 00:00:00+00:00,2,0.314615385,16.71,16.97,2876336.0,3418171.0,1605930.0,1881482.0
2013-07-28 03:00:00+00:00,2013-07-28 13:00:00+10:00,2013-07-28,13,4,2013-07-28 00:00:00+00:00,3,0.302820513,16.22,10.75,4471871.0,5287173.0,1595535.0,1869002.0
2013-07-28 04:00:00+00:00,2013-07-28 14:00:00+10:00,2013-07-28,14,5,2013-07-28 00:00:00+00:00,4,0.335576923,16.31,14.56,5834944.0,6957720.0,1363073.0,1670547.0
2013-07-28 05:00:00+00:00,2013-07-28 15:00:00+10:00,2013-07-28,15,6,2013-07-28 00:00:00+00:00,5,0.174358974,17.0,4.63,6951717.0,8355282.0,1116773.0,1397562.0
2013-07-28 06:00:00+00:00,2013-07-28 16:00:00+10:00,2013-07-28,16,7,2013-07-28 00:00:00+00:00,6,0.141410256,18.69,15.62,7659748.0,9265778.0,708031.0,910496.0
2013-07-28 07:00:00+00:00,2013-07-28 17:00:00+10:00,2013-07-28,17,8,2013-07-28 00:00:00+00:00,7,0.05224359,21.09,19.76,7936508.0,9654531.0,276760.0,388753.0
2013-07-28 08:00:00+00:00,2013-07-28 18:00:00+10:00,2013-07-28,18,9,2013-07-28 00:00:00+00:00,8,0.001602564,22.34,20.26,7943180.0,9667668.0,6672.0,13137.0
2013-07-28 09:00:00+00:00,2013-07-28 19:00:00+10:00,2013-07-28,19,10,2013-07-28 00:00:00+00:00,9,0.0,22.9,21.95,7943180.0,9667668.0,0.0,0.0
2013-07-28 10:00:00+00:00,2013-07-28 20:00:00+10:00,2013-07-28,20,11,2013-07-28 00:00:00+00:00,10,0.0,23.67,21.19,7943180.0,9667668.0,0.0,0.0
2013-07-28 23:00:00+00:00,2013-07-29 09:00:00+10:00,2013-07-29,9,0,2013-07-28 00:00:00+00:00,23,0.043525641,21.51,19.74,8812616.0,10824782.0,708131.0,903876.0
2013-07-29 00:00:00+00:00,2013-07-29 10:00:00+10:00,2013-07-29,10,1,2013-07-28 00:00:00+00:00,24,0.259230769,18.85,16.02,10026419.0,12290503.0,1213803.0,1465721.0
2013-07-29 01:00:00+00:00,2013-07-29 11:00:00+10:00,2013-07-29,11,2,2013-07-29 00:00:00+00:00,1,0.283910256,17.67,12.3,1627280.0,1898762.0,1627280.0,1898762.0
2013-07-29 02:00:00+00:00,2013-07-29 12:00:00+10:00,2013-07-29,12,3,2013-07-29 00:00:00+00:00,2,0.285,16.3,13.65,3042994.0,3675804.0,1415714.0,1777042.0
2013-07-29 03:00:00+00:00,2013-07-29 13:00:00+10:00,2013-07-29,13,4,2013-07-29 00:00:00+00:00,3,0.183717949,16.03,14.43,4017280.0,5138333.0,974286.0,1462529.0
2013-07-29 04:00:00+00:00,2013-07-29 14:00:00+10:00,2013-07-29,14,5,2013-07-29 00:00:00+00:00,4,0.066730769,17.87,18.85,4682007.0,6319590.0,664727.0,1181257.0
2013-07-29 05:00:00+00:00,2013-07-29 15:00:00+10:00,2013-07-29,15,6,2013-07-29 00:00:00+00:00,5,0.097115385,20.45,20.83,5097696.0,7180501.0,415689.0,860911.0
2013-07-29 06:00:00+00:00,2013-07-29 16:00:00+10:00,2013-07-29,16,7,2013-07-29 00:00:00+00:00,6,0.028333333,22.08,21.25,5666796.0,8019131.0,569100.0,838630.0
2013-07-29 07:00:00+00:00,2013-07-29 17:00:00+10:00,2013-07-29,17,8,2013-07-29 00:00:00+00:00,7,0.012307692,23.97,23.02,5853881.0,8373805.0,187085.0,354674.0
2013-07-29 08:00:00+00:00,2013-07-29 18:00:00+10:00,2013-07-29,18,9,2013-07-29 00:00:00+00:00,8,0.000576923,26.07,25.82,5857831.0,8386792.0,3950.0,12987.0
2013-07-29 09:00:00+00:00,2013-07-29 19:00:00+10:00,2013-07-29,19,10,2013-07-29 00:00:00+00:00,9,0.0,29.73,26.22,5857831.0,8386792.0,0.0,0.0
2013-07-29 10:00:00+00:00,2013-07-29 20:00:00+10:00,2013-07-29,20,11,2013-07-29 00:00:00+00:00,10,0.0,31.79,26.57,5857831.0,8386792.0,0.0,0.0
2013-07-29 23:00:00+00:00,2013-07-30 09:00:00+10:00,2013-07-30,9,0,2013-07-29 00:00:00+00:00,23,0.231410256,21.85,20.49,6087504.0,9032648.0,177192.0,489990.0
2013-07-30 00:00:00+00:00,2013-07-30 10:00:00+10:00,2013-07-30,10,1,2013-07-29 00:00:00+00:00,24,0.649807692,19.95,19.86,6707441.0,10038137.0,619937.0,1005489.0
2013-07-30 01:00:00+00:00,2013-07-30 11:00:00+10:00,2013-07-30,11,2,2013-07-30 00:00:00+00:00,1,0.729358974,19.03,19.52,1676911.0,1883294.0,1676911.0,1883294.0
2013-07-30 02:00:00+00:00,2013-07-30 12:00:00+10:00,2013-07-30,12,3,2013-07-30 00:00:00+00:00,2,0.380384615,18.67,19.05,3533934.0,3966001.0,1857023.0,2082707.0
2013-07-30 03:00:00+00:00,2013-07-30 13:00:00+10:00,2013-07-30,13,4,2013-07-30 00:00:00+00:00,3,0.185897436,18.7,18.21,5493053.0,6135250.0,1959119.0,2169249.0
2013-07-30 04:00:00+00:00,2013-07-30 14:00:00+10:00,2013-07-30,14,5,2013-07-30 00:00:00+00:00,4,0.379871795,19.69,22.52,7294377.0,8160254.0,1801324.0,2025004.0
2013-07-30 05:00:00+00:00,2013-07-30 15:00:00+10:00,2013-07-30,15,6,2013-07-30 00:00:00+00:00,5,0.243653846,21.47,22.45,8564663.0,9673446.0,1270286.0,1513192.0
2013-07-30 06:00:00+00:00,2013-07-30 16:00:00+10:00,2013-07-30,16,7,2013-07-30 00:00:00+00:00,6,0.144102564,23.07,24.68,9282553.0,10624010.0,717890.0,950564.0
2013-07-30 07:00:00+00:00,2013-07-30 17:00:00+10:00,2013-07-30,17,8,2013-07-30 00:00:00+00:00,7,0.055128205,25.08,26.82,9567044.0,11044460.0,284491.0,420450.0
2013-07-30 08:00:00+00:00,2013-07-30 18:00:00+10:00,2013-07-30,18,9,2013-07-30 00:00:00+00:00,8,0.003397436,27.38,27.42,9575367.0,11061515.0,8323.0,17055.0
2013-07-30 09:00:00+00:00,2013-07-30 19:00:00+10:00,2013-07-30,19,10,2013-07-30 00:00:00+00:00,9,0.0,29.49,28.17,9575367.0,11061515.0,0.0,0.0
2013-07-30 10:00:00+00:00,2013-07-30 20:00:00+10:00,2013-07-30,20,11,2013-07-30 00:00:00+00:00,10,0.0,31.96,29.9,9575367.0,11061802.0,0.0,287.0
2013-07-30 23:00:00+00:00,2013-07-31 09:00:00+10:00,2013-07-31,9,0,2013-07-30 00:00:00+00:00,23,0.232435897,22.75,21.69,10559137.0,12285858.0,798306.0,956179.0
2013-07-31 00:00:00+00:00,2013-07-31 10:00:00+10:00,2013-07-31,10,1,2013-07-30 00:00:00+00:00,24,0.636474359,21.44,19.58,11937457.0,13842898.0,1378320.0,1557040.0
2013-07-31 01:00:00+00:00,2013-07-31 11:00:00+10:00,2013-07-31,11,2,2013-07-31 00:00:00+00:00,1,0.706923077,20.31,20.48,1809783.0,1986593.0,1809783.0,1986593.0
2013-07-31 02:00:00+00:00,2013-07-31 12:00:00+10:00,2013-07-31,12,3,2013-07-31 00:00:00+00:00,2,0.778525641,19.28,20.08,3879998.0,4231265.0,2070215.0,2244672.0
2013-07-31 03:00:00+00:00,2013-07-31 13:00:00+10:00,2013-07-31,13,4,2013-07-31 00:00:00+00:00,3,0.607692308,19.14,19.44,5994330.0,6522210.0,2114332.0,2290945.0
2013-07-31 04:00:00+00:00,2013-07-31 14:00:00+10:00,2013-07-31,14,5,2013-07-31 00:00:00+00:00,4,0.509615385,20.17,21.11,7921812.0,8639148.0,1927482.0,2116938.0
2013-07-31 05:00:00+00:00,2013-07-31 15:00:00+10:00,2013-07-31,15,6,2013-07-31 00:00:00+00:00,5,0.439358974,22.14,22.43,9409558.0,10328175.0,1487746.0,1689027.0
2013-07-31 06:00:00+00:00,2013-07-31 16:00:00+10:00,2013-07-31,16,7,2013-07-31 00:00:00+00:00,6,0.236217949,23.81,25.99,10331176.0,11444333.0,921618.0,1116158.0
2013-07-31 07:00:00+00:00,2013-07-31 17:00:00+10:00,2013-07-31,17,8,2013-07-31 00:00:00+00:00,7,0.042179487,26.42,29.38,10583458.0,11836601.0,252282.0,392268.0
2013-07-31 08:00:00+00:00,2013-07-31 18:00:00+10:00,2013-07-31,18,9,2013-07-31 00:00:00+00:00,8,0.002307692,28.21,27.04,10592886.0,11856006.0,9428.0,19405.0
2013-07-31 09:00:00+00:00,2013-07-31 19:00:00+10:00,2013-07-31,19,10,2013-07-31 00:00:00+00:00,9,0.0,29.71,26.74,10592886.0,11856006.0,0.0,0.0
2013-07-31 10:00:00+00:00,2013-07-31 20:00:00+10:00,2013-07-31,20,11,2013-07-31 00:00:00+00:00,10,0.0,32.480000000000004,28.86,10592886.0,11855896.0,0.0,-110.0
2013-07-31 23:00:00+00:00,2013-08-01 09:00:00+10:00,2013-08-01,9,0,2013-07-31 00:00:00+00:00,23,0.255897436,23.34,21.88,11126050.0,12743378.0,423629.0,672015.0
2013-08-01 00:00:00+00:00,2013-08-01 10:00:00+10:00,2013-08-01,10,1,2013-07-31 00:00:00+00:00,24,0.636730769,22.05,21.28,12034862.0,13951912.0,908812.0,1208534.0
2013-08-01 01:00:00+00:00,2013-08-01 11:00:00+10:00,2013-08-01,11,2,2013-08-01 00:00:00+00:00,1,0.743653846,20.99,19.69,1478899.0,1730288.0,1478899.0,1730288.0
2013-08-01 02:00:00+00:00,2013-08-01 12:00:00+10:00,2013-08-01,12,3,2013-08-01 00:00:00+00:00,2,0.759423077,20.31,19.21,3435855.0,3871313.0,1956956.0,2141025.0
2013-08-01 03:00:00+00:00,2013-08-01 13:00:00+10:00,2013-08-01,13,4,2013-08-01 00:00:00+00:00,3,0.72,19.97,19.77,5600589.0,6178488.0,2164734.0,2307175.0
2013-08-01 04:00:00+00:00,2013-08-01 14:00:00+10:00,2013-08-01,14,5,2013-08-01 00:00:00+00:00,4,0.600897436,21.0,21.37,7559408.0,8295055.0,1958819.0,2116567.0
2013-08-01 05:00:00+00:00,2013-08-01 15:00:00+10:00,2013-08-01,15,6,2013-08-01 00:00:00+00:00,5,0.434294872,22.53,22.43,9100006.0,10009575.0,1540598.0,1714520.0
2013-08-01 06:00:00+00:00,2013-08-01 16:00:00+10:00,2013-08-01,16,7,2013-08-01 00:00:00+00:00,6,0.212692308,24.1,23.56,10106429.0,11185366.0,1006423.0,1175791.0
2013-08-01 07:00:00+00:00,2013-08-01 17:00:00+10:00,2013-08-01,17,8,2013-08-01 00:00:00+00:00,7,0.041666667,27.12,24.11,10474047.0,11684451.0,367618.0,499085.0
2013-08-01 08:00:00+00:00,2013-08-01 18:00:00+10:00,2013-08-01,18,9,2013-08-01 00:00:00+00:00,8,0.002179487,28.69,24.93,10485547.0,11706531.0,11500.0,22080.0
2013-08-01 09:00:00+00:00,2013-08-01 19:00:00+10:00,2013-08-01,19,10,2013-08-01 00:00:00+00:00,9,0.0,30.38,26.77,10485547.0,11706531.0,0.0,0.0
2013-08-01 10:00:00+00:00,2013-08-01 20:00:00+10:00,2013-08-01,20,11,2013-08-01 00:00:00+00:00,10,0.0,32.8,50.07,10485547.0,11706653.0,0.0,122.0
2013-08-01 23:00:00+00:00,2013-08-02 09:00:00+10:00,2013-08-02,9,0,2013-08-01 00:00:00+00:00,23,0.230769231,23.77,22.16,11293345.0,12765040.0,669263.0,831403.0
2013-08-02 00:00:00+00:00,2013-08-02 10:00:00+10:00,2013-08-02,10,1,2013-08-01 00:00:00+00:00,24,0.609358974,21.58,21.6,12510384.0,14188424.0,1217039.0,1423384.0
2013-08-02 01:00:00+00:00,2013-08-02 11:00:00+10:00,2013-08-02,11,2,2013-08-02 00:00:00+00:00,1,0.686346154,20.84,21.09,1194692.0,1508022.0,1194692.0,1508022.0
2013-08-02 02:00:00+00:00,2013-08-02 12:00:00+10:00,2013-08-02,12,3,2013-08-02 00:00:00+00:00,2,0.392435897,20.0,20.22,2755857.0,3387763.0,1561165.0,1879741.0
2013-08-02 03:00:00+00:00,2013-08-02 13:00:00+10:00,2013-08-02,13,4,2013-08-02 00:00:00+00:00,3,0.542820513,19.52,20.03,4315131.0,5290050.0,1559274.0,1902287.0
2013-08-02 04:00:00+00:00,2013-08-02 14:00:00+10:00,2013-08-02,14,5,2013-08-02 00:00:00+00:00,4,0.317371795,20.29,21.96,5595293.0,6909259.0,1280162.0,1619209.0
2013-08-02 05:00:00+00:00,2013-08-02 15:00:00+10:00,2013-08-02,15,6,2013-08-02 00:00:00+00:00,5,0.112051282,21.52,23.37,6488001.0,8117512.0,892708.0,1208253.0
2013-08-02 06:00:00+00:00,2013-08-02 16:00:00+10:00,2013-08-02,16,7,2013-08-02 00:00:00+00:00,6,0.136153846,22.6,23.57,7403796.0,9210299.0,915795.0,1092787.0
2013-08-02 07:00:00+00:00,2013-08-02 17:00:00+10:00,2013-08-02,17,8,2013-08-02 00:00:00+00:00,7,0.033397436,25.05,24.81,7767763.0,9708801.0,363967.0,498502.0
2013-08-02 08:00:00+00:00,2013-08-02 18:00:00+10:00,2013-08-02,18,9,2013-08-02 00:00:00+00:00,8,0.00224359,27.29,33.0,7779808.0,9733153.0,12045.0,24352.0
2013-08-02 09:00:00+00:00,2013-08-02 19:00:00+10:00,2013-08-02,19,10,2013-08-02 00:00:00+00:00,9,0.0,29.14,28.05,7779808.0,9733153.0,0.0,0.0
2013-08-02 10:00:00+00:00,2013-08-02 20:00:00+10:00,2013-08-02,20,11,2013-08-02 00:00:00+00:00,10,0.0,31.9,31.11,7779808.0,9733153.0,0.0,0.0
2013-08-02 23:00:00+00:00,2013-08-03 09:00:00+10:00,2013-08-03,9,0,2013-08-02 00:00:00+00:00,23,0.229807692,21.77,21.71,8635845.0,10860741.0,710863.0,892881.0
2013-08-03 00:00:00+00:00,2013-08-03 10:00:00+10:00,2013-08-03,10,1,2013-08-02 00:00:00+00:00,24,0.647307692,21.2,19.93,9643314.0,12150432.0,1007469.0,1289691.0
2013-08-03 01:00:00+00:00,2013-08-03 11:00:00+10:00,2013-08-03,11,2,2013-08-03 00:00:00+00:00,1,0.783589744,20.23,18.51,1097829.0,1462871.0,1097829.0,1462871.0
2013-08-03 02:00:00+00:00,2013-08-03 12:00:00+10:00,2013-08-03,12,3,2013-08-03 00:00:00+00:00,2,0.789551282,19.68,18.72,2648391.0,3347183.0,1550562.0,1884312.0
2013-08-03 03:00:00+00:00,2013-08-03 13:00:00+10:00,2013-08-03,13,4,2013-08-03 00:00:00+00:00,3,0.737948718,18.58,18.67,4157315.0,5213333.0,1508924.0,1866150.0
2013-08-03 04:00:00+00:00,2013-08-03 14:00:00+10:00,2013-08-03,14,5,2013-08-03 00:00:00+00:00,4,0.619871795,18.62,18.77,5696968.0,7043512.0,1539653.0,1830179.0
2013-08-03 05:00:00+00:00,2013-08-03 15:00:00+10:00,2013-08-03,15,6,2013-08-03 00:00:00+00:00,5,0.419102564,19.54,19.41,6880358.0,8512812.0,1183390.0,1469300.0
2013-08-03 06:00:00+00:00,2013-08-03 16:00:00+10:00,2013-08-03,16,7,2013-08-03 00:00:00+00:00,6,0.17724359,20.87,20.5,7661370.0,9530937.0,781012.0,1018125.0
2013-08-03 07:00:00+00:00,2013-08-03 17:00:00+10:00,2013-08-03,17,8,2013-08-03 00:00:00+00:00,7,0.033910256,21.93,23.5,7924768.0,9958664.0,263398.0,427727.0
2013-08-03 08:00:00+00:00,2013-08-03 18:00:00+10:00,2013-08-03,18,9,2013-08-03 00:00:00+00:00,8,0.001474359,23.78,25.85,7934259.0,9983015.0,9491.0,24351.0
2013-08-03 09:00:00+00:00,2013-08-03 19:00:00+10:00,2013-08-03,19,10,2013-08-03 00:00:00+00:00,9,0.0,25.93,33.46,7934259.0,9983015.0,0.0,0.0
2013-08-03 10:00:00+00:00,2013-08-03 20:00:00+10:00,2013-08-03,20,11,2013-08-03 00:00:00+00:00,10,0.0,28.21,28.3,7934259.0,9983015.0,0.0,0.0
2013-08-03 23:00:00+00:00,2013-08-04 09:00:00+10:00,2013-08-04,9,0,2013-08-03 00:00:00+00:00,23,0.046602564,21.25,20.46,8467892.0,10898660.0,421879.0,688507.0
2013-08-04 00:00:00+00:00,2013-08-04 10:00:00+10:00,2013-08-04,10,1,2013-08-03 00:00:00+00:00,24,0.116666667,19.5,19.28,9365567.0,12099570.0,897675.0,1200910.0
2013-08-04 01:00:00+00:00,2013-08-04 11:00:00+10:00,2013-08-04,11,2,2013-08-04 00:00:00+00:00,1,0.173589744,18.33,18.39,1530605.0,1774714.0,1530605.0,1774714.0
2013-08-04 02:00:00+00:00,2013-08-04 12:00:00+10:00,2013-08-04,12,3,2013-08-04 00:00:00+00:00,2,0.653205128,17.26,13.32,3412538.0,3887992.0,1881933.0,2113278.0
2013-08-04 03:00:00+00:00,2013-08-04 13:00:00+10:00,2013-08-04,13,4,2013-08-04 00:00:00+00:00,3,0.720897436,16.29,-17.52,5018219.0,5799563.0,1605681.0,1911571.0
2013-08-04 04:00:00+00:00,2013-08-04 14:00:00+10:00,2013-08-04,14,5,2013-08-04 00:00:00+00:00,4,0.560192308,15.76,6.67,6409035.0,7495453.0,1390816.0,1695890.0
2013-08-04 05:00:00+00:00,2013-08-04 15:00:00+10:00,2013-08-04,15,6,2013-08-04 00:00:00+00:00,5,0.509679487,16.15,12.44,7471199.0,8847035.0,1062164.0,1351582.0
2013-08-04 06:00:00+00:00,2013-08-04 16:00:00+10:00,2013-08-04,16,7,2013-08-04 00:00:00+00:00,6,0.315,17.080000000000002,16.55,8380439.0,9953106.0,909240.0,1106071.0
2013-08-04 07:00:00+00:00,2013-08-04 17:00:00+10:00,2013-08-04,17,8,2013-08-04 00:00:00+00:00,7,0.071217949,19.37,19.25,8744988.0,10455083.0,364549.0,501977.0
2013-08-04 08:00:00+00:00,2013-08-04 18:00:00+10:00,2013-08-04,18,9,2013-08-04 00:00:00+00:00,8,0.003397436,21.39,21.74,8759343.0,10483934.0,14355.0,28851.0
2013-08-04 09:00:00+00:00,2013-08-04 19:00:00+10:00,2013-08-04,19,10,2013-08-04 00:00:00+00:00,9,0.0,22.38,22.47,8759343.0,10483934.0,0.0,0.0
2013-08-04 10:00:00+00:00,2013-08-04 20:00:00+10:00,2013-08-04,20,11,2013-08-04 00:00:00+00:00,10,0.0,22.96,24.36,8759343.0,10484088.0,0.0,154.0
2013-08-04 23:00:00+00:00,2013-08-05 09:00:00+10:00,2013-08-05,9,0,2013-08-04 00:00:00+00:00,23,0.084679487,20.46,17.11,9783398.0,11791218.0,820578.0,1000919.0
2013-08-05 00:00:00+00:00,2013-08-05 10:00:00+10:00,2013-08-05,10,1,2013-08-04 00:00:00+00:00,24,0.251217949,17.42,13.2,11172699.0,13392616.0,1389301.0,1601398.0
2013-08-05 01:00:00+00:00,2013-08-05 11:00:00+10:00,2013-08-05,11,2,2013-08-05 00:00:00+00:00,1,0.081217949,15.98,12.9,1287931.0,1616387.0,1287931.0,1616387.0
2013-08-05 02:00:00+00:00,2013-08-05 12:00:00+10:00,2013-08-05,12,3,2013-08-05 00:00:00+00:00,2,0.469102564,14.98,15.76,2901930.0,3553053.0,1613999.0,1936666.0
2013-08-05 03:00:00+00:00,2013-08-05 13:00:00+10:00,2013-08-05,13,4,2013-08-05 00:00:00+00:00,3,0.341153846,14.64,18.09,4348954.0,5365275.0,1447024.0,1812222.0
2013-08-05 04:00:00+00:00,2013-08-05 14:00:00+10:00,2013-08-05,14,5,2013-08-05 00:00:00+00:00,4,0.197115385,16.86,20.46,4922047.0,6474999.0,573093.0,1109724.0
2013-08-05 05:00:00+00:00,2013-08-05 15:00:00+10:00,2013-08-05,15,6,2013-08-05 00:00:00+00:00,5,0.213012821,20.28,22.27,5501137.0,7481465.0,579090.0,1006466.0
2013-08-05 06:00:00+00:00,2013-08-05 16:00:00+10:00,2013-08-05,16,7,2013-08-05 00:00:00+00:00,6,0.0775,22.19,26.04,5984172.0,8269984.0,483035.0,788519.0
2013-08-05 07:00:00+00:00,2013-08-05 17:00:00+10:00,2013-08-05,17,8,2013-08-05 00:00:00+00:00,7,0.020512821,24.18,26.7,6145892.0,8616169.0,161720.0,346185.0
2013-08-05 08:00:00+00:00,2013-08-05 18:00:00+10:00,2013-08-05,18,9,2013-08-05 00:00:00+00:00,8,0.001217949,25.83,25.88,6156162.0,8644201.0,10270.0,28032.0
2013-08-05 09:00:00+00:00,2013-08-05 19:00:00+10:00,2013-08-05,19,10,2013-08-05 00:00:00+00:00,9,0.0,27.84,30.47,6156162.0,8644201.0,0.0,0.0
2013-08-05 10:00:00+00:00,2013-08-05 20:00:00+10:00,2013-08-05,20,11,2013-08-05 00:00:00+00:00,10,0.0,29.65,30.2,6156162.0,8644515.0,0.0,314.0
2013-08-05 23:00:00+00:00,2013-08-06 09:00:00+10:00,2013-08-06,9,0,2013-08-05 00:00:00+00:00,23,0.088397436,23.47,22.21,7203966.0,10000378.0,813968.0,1013196.0
2013-08-06 00:00:00+00:00,2013-08-06 10:00:00+10:00,2013-08-06,10,1,2013-08-05 00:00:00+00:00,24,0.245961538,21.25,18.98,8209456.0,11313750.0,1005490.0,1313372.0
2013-08-06 01:00:00+00:00,2013-08-06 11:00:00+10:00,2013-08-06,11,2,2013-08-06 00:00:00+00:00,1,0.182692308,19.8,19.94,1157379.0,1563198.0,1157379.0,1563198.0
2013-08-06 02:00:00+00:00,2013-08-06 12:00:00+10:00,2013-08-06,12,3,2013-08-06 00:00:00+00:00,2,0.046025641,19.15,19.92,2141856.0,3042565.0,984477.0,1479367.0
2013-08-06 03:00:00+00:00,2013-08-06 13:00:00+10:00,2013-08-06,13,4,2013-08-06 00:00:00+00:00,3,0.034615385,18.89,19.77,2605643.0,4117897.0,463787.0,1075332.0
2013-08-06 04:00:00+00:00,2013-08-06 14:00:00+10:00,2013-08-06,14,5,2013-08-06 00:00:00+00:00,4,0.026858974,19.99,21.34,3351003.0,5396586.0,745360.0,1278689.0
2013-08-06 05:00:00+00:00,2013-08-06 15:00:00+10:00,2013-08-06,15,6,2013-08-06 00:00:00+00:00,5,0.025897436,22.7,22.19,4232734.0,6689495.0,881731.0,1292909.0
2013-08-06 06:00:00+00:00,2013-08-06 16:00:00+10:00,2013-08-06,16,7,2013-08-06 00:00:00+00:00,6,0.022692308,24.49,23.87,4626346.0,7417554.0,393612.0,728059.0
2013-08-06 07:00:00+00:00,2013-08-06 17:00:00+10:00,2013-08-06,17,8,2013-08-06 00:00:00+00:00,7,0.033974359,26.45,24.4,4758545.0,7730436.0,132199.0,312882.0
2013-08-06 08:00:00+00:00,2013-08-06 18:00:00+10:00,2013-08-06,18,9,2013-08-06 00:00:00+00:00,8,0.001794872,29.01,25.01,4763002.0,7753538.0,4457.0,23102.0
2013-08-06 09:00:00+00:00,2013-08-06 19:00:00+10:00,2013-08-06,19,10,2013-08-06 00:00:00+00:00,9,0.0,31.58,25.1,4763002.0,7753538.0,0.0,0.0
2013-08-06 10:00:00+00:00,2013-08-06 20:00:00+10:00,2013-08-06,20,11,2013-08-06 00:00:00+00:00,10,0.0,33.37,26.52,4763002.0,7753220.0,0.0,-318.0
2013-08-06 23:00:00+00:00,2013-08-07 09:00:00+10:00,2013-08-07,9,0,2013-08-06 00:00:00+00:00,23,0.12224359,23.12,23.09,5771301.0,9035106.0,777367.0,954234.0
2013-08-07 00:00:00+00:00,2013-08-07 10:00:00+10:00,2013-08-07,10,1,2013-08-06 00:00:00+00:00,24,0.216730769,22.26,21.2,7163257.0,10610239.0,1391956.0,1575133.0
2013-08-07 01:00:00+00:00,2013-08-07 11:00:00+10:00,2013-08-07,11,2,2013-08-07 00:00:00+00:00,1,0.369230769,21.53,22.17,1917323.0,2078078.0,1917323.0,2078078.0
2013-08-07 02:00:00+00:00,2013-08-07 12:00:00+10:00,2013-08-07,12,3,2013-08-07 00:00:00+00:00,2,0.498910256,21.07,21.53,4138004.0,4450434.0,2220681.0,2372356.0
2013-08-07 03:00:00+00:00,2013-08-07 13:00:00+10:00,2013-08-07,13,4,2013-08-07 00:00:00+00:00,3,0.483076923,20.41,21.23,6289458.0,6787214.0,2151454.0,2336780.0
2013-08-07 04:00:00+00:00,2013-08-07 14:00:00+10:00,2013-08-07,14,5,2013-08-07 00:00:00+00:00,4,0.376346154,20.49,22.97,7997533.0,8736189.0,1708075.0,1948975.0
2013-08-07 05:00:00+00:00,2013-08-07 15:00:00+10:00,2013-08-07,15,6,2013-08-07 00:00:00+00:00,5,0.207051282,22.11,24.67,9410822.0,10381504.0,1413289.0,1645315.0
2013-08-07 06:00:00+00:00,2013-08-07 16:00:00+10:00,2013-08-07,16,7,2013-08-07 00:00:00+00:00,6,0.111538462,24.19,52.1,10307827.0,11491823.0,897005.0,1110319.0
2013-08-07 07:00:00+00:00,2013-08-07 17:00:00+10:00,2013-08-07,17,8,2013-08-07 00:00:00+00:00,7,0.055769231,26.6,27.58,10632539.0,11965925.0,324712.0,474102.0
2013-08-07 08:00:00+00:00,2013-08-07 18:00:00+10:00,2013-08-07,18,9,2013-08-07 00:00:00+00:00,8,0.004038462,28.68,23.88,10648300.0,11999919.0,15761.0,33994.0
2013-08-07 09:00:00+00:00,2013-08-07 19:00:00+10:00,2013-08-07,19,10,2013-08-07 00:00:00+00:00,9,0.0,32.56,25.2,10648300.0,11999919.0,0.0,0.0
2013-08-07 10:00:00+00:00,2013-08-07 20:00:00+10:00,2013-08-07,20,11,2013-08-07 00:00:00+00:00,10,0.0,34.67,31.19,10648300.0,11999919.0,0.0,0.0
2013-08-07 23:00:00+00:00,2013-08-08 09:00:00+10:00,2013-08-08,9,0,2013-08-07 00:00:00+00:00,23,0.151730769,23.45,25.62,11743812.0,13389254.0,883040.0,1064274.0
2013-08-08 00:00:00+00:00,2013-08-08 10:00:00+10:00,2013-08-08,10,1,2013-08-07 00:00:00+00:00,24,0.579807692,22.36,16.48,13089747.0,14965199.0,1345935.0,1575945.0
2013-08-08 01:00:00+00:00,2013-08-08 11:00:00+10:00,2013-08-08,11,2,2013-08-08 00:00:00+00:00,1,0.690769231,21.36,19.91,1167454.0,1556427.0,1167454.0,1556427.0
2013-08-08 02:00:00+00:00,2013-08-08 12:00:00+10:00,2013-08-08,12,3,2013-08-08 00:00:00+00:00,2,0.80724359,20.68,15.98,2524177.0,3349886.0,1356723.0,1793459.0
2013-08-08 03:00:00+00:00,2013-08-08 13:00:00+10:00,2013-08-08,13,4,2013-08-08 00:00:00+00:00,3,0.638269231,19.8,6.65,3620057.0,4940903.0,1095880.0,1591017.0
2013-08-08 04:00:00+00:00,2013-08-08 14:00:00+10:00,2013-08-08,14,5,2013-08-08 00:00:00+00:00,4,0.642307692,20.64,19.33,4869382.0,6581977.0,1249325.0,1641074.0
2013-08-08 05:00:00+00:00,2013-08-08 15:00:00+10:00,2013-08-08,15,6,2013-08-08 00:00:00+00:00,5,0.378012821,22.66,22.57,5764778.0,7832974.0,895396.0,1250997.0
2013-08-08 06:00:00+00:00,2013-08-08 16:00:00+10:00,2013-08-08,16,7,2013-08-08 00:00:00+00:00,6,0.238461538,25.14,24.33,6475837.0,8808888.0,711059.0,975914.0
2013-08-08 07:00:00+00:00,2013-08-08 17:00:00+10:00,2013-08-08,17,8,2013-08-08 00:00:00+00:00,7,0.05275641,27.28,31.5,6718907.0,9228076.0,243070.0,419188.0
2013-08-08 08:00:00+00:00,2013-08-08 18:00:00+10:00,2013-08-08,18,9,2013-08-08 00:00:00+00:00,8,0.003269231,28.94,26.8,6736134.0,9266171.0,17227.0,38095.0
2013-08-08 09:00:00+00:00,2013-08-08 19:00:00+10:00,2013-08-08,19,10,2013-08-08 00:00:00+00:00,9,0.0,30.69,27.93,6736134.0,9266171.0,0.0,0.0
2013-08-08 10:00:00+00:00,2013-08-08 20:00:00+10:00,2013-08-08,20,11,2013-08-08 00:00:00+00:00,10,0.0,33.44,30.28,6736134.0,9266171.0,0.0,0.0
2013-08-08 23:00:00+00:00,2013-08-09 09:00:00+10:00,2013-08-09,9,0,2013-08-08 00:00:00+00:00,23,0.277371795,23.51,23.26,7839042.0,10650660.0,854788.0,1033087.0
2013-08-09 00:00:00+00:00,2013-08-09 10:00:00+10:00,2013-08-09,10,1,2013-08-08 00:00:00+00:00,24,0.377564103,21.96,22.35,9170635.0,12232881.0,1331593.0,1582221.0
2013-08-09 01:00:00+00:00,2013-08-09 11:00:00+10:00,2013-08-09,11,2,2013-08-09 00:00:00+00:00,1,0.232435897,20.97,22.1,909793.5625,1349314.0,909793.5625,1349314.0
2013-08-09 02:00:00+00:00,2013-08-09 12:00:00+10:00,2013-08-09,12,3,2013-08-09 00:00:00+00:00,2,0.117628205,20.07,19.94,1611550.0,2555972.0,701756.4375,1206658.0
2013-08-09 03:00:00+00:00,2013-08-09 13:00:00+10:00,2013-08-09,13,4,2013-08-09 00:00:00+00:00,3,0.071217949,19.52,20.74,2428209.0,3856913.0,816659.0,1300941.0
2013-08-09 04:00:00+00:00,2013-08-09 14:00:00+10:00,2013-08-09,14,5,2013-08-09 00:00:00+00:00,4,0.077371795,20.39,21.78,2895434.0,4858304.0,467225.0,1001391.0
2013-08-09 05:00:00+00:00,2013-08-09 15:00:00+10:00,2013-08-09,15,6,2013-08-09 00:00:00+00:00,5,0.050192308,22.15,24.32,3496669.0,5860747.0,601235.0,1002443.0
2013-08-09 06:00:00+00:00,2013-08-09 16:00:00+10:00,2013-08-09,16,7,2013-08-09 00:00:00+00:00,6,0.037820513,24.3,24.44,4202092.0,6840828.0,705423.0,980081.0
2013-08-09 07:00:00+00:00,2013-08-09 17:00:00+10:00,2013-08-09,17,8,2013-08-09 00:00:00+00:00,7,0.037179487,26.42,36.81,4493205.0,7305061.0,291113.0,464233.0
2013-08-09 08:00:00+00:00,2013-08-09 18:00:00+10:00,2013-08-09,18,9,2013-08-09 00:00:00+00:00,8,0.002564103,27.87,31.18,4511663.0,7346920.0,18458.0,41859.0
2013-08-09 09:00:00+00:00,2013-08-09 19:00:00+10:00,2013-08-09,19,10,2013-08-09 00:00:00+00:00,9,0.0,30.68,31.38,4511663.0,7346920.0,0.0,0.0
2013-08-09 10:00:00+00:00,2013-08-09 20:00:00+10:00,2013-08-09,20,11,2013-08-09 00:00:00+00:00,10,0.0,32.82,30.15,4511663.0,7346920.0,0.0,0.0
2013-08-09 23:00:00+00:00,2013-08-10 09:00:00+10:00,2013-08-10,9,0,2013-08-09 00:00:00+00:00,23,0.43974359,22.46,22.48,5711044.0,8817022.0,919966.0,1082455.0
2013-08-10 00:00:00+00:00,2013-08-10 10:00:00+10:00,2013-08-10,10,1,2013-08-09 00:00:00+00:00,24,0.693910256,21.31,21.88,7267189.0,10534540.0,1556145.0,1717518.0
2013-08-10 01:00:00+00:00,2013-08-10 11:00:00+10:00,2013-08-10,11,2,2013-08-10 00:00:00+00:00,1,0.783589744,20.13,21.45,2022215.0,2163053.0,2022215.0,2163053.0
2013-08-10 02:00:00+00:00,2013-08-10 12:00:00+10:00,2013-08-10,12,3,2013-08-10 00:00:00+00:00,2,0.782884615,19.81,20.36,4305597.0,4583767.0,2283382.0,2420714.0
2013-08-10 03:00:00+00:00,2013-08-10 13:00:00+10:00,2013-08-10,13,4,2013-08-10 00:00:00+00:00,3,0.725641026,19.0,19.78,6623227.0,7038718.0,2317630.0,2454951.0
2013-08-10 04:00:00+00:00,2013-08-10 14:00:00+10:00,2013-08-10,14,5,2013-08-10 00:00:00+00:00,4,0.613012821,19.34,20.24,8739234.0,9306496.0,2116007.0,2267778.0
2013-08-10 05:00:00+00:00,2013-08-10 15:00:00+10:00,2013-08-10,15,6,2013-08-10 00:00:00+00:00,5,0.44525641,19.87,20.55,10433423.0,11172739.0,1694189.0,1866243.0
2013-08-10 06:00:00+00:00,2013-08-10 16:00:00+10:00,2013-08-10,16,7,2013-08-10 00:00:00+00:00,6,0.228012821,20.93,21.16,11544786.0,12461754.0,1111363.0,1289015.0
2013-08-10 07:00:00+00:00,2013-08-10 17:00:00+10:00,2013-08-10,17,8,2013-08-10 00:00:00+00:00,7,0.044423077,22.53,26.45,12001367.0,13064483.0,456581.0,602729.0
2013-08-10 08:00:00+00:00,2013-08-10 18:00:00+10:00,2013-08-10,18,9,2013-08-10 00:00:00+00:00,8,0.003525641,24.59,44.16,12023921.0,13110190.0,22554.0,45707.0
2013-08-10 09:00:00+00:00,2013-08-10 19:00:00+10:00,2013-08-10,19,10,2013-08-10 00:00:00+00:00,9,0.0,27.41,44.19,12023921.0,13110190.0,0.0,0.0
2013-08-10 10:00:00+00:00,2013-08-10 20:00:00+10:00,2013-08-10,20,11,2013-08-10 00:00:00+00:00,10,0.0,28.76,33.49,12023921.0,13110190.0,0.0,0.0
2013-08-10 23:00:00+00:00,2013-08-11 09:00:00+10:00,2013-08-11,9,0,2013-08-10 00:00:00+00:00,23,0.116602564,21.32,21.11,12990437.0,14388412.0,727561.0,924362.0
2013-08-11 00:00:00+00:00,2013-08-11 10:00:00+10:00,2013-08-11,10,1,2013-08-10 00:00:00+00:00,24,0.205128205,20.01,20.69,14471363.0,16025608.0,1480926.0,1637196.0
2013-08-11 01:00:00+00:00,2013-08-11 11:00:00+10:00,2013-08-11,11,2,2013-08-11 00:00:00+00:00,1,0.71025641,18.56,19.3,2041891.0,2150078.0,2041891.0,2150078.0
2013-08-11 02:00:00+00:00,2013-08-11 12:00:00+10:00,2013-08-11,12,3,2013-08-11 00:00:00+00:00,2,0.784615385,17.68,18.35,4356561.0,4574941.0,2314670.0,2424863.0
2013-08-11 03:00:00+00:00,2013-08-11 13:00:00+10:00,2013-08-11,13,4,2013-08-11 00:00:00+00:00,3,0.737884615,16.52,13.64,6696695.0,7039567.0,2340134.0,2464626.0
2013-08-11 04:00:00+00:00,2013-08-11 14:00:00+10:00,2013-08-11,14,5,2013-08-11 00:00:00+00:00,4,0.624294872,16.57,14.08,8832957.0,9319249.0,2136262.0,2279682.0
2013-08-11 05:00:00+00:00,2013-08-11 15:00:00+10:00,2013-08-11,15,6,2013-08-11 00:00:00+00:00,5,0.449935897,16.87,6.28,10556846.0,11208895.0,1723889.0,1889646.0
2013-08-11 06:00:00+00:00,2013-08-11 16:00:00+10:00,2013-08-11,16,7,2013-08-11 00:00:00+00:00,6,0.232628205,18.1,17.87,11681624.0,12512851.0,1124778.0,1303956.0
2013-08-11 07:00:00+00:00,2013-08-11 17:00:00+10:00,2013-08-11,17,8,2013-08-11 00:00:00+00:00,7,0.046923077,20.61,20.02,12147724.0,13125475.0,466100.0,612624.0
2013-08-11 08:00:00+00:00,2013-08-11 18:00:00+10:00,2013-08-11,18,9,2013-08-11 00:00:00+00:00,8,0.003653846,22.81,21.89,12171807.0,13173768.0,24083.0,48293.0
2013-08-11 09:00:00+00:00,2013-08-11 19:00:00+10:00,2013-08-11,19,10,2013-08-11 00:00:00+00:00,9,0.0,25.23,30.51,12171807.0,13173768.0,0.0,0.0
2013-08-11 10:00:00+00:00,2013-08-11 20:00:00+10:00,2013-08-11,20,11,2013-08-11 00:00:00+00:00,10,0.0,27.03,33.56,12171807.0,13173857.0,0.0,89.0
2013-08-11 23:00:00+00:00,2013-08-12 09:00:00+10:00,2013-08-12,9,0,2013-08-11 00:00:00+00:00,23,0.040448718,22.24,21.34,12724945.0,14118424.0,426345.0,685104.0
2013-08-12 00:00:00+00:00,2013-08-12 10:00:00+10:00,2013-08-12,10,1,2013-08-11 00:00:00+00:00,24,0.090448718,20.64,20.35,12924239.0,14794880.0,199294.0,676456.0
2013-08-12 01:00:00+00:00,2013-08-12 11:00:00+10:00,2013-08-12,11,2,2013-08-12 00:00:00+00:00,1,0.149487179,19.81,21.13,918074.875,1414425.0,918074.875,1414425.0
2013-08-12 02:00:00+00:00,2013-08-12 12:00:00+10:00,2013-08-12,12,3,2013-08-12 00:00:00+00:00,2,0.136923077,19.38,19.89,2470244.0,3409305.0,1552169.125,1994880.0
2013-08-12 03:00:00+00:00,2013-08-12 13:00:00+10:00,2013-08-12,13,4,2013-08-12 00:00:00+00:00,3,0.13275641,18.97,19.87,3376980.0,4879450.0,906736.0,1470145.0
2013-08-12 04:00:00+00:00,2013-08-12 14:00:00+10:00,2013-08-12,14,5,2013-08-12 00:00:00+00:00,4,0.232115385,20.29,20.11,4371190.0,6393823.0,994210.0,1514373.0
2013-08-12 05:00:00+00:00,2013-08-12 15:00:00+10:00,2013-08-12,15,6,2013-08-12 00:00:00+00:00,5,0.223653846,22.77,22.23,5506382.0,7873242.0,1135192.0,1479419.0
2013-08-12 06:00:00+00:00,2013-08-12 16:00:00+10:00,2013-08-12,16,7,2013-08-12 00:00:00+00:00,6,0.183974359,24.81,26.69,6461045.0,9034430.0,954663.0,1161188.0
2013-08-12 07:00:00+00:00,2013-08-12 17:00:00+10:00,2013-08-12,17,8,2013-08-12 00:00:00+00:00,7,0.056730769,27.08,24.71,6907769.0,9628686.0,446724.0,594256.0
2013-08-12 08:00:00+00:00,2013-08-12 18:00:00+10:00,2013-08-12,18,9,2013-08-12 00:00:00+00:00,8,0.00474359,29.37,25.83,6933720.0,9679415.0,25951.0,50729.0
2013-08-12 09:00:00+00:00,2013-08-12 19:00:00+10:00,2013-08-12,19,10,2013-08-12 00:00:00+00:00,9,0.0,32.26,41.95,6933720.0,9679415.0,0.0,0.0
2013-08-12 10:00:00+00:00,2013-08-12 20:00:00+10:00,2013-08-12,20,11,2013-08-12 00:00:00+00:00,10,0.0,34.34,33.76,6933720.0,9679287.0,0.0,-128.0
2013-08-12 23:00:00+00:00,2013-08-13 09:00:00+10:00,2013-08-13,9,0,2013-08-12 00:00:00+00:00,23,0.190576923,23.27,21.47,8035410.0,11093301.0,915155.0,1086862.0
2013-08-13 00:00:00+00:00,2013-08-13 10:00:00+10:00,2013-08-13,10,1,2013-08-12 00:00:00+00:00,24,0.6375,21.53,19.42,9499253.0,12748136.0,1463843.0,1654835.0
2013-08-13 01:00:00+00:00,2013-08-13 11:00:00+10:00,2013-08-13,11,2,2013-08-13 00:00:00+00:00,1,0.777884615,20.44,20.26,1903981.0,2086825.0,1903981.0,2086825.0
2013-08-13 02:00:00+00:00,2013-08-13 12:00:00+10:00,2013-08-13,12,3,2013-08-13 00:00:00+00:00,2,0.805576923,19.77,16.66,4166967.0,4491351.0,2262986.0,2404526.0
2013-08-13 03:00:00+00:00,2013-08-13 13:00:00+10:00,2013-08-13,13,4,2013-08-13 00:00:00+00:00,3,0.743205128,19.4,18.67,6500171.0,6957901.0,2333204.0,2466550.0
2013-08-13 04:00:00+00:00,2013-08-13 14:00:00+10:00,2013-08-13,14,5,2013-08-13 00:00:00+00:00,4,0.629679487,20.3,20.13,8524227.0,9150146.0,2024056.0,2192245.0
2013-08-13 05:00:00+00:00,2013-08-13 15:00:00+10:00,2013-08-13,15,6,2013-08-13 00:00:00+00:00,5,0.466410256,22.3,21.86,10134555.0,10947447.0,1610328.0,1797301.0
2013-08-13 06:00:00+00:00,2013-08-13 16:00:00+10:00,2013-08-13,16,7,2013-08-13 00:00:00+00:00,6,0.246282051,23.92,21.96,11249424.0,12235452.0,1114869.0,1288005.0
2013-08-13 07:00:00+00:00,2013-08-13 17:00:00+10:00,2013-08-13,17,8,2013-08-13 00:00:00+00:00,7,0.055833333,25.85,25.44,11718681.0,12846542.0,469257.0,611090.0
2013-08-13 08:00:00+00:00,2013-08-13 18:00:00+10:00,2013-08-13,18,9,2013-08-13 00:00:00+00:00,8,0.004230769,27.39,22.98,11746283.0,12901266.0,27602.0,54724.0
2013-08-13 09:00:00+00:00,2013-08-13 19:00:00+10:00,2013-08-13,19,10,2013-08-13 00:00:00+00:00,9,0.0,29.42,23.62,11746283.0,12901266.0,0.0,0.0
2013-08-13 10:00:00+00:00,2013-08-13 20:00:00+10:00,2013-08-13,20,11,2013-08-13 00:00:00+00:00,10,0.0,31.27,25.32,11746283.0,12901266.0,0.0,0.0
2013-08-13 23:00:00+00:00,2013-08-14 09:00:00+10:00,2013-08-14,9,0,2013-08-13 00:00:00+00:00,23,0.483846154,22.29,18.85,13084189.0,14542707.0,999720.0,1178429.0
2013-08-14 00:00:00+00:00,2013-08-14 10:00:00+10:00,2013-08-14,10,1,2013-08-13 00:00:00+00:00,24,0.707307692,19.25,13.78,14685559.0,16341789.0,1601370.0,1799082.0
2013-08-14 01:00:00+00:00,2013-08-14 11:00:00+10:00,2013-08-14,11,2,2013-08-14 00:00:00+00:00,1,0.790961538,17.62,16.46,2080031.0,2245022.0,2080031.0,2245022.0
2013-08-14 02:00:00+00:00,2013-08-14 12:00:00+10:00,2013-08-14,12,3,2013-08-14 00:00:00+00:00,2,0.7875,16.86,16.06,4418848.0,4747203.0,2338817.0,2502181.0
2013-08-14 03:00:00+00:00,2013-08-14 13:00:00+10:00,2013-08-14,13,4,2013-08-14 00:00:00+00:00,3,0.741217949,16.41,17.05,6785838.0,7284297.0,2366990.0,2537094.0
2013-08-14 04:00:00+00:00,2013-08-14 14:00:00+10:00,2013-08-14,14,5,2013-08-14 00:00:00+00:00,4,0.625192308,18.03,18.74,8947885.0,9630691.0,2162047.0,2346394.0
2013-08-14 05:00:00+00:00,2013-08-14 15:00:00+10:00,2013-08-14,15,6,2013-08-14 00:00:00+00:00,5,0.451666667,20.96,20.94,10676769.0,11559301.0,1728884.0,1928610.0
2013-08-14 06:00:00+00:00,2013-08-14 16:00:00+10:00,2013-08-14,16,7,2013-08-14 00:00:00+00:00,6,0.226858974,22.4,20.9,11814973.0,12896296.0,1138204.0,1336995.0
2013-08-14 07:00:00+00:00,2013-08-14 17:00:00+10:00,2013-08-14,17,8,2013-08-14 00:00:00+00:00,7,0.047115385,24.26,21.86,12288307.0,13529288.0,473334.0,632992.0
2013-08-14 08:00:00+00:00,2013-08-14 18:00:00+10:00,2013-08-14,18,9,2013-08-14 00:00:00+00:00,8,0.004871795,25.72,24.31,12316463.0,13588262.0,28156.0,58974.0
2013-08-14 09:00:00+00:00,2013-08-14 19:00:00+10:00,2013-08-14,19,10,2013-08-14 00:00:00+00:00,9,0.0,27.43,25.54,12316463.0,13588262.0,0.0,0.0
2013-08-14 10:00:00+00:00,2013-08-14 20:00:00+10:00,2013-08-14,20,11,2013-08-14 00:00:00+00:00,10,0.0,28.39,24.05,12316463.0,13588262.0,0.0,0.0
2013-08-14 23:00:00+00:00,2013-08-15 09:00:00+10:00,2013-08-15,9,0,2013-08-14 00:00:00+00:00,23,0.510641026,21.9,20.63,13664806.0,15222583.0,998291.0,1166133.0
2013-08-15 00:00:00+00:00,2013-08-15 10:00:00+10:00,2013-08-15,10,1,2013-08-14 00:00:00+00:00,24,0.726730769,19.16,18.91,15256935.0,17000832.0,1592129.0,1778249.0
2013-08-15 01:00:00+00:00,2013-08-15 11:00:00+10:00,2013-08-15,11,2,2013-08-15 00:00:00+00:00,1,0.813205128,17.82,19.06,2099913.0,2248834.0,2099913.0,2248834.0
2013-08-15 02:00:00+00:00,2013-08-15 12:00:00+10:00,2013-08-15,12,3,2013-08-15 00:00:00+00:00,2,0.803205128,17.04,17.92,4463800.0,4764556.0,2363887.0,2515722.0
2013-08-15 03:00:00+00:00,2013-08-15 13:00:00+10:00,2013-08-15,13,4,2013-08-15 00:00:00+00:00,3,0.741025641,16.79,17.46,6857395.0,7315316.0,2393595.0,2550760.0
2013-08-15 04:00:00+00:00,2013-08-15 14:00:00+10:00,2013-08-15,14,5,2013-08-15 00:00:00+00:00,4,0.628974359,17.78,21.16,9067783.0,9692452.0,2210388.0,2377136.0
2013-08-15 05:00:00+00:00,2013-08-15 15:00:00+10:00,2013-08-15,15,6,2013-08-15 00:00:00+00:00,5,0.456794872,20.72,24.44,10854512.0,11660355.0,1786729.0,1967903.0
2013-08-15 06:00:00+00:00,2013-08-15 16:00:00+10:00,2013-08-15,16,7,2013-08-15 00:00:00+00:00,6,0.230833333,22.77,28.21,12043084.0,13035611.0,1188572.0,1375256.0
2013-08-15 07:00:00+00:00,2013-08-15 17:00:00+10:00,2013-08-15,17,8,2013-08-15 00:00:00+00:00,7,0.046666667,24.35,29.31,12550437.0,13698296.0,507353.0,662685.0
2013-08-15 08:00:00+00:00,2013-08-15 18:00:00+10:00,2013-08-15,18,9,2013-08-15 00:00:00+00:00,8,0.004358974,25.94,40.94,12581889.0,13761952.0,31452.0,63656.0
2013-08-15 09:00:00+00:00,2013-08-15 19:00:00+10:00,2013-08-15,19,10,2013-08-15 00:00:00+00:00,9,0.0,27.49,24.48,12581889.0,13761952.0,0.0,0.0
2013-08-15 10:00:00+00:00,2013-08-15 20:00:00+10:00,2013-08-15,20,11,2013-08-15 00:00:00+00:00,10,0.0,27.45,31.92,12581889.0,13761952.0,0.0,0.0
2013-08-15 23:00:00+00:00,2013-08-16 09:00:00+10:00,2013-08-16,9,0,2013-08-15 00:00:00+00:00,23,0.072115385,21.96,20.6,13530414.0,15093894.0,682957.0,924448.0
2013-08-16 00:00:00+00:00,2013-08-16 10:00:00+10:00,2013-08-16,10,1,2013-08-15 00:00:00+00:00,24,0.158141026,19.66,18.04,14864176.0,16674261.0,1333762.0,1580367.0
2013-08-16 01:00:00+00:00,2013-08-16 11:00:00+10:00,2013-08-16,11,2,2013-08-16 00:00:00+00:00,1,0.361217949,17.67,18.53,1968164.0,2149969.0,1968164.0,2149969.0
2013-08-16 02:00:00+00:00,2013-08-16 12:00:00+10:00,2013-08-16,12,3,2013-08-16 00:00:00+00:00,2,0.792179487,17.07,18.51,4366389.0,4665892.0,2398225.0,2515923.0
2013-08-16 03:00:00+00:00,2013-08-16 13:00:00+10:00,2013-08-16,13,4,2013-08-16 00:00:00+00:00,3,0.731730769,17.25,18.47,6791789.0,7216329.0,2425400.0,2550437.0
2013-08-16 04:00:00+00:00,2013-08-16 14:00:00+10:00,2013-08-16,14,5,2013-08-16 00:00:00+00:00,4,0.624166667,18.84,19.89,9009098.0,9575309.0,2217309.0,2358980.0
2013-08-16 05:00:00+00:00,2013-08-16 15:00:00+10:00,2013-08-16,15,6,2013-08-16 00:00:00+00:00,5,0.458589744,21.27,20.25,10804239.0,11530242.0,1795141.0,1954933.0
2013-08-16 06:00:00+00:00,2013-08-16 16:00:00+10:00,2013-08-16,16,7,2013-08-16 00:00:00+00:00,6,0.235,24.02,23.31,12008822.0,12899878.0,1204583.0,1369636.0
2013-08-16 07:00:00+00:00,2013-08-16 17:00:00+10:00,2013-08-16,17,8,2013-08-16 00:00:00+00:00,7,0.047435897,25.69,25.59,12531293.0,13563368.0,522471.0,663490.0
2013-08-16 08:00:00+00:00,2013-08-16 18:00:00+10:00,2013-08-16,18,9,2013-08-16 00:00:00+00:00,8,0.004166667,27.28,31.04,12565422.0,13629880.0,34129.0,66512.0
2013-08-16 09:00:00+00:00,2013-08-16 19:00:00+10:00,2013-08-16,19,10,2013-08-16 00:00:00+00:00,9,0.0,29.46,39.24,12565422.0,13629880.0,0.0,0.0
2013-08-16 10:00:00+00:00,2013-08-16 20:00:00+10:00,2013-08-16,20,11,2013-08-16 00:00:00+00:00,10,0.0,30.92,27.5,12565422.0,13629880.0,0.0,0.0
2013-08-16 23:00:00+00:00,2013-08-17 09:00:00+10:00,2013-08-17,9,0,2013-08-16 00:00:00+00:00,23,0.339551282,21.42,21.62,13791921.0,15221890.0,885614.0,1115441.0
2013-08-17 00:00:00+00:00,2013-08-17 10:00:00+10:00,2013-08-17,10,1,2013-08-16 00:00:00+00:00,24,0.339294872,20.1,19.13,14949341.0,16692702.0,1157420.0,1470812.0
2013-08-17 01:00:00+00:00,2013-08-17 11:00:00+10:00,2013-08-17,11,2,2013-08-17 00:00:00+00:00,1,0.632115385,18.2,18.66,1987766.0,2185268.0,1987766.0,2185268.0
2013-08-17 02:00:00+00:00,2013-08-17 12:00:00+10:00,2013-08-17,12,3,2013-08-17 00:00:00+00:00,2,0.714935897,17.37,18.13,4063109.0,4483763.0,2075343.0,2298495.0
2013-08-17 03:00:00+00:00,2013-08-17 13:00:00+10:00,2013-08-17,13,4,2013-08-17 00:00:00+00:00,3,0.724487179,17.29,17.97,6365126.0,6975151.0,2302017.0,2491388.0
2013-08-17 04:00:00+00:00,2013-08-17 14:00:00+10:00,2013-08-17,14,5,2013-08-17 00:00:00+00:00,4,0.503076923,17.32,19.46,8550106.0,9343475.0,2184980.0,2368324.0
2013-08-17 05:00:00+00:00,2013-08-17 15:00:00+10:00,2013-08-17,15,6,2013-08-17 00:00:00+00:00,5,0.464487179,17.94,19.98,10314492.0,11287751.0,1764386.0,1944276.0
2013-08-17 06:00:00+00:00,2013-08-17 16:00:00+10:00,2013-08-17,16,7,2013-08-17 00:00:00+00:00,6,0.171153846,20.07,19.31,11539008.0,12676391.0,1224516.0,1388640.0
2013-08-17 07:00:00+00:00,2013-08-17 17:00:00+10:00,2013-08-17,17,8,2013-08-17 00:00:00+00:00,7,0.047948718,21.91,21.08,12070134.0,13351227.0,531126.0,674836.0
2013-08-17 08:00:00+00:00,2013-08-17 18:00:00+10:00,2013-08-17,18,9,2013-08-17 00:00:00+00:00,8,0.004423077,24.16,23.18,12105575.0,13422516.0,35441.0,71289.0
2013-08-17 09:00:00+00:00,2013-08-17 19:00:00+10:00,2013-08-17,19,10,2013-08-17 00:00:00+00:00,9,0.0,25.69,23.39,12105575.0,13422516.0,0.0,0.0
2013-08-17 10:00:00+00:00,2013-08-17 20:00:00+10:00,2013-08-17,20,11,2013-08-17 00:00:00+00:00,10,0.0,26.83,25.27,12105575.0,13422516.0,0.0,0.0
2013-08-17 23:00:00+00:00,2013-08-18 09:00:00+10:00,2013-08-18,9,0,2013-08-17 00:00:00+00:00,23,0.518653846,20.55,21.03,13568410.0,15204896.0,1064947.0,1247869.0
2013-08-18 00:00:00+00:00,2013-08-18 10:00:00+10:00,2013-08-18,10,1,2013-08-17 00:00:00+00:00,24,0.711987179,18.02,15.12,15245918.0,17081936.0,1677508.0,1877040.0
2013-08-18 01:00:00+00:00,2013-08-18 11:00:00+10:00,2013-08-18,11,2,2013-08-18 00:00:00+00:00,1,0.796602564,15.83,16.28,2149407.0,2317984.0,2149407.0,2317984.0
2013-08-18 02:00:00+00:00,2013-08-18 12:00:00+10:00,2013-08-18,12,3,2013-08-18 00:00:00+00:00,2,0.80224359,14.21,16.35,4553551.0,4893654.0,2404144.0,2575670.0
2013-08-18 03:00:00+00:00,2013-08-18 13:00:00+10:00,2013-08-18,13,4,2013-08-18 00:00:00+00:00,3,0.739230769,13.23,17.19,6966933.0,7486831.0,2413382.0,2593177.0
2013-08-18 04:00:00+00:00,2013-08-18 14:00:00+10:00,2013-08-18,14,5,2013-08-18 00:00:00+00:00,4,0.631153846,13.22,13.68,9193287.0,9900163.0,2226354.0,2413332.0
2013-08-18 05:00:00+00:00,2013-08-18 15:00:00+10:00,2013-08-18,15,6,2013-08-18 00:00:00+00:00,5,0.452435897,13.49,16.4,11002289.0,11903249.0,1809002.0,2003086.0
2013-08-18 06:00:00+00:00,2013-08-18 16:00:00+10:00,2013-08-18,16,7,2013-08-18 00:00:00+00:00,6,0.220064103,16.87,17.69,12216246.0,13308709.0,1213957.0,1405460.0
2013-08-18 07:00:00+00:00,2013-08-18 17:00:00+10:00,2013-08-18,17,8,2013-08-18 00:00:00+00:00,7,0.049102564,20.09,20.21,12754604.0,14005285.0,538358.0,696576.0
2013-08-18 08:00:00+00:00,2013-08-18 18:00:00+10:00,2013-08-18,18,9,2013-08-18 00:00:00+00:00,8,0.004807692,21.94,21.2,12791602.0,14081163.0,36998.0,75878.0
2013-08-18 09:00:00+00:00,2013-08-18 19:00:00+10:00,2013-08-18,19,10,2013-08-18 00:00:00+00:00,9,0.0,23.74,22.17,12791602.0,14081163.0,0.0,0.0
2013-08-18 10:00:00+00:00,2013-08-18 20:00:00+10:00,2013-08-18,20,11,2013-08-18 00:00:00+00:00,10,0.0,25.04,23.75,12791602.0,14081163.0,0.0,0.0
2013-08-18 23:00:00+00:00,2013-08-19 09:00:00+10:00,2013-08-19,9,0,2013-08-18 00:00:00+00:00,23,0.539615385,21.71,18.07,14223685.0,15830492.0,1035467.0,1211742.0
2013-08-19 00:00:00+00:00,2013-08-19 10:00:00+10:00,2013-08-19,10,1,2013-08-18 00:00:00+00:00,24,0.683525641,18.63,13.81,15760141.0,17586992.0,1536456.0,1756500.0
2013-08-19 01:00:00+00:00,2013-08-19 11:00:00+10:00,2013-08-19,11,2,2013-08-19 00:00:00+00:00,1,0.787179487,17.04,16.95,2144757.0,2299600.0,2144757.0,2299600.0
2013-08-19 02:00:00+00:00,2013-08-19 12:00:00+10:00,2013-08-19,12,3,2013-08-19 00:00:00+00:00,2,0.600833333,16.27,17.85,4432382.0,4780682.0,2287625.0,2481082.0
2013-08-19 03:00:00+00:00,2013-08-19 13:00:00+10:00,2013-08-19,13,4,2013-08-19 00:00:00+00:00,3,0.671666667,16.27,17.76,6663000.0,7238821.0,2230618.0,2458139.0
2013-08-19 04:00:00+00:00,2013-08-19 14:00:00+10:00,2013-08-19,14,5,2013-08-19 00:00:00+00:00,4,0.540705128,17.79,16.95,8707257.0,9538464.0,2044257.0,2299643.0
2013-08-19 05:00:00+00:00,2013-08-19 15:00:00+10:00,2013-08-19,15,6,2013-08-19 00:00:00+00:00,5,0.360641026,20.82,22.88,10291605.0,11386819.0,1584348.0,1848355.0
2013-08-19 06:00:00+00:00,2013-08-19 16:00:00+10:00,2013-08-19,16,7,2013-08-19 00:00:00+00:00,6,0.100641026,23.23,22.25,11299052.0,12624917.0,1007447.0,1238098.0
2013-08-19 07:00:00+00:00,2013-08-19 17:00:00+10:00,2013-08-19,17,8,2013-08-19 00:00:00+00:00,7,0.037564103,25.34,24.56,11757203.0,13245616.0,458151.0,620699.0
2013-08-19 08:00:00+00:00,2013-08-19 18:00:00+10:00,2013-08-19,18,9,2013-08-19 00:00:00+00:00,8,0.005192308,27.07,27.86,11793518.0,13321720.0,36315.0,76104.0
2013-08-19 09:00:00+00:00,2013-08-19 19:00:00+10:00,2013-08-19,19,10,2013-08-19 00:00:00+00:00,9,0.0,30.15,31.85,11793518.0,13321720.0,0.0,0.0
2013-08-19 10:00:00+00:00,2013-08-19 20:00:00+10:00,2013-08-19,20,11,2013-08-19 00:00:00+00:00,10,0.0,33.03,36.88,11793518.0,13321720.0,0.0,0.0
2013-08-19 23:00:00+00:00,2013-08-20 09:00:00+10:00,2013-08-20,9,0,2013-08-19 00:00:00+00:00,23,0.559679487,23.12,19.44,13312349.0,15106949.0,1114969.0,1252096.0
2013-08-20 00:00:00+00:00,2013-08-20 10:00:00+10:00,2013-08-20,10,1,2013-08-19 00:00:00+00:00,24,0.777435897,21.36,18.94,15074900.0,16997648.0,1762551.0,1890699.0
2013-08-20 01:00:00+00:00,2013-08-20 11:00:00+10:00,2013-08-20,11,2,2013-08-20 00:00:00+00:00,1,0.796858974,19.91,17.82,2188147.0,2294875.0,2188147.0,2294875.0
2013-08-20 02:00:00+00:00,2013-08-20 12:00:00+10:00,2013-08-20,12,3,2013-08-20 00:00:00+00:00,2,0.639807692,19.24,18.24,4644182.0,4850163.0,2456035.0,2555288.0
2013-08-20 03:00:00+00:00,2013-08-20 13:00:00+10:00,2013-08-20,13,4,2013-08-20 00:00:00+00:00,3,0.662948718,18.61,18.51,7071174.0,7402767.0,2426992.0,2552604.0
2013-08-20 04:00:00+00:00,2013-08-20 14:00:00+10:00,2013-08-20,14,5,2013-08-20 00:00:00+00:00,4,0.609615385,20.34,19.84,9251397.0,9727256.0,2180223.0,2324489.0
2013-08-20 05:00:00+00:00,2013-08-20 15:00:00+10:00,2013-08-20,15,6,2013-08-20 00:00:00+00:00,5,0.423141026,22.74,22.28,10736533.0,11439659.0,1485136.0,1712403.0
2013-08-20 06:00:00+00:00,2013-08-20 16:00:00+10:00,2013-08-20,16,7,2013-08-20 00:00:00+00:00,6,0.26474359,24.39,24.13,11810127.0,12709077.0,1073594.0,1269418.0
2013-08-20 07:00:00+00:00,2013-08-20 17:00:00+10:00,2013-08-20,17,8,2013-08-20 00:00:00+00:00,7,0.067115385,26.38,25.05,12354280.0,13401917.0,544153.0,692840.0
2013-08-20 08:00:00+00:00,2013-08-20 18:00:00+10:00,2013-08-20,18,9,2013-08-20 00:00:00+00:00,8,0.005961538,28.16,24.46,12395435.0,13484926.0,41155.0,83009.0
2013-08-20 09:00:00+00:00,2013-08-20 19:00:00+10:00,2013-08-20,19,10,2013-08-20 00:00:00+00:00,9,0.0,32.29,58.42,12395435.0,13484926.0,0.0,0.0
2013-08-20 10:00:00+00:00,2013-08-20 20:00:00+10:00,2013-08-20,20,11,2013-08-20 00:00:00+00:00,10,0.0,36.67,62.21,12395435.0,13484926.0,0.0,0.0
2013-08-20 23:00:00+00:00,2013-08-21 09:00:00+10:00,2013-08-21,9,0,2013-08-20 00:00:00+00:00,23,0.58474359,23.99,20.56,13421114.0,14943260.0,788734.0,1034069.0
2013-08-21 00:00:00+00:00,2013-08-21 10:00:00+10:00,2013-08-21,10,1,2013-08-20 00:00:00+00:00,24,0.781987179,21.77,17.19,14628502.0,16459303.0,1207388.0,1516043.0
2013-08-21 01:00:00+00:00,2013-08-21 11:00:00+10:00,2013-08-21,11,2,2013-08-21 00:00:00+00:00,1,0.624102564,19.32,18.76,1549347.0,1882699.0,1549347.0,1882699.0
2013-08-21 02:00:00+00:00,2013-08-21 12:00:00+10:00,2013-08-21,12,3,2013-08-21 00:00:00+00:00,2,0.657051282,18.35,16.740000000000002,3336994.0,4015409.0,1787647.0,2132710.0
2013-08-21 03:00:00+00:00,2013-08-21 13:00:00+10:00,2013-08-21,13,4,2013-08-21 00:00:00+00:00,3,0.577435897,18.27,16.87,4754369.0,5864826.0,1417375.0,1849417.0
2013-08-21 04:00:00+00:00,2013-08-21 14:00:00+10:00,2013-08-21,14,5,2013-08-21 00:00:00+00:00,4,0.662435897,19.15,18.79,6080063.0,7595067.0,1325694.0,1730241.0
2013-08-21 05:00:00+00:00,2013-08-21 15:00:00+10:00,2013-08-21,15,6,2013-08-21 00:00:00+00:00,5,0.429423077,23.04,21.3,7391955.0,9204048.0,1311892.0,1608981.0
2013-08-21 06:00:00+00:00,2013-08-21 16:00:00+10:00,2013-08-21,16,7,2013-08-21 00:00:00+00:00,6,0.179102564,25.31,23.16,8140800.0,10245569.0,748845.0,1041521.0
2013-08-21 07:00:00+00:00,2013-08-21 17:00:00+10:00,2013-08-21,17,8,2013-08-21 00:00:00+00:00,7,0.038012821,27.37,26.82,8639839.0,10909163.0,499039.0,663594.0
2013-08-21 08:00:00+00:00,2013-08-21 18:00:00+10:00,2013-08-21,18,9,2013-08-21 00:00:00+00:00,8,0.005064103,29.09,45.1,8683198.0,10996769.0,43359.0,87606.0
2013-08-21 09:00:00+00:00,2013-08-21 19:00:00+10:00,2013-08-21,19,10,2013-08-21 00:00:00+00:00,9,0.0,35.980000000000004,29.97,8683198.0,10996769.0,0.0,0.0
2013-08-21 10:00:00+00:00,2013-08-21 20:00:00+10:00,2013-08-21,20,11,2013-08-21 00:00:00+00:00,10,0.0,39.86,57.53,8683198.0,10996769.0,0.0,0.0
2013-08-21 23:00:00+00:00,2013-08-22 09:00:00+10:00,2013-08-22,9,0,2013-08-21 00:00:00+00:00,23,0.357307692,24.65,23.02,9148076.0,11973838.0,319056.0,652695.0
2013-08-22 00:00:00+00:00,2013-08-22 10:00:00+10:00,2013-08-22,10,1,2013-08-21 00:00:00+00:00,24,0.252179487,22.56,21.9,9529460.0,12854550.0,381384.0,880712.0
2013-08-22 01:00:00+00:00,2013-08-22 11:00:00+10:00,2013-08-22,11,2,2013-08-22 00:00:00+00:00,1,0.375384615,21.04,21.58,657312.5,1211642.0,657312.5,1211642.0
2013-08-22 02:00:00+00:00,2013-08-22 12:00:00+10:00,2013-08-22,12,3,2013-08-22 00:00:00+00:00,2,0.36224359,20.57,20.83,1298573.0,2473083.0,641260.5,1261441.0
2013-08-22 03:00:00+00:00,2013-08-22 13:00:00+10:00,2013-08-22,13,4,2013-08-22 00:00:00+00:00,3,0.421538462,19.81,20.71,2598070.0,4243123.0,1299497.0,1770040.0
2013-08-22 04:00:00+00:00,2013-08-22 14:00:00+10:00,2013-08-22,14,5,2013-08-22 00:00:00+00:00,4,0.266089744,21.06,20.99,4040935.0,6065254.0,1442865.0,1822131.0
2013-08-22 05:00:00+00:00,2013-08-22 15:00:00+10:00,2013-08-22,15,6,2013-08-22 00:00:00+00:00,5,0.386538462,23.62,22.91,5182107.0,7551416.0,1141172.0,1486162.0
2013-08-22 06:00:00+00:00,2013-08-22 16:00:00+10:00,2013-08-22,16,7,2013-08-22 00:00:00+00:00,6,0.162435897,25.15,24.34,6163563.0,8790994.0,981456.0,1239578.0
2013-08-22 07:00:00+00:00,2013-08-22 17:00:00+10:00,2013-08-22,17,8,2013-08-22 00:00:00+00:00,7,0.054551282,26.75,24.67,6515997.0,9348565.0,352434.0,557571.0
2013-08-22 08:00:00+00:00,2013-08-22 18:00:00+10:00,2013-08-22,18,9,2013-08-22 00:00:00+00:00,8,0.003846154,29.96,26.92,6550295.0,9431399.0,34298.0,82834.0
2013-08-22 09:00:00+00:00,2013-08-22 19:00:00+10:00,2013-08-22,19,10,2013-08-22 00:00:00+00:00,9,0.0,34.21,28.04,6550295.0,9431399.0,0.0,0.0
2013-08-22 10:00:00+00:00,2013-08-22 20:00:00+10:00,2013-08-22,20,11,2013-08-22 00:00:00+00:00,10,0.0,38.22,29.52,6550295.0,9431399.0,0.0,0.0
2013-08-22 23:00:00+00:00,2013-08-23 09:00:00+10:00,2013-08-23,9,0,2013-08-22 00:00:00+00:00,23,0.176474359,23.45,22.68,6867092.0,10372112.0,263680.0,660705.0
2013-08-23 00:00:00+00:00,2013-08-23 10:00:00+10:00,2013-08-23,10,1,2013-08-22 00:00:00+00:00,24,0.497820513,22.1,21.31,7563624.0,11562212.0,696532.0,1190100.0
2013-08-23 01:00:00+00:00,2013-08-23 11:00:00+10:00,2013-08-23,11,2,2013-08-23 00:00:00+00:00,1,0.15474359,20.64,21.53,991631.875,1524706.0,991631.875,1524706.0
2013-08-23 02:00:00+00:00,2013-08-23 12:00:00+10:00,2013-08-23,12,3,2013-08-23 00:00:00+00:00,2,0.206282051,19.82,19.86,2084747.0,3179565.0,1093115.125,1654859.0
2013-08-23 03:00:00+00:00,2013-08-23 13:00:00+10:00,2013-08-23,13,4,2013-08-23 00:00:00+00:00,3,0.148012821,19.61,17.42,2698878.0,4506455.0,614131.0,1326890.0
2013-08-23 04:00:00+00:00,2013-08-23 14:00:00+10:00,2013-08-23,14,5,2013-08-23 00:00:00+00:00,4,0.16025641,20.01,21.0,3186062.0,5577037.0,487184.0,1070582.0
2013-08-23 05:00:00+00:00,2013-08-23 15:00:00+10:00,2013-08-23,15,6,2013-08-23 00:00:00+00:00,5,0.150320513,22.36,21.03,3914933.0,6786834.0,728871.0,1209797.0
2013-08-23 06:00:00+00:00,2013-08-23 16:00:00+10:00,2013-08-23,16,7,2013-08-23 00:00:00+00:00,6,0.072820513,23.96,22.48,4419337.0,7680435.0,504404.0,893601.0
2013-08-23 07:00:00+00:00,2013-08-23 17:00:00+10:00,2013-08-23,17,8,2013-08-23 00:00:00+00:00,7,0.043782051,25.2,25.04,4639219.0,8130812.0,219882.0,450377.0
2013-08-23 08:00:00+00:00,2013-08-23 18:00:00+10:00,2013-08-23,18,9,2013-08-23 00:00:00+00:00,8,0.007884615,27.66,25.42,4651887.0,8199072.0,12668.0,68260.0
2013-08-23 09:00:00+00:00,2013-08-23 19:00:00+10:00,2013-08-23,19,10,2013-08-23 00:00:00+00:00,9,0.0,30.23,34.32,4651887.0,8199072.0,0.0,0.0
2013-08-23 10:00:00+00:00,2013-08-23 20:00:00+10:00,2013-08-23,20,11,2013-08-23 00:00:00+00:00,10,0.0,32.13,38.45,4651887.0,8199072.0,0.0,0.0
2013-08-23 23:00:00+00:00,2013-08-24 09:00:00+10:00,2013-08-24,9,0,2013-08-23 00:00:00+00:00,23,0.595064103,21.5,20.65,5979515.0,9950783.0,958242.0,1190314.0
2013-08-24 00:00:00+00:00,2013-08-24 10:00:00+10:00,2013-08-24,10,1,2013-08-23 00:00:00+00:00,24,0.721410256,19.26,18.4,7516853.0,11774501.0,1537338.0,1823718.0
2013-08-24 01:00:00+00:00,2013-08-24 11:00:00+10:00,2013-08-24,11,2,2013-08-24 00:00:00+00:00,1,0.781794872,16.990000000000002,17.490000000000002,2132161.0,2343551.0,2132161.0,2343551.0
2013-08-24 02:00:00+00:00,2013-08-24 12:00:00+10:00,2013-08-24,12,3,2013-08-24 00:00:00+00:00,2,0.793269231,14.14,16.22,4506781.0,4937922.0,2374620.0,2594371.0
2013-08-24 03:00:00+00:00,2013-08-24 13:00:00+10:00,2013-08-24,13,4,2013-08-24 00:00:00+00:00,3,0.681217949,13.21,10.12,6877762.0,7545033.0,2370981.0,2607111.0
2013-08-24 04:00:00+00:00,2013-08-24 14:00:00+10:00,2013-08-24,14,5,2013-08-24 00:00:00+00:00,4,0.625384615,13.43,16.87,8691358.0,9683193.0,1813596.0,2138160.0
2013-08-24 05:00:00+00:00,2013-08-24 15:00:00+10:00,2013-08-24,15,6,2013-08-24 00:00:00+00:00,5,0.461602564,15.64,14.51,9705305.0,11100150.0,1013947.0,1416957.0
2013-08-24 06:00:00+00:00,2013-08-24 16:00:00+10:00,2013-08-24,16,7,2013-08-24 00:00:00+00:00,6,0.236089744,18.73,18.01,10781625.0,12421518.0,1076320.0,1321368.0
2013-08-24 07:00:00+00:00,2013-08-24 17:00:00+10:00,2013-08-24,17,8,2013-08-24 00:00:00+00:00,7,0.05025641,21.26,19.17,11380389.0,13193076.0,598764.0,771558.0
2013-08-24 08:00:00+00:00,2013-08-24 18:00:00+10:00,2013-08-24,18,9,2013-08-24 00:00:00+00:00,8,0.006346154,23.49,22.04,11429598.0,13294163.0,49209.0,101087.0
2013-08-24 09:00:00+00:00,2013-08-24 19:00:00+10:00,2013-08-24,19,10,2013-08-24 00:00:00+00:00,9,0.0,25.45,24.06,11429598.0,13294163.0,0.0,0.0
2013-08-24 10:00:00+00:00,2013-08-24 20:00:00+10:00,2013-08-24,20,11,2013-08-24 00:00:00+00:00,10,0.0,26.72,25.05,11429598.0,13294163.0,0.0,0.0
2013-08-24 23:00:00+00:00,2013-08-25 09:00:00+10:00,2013-08-25,9,0,2013-08-24 00:00:00+00:00,23,0.616474359,20.25,18.86,12393988.0,14763131.0,656894.0,963412.0
2013-08-25 00:00:00+00:00,2013-08-25 10:00:00+10:00,2013-08-25,10,1,2013-08-24 00:00:00+00:00,24,0.759294872,17.67,16.580000000000002,13468010.0,16206588.0,1074022.0,1443457.0
2013-08-25 01:00:00+00:00,2013-08-25 11:00:00+10:00,2013-08-25,11,2,2013-08-25 00:00:00+00:00,1,0.823141026,15.11,13.63,2032293.0,2252709.0,2032293.0,2252709.0
2013-08-25 02:00:00+00:00,2013-08-25 12:00:00+10:00,2013-08-25,12,3,2013-08-25 00:00:00+00:00,2,0.812948718,12.13,13.91,4499618.0,4882930.0,2467325.0,2630221.0
2013-08-25 03:00:00+00:00,2013-08-25 13:00:00+10:00,2013-08-25,13,4,2013-08-25 00:00:00+00:00,3,0.760576923,10.03,10.27,7015714.0,7563404.0,2516096.0,2680474.0
2013-08-25 04:00:00+00:00,2013-08-25 14:00:00+10:00,2013-08-25,14,5,2013-08-25 00:00:00+00:00,4,0.643717949,10.31,7.77,9285254.0,10016618.0,2269540.0,2453214.0
2013-08-25 05:00:00+00:00,2013-08-25 15:00:00+10:00,2013-08-25,15,6,2013-08-25 00:00:00+00:00,5,0.465448718,10.68,9.01,11134720.0,12057739.0,1849466.0,2041121.0
2013-08-25 06:00:00+00:00,2013-08-25 16:00:00+10:00,2013-08-25,16,7,2013-08-25 00:00:00+00:00,6,0.236987179,15.93,11.01,12393857.0,13510042.0,1259137.0,1452303.0
2013-08-25 07:00:00+00:00,2013-08-25 17:00:00+10:00,2013-08-25,17,8,2013-08-25 00:00:00+00:00,7,0.049102564,20.06,18.89,12982701.0,14261155.0,588844.0,751113.0
2013-08-25 08:00:00+00:00,2013-08-25 18:00:00+10:00,2013-08-25,18,9,2013-08-25 00:00:00+00:00,8,0.006474359,22.2,20.9,13034394.0,14363411.0,51693.0,102256.0
2013-08-25 09:00:00+00:00,2013-08-25 19:00:00+10:00,2013-08-25,19,10,2013-08-25 00:00:00+00:00,9,0.0,24.26,22.2,13034394.0,14363411.0,0.0,0.0
2013-08-25 10:00:00+00:00,2013-08-25 20:00:00+10:00,2013-08-25,20,11,2013-08-25 00:00:00+00:00,10,0.0,25.78,23.66,13034394.0,14363411.0,0.0,0.0
2013-08-25 23:00:00+00:00,2013-08-26 09:00:00+10:00,2013-08-26,9,0,2013-08-25 00:00:00+00:00,23,0.115128205,22.61,21.27,14501012.0,16221222.0,1003875.0,1224563.0
2013-08-26 00:00:00+00:00,2013-08-26 10:00:00+10:00,2013-08-26,10,1,2013-08-25 00:00:00+00:00,24,0.35,21.31,16.45,16128855.0,18070064.0,1627843.0,1848842.0
2013-08-26 01:00:00+00:00,2013-08-26 11:00:00+10:00,2013-08-26,11,2,2013-08-26 00:00:00+00:00,1,0.761602564,19.92,19.31,1633998.0,1946395.0,1633998.0,1946395.0
2013-08-26 02:00:00+00:00,2013-08-26 12:00:00+10:00,2013-08-26,12,3,2013-08-26 00:00:00+00:00,2,0.734230769,19.21,18.04,3751981.0,4323254.0,2117983.0,2376859.0
2013-08-26 03:00:00+00:00,2013-08-26 13:00:00+10:00,2013-08-26,13,4,2013-08-26 00:00:00+00:00,3,0.723525641,18.61,18.25,5932511.0,6751531.0,2180530.0,2428277.0
2013-08-26 04:00:00+00:00,2013-08-26 14:00:00+10:00,2013-08-26,14,5,2013-08-26 00:00:00+00:00,4,0.535320513,19.64,20.26,7814589.0,8917531.0,1882078.0,2166000.0
2013-08-26 05:00:00+00:00,2013-08-26 15:00:00+10:00,2013-08-26,15,6,2013-08-26 00:00:00+00:00,5,0.236730769,22.77,21.33,9237110.0,10623876.0,1422521.0,1706345.0
2013-08-26 06:00:00+00:00,2013-08-26 16:00:00+10:00,2013-08-26,16,7,2013-08-26 00:00:00+00:00,6,0.148974359,26.07,23.6,10172795.0,11801511.0,935685.0,1177635.0
2013-08-26 07:00:00+00:00,2013-08-26 17:00:00+10:00,2013-08-26,17,8,2013-08-26 00:00:00+00:00,7,0.070384615,28.28,24.22,10676910.0,12473448.0,504115.0,671937.0
2013-08-26 08:00:00+00:00,2013-08-26 18:00:00+10:00,2013-08-26,18,9,2013-08-26 00:00:00+00:00,8,0.007820513,30.32,27.92,10730951.0,12576274.0,54041.0,102826.0
2013-08-26 09:00:00+00:00,2013-08-26 19:00:00+10:00,2013-08-26,19,10,2013-08-26 00:00:00+00:00,9,0.0,37.79,28.95,10730951.0,12576274.0,0.0,0.0
2013-08-26 10:00:00+00:00,2013-08-26 20:00:00+10:00,2013-08-26,20,11,2013-08-26 00:00:00+00:00,10,0.0,42.37,32.83,10730951.0,12576274.0,0.0,0.0
2013-08-26 23:00:00+00:00,2013-08-27 09:00:00+10:00,2013-08-27,9,0,2013-08-26 00:00:00+00:00,23,0.598333333,23.93,24.18,12288525.0,14535717.0,1106006.0,1332272.0
2013-08-27 00:00:00+00:00,2013-08-27 10:00:00+10:00,2013-08-27,10,1,2013-08-26 00:00:00+00:00,24,0.626346154,22.92,20.27,14102428.0,16567876.0,1813903.0,2032159.0
2013-08-27 01:00:00+00:00,2013-08-27 11:00:00+10:00,2013-08-27,11,2,2013-08-27 00:00:00+00:00,1,0.513910256,21.29,19.72,2278393.0,2475467.0,2278393.0,2475467.0
2013-08-27 02:00:00+00:00,2013-08-27 12:00:00+10:00,2013-08-27,12,3,2013-08-27 00:00:00+00:00,2,0.551153846,20.62,18.51,4818288.0,5211945.0,2539895.0,2736478.0
2013-08-27 03:00:00+00:00,2013-08-27 13:00:00+10:00,2013-08-27,13,4,2013-08-27 00:00:00+00:00,3,0.618333333,20.05,18.74,7093219.0,7781400.0,2274931.0,2569455.0
2013-08-27 04:00:00+00:00,2013-08-27 14:00:00+10:00,2013-08-27,14,5,2013-08-27 00:00:00+00:00,4,0.531730769,20.63,19.06,9199732.0,10171314.0,2106513.0,2389914.0
2013-08-27 05:00:00+00:00,2013-08-27 15:00:00+10:00,2013-08-27,15,6,2013-08-27 00:00:00+00:00,5,0.358653846,23.43,22.56,11124338.0,12311826.0,1924606.0,2140512.0
2013-08-27 06:00:00+00:00,2013-08-27 16:00:00+10:00,2013-08-27,16,7,2013-08-27 00:00:00+00:00,6,0.162628205,26.14,24.09,12433671.0,13839565.0,1309333.0,1527739.0
2013-08-27 07:00:00+00:00,2013-08-27 17:00:00+10:00,2013-08-27,17,8,2013-08-27 00:00:00+00:00,7,0.056858974,29.08,24.98,13048137.0,14629336.0,614466.0,789771.0
2013-08-27 08:00:00+00:00,2013-08-27 18:00:00+10:00,2013-08-27,18,9,2013-08-27 00:00:00+00:00,8,0.007884615,33.06,29.23,13103238.0,14739088.0,55101.0,109752.0
2013-08-27 09:00:00+00:00,2013-08-27 19:00:00+10:00,2013-08-27,19,10,2013-08-27 00:00:00+00:00,9,0.0,41.03,29.53,13103238.0,14739088.0,0.0,0.0
2013-08-27 10:00:00+00:00,2013-08-27 20:00:00+10:00,2013-08-27,20,11,2013-08-27 00:00:00+00:00,10,0.0,47.88,30.39,13103238.0,14739088.0,0.0,0.0
2013-08-27 23:00:00+00:00,2013-08-28 09:00:00+10:00,2013-08-28,9,0,2013-08-27 00:00:00+00:00,23,0.594230769,28.17,26.18,14925487.0,16934944.0,1246700.0,1438978.0
2013-08-28 00:00:00+00:00,2013-08-28 10:00:00+10:00,2013-08-28,10,1,2013-08-27 00:00:00+00:00,24,0.692371795,24.04,23.04,16792880.0,19008832.0,1867393.0,2073888.0
2013-08-28 01:00:00+00:00,2013-08-28 11:00:00+10:00,2013-08-28,11,2,2013-08-28 00:00:00+00:00,1,0.759551282,22.66,25.34,2320741.0,2509893.0,2320741.0,2509893.0
2013-08-28 02:00:00+00:00,2013-08-28 12:00:00+10:00,2013-08-28,12,3,2013-08-28 00:00:00+00:00,2,0.751282051,22.23,21.99,4889450.0,5277820.0,2568709.0,2767927.0
2013-08-28 03:00:00+00:00,2013-08-28 13:00:00+10:00,2013-08-28,13,4,2013-08-28 00:00:00+00:00,3,0.695705128,21.6,21.86,7444697.0,8059989.0,2555247.0,2782169.0
2013-08-28 04:00:00+00:00,2013-08-28 14:00:00+10:00,2013-08-28,14,5,2013-08-28 00:00:00+00:00,4,0.487371795,22.14,22.68,9461590.0,10393677.0,2016893.0,2333688.0
2013-08-28 05:00:00+00:00,2013-08-28 15:00:00+10:00,2013-08-28,15,6,2013-08-28 00:00:00+00:00,5,0.361923077,24.48,24.03,11051654.0,12293307.0,1590064.0,1899630.0
2013-08-28 06:00:00+00:00,2013-08-28 16:00:00+10:00,2013-08-28,16,7,2013-08-28 00:00:00+00:00,6,0.174358974,27.12,24.81,12295109.0,13783819.0,1243455.0,1490512.0
2013-08-28 07:00:00+00:00,2013-08-28 17:00:00+10:00,2013-08-28,17,8,2013-08-28 00:00:00+00:00,7,0.063076923,29.99,27.97,12849673.0,14534125.0,554564.0,750306.0
2013-08-28 08:00:00+00:00,2013-08-28 18:00:00+10:00,2013-08-28,18,9,2013-08-28 00:00:00+00:00,8,0.00775641,32.9,34.79,12907686.0,14654102.0,58013.0,119977.0
2013-08-28 09:00:00+00:00,2013-08-28 19:00:00+10:00,2013-08-28,19,10,2013-08-28 00:00:00+00:00,9,0.0,38.32,45.97,12907686.0,14654102.0,0.0,0.0
2013-08-28 10:00:00+00:00,2013-08-28 20:00:00+10:00,2013-08-28,20,11,2013-08-28 00:00:00+00:00,10,0.0,44.12,51.84,12907686.0,14654102.0,0.0,0.0
2013-08-28 23:00:00+00:00,2013-08-29 09:00:00+10:00,2013-08-29,9,0,2013-08-28 00:00:00+00:00,23,0.131794872,25.03,23.2,14382190.0,16562912.0,1029840.0,1270175.0
2013-08-29 00:00:00+00:00,2013-08-29 10:00:00+10:00,2013-08-29,10,1,2013-08-28 00:00:00+00:00,24,0.205448718,23.49,22.05,15984485.0,18456944.0,1602295.0,1894032.0
2013-08-29 01:00:00+00:00,2013-08-29 11:00:00+10:00,2013-08-29,11,2,2013-08-29 00:00:00+00:00,1,0.178974359,21.59,20.91,2130945.0,2401807.0,2130945.0,2401807.0
2013-08-29 02:00:00+00:00,2013-08-29 12:00:00+10:00,2013-08-29,12,3,2013-08-29 00:00:00+00:00,2,0.174615385,21.13,20.88,4401493.0,5016324.0,2270548.0,2614517.0
2013-08-29 03:00:00+00:00,2013-08-29 13:00:00+10:00,2013-08-29,13,4,2013-08-29 00:00:00+00:00,3,0.248397436,20.82,20.61,6672490.0,7629604.0,2270997.0,2613280.0
2013-08-29 04:00:00+00:00,2013-08-29 14:00:00+10:00,2013-08-29,14,5,2013-08-29 00:00:00+00:00,4,0.261025641,21.52,33.730000000000004,8360629.0,9707768.0,1688139.0,2078164.0
2013-08-29 05:00:00+00:00,2013-08-29 15:00:00+10:00,2013-08-29,15,6,2013-08-29 00:00:00+00:00,5,0.205448718,24.05,23.18,9475910.0,11223800.0,1115281.0,1516032.0
2013-08-29 06:00:00+00:00,2013-08-29 16:00:00+10:00,2013-08-29,16,7,2013-08-29 00:00:00+00:00,6,0.140320513,25.71,26.66,10026578.0,12137587.0,550668.0,913787.0
2013-08-29 07:00:00+00:00,2013-08-29 17:00:00+10:00,2013-08-29,17,8,2013-08-29 00:00:00+00:00,7,0.051858974,28.28,28.49,10603897.0,12911037.0,577319.0,773450.0
2013-08-29 08:00:00+00:00,2013-08-29 18:00:00+10:00,2013-08-29,18,9,2013-08-29 00:00:00+00:00,8,0.006666667,31.78,39.4,10665903.0,13034241.0,62006.0,123204.0
2013-08-29 09:00:00+00:00,2013-08-29 19:00:00+10:00,2013-08-29,19,10,2013-08-29 00:00:00+00:00,9,0.0,36.79,96.37,10665903.0,13034241.0,0.0,0.0
2013-08-29 10:00:00+00:00,2013-08-29 20:00:00+10:00,2013-08-29,20,11,2013-08-29 00:00:00+00:00,10,0.0,42.03,53.78,10665903.0,13034241.0,0.0,0.0
2013-08-29 23:00:00+00:00,2013-08-30 09:00:00+10:00,2013-08-30,9,0,2013-08-29 00:00:00+00:00,23,0.626923077,24.99,22.59,12566551.0,15335291.0,1281300.0,1488752.0
2013-08-30 00:00:00+00:00,2013-08-30 10:00:00+10:00,2013-08-30,10,1,2013-08-29 00:00:00+00:00,24,0.748012821,23.27,20.77,14467546.0,17458320.0,1900995.0,2123029.0
2013-08-30 01:00:00+00:00,2013-08-30 11:00:00+10:00,2013-08-30,11,2,2013-08-30 00:00:00+00:00,1,0.821538462,21.86,20.68,2390344.0,2555180.0,2390344.0,2555180.0
2013-08-30 02:00:00+00:00,2013-08-30 12:00:00+10:00,2013-08-30,12,3,2013-08-30 00:00:00+00:00,2,0.816987179,21.16,19.94,5032503.0,5365001.0,2642159.0,2809821.0
2013-08-30 03:00:00+00:00,2013-08-30 13:00:00+10:00,2013-08-30,13,4,2013-08-30 00:00:00+00:00,3,0.766153846,20.81,19.27,7684175.0,8196149.0,2651672.0,2831148.0
2013-08-30 04:00:00+00:00,2013-08-30 14:00:00+10:00,2013-08-30,14,5,2013-08-30 00:00:00+00:00,4,0.641410256,21.97,20.14,10057840.0,10775103.0,2373665.0,2578954.0
2013-08-30 05:00:00+00:00,2013-08-30 15:00:00+10:00,2013-08-30,15,6,2013-08-30 00:00:00+00:00,5,0.466025641,24.37,22.9,11892031.0,12842309.0,1834191.0,2067206.0
2013-08-30 06:00:00+00:00,2013-08-30 16:00:00+10:00,2013-08-30,16,7,2013-08-30 00:00:00+00:00,6,0.239102564,26.35,23.28,13051908.0,14241957.0,1159877.0,1399648.0
2013-08-30 07:00:00+00:00,2013-08-30 17:00:00+10:00,2013-08-30,17,8,2013-08-30 00:00:00+00:00,7,0.058076923,29.56,24.84,13678606.0,15046693.0,626698.0,804736.0
2013-08-30 08:00:00+00:00,2013-08-30 18:00:00+10:00,2013-08-30,18,9,2013-08-30 00:00:00+00:00,8,0.007692308,32.72,28.65,13747396.0,15179019.0,68790.0,132326.0
2013-08-30 09:00:00+00:00,2013-08-30 19:00:00+10:00,2013-08-30,19,10,2013-08-30 00:00:00+00:00,9,0.0,38.76,50.02,13747396.0,15179019.0,0.0,0.0
2013-08-30 10:00:00+00:00,2013-08-30 20:00:00+10:00,2013-08-30,20,11,2013-08-30 00:00:00+00:00,10,0.0,43.11,53.16,13747396.0,15179019.0,0.0,0.0
2013-08-30 23:00:00+00:00,2013-08-31 09:00:00+10:00,2013-08-31,9,0,2013-08-30 00:00:00+00:00,23,0.220833333,26.52,24.62,15465430.0,17318288.0,1189239.0,1416919.0
2013-08-31 00:00:00+00:00,2013-08-31 10:00:00+10:00,2013-08-31,10,1,2013-08-30 00:00:00+00:00,24,0.128397436,23.96,21.64,17261520.0,19370800.0,1796090.0,2052512.0
2013-08-31 01:00:00+00:00,2013-08-31 11:00:00+10:00,2013-08-31,11,2,2013-08-31 00:00:00+00:00,1,0.668205128,22.37,22.54,2359839.0,2562042.0,2359839.0,2562042.0
2013-08-31 02:00:00+00:00,2013-08-31 12:00:00+10:00,2013-08-31,12,3,2013-08-31 00:00:00+00:00,2,0.774807692,21.67,21.9,4996649.0,5388233.0,2636810.0,2826191.0
2013-08-31 03:00:00+00:00,2013-08-31 13:00:00+10:00,2013-08-31,13,4,2013-08-31 00:00:00+00:00,3,0.665512821,20.64,21.5,7259413.0,7926733.0,2262764.0,2538500.0
2013-08-31 04:00:00+00:00,2013-08-31 14:00:00+10:00,2013-08-31,14,5,2013-08-31 00:00:00+00:00,4,0.500769231,20.77,21.09,9642929.0,10515929.0,2383516.0,2589196.0
2013-08-31 05:00:00+00:00,2013-08-31 15:00:00+10:00,2013-08-31,15,6,2013-08-31 00:00:00+00:00,5,0.454871795,21.43,21.06,11606949.0,12696506.0,1964020.0,2180577.0
2013-08-31 06:00:00+00:00,2013-08-31 16:00:00+10:00,2013-08-31,16,7,2013-08-31 00:00:00+00:00,6,0.230192308,22.52,20.23,12998558.0,14283072.0,1391609.0,1586566.0
2013-08-31 07:00:00+00:00,2013-08-31 17:00:00+10:00,2013-08-31,17,8,2013-08-31 00:00:00+00:00,7,0.04974359,24.32,21.77,13675981.0,15128375.0,677423.0,845303.0
2013-08-31 08:00:00+00:00,2013-08-31 18:00:00+10:00,2013-08-31,18,9,2013-08-31 00:00:00+00:00,8,0.007884615,28.44,22.45,13748763.0,15265407.0,72782.0,137032.0
2013-08-31 09:00:00+00:00,2013-08-31 19:00:00+10:00,2013-08-31,19,10,2013-08-31 00:00:00+00:00,9,0.0,31.28,24.49,13748763.0,15265407.0,0.0,0.0
2013-08-31 10:00:00+00:00,2013-08-31 20:00:00+10:00,2013-08-31,20,11,2013-08-31 00:00:00+00:00,10,0.0,35.39,26.3,13748763.0,15265407.0,0.0,0.0
2013-08-31 23:00:00+00:00,2013-09-01 09:00:00+10:00,2013-09-01,9,0,2013-08-31 00:00:00+00:00,23,0.621602564,23.48,22.14,15781799.0,17644176.0,1354472.0,1517875.0
2013-09-01 00:00:00+00:00,2013-09-01 10:00:00+10:00,2013-09-01,10,1,2013-08-31 00:00:00+00:00,24,0.740641026,22.11,21.79,17771616.0,19797312.0,1989817.0,2153136.0
2013-09-01 01:00:00+00:00,2013-09-01 11:00:00+10:00,2013-09-01,11,2,2013-09-01 00:00:00+00:00,1,0.779935897,20.3,20.08,2471877.0,2571350.0,2471877.0,2571350.0
2013-09-01 02:00:00+00:00,2013-09-01 12:00:00+10:00,2013-09-01,12,3,2013-09-01 00:00:00+00:00,2,0.769807692,18.94,20.19,5194896.0,5393296.0,2723019.0,2821946.0
2013-09-01 03:00:00+00:00,2013-09-01 13:00:00+10:00,2013-09-01,13,4,2013-09-01 00:00:00+00:00,3,0.712371795,17.88,16.15,7926608.0,8238564.0,2731712.0,2845268.0
2013-09-01 04:00:00+00:00,2013-09-01 14:00:00+10:00,2013-09-01,14,5,2013-09-01 00:00:00+00:00,4,0.599935897,17.87,18.21,10423131.0,10874008.0,2496523.0,2635444.0
2013-09-01 05:00:00+00:00,2013-09-01 15:00:00+10:00,2013-09-01,15,6,2013-09-01 00:00:00+00:00,5,0.431217949,18.36,18.93,12466486.0,13082013.0,2043355.0,2208005.0
2013-09-01 06:00:00+00:00,2013-09-01 16:00:00+10:00,2013-09-01,16,7,2013-09-01 00:00:00+00:00,6,0.211602564,19.36,19.78,13881346.0,14676835.0,1414860.0,1594822.0
2013-09-01 07:00:00+00:00,2013-09-01 17:00:00+10:00,2013-09-01,17,8,2013-09-01 00:00:00+00:00,7,0.057307692,21.06,20.79,14569618.0,15531577.0,688272.0,854742.0
2013-09-01 08:00:00+00:00,2013-09-01 18:00:00+10:00,2013-09-01,18,9,2013-09-01 00:00:00+00:00,8,0.008846154,22.81,22.81,14645534.0,15674225.0,75916.0,142648.0
2013-09-01 09:00:00+00:00,2013-09-01 19:00:00+10:00,2013-09-01,19,10,2013-09-01 00:00:00+00:00,9,0.0,24.64,22.8,14645534.0,15674225.0,0.0,0.0
2013-09-01 10:00:00+00:00,2013-09-01 20:00:00+10:00,2013-09-01,20,11,2013-09-01 00:00:00+00:00,10,0.0,26.14,22.86,14645534.0,15674225.0,0.0,0.0
2013-09-01 23:00:00+00:00,2013-09-02 09:00:00+10:00,2013-09-02,9,0,2013-09-01 00:00:00+00:00,23,0.513782051,22.35,20.03,16689117.0,18099056.0,1354463.0,1539308.0
2013-09-02 00:00:00+00:00,2013-09-02 10:00:00+10:00,2013-09-02,10,1,2013-09-01 00:00:00+00:00,24,0.672179487,20.26,16.82,18660576.0,20267312.0,1971459.0,2168256.0
2013-09-02 01:00:00+00:00,2013-09-02 11:00:00+10:00,2013-09-02,11,2,2013-09-02 00:00:00+00:00,1,0.758525641,18.83,15.94,2427207.0,2599314.0,2427207.0,2599314.0
2013-09-02 02:00:00+00:00,2013-09-02 12:00:00+10:00,2013-09-02,12,3,2013-09-02 00:00:00+00:00,2,0.739230769,17.990000000000002,17.38,5099497.0,5454412.0,2672290.0,2855098.0
2013-09-02 03:00:00+00:00,2013-09-02 13:00:00+10:00,2013-09-02,13,4,2013-09-02 00:00:00+00:00,3,0.680641026,17.32,13.86,7779146.0,8334457.0,2679649.0,2880045.0
2013-09-02 04:00:00+00:00,2013-09-02 14:00:00+10:00,2013-09-02,14,5,2013-09-02 00:00:00+00:00,4,0.578717949,17.55,15.7,10225740.0,11005431.0,2446594.0,2670974.0
2013-09-02 05:00:00+00:00,2013-09-02 15:00:00+10:00,2013-09-02,15,6,2013-09-02 00:00:00+00:00,5,0.417820513,18.27,19.54,12229718.0,13245832.0,2003978.0,2240401.0
2013-09-02 06:00:00+00:00,2013-09-02 16:00:00+10:00,2013-09-02,16,7,2013-09-02 00:00:00+00:00,6,0.215897436,18.45,18.51,13620870.0,14867759.0,1391152.0,1621927.0
2013-09-02 07:00:00+00:00,2013-09-02 17:00:00+10:00,2013-09-02,17,8,2013-09-02 00:00:00+00:00,7,0.050320513,20.41,20.13,14298429.0,15739218.0,677559.0,871459.0
2013-09-02 08:00:00+00:00,2013-09-02 18:00:00+10:00,2013-09-02,18,9,2013-09-02 00:00:00+00:00,8,0.008397436,22.26,22.34,14375469.0,15888108.0,77040.0,148890.0
2013-09-02 09:00:00+00:00,2013-09-02 19:00:00+10:00,2013-09-02,19,10,2013-09-02 00:00:00+00:00,9,0.0,23.82,23.4,14375469.0,15888108.0,0.0,0.0
2013-09-02 10:00:00+00:00,2013-09-02 20:00:00+10:00,2013-09-02,20,11,2013-09-02 00:00:00+00:00,10,0.0,24.97,23.35,14375469.0,15888108.0,0.0,0.0
2013-09-02 23:00:00+00:00,2013-09-03 09:00:00+10:00,2013-09-03,9,0,2013-09-02 00:00:00+00:00,23,0.594358974,20.94,19.16,16454222.0,18370176.0,1368452.0,1564416.0
2013-09-03 00:00:00+00:00,2013-09-03 10:00:00+10:00,2013-09-03,10,1,2013-09-02 00:00:00+00:00,24,0.715897436,18.45,17.57,18450288.0,20573392.0,1996066.0,2203216.0
2013-09-03 01:00:00+00:00,2013-09-03 11:00:00+10:00,2013-09-03,11,2,2013-09-03 00:00:00+00:00,1,0.753205128,17.92,17.97,2451340.0,2626784.0,2451340.0,2626784.0
2013-09-03 02:00:00+00:00,2013-09-03 12:00:00+10:00,2013-09-03,12,3,2013-09-03 00:00:00+00:00,2,0.739615385,17.42,17.43,5145767.0,5507059.0,2694427.0,2880275.0
2013-09-03 03:00:00+00:00,2013-09-03 13:00:00+10:00,2013-09-03,13,4,2013-09-03 00:00:00+00:00,3,0.683589744,17.25,17.09,7846933.0,8409863.0,2701166.0,2902804.0
2013-09-03 04:00:00+00:00,2013-09-03 14:00:00+10:00,2013-09-03,14,5,2013-09-03 00:00:00+00:00,4,0.579038462,18.38,13.85,10318889.0,11100000.0,2471956.0,2690137.0
2013-09-03 05:00:00+00:00,2013-09-03 15:00:00+10:00,2013-09-03,15,6,2013-09-03 00:00:00+00:00,5,0.419679487,21.06,21.7,12347241.0,13355893.0,2028352.0,2255893.0
2013-09-03 06:00:00+00:00,2013-09-03 16:00:00+10:00,2013-09-03,16,7,2013-09-03 00:00:00+00:00,6,0.216346154,24.09,22.91,13758140.0,14991033.0,1410899.0,1635140.0
2013-09-03 07:00:00+00:00,2013-09-03 17:00:00+10:00,2013-09-03,17,8,2013-09-03 00:00:00+00:00,7,0.052692308,25.3,23.08,14451803.0,15876190.0,693663.0,885157.0
2013-09-03 08:00:00+00:00,2013-09-03 18:00:00+10:00,2013-09-03,18,9,2013-09-03 00:00:00+00:00,8,0.009615385,27.15,23.09,14533424.0,16031875.0,81621.0,155685.0
2013-09-03 09:00:00+00:00,2013-09-03 19:00:00+10:00,2013-09-03,19,10,2013-09-03 00:00:00+00:00,9,0.0,28.29,23.63,14533424.0,16031875.0,0.0,0.0
2013-09-03 10:00:00+00:00,2013-09-03 20:00:00+10:00,2013-09-03,20,11,2013-09-03 00:00:00+00:00,10,0.0,29.78,26.55,14533424.0,16031875.0,0.0,0.0
2013-09-03 23:00:00+00:00,2013-09-04 09:00:00+10:00,2013-09-04,9,0,2013-09-03 00:00:00+00:00,23,0.600705128,21.4,21.36,15696884.0,17855056.0,839586.0,1179617.0
2013-09-04 00:00:00+00:00,2013-09-04 10:00:00+10:00,2013-09-04,10,1,2013-09-03 00:00:00+00:00,24,0.717884615,19.3,17.7,17323936.0,19803344.0,1627052.0,1948288.0
2013-09-04 01:00:00+00:00,2013-09-04 11:00:00+10:00,2013-09-04,11,2,2013-09-04 00:00:00+00:00,1,0.766153846,17.98,18.45,2080165.0,2369833.0,2080165.0,2369833.0
2013-09-04 02:00:00+00:00,2013-09-04 12:00:00+10:00,2013-09-04,12,3,2013-09-04 00:00:00+00:00,2,0.782307692,16.330000000000002,18.06,4808041.0,5262431.0,2727876.0,2892598.0
2013-09-04 03:00:00+00:00,2013-09-04 13:00:00+10:00,2013-09-04,13,4,2013-09-04 00:00:00+00:00,3,0.715897436,16.240000000000002,17.89,7555030.0,8180644.0,2746989.0,2918213.0
2013-09-04 04:00:00+00:00,2013-09-04 14:00:00+10:00,2013-09-04,14,5,2013-09-04 00:00:00+00:00,4,0.60775641,18.58,19.54,10073405.0,10883736.0,2518375.0,2703092.0
2013-09-04 05:00:00+00:00,2013-09-04 15:00:00+10:00,2013-09-04,15,6,2013-09-04 00:00:00+00:00,5,0.441923077,21.82,21.84,12141402.0,13151537.0,2067997.0,2267801.0
2013-09-04 06:00:00+00:00,2013-09-04 16:00:00+10:00,2013-09-04,16,7,2013-09-04 00:00:00+00:00,6,0.225192308,23.6,22.77,13580159.0,14795450.0,1438757.0,1643913.0
2013-09-04 07:00:00+00:00,2013-09-04 17:00:00+10:00,2013-09-04,17,8,2013-09-04 00:00:00+00:00,7,0.051794872,25.59,23.9,14295947.0,15692559.0,715788.0,897109.0
2013-09-04 08:00:00+00:00,2013-09-04 18:00:00+10:00,2013-09-04,18,9,2013-09-04 00:00:00+00:00,8,0.009358974,27.01,25.03,14383125.0,15855063.0,87178.0,162504.0
2013-09-04 09:00:00+00:00,2013-09-04 19:00:00+10:00,2013-09-04,19,10,2013-09-04 00:00:00+00:00,9,0.0,29.07,27.78,14383125.0,15855063.0,0.0,0.0
2013-09-04 10:00:00+00:00,2013-09-04 20:00:00+10:00,2013-09-04,20,11,2013-09-04 00:00:00+00:00,10,0.0,30.2,27.02,14383125.0,15855063.0,0.0,0.0
2013-09-04 23:00:00+00:00,2013-09-05 09:00:00+10:00,2013-09-05,9,0,2013-09-04 00:00:00+00:00,23,0.183141026,22.48,23.11,16345402.0,18337936.0,1260929.0,1528496.0
2013-09-05 00:00:00+00:00,2013-09-05 10:00:00+10:00,2013-09-05,10,1,2013-09-04 00:00:00+00:00,24,0.155769231,20.82,20.48,18116000.0,20431872.0,1770598.0,2093936.0
2013-09-05 01:00:00+00:00,2013-09-05 11:00:00+10:00,2013-09-05,11,2,2013-09-05 00:00:00+00:00,1,0.31025641,20.0,20.9,2136773.0,2454041.0,2136773.0,2454041.0
2013-09-05 02:00:00+00:00,2013-09-05 12:00:00+10:00,2013-09-05,12,3,2013-09-05 00:00:00+00:00,2,0.418269231,19.33,20.42,4430746.0,5119997.0,2293973.0,2665956.0
2013-09-05 03:00:00+00:00,2013-09-05 13:00:00+10:00,2013-09-05,13,4,2013-09-05 00:00:00+00:00,3,0.358012821,18.91,20.35,6601806.0,7708935.0,2171060.0,2588938.0
2013-09-05 04:00:00+00:00,2013-09-05 14:00:00+10:00,2013-09-05,14,5,2013-09-05 00:00:00+00:00,4,0.413397436,20.48,21.92,8597606.0,10113868.0,1995800.0,2404933.0
2013-09-05 05:00:00+00:00,2013-09-05 15:00:00+10:00,2013-09-05,15,6,2013-09-05 00:00:00+00:00,5,0.184487179,22.82,23.84,9958351.0,11878301.0,1360745.0,1764433.0
2013-09-05 06:00:00+00:00,2013-09-05 16:00:00+10:00,2013-09-05,16,7,2013-09-05 00:00:00+00:00,6,0.078974359,24.69,26.33,10808008.0,13070184.0,849657.0,1191883.0
2013-09-05 07:00:00+00:00,2013-09-05 17:00:00+10:00,2013-09-05,17,8,2013-09-05 00:00:00+00:00,7,0.074294872,27.13,25.36,11130431.0,13622742.0,322423.0,552558.0
2013-09-05 08:00:00+00:00,2013-09-05 18:00:00+10:00,2013-09-05,18,9,2013-09-05 00:00:00+00:00,8,0.013397436,29.4,27.47,11203537.0,13758397.0,73106.0,135655.0
2013-09-05 09:00:00+00:00,2013-09-05 19:00:00+10:00,2013-09-05,19,10,2013-09-05 00:00:00+00:00,9,0.0,32.410000000000004,33.08,11203537.0,13758397.0,0.0,0.0
2013-09-05 10:00:00+00:00,2013-09-05 20:00:00+10:00,2013-09-05,20,11,2013-09-05 00:00:00+00:00,10,0.0,31.96,32.730000000000004,11203537.0,13758397.0,0.0,0.0
2013-09-05 23:00:00+00:00,2013-09-06 09:00:00+10:00,2013-09-06,9,0,2013-09-05 00:00:00+00:00,23,0.292307692,21.69,22.38,13032711.0,16139139.0,1096791.0,1385348.0
2013-09-06 00:00:00+00:00,2013-09-06 10:00:00+10:00,2013-09-06,10,1,2013-09-05 00:00:00+00:00,24,0.478461538,19.93,20.15,14413281.0,17917056.0,1380570.0,1777917.0
2013-09-06 01:00:00+00:00,2013-09-06 11:00:00+10:00,2013-09-06,11,2,2013-09-06 00:00:00+00:00,1,0.551282051,18.59,19.78,1993818.0,2397123.0,1993818.0,2397123.0
2013-09-06 02:00:00+00:00,2013-09-06 12:00:00+10:00,2013-09-06,12,3,2013-09-06 00:00:00+00:00,2,0.758269231,17.67,19.16,4405054.0,5159989.0,2411236.0,2762866.0
2013-09-06 03:00:00+00:00,2013-09-06 13:00:00+10:00,2013-09-06,13,4,2013-09-06 00:00:00+00:00,3,0.543589744,16.91,18.98,6282534.0,7523922.0,1877480.0,2363933.0
2013-09-06 04:00:00+00:00,2013-09-06 14:00:00+10:00,2013-09-06,14,5,2013-09-06 00:00:00+00:00,4,0.408461538,18.96,32.97,8072139.0,9768694.0,1789605.0,2244772.0
2013-09-06 05:00:00+00:00,2013-09-06 15:00:00+10:00,2013-09-06,15,6,2013-09-06 00:00:00+00:00,5,0.361858974,21.81,22.9,9479405.0,11592189.0,1407266.0,1823495.0
2013-09-06 06:00:00+00:00,2013-09-06 16:00:00+10:00,2013-09-06,16,7,2013-09-06 00:00:00+00:00,6,0.219487179,24.4,24.5,10390301.0,12872068.0,910896.0,1279879.0
2013-09-06 07:00:00+00:00,2013-09-06 17:00:00+10:00,2013-09-06,17,8,2013-09-06 00:00:00+00:00,7,0.075320513,26.06,24.08,10817817.0,13504666.0,427516.0,632598.0
2013-09-06 08:00:00+00:00,2013-09-06 18:00:00+10:00,2013-09-06,18,9,2013-09-06 00:00:00+00:00,8,0.013589744,26.78,25.89,10894001.0,13644280.0,76184.0,139614.0
2013-09-06 09:00:00+00:00,2013-09-06 19:00:00+10:00,2013-09-06,19,10,2013-09-06 00:00:00+00:00,9,0.0,30.49,26.05,10894001.0,13644280.0,0.0,0.0
2013-09-06 10:00:00+00:00,2013-09-06 20:00:00+10:00,2013-09-06,20,11,2013-09-06 00:00:00+00:00,10,0.0,31.12,37.44,10894001.0,13644280.0,0.0,0.0
2013-09-06 23:00:00+00:00,2013-09-07 09:00:00+10:00,2013-09-07,9,0,2013-09-06 00:00:00+00:00,23,0.611794872,22.33,21.55,13108255.0,16366297.0,1420907.0,1665226.0
2013-09-07 00:00:00+00:00,2013-09-07 10:00:00+10:00,2013-09-07,10,1,2013-09-06 00:00:00+00:00,24,0.734423077,22.29,17.75,15151580.0,18676208.0,2043325.0,2309911.0
2013-09-07 01:00:00+00:00,2013-09-07 11:00:00+10:00,2013-09-07,11,2,2013-09-07 00:00:00+00:00,1,0.776730769,20.86,20.84,2481796.0,2734168.0,2481796.0,2734168.0
2013-09-07 02:00:00+00:00,2013-09-07 12:00:00+10:00,2013-09-07,12,3,2013-09-07 00:00:00+00:00,2,0.743974359,19.8,19.99,5167952.0,5699128.0,2686156.0,2964960.0
2013-09-07 03:00:00+00:00,2013-09-07 13:00:00+10:00,2013-09-07,13,4,2013-09-07 00:00:00+00:00,3,0.741410256,19.19,19.63,7739570.0,8589335.0,2571618.0,2890207.0
2013-09-07 04:00:00+00:00,2013-09-07 14:00:00+10:00,2013-09-07,14,5,2013-09-07 00:00:00+00:00,4,0.63525641,19.48,19.18,10168300.0,11315217.0,2428730.0,2725882.0
2013-09-07 05:00:00+00:00,2013-09-07 15:00:00+10:00,2013-09-07,15,6,2013-09-07 00:00:00+00:00,5,0.476153846,20.54,19.94,11956967.0,13431415.0,1788667.0,2116198.0
2013-09-07 06:00:00+00:00,2013-09-07 16:00:00+10:00,2013-09-07,16,7,2013-09-07 00:00:00+00:00,6,0.224358974,21.86,19.36,13396181.0,15128855.0,1439214.0,1697440.0
2013-09-07 07:00:00+00:00,2013-09-07 17:00:00+10:00,2013-09-07,17,8,2013-09-07 00:00:00+00:00,7,0.061410256,23.96,22.34,14110564.0,16056314.0,714383.0,927459.0
2013-09-07 08:00:00+00:00,2013-09-07 18:00:00+10:00,2013-09-07,18,9,2013-09-07 00:00:00+00:00,8,0.013397436,26.77,24.71,14205974.0,16234594.0,95410.0,178280.0
2013-09-07 09:00:00+00:00,2013-09-07 19:00:00+10:00,2013-09-07,19,10,2013-09-07 00:00:00+00:00,9,0.0,29.77,51.75,14205974.0,16234594.0,0.0,0.0
2013-09-07 10:00:00+00:00,2013-09-07 20:00:00+10:00,2013-09-07,20,11,2013-09-07 00:00:00+00:00,10,0.0,32.52,34.300000000000004,14205974.0,16234594.0,0.0,0.0
2013-09-07 23:00:00+00:00,2013-09-08 09:00:00+10:00,2013-09-08,9,0,2013-09-07 00:00:00+00:00,23,0.628205128,23.81,23.46,15639876.0,18267296.0,937007.0,1247520.0
2013-09-08 00:00:00+00:00,2013-09-08 10:00:00+10:00,2013-09-08,10,1,2013-09-07 00:00:00+00:00,24,0.780064103,22.19,24.81,17517792.0,20379936.0,1877916.0,2112640.0
2013-09-08 01:00:00+00:00,2013-09-08 11:00:00+10:00,2013-09-08,11,2,2013-09-08 00:00:00+00:00,1,0.809230769,21.04,23.53,2395368.0,2556899.0,2395368.0,2556899.0
2013-09-08 02:00:00+00:00,2013-09-08 12:00:00+10:00,2013-09-08,12,3,2013-09-08 00:00:00+00:00,2,0.800128205,19.88,22.3,5090089.0,5406614.0,2694721.0,2849715.0
2013-09-08 03:00:00+00:00,2013-09-08 13:00:00+10:00,2013-09-08,13,4,2013-09-08 00:00:00+00:00,3,0.736346154,19.09,22.63,7926595.0,8360062.0,2836506.0,2953448.0
2013-09-08 04:00:00+00:00,2013-09-08 14:00:00+10:00,2013-09-08,14,5,2013-09-08 00:00:00+00:00,4,0.568525641,18.83,22.14,10552074.0,11123814.0,2625479.0,2763752.0
2013-09-08 05:00:00+00:00,2013-09-08 15:00:00+10:00,2013-09-08,15,6,2013-09-08 00:00:00+00:00,5,0.241217949,19.46,20.61,12607817.0,13349546.0,2055743.0,2225732.0
2013-09-08 06:00:00+00:00,2013-09-08 16:00:00+10:00,2013-09-08,16,7,2013-09-08 00:00:00+00:00,6,0.187628205,20.56,20.91,14054053.0,14979286.0,1446236.0,1629740.0
2013-09-08 07:00:00+00:00,2013-09-08 17:00:00+10:00,2013-09-08,17,8,2013-09-08 00:00:00+00:00,7,0.062179487,22.08,21.84,14668781.0,15761242.0,614728.0,781956.0
2013-09-08 08:00:00+00:00,2013-09-08 18:00:00+10:00,2013-09-08,18,9,2013-09-08 00:00:00+00:00,8,0.009038462,23.51,24.44,14774002.0,15944273.0,105221.0,183031.0
2013-09-08 09:00:00+00:00,2013-09-08 19:00:00+10:00,2013-09-08,19,10,2013-09-08 00:00:00+00:00,9,0.0,26.0,24.45,14774002.0,15944273.0,0.0,0.0
2013-09-08 10:00:00+00:00,2013-09-08 20:00:00+10:00,2013-09-08,20,11,2013-09-08 00:00:00+00:00,10,0.0,28.28,25.34,14774002.0,15944273.0,0.0,0.0
2013-09-08 23:00:00+00:00,2013-09-09 09:00:00+10:00,2013-09-09,9,0,2013-09-08 00:00:00+00:00,23,0.509487179,21.41,21.23,16612181.0,18310000.0,1317318.0,1568757.0
2013-09-09 00:00:00+00:00,2013-09-09 10:00:00+10:00,2013-09-09,10,1,2013-09-08 00:00:00+00:00,24,0.712884615,20.52,20.35,18663280.0,20620976.0,2051099.0,2310976.0
2013-09-09 01:00:00+00:00,2013-09-09 11:00:00+10:00,2013-09-09,11,2,2013-09-09 00:00:00+00:00,1,0.595,19.96,19.69,2277031.0,2566853.0,2277031.0,2566853.0
2013-09-09 02:00:00+00:00,2013-09-09 12:00:00+10:00,2013-09-09,12,3,2013-09-09 00:00:00+00:00,2,0.568397436,19.24,19.43,4482931.0,5158803.0,2205900.0,2591950.0
2013-09-09 03:00:00+00:00,2013-09-09 13:00:00+10:00,2013-09-09,13,4,2013-09-09 00:00:00+00:00,3,0.668461538,18.94,18.96,6713502.0,7753329.0,2230571.0,2594526.0
2013-09-09 04:00:00+00:00,2013-09-09 14:00:00+10:00,2013-09-09,14,5,2013-09-09 00:00:00+00:00,4,0.600192308,20.08,21.9,9092434.0,10404163.0,2378932.0,2650834.0
2013-09-09 05:00:00+00:00,2013-09-09 15:00:00+10:00,2013-09-09,15,6,2013-09-09 00:00:00+00:00,5,0.427820513,22.86,25.57,10702114.0,12368908.0,1609680.0,1964745.0
2013-09-09 06:00:00+00:00,2013-09-09 16:00:00+10:00,2013-09-09,16,7,2013-09-09 00:00:00+00:00,6,0.211923077,26.84,27.55,12165815.0,14069797.0,1463701.0,1700889.0
2013-09-09 07:00:00+00:00,2013-09-09 17:00:00+10:00,2013-09-09,17,8,2013-09-09 00:00:00+00:00,7,0.075448718,28.98,37.78,12828005.0,14926129.0,662190.0,856332.0
2013-09-09 08:00:00+00:00,2013-09-09 18:00:00+10:00,2013-09-09,18,9,2013-09-09 00:00:00+00:00,8,0.017884615,31.02,35.22,12917616.0,15081543.0,89611.0,155414.0
2013-09-09 09:00:00+00:00,2013-09-09 19:00:00+10:00,2013-09-09,19,10,2013-09-09 00:00:00+00:00,9,0.0,36.05,30.85,12917616.0,15081543.0,0.0,0.0
2013-09-09 10:00:00+00:00,2013-09-09 20:00:00+10:00,2013-09-09,20,11,2013-09-09 00:00:00+00:00,10,0.0,40.33,31.57,12917616.0,15081543.0,0.0,0.0
2013-09-09 23:00:00+00:00,2013-09-10 09:00:00+10:00,2013-09-10,9,0,2013-09-09 00:00:00+00:00,23,0.553717949,25.51,22.5,15319289.0,17981040.0,1507547.0,1738780.0
2013-09-10 00:00:00+00:00,2013-09-10 10:00:00+10:00,2013-09-10,10,1,2013-09-09 00:00:00+00:00,24,0.7325,23.21,21.27,17426448.0,20342768.0,2107159.0,2361728.0
2013-09-10 01:00:00+00:00,2013-09-10 11:00:00+10:00,2013-09-10,11,2,2013-09-10 00:00:00+00:00,1,0.756602564,22.46,21.52,2575323.0,2799685.0,2575323.0,2799685.0
2013-09-10 02:00:00+00:00,2013-09-10 12:00:00+10:00,2013-09-10,12,3,2013-09-10 00:00:00+00:00,2,0.551987179,22.02,23.37,5383871.0,5828209.0,2808548.0,3028524.0
2013-09-10 03:00:00+00:00,2013-09-10 13:00:00+10:00,2013-09-10,13,4,2013-09-10 00:00:00+00:00,3,0.75525641,21.66,23.2,8236324.0,8884383.0,2852453.0,3056174.0
2013-09-10 04:00:00+00:00,2013-09-10 14:00:00+10:00,2013-09-10,14,5,2013-09-10 00:00:00+00:00,4,0.574615385,22.46,22.87,10818823.0,11673725.0,2582499.0,2789342.0
2013-09-10 05:00:00+00:00,2013-09-10 15:00:00+10:00,2013-09-10,15,6,2013-09-10 00:00:00+00:00,5,0.334423077,25.71,28.15,12709637.0,13823292.0,1890814.0,2149567.0
2013-09-10 06:00:00+00:00,2013-09-10 16:00:00+10:00,2013-09-10,16,7,2013-09-10 00:00:00+00:00,6,0.244615385,30.67,49.74,14042426.0,15405775.0,1332789.0,1582483.0
2013-09-10 07:00:00+00:00,2013-09-10 17:00:00+10:00,2013-09-10,17,8,2013-09-10 00:00:00+00:00,7,0.048589744,33.29,43.85,14728774.0,16302149.0,686348.0,896374.0
2013-09-10 08:00:00+00:00,2013-09-10 18:00:00+10:00,2013-09-10,18,9,2013-09-10 00:00:00+00:00,8,0.008782051,35.81,50.47,14833971.0,16495860.0,105197.0,193711.0
2013-09-10 09:00:00+00:00,2013-09-10 19:00:00+10:00,2013-09-10,19,10,2013-09-10 00:00:00+00:00,9,6.41e-05,43.96,40.6,14833971.0,16495860.0,0.0,0.0
2013-09-10 10:00:00+00:00,2013-09-10 20:00:00+10:00,2013-09-10,20,11,2013-09-10 00:00:00+00:00,10,0.0,47.4,92.65,14833971.0,16495860.0,0.0,0.0
2013-09-10 23:00:00+00:00,2013-09-11 09:00:00+10:00,2013-09-11,9,0,2013-09-10 00:00:00+00:00,23,0.677692308,27.28,24.46,17254144.0,19327856.0,1499168.0,1687616.0
2013-09-11 00:00:00+00:00,2013-09-11 10:00:00+10:00,2013-09-11,10,1,2013-09-10 00:00:00+00:00,24,0.803653846,24.28,22.62,19202352.0,21524608.0,1948208.0,2196752.0
2013-09-11 01:00:00+00:00,2013-09-11 11:00:00+10:00,2013-09-11,11,2,2013-09-11 00:00:00+00:00,1,0.837564103,23.77,23.17,2587564.0,2743491.0,2587564.0,2743491.0
2013-09-11 02:00:00+00:00,2013-09-11 12:00:00+10:00,2013-09-11,12,3,2013-09-11 00:00:00+00:00,2,0.837564103,22.99,22.73,5306838.0,5643741.0,2719274.0,2900250.0
2013-09-11 03:00:00+00:00,2013-09-11 13:00:00+10:00,2013-09-11,13,4,2013-09-11 00:00:00+00:00,3,0.771025641,22.54,22.71,7993101.0,8547293.0,2686263.0,2903552.0
2013-09-11 04:00:00+00:00,2013-09-11 14:00:00+10:00,2013-09-11,14,5,2013-09-11 00:00:00+00:00,4,0.636282051,23.34,23.81,10143758.0,11001175.0,2150657.0,2453882.0
2013-09-11 05:00:00+00:00,2013-09-11 15:00:00+10:00,2013-09-11,15,6,2013-09-11 00:00:00+00:00,5,0.528910256,27.0,41.0,11294969.0,12572112.0,1151211.0,1570937.0
2013-09-11 06:00:00+00:00,2013-09-11 16:00:00+10:00,2013-09-11,16,7,2013-09-11 00:00:00+00:00,6,0.31724359,33.43,30.5,12331028.0,13910516.0,1036059.0,1338404.0
2013-09-11 07:00:00+00:00,2013-09-11 17:00:00+10:00,2013-09-11,17,8,2013-09-11 00:00:00+00:00,7,0.085961538,35.81,37.84,12745889.0,14572915.0,414861.0,662399.0
2013-09-11 08:00:00+00:00,2013-09-11 18:00:00+10:00,2013-09-11,18,9,2013-09-11 00:00:00+00:00,8,0.014679487,37.47,33.11,12828939.0,14748931.0,83050.0,176016.0
2013-09-11 09:00:00+00:00,2013-09-11 19:00:00+10:00,2013-09-11,19,10,2013-09-11 00:00:00+00:00,9,6.41e-05,43.22,33.29,12828939.0,14748931.0,0.0,0.0
2013-09-11 10:00:00+00:00,2013-09-11 20:00:00+10:00,2013-09-11,20,11,2013-09-11 00:00:00+00:00,10,0.0,49.9,37.9,12828939.0,14748931.0,0.0,0.0
2013-09-11 23:00:00+00:00,2013-09-12 09:00:00+10:00,2013-09-12,9,0,2013-09-11 00:00:00+00:00,23,0.670128205,24.69,22.6,14878403.0,17360592.0,1232551.0,1519636.0
2013-09-12 00:00:00+00:00,2013-09-12 10:00:00+10:00,2013-09-12,10,1,2013-09-11 00:00:00+00:00,24,0.795705128,24.44,22.15,16114262.0,19017056.0,1235859.0,1656464.0
2013-09-12 01:00:00+00:00,2013-09-12 11:00:00+10:00,2013-09-12,11,2,2013-09-12 00:00:00+00:00,1,0.778717949,23.02,21.66,2413303.0,2633160.0,2413303.0,2633160.0
2013-09-12 02:00:00+00:00,2013-09-12 12:00:00+10:00,2013-09-12,12,3,2013-09-12 00:00:00+00:00,2,0.814358974,22.4,19.5,4908948.0,5386434.0,2495645.0,2753274.0
2013-09-12 03:00:00+00:00,2013-09-12 13:00:00+10:00,2013-09-12,13,4,2013-09-12 00:00:00+00:00,3,0.539230769,22.01,20.24,7383482.0,8143563.0,2474534.0,2757129.0
2013-09-12 04:00:00+00:00,2013-09-12 14:00:00+10:00,2013-09-12,14,5,2013-09-12 00:00:00+00:00,4,0.417371795,22.39,21.46,9277578.0,10432064.0,1894096.0,2288501.0
2013-09-12 05:00:00+00:00,2013-09-12 15:00:00+10:00,2013-09-12,15,6,2013-09-12 00:00:00+00:00,5,0.401602564,26.44,23.48,10665981.0,12188960.0,1388403.0,1756896.0
2013-09-12 06:00:00+00:00,2013-09-12 16:00:00+10:00,2013-09-12,16,7,2013-09-12 00:00:00+00:00,6,0.214230769,31.47000000000001,24.74,11770919.0,13557986.0,1104938.0,1369026.0
2013-09-12 07:00:00+00:00,2013-09-12 17:00:00+10:00,2013-09-12,17,8,2013-09-12 00:00:00+00:00,7,0.073717949,32.64,24.69,12428108.0,14394811.0,657189.0,836825.0
2013-09-12 08:00:00+00:00,2013-09-12 18:00:00+10:00,2013-09-12,18,9,2013-09-12 00:00:00+00:00,8,0.010384615,33.05,25.75,12543440.0,14599302.0,115332.0,204491.0
2013-09-12 09:00:00+00:00,2013-09-12 19:00:00+10:00,2013-09-12,19,10,2013-09-12 00:00:00+00:00,9,0.0,35.71,26.86,12543440.0,14599302.0,0.0,0.0
2013-09-12 10:00:00+00:00,2013-09-12 20:00:00+10:00,2013-09-12,20,11,2013-09-12 00:00:00+00:00,10,0.0,38.1,26.56,12543440.0,14599302.0,0.0,0.0
2013-09-12 23:00:00+00:00,2013-09-13 09:00:00+10:00,2013-09-13,9,0,2013-09-12 00:00:00+00:00,23,0.535705128,23.53,20.61,15008714.0,17416096.0,1460614.0,1616340.0
2013-09-13 00:00:00+00:00,2013-09-13 10:00:00+10:00,2013-09-13,10,1,2013-09-12 00:00:00+00:00,24,0.620128205,20.6,20.56,16840736.0,19492688.0,1832022.0,2076592.0
2013-09-13 01:00:00+00:00,2013-09-13 11:00:00+10:00,2013-09-13,11,2,2013-09-13 00:00:00+00:00,1,0.591025641,18.9,21.23,2444605.0,2585182.0,2444605.0,2585182.0
2013-09-13 02:00:00+00:00,2013-09-13 12:00:00+10:00,2013-09-13,12,3,2013-09-13 00:00:00+00:00,2,0.513974359,18.04,20.31,4749714.0,5136895.0,2305109.0,2551713.0
2013-09-13 03:00:00+00:00,2013-09-13 13:00:00+10:00,2013-09-13,13,4,2013-09-13 00:00:00+00:00,3,0.581153846,17.92,18.7,7156563.0,7787109.0,2406849.0,2650214.0
2013-09-13 04:00:00+00:00,2013-09-13 14:00:00+10:00,2013-09-13,14,5,2013-09-13 00:00:00+00:00,4,0.605384615,20.18,21.48,9742069.0,10537322.0,2585506.0,2750213.0
2013-09-13 05:00:00+00:00,2013-09-13 15:00:00+10:00,2013-09-13,15,6,2013-09-13 00:00:00+00:00,5,0.254935897,23.08,26.24,11676988.0,12703027.0,1934919.0,2165705.0
2013-09-13 06:00:00+00:00,2013-09-13 16:00:00+10:00,2013-09-13,16,7,2013-09-13 00:00:00+00:00,6,0.162692308,25.08,29.49,12803770.0,14126937.0,1126782.0,1423910.0
2013-09-13 07:00:00+00:00,2013-09-13 17:00:00+10:00,2013-09-13,17,8,2013-09-13 00:00:00+00:00,7,0.047884615,27.3,27.52,13305733.0,14851762.0,501963.0,724825.0
2013-09-13 08:00:00+00:00,2013-09-13 18:00:00+10:00,2013-09-13,18,9,2013-09-13 00:00:00+00:00,8,0.009935897,28.22,25.94,13402224.0,15021892.0,96491.0,170130.0
2013-09-13 09:00:00+00:00,2013-09-13 19:00:00+10:00,2013-09-13,19,10,2013-09-13 00:00:00+00:00,9,0.0,30.74,27.67,13402224.0,15021892.0,0.0,0.0
2013-09-13 10:00:00+00:00,2013-09-13 20:00:00+10:00,2013-09-13,20,11,2013-09-13 00:00:00+00:00,10,0.0,33.05,54.35,13402224.0,15021892.0,0.0,0.0
2013-09-13 23:00:00+00:00,2013-09-14 09:00:00+10:00,2013-09-14,9,0,2013-09-13 00:00:00+00:00,23,0.1875,20.61,18.66,14394143.0,16855376.0,604528.0,1058548.0
2013-09-14 00:00:00+00:00,2013-09-14 10:00:00+10:00,2013-09-14,10,1,2013-09-13 00:00:00+00:00,24,0.285384615,18.26,12.55,15286713.0,18308656.0,892570.0,1453280.0
2013-09-14 01:00:00+00:00,2013-09-14 11:00:00+10:00,2013-09-14,11,2,2013-09-14 00:00:00+00:00,1,0.238974359,16.5,9.95,1228750.0,1820535.0,1228750.0,1820535.0
2013-09-14 02:00:00+00:00,2013-09-14 12:00:00+10:00,2013-09-14,12,3,2013-09-14 00:00:00+00:00,2,0.514230769,15.74,0.77,2799897.0,3936394.0,1571147.0,2115859.0
2013-09-14 03:00:00+00:00,2013-09-14 13:00:00+10:00,2013-09-14,13,4,2013-09-14 00:00:00+00:00,3,0.710769231,15.36,1.69,4845639.0,6406328.0,2045742.0,2469934.0
2013-09-14 04:00:00+00:00,2013-09-14 14:00:00+10:00,2013-09-14,14,5,2013-09-14 00:00:00+00:00,4,0.614358974,15.89,8.05,6731784.0,8667402.0,1886145.0,2261074.0
2013-09-14 05:00:00+00:00,2013-09-14 15:00:00+10:00,2013-09-14,15,6,2013-09-14 00:00:00+00:00,5,0.441474359,18.78,9.98,8375940.0,10675198.0,1644156.0,2007796.0
2013-09-14 06:00:00+00:00,2013-09-14 16:00:00+10:00,2013-09-14,16,7,2013-09-14 00:00:00+00:00,6,0.132051282,20.23,15.19,9649991.0,12206263.0,1274051.0,1531065.0
2013-09-14 07:00:00+00:00,2013-09-14 17:00:00+10:00,2013-09-14,17,8,2013-09-14 00:00:00+00:00,7,0.058141026,21.46,21.22,10344893.0,13109490.0,694902.0,903227.0
2013-09-14 08:00:00+00:00,2013-09-14 18:00:00+10:00,2013-09-14,18,9,2013-09-14 00:00:00+00:00,8,0.017179487,23.7,24.54,10453381.0,13313182.0,108488.0,203692.0
2013-09-14 09:00:00+00:00,2013-09-14 19:00:00+10:00,2013-09-14,19,10,2013-09-14 00:00:00+00:00,9,6.41e-05,25.09,25.32,10453381.0,13313182.0,0.0,0.0
2013-09-14 10:00:00+00:00,2013-09-14 20:00:00+10:00,2013-09-14,20,11,2013-09-14 00:00:00+00:00,10,0.0,25.86,23.89,10453381.0,13313182.0,0.0,0.0
2013-09-14 23:00:00+00:00,2013-09-15 09:00:00+10:00,2013-09-15,9,0,2013-09-14 00:00:00+00:00,23,0.377692308,17.6,17.22,11988871.0,15547622.0,1071973.0,1388529.0
2013-09-15 00:00:00+00:00,2013-09-15 10:00:00+10:00,2013-09-15,10,1,2013-09-14 00:00:00+00:00,24,0.658974359,11.71,14.66,13371851.0,17357088.0,1382980.0,1809466.0
2013-09-15 01:00:00+00:00,2013-09-15 11:00:00+10:00,2013-09-15,11,2,2013-09-15 00:00:00+00:00,1,0.508653846,10.65,17.16,2000271.0,2368477.0,2000271.0,2368477.0
2013-09-15 02:00:00+00:00,2013-09-15 12:00:00+10:00,2013-09-15,12,3,2013-09-15 00:00:00+00:00,2,0.565,9.46,16.02,3793177.0,4640815.0,1792906.0,2272338.0
2013-09-15 03:00:00+00:00,2013-09-15 13:00:00+10:00,2013-09-15,13,4,2013-09-15 00:00:00+00:00,3,0.696602564,9.04,6.07,5891133.0,7158675.0,2097956.0,2517860.0
2013-09-15 04:00:00+00:00,2013-09-15 14:00:00+10:00,2013-09-15,14,5,2013-09-15 00:00:00+00:00,4,0.47025641,11.09,16.56,7544166.0,9274026.0,1653033.0,2115351.0
2013-09-15 05:00:00+00:00,2013-09-15 15:00:00+10:00,2013-09-15,15,6,2013-09-15 00:00:00+00:00,5,0.440641026,13.37,14.21,9433417.0,11451787.0,1889251.0,2177761.0
2013-09-15 06:00:00+00:00,2013-09-15 16:00:00+10:00,2013-09-15,16,7,2013-09-15 00:00:00+00:00,6,0.142051282,17.12,17.47,10521330.0,12830796.0,1087913.0,1379009.0
2013-09-15 07:00:00+00:00,2013-09-15 17:00:00+10:00,2013-09-15,17,8,2013-09-15 00:00:00+00:00,7,0.062820513,20.57,19.56,11144481.0,13657576.0,623151.0,826780.0
2013-09-15 08:00:00+00:00,2013-09-15 18:00:00+10:00,2013-09-15,18,9,2013-09-15 00:00:00+00:00,8,0.013782051,22.14,21.96,11270260.0,13871853.0,125779.0,214277.0
2013-09-15 09:00:00+00:00,2013-09-15 19:00:00+10:00,2013-09-15,19,10,2013-09-15 00:00:00+00:00,9,6.41e-05,23.21,22.36,11270260.0,13871853.0,0.0,0.0
2013-09-15 10:00:00+00:00,2013-09-15 20:00:00+10:00,2013-09-15,20,11,2013-09-15 00:00:00+00:00,10,0.0,23.68,21.37,11270260.0,13871853.0,0.0,0.0
2013-09-15 23:00:00+00:00,2013-09-16 09:00:00+10:00,2013-09-16,9,0,2013-09-15 00:00:00+00:00,23,0.219230769,19.33,21.25,12532601.0,15956589.0,645538.0,1099432.0
2013-09-16 00:00:00+00:00,2013-09-16 10:00:00+10:00,2013-09-16,10,1,2013-09-15 00:00:00+00:00,24,0.100576923,19.11,19.09,13119970.0,17195600.0,587369.0,1239011.0
2013-09-16 01:00:00+00:00,2013-09-16 11:00:00+10:00,2013-09-16,11,2,2013-09-16 00:00:00+00:00,1,0.107051282,18.66,19.31,1032102.562,1762449.0,1032102.562,1762449.0
2013-09-16 02:00:00+00:00,2013-09-16 12:00:00+10:00,2013-09-16,12,3,2013-09-16 00:00:00+00:00,2,0.071410256,18.55,18.33,1855863.0,3405061.0,823760.438,1642612.0
2013-09-16 03:00:00+00:00,2013-09-16 13:00:00+10:00,2013-09-16,13,4,2013-09-16 00:00:00+00:00,3,0.024230769,18.63,19.49,2849907.0,5135161.0,994044.0,1730100.0
2013-09-16 04:00:00+00:00,2013-09-16 14:00:00+10:00,2013-09-16,14,5,2013-09-16 00:00:00+00:00,4,0.029871795,20.11,34.19,3549421.0,6553465.0,699514.0,1418304.0
2013-09-16 05:00:00+00:00,2013-09-16 15:00:00+10:00,2013-09-16,15,6,2013-09-16 00:00:00+00:00,5,0.015192308,23.05,22.97,3935778.0,7594936.0,386357.0,1041471.0
2013-09-16 06:00:00+00:00,2013-09-16 16:00:00+10:00,2013-09-16,16,7,2013-09-16 00:00:00+00:00,6,0.015961538,26.92,33.62,4078933.0,8231400.0,143155.0,636464.0
2013-09-16 07:00:00+00:00,2013-09-16 17:00:00+10:00,2013-09-16,17,8,2013-09-16 00:00:00+00:00,7,0.014358974,28.58,26.29,4154367.0,8598734.0,75434.0,367334.0
2013-09-16 08:00:00+00:00,2013-09-16 18:00:00+10:00,2013-09-16,18,9,2013-09-16 00:00:00+00:00,8,0.002051282,29.37,31.14,4167132.0,8705098.0,12765.0,106364.0
2013-09-16 09:00:00+00:00,2013-09-16 19:00:00+10:00,2013-09-16,19,10,2013-09-16 00:00:00+00:00,9,0.0,31.12,28.26,4167132.0,8705098.0,0.0,0.0
2013-09-16 10:00:00+00:00,2013-09-16 20:00:00+10:00,2013-09-16,20,11,2013-09-16 00:00:00+00:00,10,0.0,33.77,28.73,4167132.0,8705098.0,0.0,0.0
2013-09-16 23:00:00+00:00,2013-09-17 09:00:00+10:00,2013-09-17,9,0,2013-09-16 00:00:00+00:00,23,0.114358974,20.14,6.94,4759300.0,10238321.0,430558.0,940759.0
2013-09-17 00:00:00+00:00,2013-09-17 10:00:00+10:00,2013-09-17,10,1,2013-09-16 00:00:00+00:00,24,0.235448718,14.29,-23.66,5989446.0,11885600.0,1230146.0,1647279.0
2013-09-17 01:00:00+00:00,2013-09-17 11:00:00+10:00,2013-09-17,11,2,2013-09-17 00:00:00+00:00,1,0.386025641,13.75,4.97,389269.625,1165772.0,389269.625,1165772.0
2013-09-17 02:00:00+00:00,2013-09-17 12:00:00+10:00,2013-09-17,12,3,2013-09-17 00:00:00+00:00,2,0.269230769,13.13,-6.94,905750.375,2498655.0,516480.75,1332883.0
2013-09-17 03:00:00+00:00,2013-09-17 13:00:00+10:00,2013-09-17,13,4,2013-09-17 00:00:00+00:00,3,0.165897436,13.35,7.64,1739528.0,4081184.0,833777.625,1582529.0
2013-09-17 04:00:00+00:00,2013-09-17 14:00:00+10:00,2013-09-17,14,5,2013-09-17 00:00:00+00:00,4,0.101474359,14.51,14.22,2597494.0,5622437.0,857966.0,1541253.0
2013-09-17 05:00:00+00:00,2013-09-17 15:00:00+10:00,2013-09-17,15,6,2013-09-17 00:00:00+00:00,5,0.098141026,20.63,23.34,3222595.0,6882744.0,625101.0,1260307.0
2013-09-17 06:00:00+00:00,2013-09-17 16:00:00+10:00,2013-09-17,16,7,2013-09-17 00:00:00+00:00,6,0.060705128,25.16,31.39,3603833.0,7747536.0,381238.0,864792.0
2013-09-17 07:00:00+00:00,2013-09-17 17:00:00+10:00,2013-09-17,17,8,2013-09-17 00:00:00+00:00,7,0.043205128,25.3,22.35,3790591.0,8224006.0,186758.0,476470.0
2013-09-17 08:00:00+00:00,2013-09-17 18:00:00+10:00,2013-09-17,18,9,2013-09-17 00:00:00+00:00,8,0.005128205,24.89,23.39,3889209.0,8413040.0,98618.0,189034.0
2013-09-17 09:00:00+00:00,2013-09-17 19:00:00+10:00,2013-09-17,19,10,2013-09-17 00:00:00+00:00,9,0.0,26.56,23.35,3889209.0,8413040.0,0.0,0.0
2013-09-17 10:00:00+00:00,2013-09-17 20:00:00+10:00,2013-09-17,20,11,2013-09-17 00:00:00+00:00,10,0.0,26.67,23.82,3889209.0,8413040.0,0.0,0.0
2013-09-17 23:00:00+00:00,2013-09-18 09:00:00+10:00,2013-09-18,9,0,2013-09-17 00:00:00+00:00,23,0.230320513,17.400000000000002,10.72,5132219.0,10543865.0,720036.0,1173374.0
2013-09-18 00:00:00+00:00,2013-09-18 10:00:00+10:00,2013-09-18,10,1,2013-09-17 00:00:00+00:00,24,0.312371795,11.79,-12.36,6392287.0,12269946.0,1260068.0,1726081.0
2013-09-18 01:00:00+00:00,2013-09-18 11:00:00+10:00,2013-09-18,11,2,2013-09-18 00:00:00+00:00,1,0.247307692,9.61,-18.47,2017565.0,2413821.0,2017565.0,2413821.0
2013-09-18 02:00:00+00:00,2013-09-18 12:00:00+10:00,2013-09-18,12,3,2013-09-18 00:00:00+00:00,2,0.331346154,8.43,-17.63,4052710.0,4864441.0,2035145.0,2450620.0
2013-09-18 03:00:00+00:00,2013-09-18 13:00:00+10:00,2013-09-18,13,4,2013-09-18 00:00:00+00:00,3,0.534487179,7.45,0.13,6251331.0,7469569.0,2198621.0,2605128.0
2013-09-18 04:00:00+00:00,2013-09-18 14:00:00+10:00,2013-09-18,14,5,2013-09-18 00:00:00+00:00,4,0.655705128,11.24,1.95,8127817.0,9807193.0,1876486.0,2337624.0
2013-09-18 05:00:00+00:00,2013-09-18 15:00:00+10:00,2013-09-18,15,6,2013-09-18 00:00:00+00:00,5,0.474871795,19.63,16.13,9539968.0,11650282.0,1412151.0,1843089.0
2013-09-18 06:00:00+00:00,2013-09-18 16:00:00+10:00,2013-09-18,16,7,2013-09-18 00:00:00+00:00,6,0.209358974,24.83,21.65,10804927.0,13221880.0,1264959.0,1571598.0
2013-09-18 07:00:00+00:00,2013-09-18 17:00:00+10:00,2013-09-18,17,8,2013-09-18 00:00:00+00:00,7,0.048141026,24.56,23.78,11448875.0,14114159.0,643948.0,892279.0
2013-09-18 08:00:00+00:00,2013-09-18 18:00:00+10:00,2013-09-18,18,9,2013-09-18 00:00:00+00:00,8,0.010512821,25.35,24.16,11606593.0,14378835.0,157718.0,264676.0
2013-09-18 09:00:00+00:00,2013-09-18 19:00:00+10:00,2013-09-18,19,10,2013-09-18 00:00:00+00:00,9,0.0,26.89,25.83,11606593.0,14378835.0,0.0,0.0
2013-09-18 10:00:00+00:00,2013-09-18 20:00:00+10:00,2013-09-18,20,11,2013-09-18 00:00:00+00:00,10,0.0,27.28,24.27,11606593.0,14378835.0,0.0,0.0
2013-09-18 23:00:00+00:00,2013-09-19 09:00:00+10:00,2013-09-19,9,0,2013-09-18 00:00:00+00:00,23,0.735384615,20.82,18.68,13795529.0,17199888.0,1153982.0,1479020.0
2013-09-19 00:00:00+00:00,2013-09-19 10:00:00+10:00,2013-09-19,10,1,2013-09-18 00:00:00+00:00,24,0.558846154,15.74,15.43,14911049.0,18837488.0,1115520.0,1637600.0
2013-09-19 01:00:00+00:00,2013-09-19 11:00:00+10:00,2013-09-19,11,2,2013-09-19 00:00:00+00:00,1,0.793141026,15.08,16.41,1385814.0,1969167.0,1385814.0,1969167.0
2013-09-19 02:00:00+00:00,2013-09-19 12:00:00+10:00,2013-09-19,12,3,2013-09-19 00:00:00+00:00,2,0.708205128,14.75,19.02,2827815.0,4025069.0,1442001.0,2055902.0
2013-09-19 03:00:00+00:00,2013-09-19 13:00:00+10:00,2013-09-19,13,4,2013-09-19 00:00:00+00:00,3,0.645384615,14.38,15.04,4476496.0,6208072.0,1648681.0,2183003.0
2013-09-19 04:00:00+00:00,2013-09-19 14:00:00+10:00,2013-09-19,14,5,2013-09-19 00:00:00+00:00,4,0.381730769,17.330000000000002,17.2,5911032.0,8171209.0,1434536.0,1963137.0
2013-09-19 05:00:00+00:00,2013-09-19 15:00:00+10:00,2013-09-19,15,6,2013-09-19 00:00:00+00:00,5,0.269807692,23.37,23.68,7210741.0,9884545.0,1299709.0,1713336.0
2013-09-19 06:00:00+00:00,2013-09-19 16:00:00+10:00,2013-09-19,16,7,2013-09-19 00:00:00+00:00,6,0.17775641,27.8,28.18,8608530.0,11504714.0,1397789.0,1620169.0
2013-09-19 07:00:00+00:00,2013-09-19 17:00:00+10:00,2013-09-19,17,8,2013-09-19 00:00:00+00:00,7,0.078141026,27.46,23.96,9382066.0,12465976.0,773536.0,961262.0
2013-09-19 08:00:00+00:00,2013-09-19 18:00:00+10:00,2013-09-19,18,9,2013-09-19 00:00:00+00:00,8,0.020384615,29.04,27.96,9528107.0,12711257.0,146041.0,245281.0
2013-09-19 09:00:00+00:00,2013-09-19 19:00:00+10:00,2013-09-19,19,10,2013-09-19 00:00:00+00:00,9,0.000128205,30.78,34.87,9528107.0,12711257.0,0.0,0.0
2013-09-19 10:00:00+00:00,2013-09-19 20:00:00+10:00,2013-09-19,20,11,2013-09-19 00:00:00+00:00,10,0.0,33.410000000000004,35.37,9528107.0,12711257.0,0.0,0.0
2013-09-19 23:00:00+00:00,2013-09-20 09:00:00+10:00,2013-09-20,9,0,2013-09-19 00:00:00+00:00,23,0.369487179,22.26,19.54,11689127.0,15472342.0,1328942.0,1575001.0
2013-09-20 00:00:00+00:00,2013-09-20 10:00:00+10:00,2013-09-20,10,1,2013-09-19 00:00:00+00:00,24,0.492820513,19.95,14.91,13575921.0,17693888.0,1886794.0,2221546.0
2013-09-20 01:00:00+00:00,2013-09-20 11:00:00+10:00,2013-09-20,11,2,2013-09-20 00:00:00+00:00,1,0.259935897,17.75,15.51,2308260.0,2573243.0,2308260.0,2573243.0
2013-09-20 02:00:00+00:00,2013-09-20 12:00:00+10:00,2013-09-20,12,3,2013-09-20 00:00:00+00:00,2,0.420576923,16.13,17.21,4708545.0,5338382.0,2400285.0,2765139.0
2013-09-20 03:00:00+00:00,2013-09-20 13:00:00+10:00,2013-09-20,13,4,2013-09-20 00:00:00+00:00,3,0.694358974,15.63,16.84,7399370.0,8319853.0,2690825.0,2981471.0
2013-09-20 04:00:00+00:00,2013-09-20 14:00:00+10:00,2013-09-20,14,5,2013-09-20 00:00:00+00:00,4,0.465512821,18.07,19.79,9982987.0,11127964.0,2583617.0,2808111.0
2013-09-20 05:00:00+00:00,2013-09-20 15:00:00+10:00,2013-09-20,15,6,2013-09-20 00:00:00+00:00,5,0.321153846,23.46,23.91,12191419.0,13533388.0,2208432.0,2405424.0
2013-09-20 06:00:00+00:00,2013-09-20 16:00:00+10:00,2013-09-20,16,7,2013-09-20 00:00:00+00:00,6,0.23025641,27.84,28.28,13775507.0,15329114.0,1584088.0,1795726.0
2013-09-20 07:00:00+00:00,2013-09-20 17:00:00+10:00,2013-09-20,17,8,2013-09-20 00:00:00+00:00,7,0.062820513,28.55,35.12,14507409.0,16279156.0,731902.0,950042.0
2013-09-20 08:00:00+00:00,2013-09-20 18:00:00+10:00,2013-09-20,18,9,2013-09-20 00:00:00+00:00,8,0.020705128,29.51,34.84,14654133.0,16536789.0,146724.0,257633.0
2013-09-20 09:00:00+00:00,2013-09-20 19:00:00+10:00,2013-09-20,19,10,2013-09-20 00:00:00+00:00,9,0.000128205,32.19,45.54,14654133.0,16536789.0,0.0,0.0
2013-09-20 10:00:00+00:00,2013-09-20 20:00:00+10:00,2013-09-20,20,11,2013-09-20 00:00:00+00:00,10,0.0,34.21,40.28,14654133.0,16536789.0,0.0,0.0
2013-09-20 23:00:00+00:00,2013-09-21 09:00:00+10:00,2013-09-21,9,0,2013-09-20 00:00:00+00:00,23,0.689230769,22.09,22.37,17798016.0,20070032.0,1815361.0,1962576.0
2013-09-21 00:00:00+00:00,2013-09-21 10:00:00+10:00,2013-09-21,10,1,2013-09-20 00:00:00+00:00,24,0.792115385,21.43,49.0,20248768.0,22663600.0,2450752.0,2593568.0
2013-09-21 01:00:00+00:00,2013-09-21 11:00:00+10:00,2013-09-21,11,2,2013-09-21 00:00:00+00:00,1,0.831025641,20.99,43.13,2913174.0,2994319.0,2913174.0,2994319.0
2013-09-21 02:00:00+00:00,2013-09-21 12:00:00+10:00,2013-09-21,12,3,2013-09-21 00:00:00+00:00,2,0.800128205,19.85,21.46,6056029.0,6226439.0,3142855.0,3232120.0
2013-09-21 03:00:00+00:00,2013-09-21 13:00:00+10:00,2013-09-21,13,4,2013-09-21 00:00:00+00:00,3,0.724230769,19.27,21.57,9161845.0,9451774.0,3105816.0,3225335.0
2013-09-21 04:00:00+00:00,2013-09-21 14:00:00+10:00,2013-09-21,14,5,2013-09-21 00:00:00+00:00,4,0.628846154,19.83,21.95,12007703.0,12447999.0,2845858.0,2996225.0
2013-09-21 05:00:00+00:00,2013-09-21 15:00:00+10:00,2013-09-21,15,6,2013-09-21 00:00:00+00:00,5,0.450897436,21.22,22.46,14311568.0,14946285.0,2303865.0,2498286.0
2013-09-21 06:00:00+00:00,2013-09-21 16:00:00+10:00,2013-09-21,16,7,2013-09-21 00:00:00+00:00,6,0.233141026,22.48,24.4,15866816.0,16726704.0,1555248.0,1780419.0
2013-09-21 07:00:00+00:00,2013-09-21 17:00:00+10:00,2013-09-21,17,8,2013-09-21 00:00:00+00:00,7,0.084935897,24.46,28.7,16707737.0,17762352.0,840921.0,1035648.0
2013-09-21 08:00:00+00:00,2013-09-21 18:00:00+10:00,2013-09-21,18,9,2013-09-21 00:00:00+00:00,8,0.018910256,28.79,27.21,16887744.0,18051760.0,180007.0,289408.0
2013-09-21 09:00:00+00:00,2013-09-21 19:00:00+10:00,2013-09-21,19,10,2013-09-21 00:00:00+00:00,9,0.000128205,30.37,26.24,16887744.0,18051760.0,0.0,0.0
2013-09-21 10:00:00+00:00,2013-09-21 20:00:00+10:00,2013-09-21,20,11,2013-09-21 00:00:00+00:00,10,0.0,31.02,28.04,16887744.0,18051760.0,0.0,0.0
2013-09-21 23:00:00+00:00,2013-09-22 09:00:00+10:00,2013-09-22,9,0,2013-09-21 00:00:00+00:00,23,0.352115385,21.14,16.95,19705120.0,21440816.0,1658960.0,1898288.0
2013-09-22 00:00:00+00:00,2013-09-22 10:00:00+10:00,2013-09-22,10,1,2013-09-21 00:00:00+00:00,24,0.466089744,18.63,9.6,22104144.0,24068016.0,2399024.0,2627200.0
2013-09-22 01:00:00+00:00,2013-09-22 11:00:00+10:00,2013-09-22,11,2,2013-09-22 00:00:00+00:00,1,0.456987179,16.16,15.1,1896670.0,2368037.0,1896670.0,2368037.0
2013-09-22 02:00:00+00:00,2013-09-22 12:00:00+10:00,2013-09-22,12,3,2013-09-22 00:00:00+00:00,2,0.204358974,14.01,10.18,3908396.0,4917118.0,2011726.0,2549081.0
2013-09-22 03:00:00+00:00,2013-09-22 13:00:00+10:00,2013-09-22,13,4,2013-09-22 00:00:00+00:00,3,0.207948718,13.44,7.46,6356568.0,7772279.0,2448172.0,2855161.0
2013-09-22 04:00:00+00:00,2013-09-22 14:00:00+10:00,2013-09-22,14,5,2013-09-22 00:00:00+00:00,4,0.456666667,13.61,12.15,8520913.0,10343538.0,2164345.0,2571259.0
2013-09-22 05:00:00+00:00,2013-09-22 15:00:00+10:00,2013-09-22,15,6,2013-09-22 00:00:00+00:00,5,0.369038462,14.58,8.58,10597028.0,12689169.0,2076115.0,2345631.0
2013-09-22 06:00:00+00:00,2013-09-22 16:00:00+10:00,2013-09-22,16,7,2013-09-22 00:00:00+00:00,6,0.148653846,18.16,12.64,12159102.0,14520270.0,1562074.0,1831101.0
2013-09-22 07:00:00+00:00,2013-09-22 17:00:00+10:00,2013-09-22,17,8,2013-09-22 00:00:00+00:00,7,0.060961538,20.42,20.27,13015945.0,15595179.0,856843.0,1074909.0
2013-09-22 08:00:00+00:00,2013-09-22 18:00:00+10:00,2013-09-22,18,9,2013-09-22 00:00:00+00:00,8,0.028012821,21.55,21.73,13187540.0,15877245.0,171595.0,282066.0
2013-09-22 09:00:00+00:00,2013-09-22 19:00:00+10:00,2013-09-22,19,10,2013-09-22 00:00:00+00:00,9,0.00025641,22.5,22.67,13187540.0,15877245.0,0.0,0.0
2013-09-22 10:00:00+00:00,2013-09-22 20:00:00+10:00,2013-09-22,20,11,2013-09-22 00:00:00+00:00,10,0.0,22.73,22.55,13187540.0,15877245.0,0.0,0.0
2013-09-22 23:00:00+00:00,2013-09-23 09:00:00+10:00,2013-09-23,9,0,2013-09-22 00:00:00+00:00,23,0.697179487,14.15,10.99,16408562.0,19526064.0,1836556.0,1998464.0
2013-09-23 00:00:00+00:00,2013-09-23 10:00:00+10:00,2013-09-23,10,1,2013-09-22 00:00:00+00:00,24,0.776217949,11.3,7.29,18894496.0,22161184.0,2485934.0,2635120.0
2013-09-23 01:00:00+00:00,2013-09-23 11:00:00+10:00,2013-09-23,11,2,2013-09-23 00:00:00+00:00,1,0.816923077,10.9,7.97,2939456.0,3036102.0,2939456.0,3036102.0
2013-09-23 02:00:00+00:00,2013-09-23 12:00:00+10:00,2013-09-23,12,3,2013-09-23 00:00:00+00:00,2,0.811858974,10.71,15.73,6099586.0,6308375.0,3160130.0,3272273.0
2013-09-23 03:00:00+00:00,2013-09-23 13:00:00+10:00,2013-09-23,13,4,2013-09-23 00:00:00+00:00,3,0.744807692,11.36,16.490000000000002,9236576.0,9578761.0,3136990.0,3270386.0
2013-09-23 04:00:00+00:00,2013-09-23 14:00:00+10:00,2013-09-23,14,5,2013-09-23 00:00:00+00:00,4,0.625769231,12.68,16.82,12100205.0,12609712.0,2863629.0,3030951.0
2013-09-23 05:00:00+00:00,2013-09-23 15:00:00+10:00,2013-09-23,15,6,2013-09-23 00:00:00+00:00,5,0.446858974,19.28,23.11,14466281.0,15177999.0,2366076.0,2568287.0
2013-09-23 06:00:00+00:00,2013-09-23 16:00:00+10:00,2013-09-23,16,7,2013-09-23 00:00:00+00:00,6,0.221794872,25.09,27.25,16168050.0,17092608.0,1701769.0,1914609.0
2013-09-23 07:00:00+00:00,2013-09-23 17:00:00+10:00,2013-09-23,17,8,2013-09-23 00:00:00+00:00,7,0.058653846,27.68,37.99,17101824.0,18223104.0,933774.0,1130496.0
2013-09-23 08:00:00+00:00,2013-09-23 18:00:00+10:00,2013-09-23,18,9,2013-09-23 00:00:00+00:00,8,0.012307692,28.97,29.87,17273968.0,18486672.0,172144.0,263568.0
2013-09-23 09:00:00+00:00,2013-09-23 19:00:00+10:00,2013-09-23,19,10,2013-09-23 00:00:00+00:00,9,0.000128205,30.25,28.39,17273968.0,18486672.0,0.0,0.0
2013-09-23 10:00:00+00:00,2013-09-23 20:00:00+10:00,2013-09-23,20,11,2013-09-23 00:00:00+00:00,10,0.0,31.36,27.83,17273968.0,18486672.0,0.0,0.0
2013-09-23 23:00:00+00:00,2013-09-24 09:00:00+10:00,2013-09-24,9,0,2013-09-23 00:00:00+00:00,23,0.427435897,18.0,18.37,20315600.0,22067712.0,1773408.0,2000880.0
2013-09-24 00:00:00+00:00,2013-09-24 10:00:00+10:00,2013-09-24,10,1,2013-09-23 00:00:00+00:00,24,0.23775641,18.5,14.21,22696800.0,24678624.0,2381200.0,2610912.0
2013-09-24 01:00:00+00:00,2013-09-24 11:00:00+10:00,2013-09-24,11,2,2013-09-24 00:00:00+00:00,1,0.305320513,17.85,17.44,2842136.0,3032878.0,2842136.0,3032878.0
2013-09-24 02:00:00+00:00,2013-09-24 12:00:00+10:00,2013-09-24,12,3,2013-09-24 00:00:00+00:00,2,0.84525641,17.68,18.46,5929932.0,6323819.0,3087796.0,3290941.0
2013-09-24 03:00:00+00:00,2013-09-24 13:00:00+10:00,2013-09-24,13,4,2013-09-24 00:00:00+00:00,3,0.713974359,17.88,19.16,9033400.0,9630584.0,3103468.0,3306765.0
2013-09-24 04:00:00+00:00,2013-09-24 14:00:00+10:00,2013-09-24,14,5,2013-09-24 00:00:00+00:00,4,0.621602564,20.44,21.59,11871441.0,12691474.0,2838041.0,3060890.0
2013-09-24 05:00:00+00:00,2013-09-24 15:00:00+10:00,2013-09-24,15,6,2013-09-24 00:00:00+00:00,5,0.437948718,24.92,24.14,14217461.0,15287548.0,2346020.0,2596074.0
2013-09-24 06:00:00+00:00,2013-09-24 16:00:00+10:00,2013-09-24,16,7,2013-09-24 00:00:00+00:00,6,0.219615385,28.71,24.56,15897385.0,17229264.0,1679924.0,1941716.0
2013-09-24 07:00:00+00:00,2013-09-24 17:00:00+10:00,2013-09-24,17,8,2013-09-24 00:00:00+00:00,7,0.049423077,30.59,23.95,16815936.0,18381264.0,918551.0,1152000.0
2013-09-24 08:00:00+00:00,2013-09-24 18:00:00+10:00,2013-09-24,18,9,2013-09-24 00:00:00+00:00,8,0.013846154,31.35,27.17,17015888.0,18705904.0,199952.0,324640.0
2013-09-24 09:00:00+00:00,2013-09-24 19:00:00+10:00,2013-09-24,19,10,2013-09-24 00:00:00+00:00,9,0.000320513,35.06,28.27,17015888.0,18705920.0,0.0,16.0
2013-09-24 10:00:00+00:00,2013-09-24 20:00:00+10:00,2013-09-24,20,11,2013-09-24 00:00:00+00:00,10,0.0,37.67,46.14,17015888.0,18705920.0,0.0,0.0
2013-09-24 23:00:00+00:00,2013-09-25 09:00:00+10:00,2013-09-25,9,0,2013-09-24 00:00:00+00:00,23,0.6525,22.95,21.11,20283584.0,22530368.0,1841088.0,2068960.0
2013-09-25 00:00:00+00:00,2013-09-25 10:00:00+10:00,2013-09-25,10,1,2013-09-24 00:00:00+00:00,24,0.756153846,20.12,19.35,22750864.0,25238848.0,2467280.0,2708480.0
2013-09-25 01:00:00+00:00,2013-09-25 11:00:00+10:00,2013-09-25,11,2,2013-09-25 00:00:00+00:00,1,0.813397436,19.2,19.76,2903697.0,3112580.0,2903697.0,3112580.0
2013-09-25 02:00:00+00:00,2013-09-25 12:00:00+10:00,2013-09-25,12,3,2013-09-25 00:00:00+00:00,2,0.800769231,18.84,18.85,6024224.0,6457508.0,3120527.0,3344928.0
2013-09-25 03:00:00+00:00,2013-09-25 13:00:00+10:00,2013-09-25,13,4,2013-09-25 00:00:00+00:00,3,0.731410256,19.04,18.91,9119211.0,9793674.0,3094987.0,3336166.0
2013-09-25 04:00:00+00:00,2013-09-25 14:00:00+10:00,2013-09-25,14,5,2013-09-25 00:00:00+00:00,4,0.598974359,20.71,20.11,11948907.0,12882660.0,2829696.0,3088986.0
2013-09-25 05:00:00+00:00,2013-09-25 15:00:00+10:00,2013-09-25,15,6,2013-09-25 00:00:00+00:00,5,0.438205128,23.83,42.2,13751404.0,15037884.0,1802497.0,2155224.0
2013-09-25 06:00:00+00:00,2013-09-25 16:00:00+10:00,2013-09-25,16,7,2013-09-25 00:00:00+00:00,6,0.215769231,30.31,62.8,15346607.0,16912240.0,1595203.0,1874356.0
2013-09-25 07:00:00+00:00,2013-09-25 17:00:00+10:00,2013-09-25,17,8,2013-09-25 00:00:00+00:00,7,0.055576923,31.63,34.89,16283870.0,18075600.0,937263.0,1163360.0
2013-09-25 08:00:00+00:00,2013-09-25 18:00:00+10:00,2013-09-25,18,9,2013-09-25 00:00:00+00:00,8,0.016346154,30.5,41.61,16493807.0,18409872.0,209937.0,334272.0
2013-09-25 09:00:00+00:00,2013-09-25 19:00:00+10:00,2013-09-25,19,10,2013-09-25 00:00:00+00:00,9,0.000320513,33.4,57.56,16493772.0,18409856.0,-35.0,-16.0
2013-09-25 10:00:00+00:00,2013-09-25 20:00:00+10:00,2013-09-25,20,11,2013-09-25 00:00:00+00:00,10,0.0,35.18,34.69,16493772.0,18409856.0,0.0,0.0
2013-09-25 23:00:00+00:00,2013-09-26 09:00:00+10:00,2013-09-26,9,0,2013-09-25 00:00:00+00:00,23,0.592179487,19.59,19.35,19711680.0,22222864.0,1851872.0,2100416.0
2013-09-26 00:00:00+00:00,2013-09-26 10:00:00+10:00,2013-09-26,10,1,2013-09-25 00:00:00+00:00,24,0.53974359,18.12,17.16,21992656.0,24786368.0,2280976.0,2563504.0
2013-09-26 01:00:00+00:00,2013-09-26 11:00:00+10:00,2013-09-26,11,2,2013-09-26 00:00:00+00:00,1,0.496025641,17.06,16.41,2689062.0,2928375.0,2689062.0,2928375.0
2013-09-26 02:00:00+00:00,2013-09-26 12:00:00+10:00,2013-09-26,12,3,2013-09-26 00:00:00+00:00,2,0.806987179,16.4,11.19,5000930.0,5613800.0,2311868.0,2685425.0
2013-09-26 03:00:00+00:00,2013-09-26 13:00:00+10:00,2013-09-26,13,4,2013-09-26 00:00:00+00:00,3,0.61775641,16.28,16.19,7881584.0,8682354.0,2880654.0,3068554.0
2013-09-26 04:00:00+00:00,2013-09-26 14:00:00+10:00,2013-09-26,14,5,2013-09-26 00:00:00+00:00,4,0.554166667,17.11,18.36,10474150.0,11468072.0,2592566.0,2785718.0
2013-09-26 05:00:00+00:00,2013-09-26 15:00:00+10:00,2013-09-26,15,6,2013-09-26 00:00:00+00:00,5,0.360448718,22.27,20.97,12653394.0,13867193.0,2179244.0,2399121.0
2013-09-26 06:00:00+00:00,2013-09-26 16:00:00+10:00,2013-09-26,16,7,2013-09-26 00:00:00+00:00,6,0.159230769,28.22,25.02,14333812.0,15733870.0,1680418.0,1866677.0
2013-09-26 07:00:00+00:00,2013-09-26 17:00:00+10:00,2013-09-26,17,8,2013-09-26 00:00:00+00:00,7,0.067371795,28.88,25.61,15149019.0,16739829.0,815207.0,1005959.0
2013-09-26 08:00:00+00:00,2013-09-26 18:00:00+10:00,2013-09-26,18,9,2013-09-26 00:00:00+00:00,8,0.015961538,29.43,26.16,15373707.0,17074608.0,224688.0,334779.0
2013-09-26 09:00:00+00:00,2013-09-26 19:00:00+10:00,2013-09-26,19,10,2013-09-26 00:00:00+00:00,9,0.000192308,31.62,28.42,15373707.0,17074608.0,0.0,0.0
2013-09-26 10:00:00+00:00,2013-09-26 20:00:00+10:00,2013-09-26,20,11,2013-09-26 00:00:00+00:00,10,0.0,32.99,30.31,15373707.0,17074608.0,0.0,0.0
2013-09-26 23:00:00+00:00,2013-09-27 09:00:00+10:00,2013-09-27,9,0,2013-09-26 00:00:00+00:00,23,0.724423077,19.76,20.26,18946736.0,20981584.0,1978544.0,2086784.0
2013-09-27 00:00:00+00:00,2013-09-27 10:00:00+10:00,2013-09-27,10,1,2013-09-26 00:00:00+00:00,24,0.810961538,16.16,15.99,21574576.0,23699344.0,2627840.0,2717760.0
2013-09-27 01:00:00+00:00,2013-09-27 11:00:00+10:00,2013-09-27,11,2,2013-09-27 00:00:00+00:00,1,0.838141026,15.05,16.75,3076711.0,3113684.0,3076711.0,3113684.0
2013-09-27 02:00:00+00:00,2013-09-27 12:00:00+10:00,2013-09-27,12,3,2013-09-27 00:00:00+00:00,2,0.822115385,14.46,16.22,6367609.0,6454579.0,3290898.0,3340895.0
2013-09-27 03:00:00+00:00,2013-09-27 13:00:00+10:00,2013-09-27,13,4,2013-09-27 00:00:00+00:00,3,0.7725,14.51,17.79,9621074.0,9787690.0,3253465.0,3333111.0
2013-09-27 04:00:00+00:00,2013-09-27 14:00:00+10:00,2013-09-27,14,5,2013-09-27 00:00:00+00:00,4,0.647435897,15.68,19.69,12591652.0,12874228.0,2970578.0,3086538.0
2013-09-27 05:00:00+00:00,2013-09-27 15:00:00+10:00,2013-09-27,15,6,2013-09-27 00:00:00+00:00,5,0.463012821,21.5,24.89,15064862.0,15489782.0,2473210.0,2615554.0
2013-09-27 06:00:00+00:00,2013-09-27 16:00:00+10:00,2013-09-27,16,7,2013-09-27 00:00:00+00:00,6,0.228141026,27.05,25.22,16864064.0,17447760.0,1799202.0,1957978.0
2013-09-27 07:00:00+00:00,2013-09-27 17:00:00+10:00,2013-09-27,17,8,2013-09-27 00:00:00+00:00,7,0.048910256,28.56,27.61,17876816.0,18617824.0,1012752.0,1170064.0
2013-09-27 08:00:00+00:00,2013-09-27 18:00:00+10:00,2013-09-27,18,9,2013-09-27 00:00:00+00:00,8,0.014807692,29.76,38.44,18118880.0,18965616.0,242064.0,347792.0
2013-09-27 09:00:00+00:00,2013-09-27 19:00:00+10:00,2013-09-27,19,10,2013-09-27 00:00:00+00:00,9,0.000320513,32.88,45.53,18118880.0,18965616.0,0.0,0.0
2013-09-27 10:00:00+00:00,2013-09-27 20:00:00+10:00,2013-09-27,20,11,2013-09-27 00:00:00+00:00,10,0.0,34.79,46.6,18118880.0,18965616.0,0.0,0.0
2013-09-27 23:00:00+00:00,2013-09-28 09:00:00+10:00,2013-09-28,9,0,2013-09-27 00:00:00+00:00,23,0.71974359,19.86,14.97,21636448.0,22964896.0,1941344.0,2120272.0
2013-09-28 00:00:00+00:00,2013-09-28 10:00:00+10:00,2013-09-28,10,1,2013-09-27 00:00:00+00:00,24,0.820384615,16.42,15.48,24217104.0,25718160.0,2580656.0,2753264.0
2013-09-28 01:00:00+00:00,2013-09-28 11:00:00+10:00,2013-09-28,11,2,2013-09-28 00:00:00+00:00,1,0.850576923,14.27,-2.01,3039444.0,3145086.0,3039444.0,3145086.0
2013-09-28 02:00:00+00:00,2013-09-28 12:00:00+10:00,2013-09-28,12,3,2013-09-28 00:00:00+00:00,2,0.836153846,13.73,-3.18,6333423.0,6505258.0,3293979.0,3360172.0
2013-09-28 03:00:00+00:00,2013-09-28 13:00:00+10:00,2013-09-28,13,4,2013-09-28 00:00:00+00:00,3,0.794038462,13.57,5.43,9585461.0,9859248.0,3252038.0,3353990.0
2013-09-28 04:00:00+00:00,2013-09-28 14:00:00+10:00,2013-09-28,14,5,2013-09-28 00:00:00+00:00,4,0.53775641,13.95,11.32,12407031.0,12879595.0,2821570.0,3020347.0
2013-09-28 05:00:00+00:00,2013-09-28 15:00:00+10:00,2013-09-28,15,6,2013-09-28 00:00:00+00:00,5,0.182692308,16.080000000000002,17.27,14670360.0,15364987.0,2263329.0,2485392.0
2013-09-28 06:00:00+00:00,2013-09-28 16:00:00+10:00,2013-09-28,16,7,2013-09-28 00:00:00+00:00,6,0.102564103,18.24,12.55,16359911.0,17273008.0,1689551.0,1908021.0
2013-09-28 07:00:00+00:00,2013-09-28 17:00:00+10:00,2013-09-28,17,8,2013-09-28 00:00:00+00:00,7,0.052051282,21.57,19.88,17364688.0,18465120.0,1004777.0,1192112.0
2013-09-28 08:00:00+00:00,2013-09-28 18:00:00+10:00,2013-09-28,18,9,2013-09-28 00:00:00+00:00,8,0.0125,23.43,23.38,17608368.0,18827424.0,243680.0,362304.0
2013-09-28 09:00:00+00:00,2013-09-28 19:00:00+10:00,2013-09-28,19,10,2013-09-28 00:00:00+00:00,9,0.000384615,26.25,16.7,17608448.0,18827488.0,80.0,64.0
2013-09-28 10:00:00+00:00,2013-09-28 20:00:00+10:00,2013-09-28,20,11,2013-09-28 00:00:00+00:00,10,0.0,27.64,22.11,17608448.0,18827488.0,0.0,0.0
2013-09-28 23:00:00+00:00,2013-09-29 09:00:00+10:00,2013-09-29,9,0,2013-09-28 00:00:00+00:00,23,0.723717949,21.14,18.2,21169968.0,22887424.0,1955104.0,2142336.0
2013-09-29 00:00:00+00:00,2013-09-29 10:00:00+10:00,2013-09-29,10,1,2013-09-28 00:00:00+00:00,24,0.816858974,18.55,18.85,23758096.0,25664496.0,2588128.0,2777072.0
2013-09-29 01:00:00+00:00,2013-09-29 11:00:00+10:00,2013-09-29,11,2,2013-09-29 00:00:00+00:00,1,0.853397436,17.48,18.97,3042248.0,3173585.0,3042248.0,3173585.0
2013-09-29 02:00:00+00:00,2013-09-29 12:00:00+10:00,2013-09-29,12,3,2013-09-29 00:00:00+00:00,2,0.844294872,16.8,7.87,6290867.0,6572616.0,3248619.0,3399031.0
2013-09-29 03:00:00+00:00,2013-09-29 13:00:00+10:00,2013-09-29,13,4,2013-09-29 00:00:00+00:00,3,0.754294872,16.17,18.33,9515386.0,9957115.0,3224519.0,3384499.0
2013-09-29 04:00:00+00:00,2013-09-29 14:00:00+10:00,2013-09-29,14,5,2013-09-29 00:00:00+00:00,4,0.596025641,16.65,13.84,12477258.0,13086662.0,2961872.0,3129547.0
2013-09-29 05:00:00+00:00,2013-09-29 15:00:00+10:00,2013-09-29,15,6,2013-09-29 00:00:00+00:00,5,0.420384615,17.64,15.36,14940302.0,15739331.0,2463044.0,2652669.0
2013-09-29 06:00:00+00:00,2013-09-29 16:00:00+10:00,2013-09-29,16,7,2013-09-29 00:00:00+00:00,6,0.221346154,18.84,12.9,16732799.0,17732928.0,1792497.0,1993597.0
2013-09-29 07:00:00+00:00,2013-09-29 17:00:00+10:00,2013-09-29,17,8,2013-09-29 00:00:00+00:00,7,0.057820513,20.53,14.22,17744656.0,18933632.0,1011857.0,1200704.0
2013-09-29 08:00:00+00:00,2013-09-29 18:00:00+10:00,2013-09-29,18,9,2013-09-29 00:00:00+00:00,8,0.016474359,21.95,21.68,17995376.0,19304400.0,250720.0,370768.0
2013-09-29 09:00:00+00:00,2013-09-29 19:00:00+10:00,2013-09-29,19,10,2013-09-29 00:00:00+00:00,9,0.000320513,24.27,23.86,17995376.0,19304384.0,0.0,-16.0
2013-09-29 10:00:00+00:00,2013-09-29 20:00:00+10:00,2013-09-29,20,11,2013-09-29 00:00:00+00:00,10,0.0,26.65,23.46,17995376.0,19304384.0,0.0,0.0
2013-09-29 23:00:00+00:00,2013-09-30 09:00:00+10:00,2013-09-30,9,0,2013-09-29 00:00:00+00:00,23,0.167435897,14.76,5.39,20446368.0,22467888.0,1305840.0,1645744.0
2013-09-30 00:00:00+00:00,2013-09-30 10:00:00+10:00,2013-09-30,10,1,2013-09-29 00:00:00+00:00,24,0.333717949,10.0,0.48,22579120.0,24927008.0,2132752.0,2459120.0
2013-09-30 01:00:00+00:00,2013-09-30 11:00:00+10:00,2013-09-30,11,2,2013-09-30 00:00:00+00:00,1,0.542307692,9.14,7.53,2844301.0,3085147.0,2844301.0,3085147.0
2013-09-30 02:00:00+00:00,2013-09-30 12:00:00+10:00,2013-09-30,12,3,2013-09-30 00:00:00+00:00,2,0.674807692,8.67,7.6,6063891.0,6502571.0,3219590.0,3417424.0
2013-09-30 03:00:00+00:00,2013-09-30 13:00:00+10:00,2013-09-30,13,4,2013-09-30 00:00:00+00:00,3,0.692435897,9.84,8.81,9118891.0,9826232.0,3055000.0,3323661.0
2013-09-30 04:00:00+00:00,2013-09-30 14:00:00+10:00,2013-09-30,14,5,2013-09-30 00:00:00+00:00,4,0.53974359,11.98,8.24,12060062.0,12990734.0,2941171.0,3164502.0
2013-09-30 05:00:00+00:00,2013-09-30 15:00:00+10:00,2013-09-30,15,6,2013-09-30 00:00:00+00:00,5,0.352692308,17.29,32.3,14504428.0,15675210.0,2444366.0,2684476.0
2013-09-30 06:00:00+00:00,2013-09-30 16:00:00+10:00,2013-09-30,16,7,2013-09-30 00:00:00+00:00,6,0.218076923,23.53,76.89,16277892.0,17687984.0,1773464.0,2012774.0
2013-09-30 07:00:00+00:00,2013-09-30 17:00:00+10:00,2013-09-30,17,8,2013-09-30 00:00:00+00:00,7,0.05525641,24.08,34.58,17232608.0,18860768.0,954716.0,1172784.0
2013-09-30 08:00:00+00:00,2013-09-30 18:00:00+10:00,2013-09-30,18,9,2013-09-30 00:00:00+00:00,8,0.018141026,26.13,46.23,17485168.0,19246384.0,252560.0,385616.0
2013-09-30 09:00:00+00:00,2013-09-30 19:00:00+10:00,2013-09-30,19,10,2013-09-30 00:00:00+00:00,9,0.000448718,28.68,25.47,17485168.0,19246384.0,0.0,0.0
2013-09-30 10:00:00+00:00,2013-09-30 20:00:00+10:00,2013-09-30,20,11,2013-09-30 00:00:00+00:00,10,0.0,29.92,37.34,17485168.0,19246384.0,0.0,0.0
2013-09-30 23:00:00+00:00,2013-10-01 09:00:00+10:00,2013-10-01,9,0,2013-09-30 00:00:00+00:00,23,0.326730769,15.22,16.490000000000002,20752656.0,23073200.0,1970880.0,2200416.0
2013-10-01 00:00:00+00:00,2013-10-01 10:00:00+10:00,2013-10-01,10,1,2013-09-30 00:00:00+00:00,24,0.621217949,12.14,15.57,23300320.0,25873744.0,2547664.0,2800544.0
2013-10-01 01:00:00+00:00,2013-10-01 11:00:00+10:00,2013-10-01,11,2,2013-10-01 00:00:00+00:00,1,0.355641026,13.21,12.94,2833626.0,3140078.0,2833626.0,3140078.0
2013-10-01 02:00:00+00:00,2013-10-01 12:00:00+10:00,2013-10-01,12,3,2013-10-01 00:00:00+00:00,2,0.195064103,13.01,2.09,4779668.0,5759784.0,1946042.0,2619706.0
2013-10-01 03:00:00+00:00,2013-10-01 13:00:00+10:00,2013-10-01,13,4,2013-10-01 00:00:00+00:00,3,0.249871795,13.61,14.03,5108273.0,7061467.0,328605.0,1301683.0
2013-10-01 04:00:00+00:00,2013-10-01 14:00:00+10:00,2013-10-01,14,5,2013-10-01 00:00:00+00:00,4,0.154615385,15.75,14.57,6736516.0,9359719.0,1628243.0,2298252.0
2013-10-01 05:00:00+00:00,2013-10-01 15:00:00+10:00,2013-10-01,15,6,2013-10-01 00:00:00+00:00,5,0.150448718,24.19,18.88,7854519.0,11057660.0,1118003.0,1697941.0
2013-10-01 06:00:00+00:00,2013-10-01 16:00:00+10:00,2013-10-01,16,7,2013-10-01 00:00:00+00:00,6,0.167820513,28.89,22.72,9101962.0,12625074.0,1247443.0,1567414.0
2013-10-01 07:00:00+00:00,2013-10-01 17:00:00+10:00,2013-10-01,17,8,2013-10-01 00:00:00+00:00,7,0.085897436,30.53,21.93,9865556.0,13598943.0,763594.0,973869.0
2013-10-01 08:00:00+00:00,2013-10-01 18:00:00+10:00,2013-10-01,18,9,2013-10-01 00:00:00+00:00,8,0.027307692,33.74,27.02,10097052.0,13947327.0,231496.0,348384.0
2013-10-01 09:00:00+00:00,2013-10-01 19:00:00+10:00,2013-10-01,19,10,2013-10-01 00:00:00+00:00,9,0.000512821,36.67,27.83,10097052.0,13947421.0,0.0,94.0
2013-10-01 10:00:00+00:00,2013-10-01 20:00:00+10:00,2013-10-01,20,11,2013-10-01 00:00:00+00:00,10,0.0,38.89,27.46,10097052.0,13947421.0,0.0,0.0
2013-10-01 23:00:00+00:00,2013-10-02 09:00:00+10:00,2013-10-02,9,0,2013-10-01 00:00:00+00:00,23,0.638397436,23.51,23.04,13870254.0,18216704.0,2024680.0,2210883.0
2013-10-02 00:00:00+00:00,2013-10-02 10:00:00+10:00,2013-10-02,10,1,2013-10-01 00:00:00+00:00,24,0.820769231,21.37,20.33,16514924.0,21064832.0,2644670.0,2848128.0
2013-10-02 01:00:00+00:00,2013-10-02 11:00:00+10:00,2013-10-02,11,2,2013-10-02 00:00:00+00:00,1,0.885448718,19.84,21.76,3036657.0,3208664.0,3036657.0,3208664.0
2013-10-02 02:00:00+00:00,2013-10-02 12:00:00+10:00,2013-10-02,12,3,2013-10-02 00:00:00+00:00,2,0.859935897,19.16,20.82,6257803.0,6627364.0,3221146.0,3418700.0
2013-10-02 03:00:00+00:00,2013-10-02 13:00:00+10:00,2013-10-02,13,4,2013-10-02 00:00:00+00:00,3,0.776153846,19.42,21.41,9444811.0,10028374.0,3187008.0,3401010.0
2013-10-02 04:00:00+00:00,2013-10-02 14:00:00+10:00,2013-10-02,14,5,2013-10-02 00:00:00+00:00,4,0.6375,21.23,21.4,12188890.0,13051282.0,2744079.0,3022908.0
2013-10-02 05:00:00+00:00,2013-10-02 15:00:00+10:00,2013-10-02,15,6,2013-10-02 00:00:00+00:00,5,0.451346154,27.04,21.78,14532500.0,15650856.0,2343610.0,2599574.0
2013-10-02 06:00:00+00:00,2013-10-02 16:00:00+10:00,2013-10-02,16,7,2013-10-02 00:00:00+00:00,6,0.230448718,31.55,27.64,16176972.0,17558672.0,1644472.0,1907816.0
2013-10-02 07:00:00+00:00,2013-10-02 17:00:00+10:00,2013-10-02,17,8,2013-10-02 00:00:00+00:00,7,0.069487179,32.27,22.63,17129296.0,18727872.0,952324.0,1169200.0
2013-10-02 08:00:00+00:00,2013-10-02 18:00:00+10:00,2013-10-02,18,9,2013-10-02 00:00:00+00:00,8,0.015961538,32.74,23.47,17384992.0,19113184.0,255696.0,385312.0
2013-10-02 09:00:00+00:00,2013-10-02 19:00:00+10:00,2013-10-02,19,10,2013-10-02 00:00:00+00:00,9,0.000576923,35.42,25.9,17385040.0,19113184.0,48.0,0.0
2013-10-02 10:00:00+00:00,2013-10-02 20:00:00+10:00,2013-10-02,20,11,2013-10-02 00:00:00+00:00,10,0.0,37.44,26.14,17385040.0,19113184.0,0.0,0.0
2013-10-02 23:00:00+00:00,2013-10-03 09:00:00+10:00,2013-10-03,9,0,2013-10-02 00:00:00+00:00,23,0.391987179,22.52,21.52,20384464.0,22805552.0,1636576.0,1909632.0
2013-10-03 00:00:00+00:00,2013-10-03 10:00:00+10:00,2013-10-03,10,1,2013-10-02 00:00:00+00:00,24,0.499935897,21.5,19.42,22823648.0,25487840.0,2439184.0,2682288.0
2013-10-03 01:00:00+00:00,2013-10-03 11:00:00+10:00,2013-10-03,11,2,2013-10-03 00:00:00+00:00,1,0.749487179,20.51,20.39,2849035.0,3075147.0,2849035.0,3075147.0
2013-10-03 02:00:00+00:00,2013-10-03 12:00:00+10:00,2013-10-03,12,3,2013-10-03 00:00:00+00:00,2,0.649871795,19.94,20.2,5814216.0,6260830.0,2965181.0,3185683.0
2013-10-03 03:00:00+00:00,2013-10-03 13:00:00+10:00,2013-10-03,13,4,2013-10-03 00:00:00+00:00,3,0.353461538,19.9,19.03,8931157.0,9574914.0,3116941.0,3314084.0
2013-10-03 04:00:00+00:00,2013-10-03 14:00:00+10:00,2013-10-03,14,5,2013-10-03 00:00:00+00:00,4,0.323269231,21.0,21.14,11714611.0,12588468.0,2783454.0,3013554.0
2013-10-03 05:00:00+00:00,2013-10-03 15:00:00+10:00,2013-10-03,15,6,2013-10-03 00:00:00+00:00,5,0.274358974,25.94,40.35,14074184.0,15180241.0,2359573.0,2591773.0
2013-10-03 06:00:00+00:00,2013-10-03 16:00:00+10:00,2013-10-03,16,7,2013-10-03 00:00:00+00:00,6,0.115384615,30.67,41.43,15777077.0,17095888.0,1702893.0,1915647.0
2013-10-03 07:00:00+00:00,2013-10-03 17:00:00+10:00,2013-10-03,17,8,2013-10-03 00:00:00+00:00,7,0.099358974,30.94,29.76,16573153.0,18103696.0,796076.0,1007808.0
2013-10-03 08:00:00+00:00,2013-10-03 18:00:00+10:00,2013-10-03,18,9,2013-10-03 00:00:00+00:00,8,0.030897436,33.14,38.78,16861392.0,18512896.0,288239.0,409200.0
2013-10-03 09:00:00+00:00,2013-10-03 19:00:00+10:00,2013-10-03,19,10,2013-10-03 00:00:00+00:00,9,0.000576923,35.28,52.9,16861392.0,18512944.0,0.0,48.0
2013-10-03 10:00:00+00:00,2013-10-03 20:00:00+10:00,2013-10-03,20,11,2013-10-03 00:00:00+00:00,10,0.0,37.45,31.97000000000001,16861392.0,18512944.0,0.0,0.0
2013-10-03 23:00:00+00:00,2013-10-04 09:00:00+10:00,2013-10-04,9,0,2013-10-03 00:00:00+00:00,23,0.719038462,22.39,22.85,20752224.0,22899584.0,2066656.0,2244352.0
2013-10-04 00:00:00+00:00,2013-10-04 10:00:00+10:00,2013-10-04,10,1,2013-10-03 00:00:00+00:00,24,0.802435897,20.82,17.51,23448720.0,25775488.0,2696496.0,2875904.0
2013-10-04 01:00:00+00:00,2013-10-04 11:00:00+10:00,2013-10-04,11,2,2013-10-04 00:00:00+00:00,1,0.835576923,19.33,19.78,3140759.0,3266050.0,3140759.0,3266050.0
2013-10-04 02:00:00+00:00,2013-10-04 12:00:00+10:00,2013-10-04,12,3,2013-10-04 00:00:00+00:00,2,0.809166667,18.91,18.4,6486501.0,6751839.0,3345742.0,3485789.0
2013-10-04 03:00:00+00:00,2013-10-04 13:00:00+10:00,2013-10-04,13,4,2013-10-04 00:00:00+00:00,3,0.744679487,18.78,20.56,9790765.0,10219304.0,3304264.0,3467465.0
2013-10-04 04:00:00+00:00,2013-10-04 14:00:00+10:00,2013-10-04,14,5,2013-10-04 00:00:00+00:00,4,0.635192308,19.45,22.21,12811688.0,13428382.0,3020923.0,3209078.0
2013-10-04 05:00:00+00:00,2013-10-04 15:00:00+10:00,2013-10-04,15,6,2013-10-04 00:00:00+00:00,5,0.450769231,24.37,22.64,15329493.0,16158049.0,2517805.0,2729667.0
2013-10-04 06:00:00+00:00,2013-10-04 16:00:00+10:00,2013-10-04,16,7,2013-10-04 00:00:00+00:00,6,0.221538462,29.61,32.63,17171200.0,18221472.0,1841707.0,2063423.0
2013-10-04 07:00:00+00:00,2013-10-04 17:00:00+10:00,2013-10-04,17,8,2013-10-04 00:00:00+00:00,7,0.049487179,30.49,26.65,18230752.0,19486912.0,1059552.0,1265440.0
2013-10-04 08:00:00+00:00,2013-10-04 18:00:00+10:00,2013-10-04,18,9,2013-10-04 00:00:00+00:00,8,0.017628205,31.65,28.94,18522672.0,19912704.0,291920.0,425792.0
2013-10-04 09:00:00+00:00,2013-10-04 19:00:00+10:00,2013-10-04,19,10,2013-10-04 00:00:00+00:00,9,0.000705128,36.02,27.84,18522864.0,19913056.0,192.0,352.0
2013-10-04 10:00:00+00:00,2013-10-04 20:00:00+10:00,2013-10-04,20,11,2013-10-04 00:00:00+00:00,10,0.0,38.41,29.05,18522864.0,19913056.0,0.0,0.0
2013-10-04 23:00:00+00:00,2013-10-05 09:00:00+10:00,2013-10-05,9,0,2013-10-04 00:00:00+00:00,23,0.591923077,20.86,25.96,22304800.0,24186560.0,2045424.0,2223712.0
2013-10-05 00:00:00+00:00,2013-10-05 10:00:00+10:00,2013-10-05,10,1,2013-10-04 00:00:00+00:00,24,0.776987179,18.82,34.42,24980976.0,27042576.0,2676176.0,2856016.0
2013-10-05 01:00:00+00:00,2013-10-05 11:00:00+10:00,2013-10-05,11,2,2013-10-05 00:00:00+00:00,1,0.638333333,17.03,23.6,2923401.0,3106546.0,2923401.0,3106546.0
2013-10-05 02:00:00+00:00,2013-10-05 12:00:00+10:00,2013-10-05,12,3,2013-10-05 00:00:00+00:00,2,0.425448718,15.79,20.74,5932665.0,6339397.0,3009264.0,3232851.0
2013-10-05 03:00:00+00:00,2013-10-05 13:00:00+10:00,2013-10-05,13,4,2013-10-05 00:00:00+00:00,3,0.473269231,15.55,17.490000000000002,8944240.0,9587401.0,3011575.0,3248004.0
2013-10-05 04:00:00+00:00,2013-10-05 14:00:00+10:00,2013-10-05,14,5,2013-10-05 00:00:00+00:00,4,0.460192308,15.79,20.79,11719704.0,12608676.0,2775464.0,3021275.0
2013-10-05 05:00:00+00:00,2013-10-05 15:00:00+10:00,2013-10-05,15,6,2013-10-05 00:00:00+00:00,5,0.358525641,17.45,22.38,14011841.0,15146678.0,2292137.0,2538002.0
2013-10-05 06:00:00+00:00,2013-10-05 16:00:00+10:00,2013-10-05,16,7,2013-10-05 00:00:00+00:00,6,0.249294872,19.41,26.76,15725655.0,17074848.0,1713814.0,1928170.0
2013-10-05 07:00:00+00:00,2013-10-05 17:00:00+10:00,2013-10-05,17,8,2013-10-05 00:00:00+00:00,7,0.091602564,22.75,59.29,16781360.0,18325376.0,1055705.0,1250528.0
2013-10-05 08:00:00+00:00,2013-10-05 18:00:00+10:00,2013-10-05,18,9,2013-10-05 00:00:00+00:00,8,0.02,25.8,27.92,17073680.0,18751712.0,292320.0,426336.0
2013-10-05 09:00:00+00:00,2013-10-05 19:00:00+10:00,2013-10-05,19,10,2013-10-05 00:00:00+00:00,9,0.000705128,29.27,43.5,17074384.0,18753152.0,704.0,1440.0
2013-10-05 10:00:00+00:00,2013-10-05 20:00:00+10:00,2013-10-05,20,11,2013-10-05 00:00:00+00:00,10,0.0,31.44,33.59,17074384.0,18753152.0,0.0,0.0
2013-10-05 22:00:00+00:00,2013-10-06 09:00:00+11:00,2013-10-06,9,0,2013-10-05 00:00:00+00:00,22,0.508333333,22.52,23.54,18818848.0,20824960.0,1250048.0,1428704.0
2013-10-05 23:00:00+00:00,2013-10-06 10:00:00+11:00,2013-10-06,10,1,2013-10-05 00:00:00+00:00,23,0.713205128,20.7,36.88,20833952.0,23044336.0,2015104.0,2219376.0
2013-10-06 00:00:00+00:00,2013-10-06 11:00:00+11:00,2013-10-06,11,2,2013-10-05 00:00:00+00:00,24,0.816987179,21.56,22.33,23477600.0,25890304.0,2643648.0,2845968.0
2013-10-06 01:00:00+00:00,2013-10-06 12:00:00+11:00,2013-10-06,12,3,2013-10-06 00:00:00+00:00,1,0.806346154,20.51,23.08,3078118.0,3240511.0,3078118.0,3240511.0
2013-10-06 02:00:00+00:00,2013-10-06 13:00:00+11:00,2013-10-06,13,4,2013-10-06 00:00:00+00:00,2,0.68,19.91,22.55,6402100.0,6731048.0,3323982.0,3490537.0
2013-10-06 03:00:00+00:00,2013-10-06 14:00:00+11:00,2013-10-06,14,5,2013-10-06 00:00:00+00:00,3,0.722115385,19.64,22.47,9678609.0,10197194.0,3276509.0,3466146.0
2013-10-06 04:00:00+00:00,2013-10-06 15:00:00+11:00,2013-10-06,15,6,2013-10-06 00:00:00+00:00,4,0.603012821,19.81,23.08,12704582.0,13413241.0,3025973.0,3216047.0
2013-10-06 05:00:00+00:00,2013-10-06 16:00:00+11:00,2013-10-06,16,7,2013-10-06 00:00:00+00:00,5,0.336474359,21.24,68.5,15268815.0,16203051.0,2564233.0,2789810.0
2013-10-06 06:00:00+00:00,2013-10-06 17:00:00+11:00,2013-10-06,17,8,2013-10-06 00:00:00+00:00,6,0.088782051,22.0,22.95,16399316.0,17744560.0,1130501.0,1541509.0
2013-10-06 07:00:00+00:00,2013-10-06 18:00:00+11:00,2013-10-06,18,9,2013-10-06 00:00:00+00:00,7,0.044679487,22.89,23.05,16718363.0,18391216.0,319047.0,646656.0
2013-10-06 08:00:00+00:00,2013-10-06 19:00:00+11:00,2013-10-06,19,10,2013-10-06 00:00:00+00:00,8,0.025128205,24.88,24.63,16746156.0,18566176.0,27793.0,174960.0
2013-10-06 09:00:00+00:00,2013-10-06 20:00:00+11:00,2013-10-06,20,11,2013-10-06 00:00:00+00:00,9,0.000705128,25.72,23.75,16746461.0,18568272.0,305.0,2096.0
2013-10-06 22:00:00+00:00,2013-10-07 09:00:00+11:00,2013-10-07,9,0,2013-10-06 00:00:00+00:00,22,0.538012821,22.22,19.01,18244672.0,20499888.0,1036768.0,1283856.0
2013-10-06 23:00:00+00:00,2013-10-07 10:00:00+11:00,2013-10-07,10,1,2013-10-06 00:00:00+00:00,23,0.72474359,20.88,19.95,19815056.0,22373552.0,1570384.0,1873664.0
2013-10-07 00:00:00+00:00,2013-10-07 11:00:00+11:00,2013-10-07,11,2,2013-10-06 00:00:00+00:00,24,0.811217949,17.45,15.29,21915120.0,24831792.0,2100064.0,2458240.0
2013-10-07 01:00:00+00:00,2013-10-07 12:00:00+11:00,2013-10-07,12,3,2013-10-07 00:00:00+00:00,1,0.855961538,16.61,19.4,3128966.0,3287359.0,3128966.0,3287359.0
2013-10-07 02:00:00+00:00,2013-10-07 13:00:00+11:00,2013-10-07,13,4,2013-10-07 00:00:00+00:00,2,0.690512821,17.07,19.12,6336271.0,6713165.0,3207305.0,3425806.0
2013-10-07 03:00:00+00:00,2013-10-07 14:00:00+11:00,2013-10-07,14,5,2013-10-07 00:00:00+00:00,3,0.556666667,19.01,17.37,8400462.0,9267863.0,2064191.0,2554698.0
2013-10-07 04:00:00+00:00,2013-10-07 15:00:00+11:00,2013-10-07,15,6,2013-10-07 00:00:00+00:00,4,0.504230769,20.9,15.8,9992616.0,11399159.0,1592154.0,2131296.0
2013-10-07 05:00:00+00:00,2013-10-07 16:00:00+11:00,2013-10-07,16,7,2013-10-07 00:00:00+00:00,5,0.376666667,27.1,21.33,11629487.0,13419321.0,1636871.0,2020162.0
2013-10-07 06:00:00+00:00,2013-10-07 17:00:00+11:00,2013-10-07,17,8,2013-10-07 00:00:00+00:00,6,0.239551282,33.25,38.52,12937216.0,15060999.0,1307729.0,1641678.0
2013-10-07 07:00:00+00:00,2013-10-07 18:00:00+11:00,2013-10-07,18,9,2013-10-07 00:00:00+00:00,7,0.075,34.69,45.68,13775037.0,16130593.0,837821.0,1069594.0
2013-10-07 08:00:00+00:00,2013-10-07 19:00:00+11:00,2013-10-07,19,10,2013-10-07 00:00:00+00:00,8,0.0425,36.05,29.81,14019328.0,16512238.0,244291.0,381645.0
2013-10-07 09:00:00+00:00,2013-10-07 20:00:00+11:00,2013-10-07,20,11,2013-10-07 00:00:00+00:00,9,0.001025641,38.1,99.91,14021460.0,16516398.0,2132.0,4160.0
2013-10-07 22:00:00+00:00,2013-10-08 09:00:00+11:00,2013-10-08,9,0,2013-10-07 00:00:00+00:00,22,0.548910256,22.36,18.13,15978771.0,18856080.0,1363488.0,1565600.0
2013-10-07 23:00:00+00:00,2013-10-08 10:00:00+11:00,2013-10-08,10,1,2013-10-07 00:00:00+00:00,23,0.720705128,21.12,16.48,18105360.0,21197568.0,2126589.0,2341488.0
2013-10-08 00:00:00+00:00,2013-10-08 11:00:00+11:00,2013-10-08,11,2,2013-10-07 00:00:00+00:00,24,0.832307692,16.63,8.4,20733584.0,24078704.0,2628224.0,2881136.0
2013-10-08 01:00:00+00:00,2013-10-08 12:00:00+11:00,2013-10-08,12,3,2013-10-08 00:00:00+00:00,1,0.630448718,14.76,9.22,2665002.0,2975567.0,2665002.0,2975567.0
2013-10-08 02:00:00+00:00,2013-10-08 13:00:00+11:00,2013-10-08,13,4,2013-10-08 00:00:00+00:00,2,0.725833333,14.22,9.06,5424555.0,6123456.0,2759553.0,3147889.0
2013-10-08 03:00:00+00:00,2013-10-08 14:00:00+11:00,2013-10-08,14,5,2013-10-08 00:00:00+00:00,3,0.492051282,14.67,11.03,8049703.0,9144772.0,2625148.0,3021316.0
2013-10-08 04:00:00+00:00,2013-10-08 15:00:00+11:00,2013-10-08,15,6,2013-10-08 00:00:00+00:00,4,0.419166667,15.35,13.28,10416585.0,11859360.0,2366882.0,2714588.0
2013-10-08 05:00:00+00:00,2013-10-08 16:00:00+11:00,2013-10-08,16,7,2013-10-08 00:00:00+00:00,5,0.250641026,21.83,23.64,12526409.0,14288152.0,2109824.0,2428792.0
2013-10-08 06:00:00+00:00,2013-10-08 17:00:00+11:00,2013-10-08,17,8,2013-10-08 00:00:00+00:00,6,0.199358974,29.89,50.28,14240500.0,16244409.0,1714091.0,1956257.0
2013-10-08 07:00:00+00:00,2013-10-08 18:00:00+11:00,2013-10-08,18,9,2013-10-08 00:00:00+00:00,7,0.079807692,28.61,23.4,15256943.0,17476768.0,1016443.0,1232359.0
2013-10-08 08:00:00+00:00,2013-10-08 19:00:00+11:00,2013-10-08,19,10,2013-10-08 00:00:00+00:00,8,0.022179487,28.67,22.69,15586280.0,17946352.0,329337.0,469584.0
2013-10-08 09:00:00+00:00,2013-10-08 20:00:00+11:00,2013-10-08,20,11,2013-10-08 00:00:00+00:00,9,0.001089744,30.19,26.05,15589027.0,17952160.0,2747.0,5808.0
2013-10-08 22:00:00+00:00,2013-10-09 09:00:00+11:00,2013-10-09,9,0,2013-10-08 00:00:00+00:00,22,0.566538462,20.33,16.0,17611808.0,20328656.0,1399859.0,1578112.0
2013-10-08 23:00:00+00:00,2013-10-09 10:00:00+11:00,2013-10-09,10,1,2013-10-08 00:00:00+00:00,23,0.739358974,16.85,13.09,19777616.0,22677008.0,2165808.0,2348352.0
2013-10-09 00:00:00+00:00,2013-10-09 11:00:00+11:00,2013-10-09,11,2,2013-10-08 00:00:00+00:00,24,0.818782051,13.23,4.09,22570400.0,25653216.0,2792784.0,2976208.0
2013-10-09 01:00:00+00:00,2013-10-09 12:00:00+11:00,2013-10-09,12,3,2013-10-09 00:00:00+00:00,1,0.853525641,13.17,9.02,3242046.0,3363013.0,3242046.0,3363013.0
2013-10-09 02:00:00+00:00,2013-10-09 13:00:00+11:00,2013-10-09,13,4,2013-10-09 00:00:00+00:00,2,0.832948718,13.05,11.8,6684934.0,6942623.0,3442888.0,3579610.0
2013-10-09 03:00:00+00:00,2013-10-09 14:00:00+11:00,2013-10-09,14,5,2013-10-09 00:00:00+00:00,3,0.765705128,13.3,12.01,10083324.0,10497760.0,3398390.0,3555137.0
2013-10-09 04:00:00+00:00,2013-10-09 15:00:00+11:00,2013-10-09,15,6,2013-10-09 00:00:00+00:00,4,0.634038462,14.35,13.8,13192346.0,13787857.0,3109022.0,3290097.0
2013-10-09 05:00:00+00:00,2013-10-09 16:00:00+11:00,2013-10-09,16,7,2013-10-09 00:00:00+00:00,5,0.444102564,21.44,18.69,15793444.0,16590700.0,2601098.0,2802843.0
2013-10-09 06:00:00+00:00,2013-10-09 17:00:00+11:00,2013-10-09,17,8,2013-10-09 00:00:00+00:00,6,0.215576923,29.7,22.58,17711664.0,18720224.0,1918220.0,2129524.0
2013-10-09 07:00:00+00:00,2013-10-09 18:00:00+11:00,2013-10-09,18,9,2013-10-09 00:00:00+00:00,7,0.048910256,27.9,22.98,18833904.0,20047392.0,1122240.0,1327168.0
2013-10-09 08:00:00+00:00,2013-10-09 19:00:00+11:00,2013-10-09,19,10,2013-10-09 00:00:00+00:00,8,0.02,28.41,25.41,19164288.0,20522288.0,330384.0,474896.0
2013-10-09 09:00:00+00:00,2013-10-09 20:00:00+11:00,2013-10-09,20,11,2013-10-09 00:00:00+00:00,9,0.002307692,31.22000000000001,28.41,19167024.0,20528464.0,2736.0,6176.0
2013-10-09 22:00:00+00:00,2013-10-10 09:00:00+11:00,2013-10-10,9,0,2013-10-09 00:00:00+00:00,22,0.539487179,21.39,16.87,21210704.0,22974464.0,1404112.0,1611936.0
2013-10-09 23:00:00+00:00,2013-10-10 10:00:00+11:00,2013-10-10,10,1,2013-10-09 00:00:00+00:00,23,0.711794872,18.98,17.86,23375264.0,25358864.0,2164560.0,2384400.0
2013-10-10 00:00:00+00:00,2013-10-10 11:00:00+11:00,2013-10-10,11,2,2013-10-09 00:00:00+00:00,24,0.798269231,15.860000000000005,9.36,26168256.0,28370560.0,2792992.0,3011696.0
2013-10-10 01:00:00+00:00,2013-10-10 12:00:00+11:00,2013-10-10,12,3,2013-10-10 00:00:00+00:00,1,0.84025641,14.72,13.8,3213286.0,3405851.0,3213286.0,3405851.0
2013-10-10 02:00:00+00:00,2013-10-10 13:00:00+11:00,2013-10-10,13,4,2013-10-10 00:00:00+00:00,2,0.789230769,14.99,12.19,6647772.0,7027008.0,3434486.0,3621157.0
2013-10-10 03:00:00+00:00,2013-10-10 14:00:00+11:00,2013-10-10,14,5,2013-10-10 00:00:00+00:00,3,0.510384615,15.51,10.34,10036013.0,10622992.0,3388241.0,3595984.0
2013-10-10 04:00:00+00:00,2013-10-10 15:00:00+11:00,2013-10-10,15,6,2013-10-10 00:00:00+00:00,4,0.511346154,17.69,14.24,13108909.0,13941394.0,3072896.0,3318402.0
2013-10-10 05:00:00+00:00,2013-10-10 16:00:00+11:00,2013-10-10,16,7,2013-10-10 00:00:00+00:00,5,0.342179487,25.31,19.91,15693417.0,16779616.0,2584508.0,2838222.0
2013-10-10 06:00:00+00:00,2013-10-10 17:00:00+11:00,2013-10-10,17,8,2013-10-10 00:00:00+00:00,6,0.224230769,28.49,24.99,17409136.0,18798960.0,1715719.0,2019344.0
2013-10-10 07:00:00+00:00,2013-10-10 18:00:00+11:00,2013-10-10,18,9,2013-10-10 00:00:00+00:00,7,0.088461538,27.69,23.62,18274608.0,19951728.0,865472.0,1152768.0
2013-10-10 08:00:00+00:00,2013-10-10 19:00:00+11:00,2013-10-10,19,10,2013-10-10 00:00:00+00:00,8,0.032628205,28.65,26.26,18498656.0,20330704.0,224048.0,378976.0
2013-10-10 09:00:00+00:00,2013-10-10 20:00:00+11:00,2013-10-10,20,11,2013-10-10 00:00:00+00:00,9,0.001025641,30.89,37.08,18502512.0,20339008.0,3856.0,8304.0
2013-10-10 22:00:00+00:00,2013-10-11 09:00:00+11:00,2013-10-11,9,0,2013-10-10 00:00:00+00:00,22,0.582692308,20.08,17.91,20656896.0,22797696.0,1475776.0,1618224.0
2013-10-10 23:00:00+00:00,2013-10-11 10:00:00+11:00,2013-10-11,10,1,2013-10-10 00:00:00+00:00,23,0.744423077,17.66,17.45,22905968.0,25184336.0,2249072.0,2386640.0
2013-10-11 00:00:00+00:00,2013-10-11 11:00:00+11:00,2013-10-11,11,2,2013-10-10 00:00:00+00:00,24,0.835192308,14.19,11.14,25782752.0,28201296.0,2876784.0,3016960.0
2013-10-11 01:00:00+00:00,2013-10-11 12:00:00+11:00,2013-10-11,12,3,2013-10-11 00:00:00+00:00,1,0.871282051,12.72,12.87,3292447.0,3410320.0,3292447.0,3410320.0
2013-10-11 02:00:00+00:00,2013-10-11 13:00:00+11:00,2013-10-11,13,4,2013-10-11 00:00:00+00:00,2,0.853974359,11.96,13.35,6779356.0,7032703.0,3486909.0,3622383.0
2013-10-11 03:00:00+00:00,2013-10-11 14:00:00+11:00,2013-10-11,14,5,2013-10-11 00:00:00+00:00,3,0.779871795,12.8,13.03,10217221.0,10623929.0,3437865.0,3591226.0
2013-10-11 04:00:00+00:00,2013-10-11 15:00:00+11:00,2013-10-11,15,6,2013-10-11 00:00:00+00:00,4,0.640705128,14.15,16.11,13365339.0,13948003.0,3148118.0,3324074.0
2013-10-11 05:00:00+00:00,2013-10-11 16:00:00+11:00,2013-10-11,16,7,2013-10-11 00:00:00+00:00,5,0.44974359,20.44,21.11,16001478.0,16780800.0,2636139.0,2832797.0
2013-10-11 06:00:00+00:00,2013-10-11 17:00:00+11:00,2013-10-11,17,8,2013-10-11 00:00:00+00:00,6,0.217628205,26.93,30.34,17954352.0,18942592.0,1952874.0,2161792.0
2013-10-11 07:00:00+00:00,2013-10-11 18:00:00+11:00,2013-10-11,18,9,2013-10-11 00:00:00+00:00,7,0.0475,26.22,22.71,19107440.0,20295648.0,1153088.0,1353056.0
2013-10-11 08:00:00+00:00,2013-10-11 19:00:00+11:00,2013-10-11,19,10,2013-10-11 00:00:00+00:00,8,0.019230769,25.52,21.78,19469088.0,20798128.0,361648.0,502480.0
2013-10-11 09:00:00+00:00,2013-10-11 20:00:00+11:00,2013-10-11,20,11,2013-10-11 00:00:00+00:00,9,0.001410256,29.13,26.04,19474144.0,20808384.0,5056.0,10256.0
2013-10-11 22:00:00+00:00,2013-10-12 09:00:00+11:00,2013-10-12,9,0,2013-10-11 00:00:00+00:00,22,0.573076923,19.8,16.5,21633024.0,23330064.0,1463200.0,1641104.0
2013-10-11 23:00:00+00:00,2013-10-12 10:00:00+11:00,2013-10-12,10,1,2013-10-11 00:00:00+00:00,23,0.731346154,17.35,20.63,23861792.0,25742320.0,2228768.0,2412256.0
2013-10-12 00:00:00+00:00,2013-10-12 11:00:00+11:00,2013-10-12,11,2,2013-10-11 00:00:00+00:00,24,0.813333333,15.85,18.13,26716496.0,28779728.0,2854704.0,3037408.0
2013-10-12 01:00:00+00:00,2013-10-12 12:00:00+11:00,2013-10-12,12,3,2013-10-12 00:00:00+00:00,1,0.843717949,15.01,19.18,3304282.0,3421005.0,3304282.0,3421005.0
2013-10-12 02:00:00+00:00,2013-10-12 13:00:00+11:00,2013-10-12,13,4,2013-10-12 00:00:00+00:00,2,0.820641026,14.31,17.51,6808426.0,7053295.0,3504144.0,3632290.0
2013-10-12 03:00:00+00:00,2013-10-12 14:00:00+11:00,2013-10-12,14,5,2013-10-12 00:00:00+00:00,3,0.752179487,14.51,16.75,10265757.0,10656031.0,3457331.0,3602736.0
2013-10-12 04:00:00+00:00,2013-10-12 15:00:00+11:00,2013-10-12,15,6,2013-10-12 00:00:00+00:00,4,0.630320513,14.93,17.28,13432946.0,13989384.0,3167189.0,3333353.0
2013-10-12 05:00:00+00:00,2013-10-12 16:00:00+11:00,2013-10-12,16,7,2013-10-12 00:00:00+00:00,5,0.447820513,17.650000000000002,16.05,16090783.0,16830816.0,2657837.0,2841432.0
2013-10-12 06:00:00+00:00,2013-10-12 17:00:00+11:00,2013-10-12,17,8,2013-10-12 00:00:00+00:00,6,0.21525641,20.34,18.42,18064416.0,18996960.0,1973633.0,2166144.0
2013-10-12 07:00:00+00:00,2013-10-12 18:00:00+11:00,2013-10-12,18,9,2013-10-12 00:00:00+00:00,7,0.046153846,22.98,19.55,19240496.0,20358176.0,1176080.0,1361216.0
2013-10-12 08:00:00+00:00,2013-10-12 19:00:00+11:00,2013-10-12,19,10,2013-10-12 00:00:00+00:00,8,0.018589744,24.08,26.5,19617216.0,20870192.0,376720.0,512016.0
2013-10-12 09:00:00+00:00,2013-10-12 20:00:00+11:00,2013-10-12,20,11,2013-10-12 00:00:00+00:00,9,0.001538462,27.06,24.77,19623088.0,20881904.0,5872.0,11712.0
2013-10-12 22:00:00+00:00,2013-10-13 09:00:00+11:00,2013-10-13,9,0,2013-10-12 00:00:00+00:00,22,0.393205128,23.53,20.92,21826608.0,23455840.0,1484416.0,1662896.0
2013-10-12 23:00:00+00:00,2013-10-13 10:00:00+11:00,2013-10-13,10,1,2013-10-12 00:00:00+00:00,23,0.624615385,21.92,19.86,24082864.0,25887248.0,2256256.0,2431408.0
2013-10-13 00:00:00+00:00,2013-10-13 11:00:00+11:00,2013-10-13,11,2,2013-10-12 00:00:00+00:00,24,0.803461538,20.28,18.29,26972160.0,28940800.0,2889296.0,3053552.0
2013-10-13 01:00:00+00:00,2013-10-13 12:00:00+11:00,2013-10-13,12,3,2013-10-13 00:00:00+00:00,1,0.846858974,19.3,19.67,3298848.0,3445024.0,3298848.0,3445024.0
2013-10-13 02:00:00+00:00,2013-10-13 13:00:00+11:00,2013-10-13,13,4,2013-10-13 00:00:00+00:00,2,0.816474359,19.43,17.78,6815613.0,7096121.0,3516765.0,3651097.0
2013-10-13 03:00:00+00:00,2013-10-13 14:00:00+11:00,2013-10-13,14,5,2013-10-13 00:00:00+00:00,3,0.756025641,19.15,19.03,10292982.0,10715952.0,3477369.0,3619831.0
2013-10-13 04:00:00+00:00,2013-10-13 15:00:00+11:00,2013-10-13,15,6,2013-10-13 00:00:00+00:00,4,0.535512821,19.49,19.44,13343034.0,13991040.0,3050052.0,3275088.0
2013-10-13 05:00:00+00:00,2013-10-13 16:00:00+11:00,2013-10-13,16,7,2013-10-13 00:00:00+00:00,5,0.235320513,20.76,21.56,15340438.0,16412347.0,1997404.0,2421307.0
2013-10-13 06:00:00+00:00,2013-10-13 17:00:00+11:00,2013-10-13,17,8,2013-10-13 00:00:00+00:00,6,0.140192308,21.97,22.11,16336232.0,17804576.0,995794.0,1392229.0
2013-10-13 07:00:00+00:00,2013-10-13 18:00:00+11:00,2013-10-13,18,9,2013-10-13 00:00:00+00:00,7,0.066410256,23.7,22.05,17123808.0,18837936.0,787576.0,1033360.0
2013-10-13 08:00:00+00:00,2013-10-13 19:00:00+11:00,2013-10-13,19,10,2013-10-13 00:00:00+00:00,8,0.007564103,26.72,29.53,17284704.0,19160272.0,160896.0,322336.0
2013-10-13 09:00:00+00:00,2013-10-13 20:00:00+11:00,2013-10-13,20,11,2013-10-13 00:00:00+00:00,9,0.000128205,28.36,24.61,17285904.0,19167888.0,1200.0,7616.0
2013-10-13 22:00:00+00:00,2013-10-14 09:00:00+11:00,2013-10-14,9,0,2013-10-13 00:00:00+00:00,22,0.604230769,21.42,17.55,19530192.0,21727632.0,1491136.0,1640288.0
2013-10-13 23:00:00+00:00,2013-10-14 10:00:00+11:00,2013-10-14,10,1,2013-10-13 00:00:00+00:00,23,0.770320513,19.43,18.27,21776128.0,24122560.0,2245936.0,2394928.0
2013-10-14 00:00:00+00:00,2013-10-14 11:00:00+11:00,2013-10-14,11,2,2013-10-13 00:00:00+00:00,24,0.845641026,17.79,15.14,24626752.0,27122000.0,2850624.0,2999440.0
2013-10-14 01:00:00+00:00,2013-10-14 12:00:00+11:00,2013-10-14,12,3,2013-10-14 00:00:00+00:00,1,0.871794872,16.66,15.56,3185992.0,3314918.0,3185992.0,3314918.0
2013-10-14 02:00:00+00:00,2013-10-14 13:00:00+11:00,2013-10-14,13,4,2013-10-14 00:00:00+00:00,2,0.847179487,16.71,11.39,6183350.0,6533480.0,2997358.0,3218562.0
2013-10-14 03:00:00+00:00,2013-10-14 14:00:00+11:00,2013-10-14,14,5,2013-10-14 00:00:00+00:00,3,0.745705128,16.85,11.79,9086177.0,9732243.0,2902827.0,3198763.0
2013-10-14 04:00:00+00:00,2013-10-14 15:00:00+11:00,2013-10-14,15,6,2013-10-14 00:00:00+00:00,4,0.619166667,18.28,14.06,12161640.0,12984709.0,3075463.0,3252466.0
2013-10-14 05:00:00+00:00,2013-10-14 16:00:00+11:00,2013-10-14,16,7,2013-10-14 00:00:00+00:00,5,0.422051282,25.2,19.92,14679618.0,15703265.0,2517978.0,2718556.0
2013-10-14 06:00:00+00:00,2013-10-14 17:00:00+11:00,2013-10-14,17,8,2013-10-14 00:00:00+00:00,6,0.230641026,30.71,22.23,16344185.0,17591616.0,1664567.0,1888351.0
2013-10-14 07:00:00+00:00,2013-10-14 18:00:00+11:00,2013-10-14,18,9,2013-10-14 00:00:00+00:00,7,0.050833333,29.14,26.01,17390912.0,18847088.0,1046727.0,1255472.0
2013-10-14 08:00:00+00:00,2013-10-14 19:00:00+11:00,2013-10-14,19,10,2013-10-14 00:00:00+00:00,8,0.02224359,31.65,30.84,17786816.0,19383472.0,395904.0,536384.0
2013-10-14 09:00:00+00:00,2013-10-14 20:00:00+11:00,2013-10-14,20,11,2013-10-14 00:00:00+00:00,9,0.001602564,32.25,28.68,17794224.0,19398160.0,7408.0,14688.0
2013-10-14 22:00:00+00:00,2013-10-15 09:00:00+11:00,2013-10-15,9,0,2013-10-14 00:00:00+00:00,22,0.606858974,18.35,13.64,20085968.0,22047088.0,1525424.0,1692064.0
2013-10-14 23:00:00+00:00,2013-10-15 10:00:00+11:00,2013-10-15,10,1,2013-10-14 00:00:00+00:00,23,0.758333333,14.69,7.55,22383584.0,24505040.0,2297616.0,2457952.0
2013-10-15 00:00:00+00:00,2013-10-15 11:00:00+11:00,2013-10-15,11,2,2013-10-14 00:00:00+00:00,24,0.842564103,12.43,-22.35,25314560.0,27581824.0,2930976.0,3076784.0
2013-10-15 01:00:00+00:00,2013-10-15 12:00:00+11:00,2013-10-15,12,3,2013-10-15 00:00:00+00:00,1,0.882435897,11.33,9.02,3379742.0,3459479.0,3379742.0,3459479.0
2013-10-15 02:00:00+00:00,2013-10-15 13:00:00+11:00,2013-10-15,13,4,2013-10-15 00:00:00+00:00,2,0.851794872,11.61,10.76,6959017.0,7124697.0,3579275.0,3665218.0
2013-10-15 03:00:00+00:00,2013-10-15 14:00:00+11:00,2013-10-15,14,5,2013-10-15 00:00:00+00:00,3,0.791410256,12.69,10.58,10492985.0,10756340.0,3533968.0,3631643.0
2013-10-15 04:00:00+00:00,2013-10-15 15:00:00+11:00,2013-10-15,15,6,2013-10-15 00:00:00+00:00,4,0.655576923,14.79,15.0,13735288.0,14116292.0,3242303.0,3359952.0
2013-10-15 05:00:00+00:00,2013-10-15 16:00:00+11:00,2013-10-15,16,7,2013-10-15 00:00:00+00:00,5,0.465833333,20.25,18.86,16460560.0,16982944.0,2725272.0,2866652.0
2013-10-15 06:00:00+00:00,2013-10-15 17:00:00+11:00,2013-10-15,17,8,2013-10-15 00:00:00+00:00,6,0.221602564,28.04,49.24,18492704.0,19174048.0,2032144.0,2191104.0
2013-10-15 07:00:00+00:00,2013-10-15 18:00:00+11:00,2013-10-15,18,9,2013-10-15 00:00:00+00:00,7,0.047564103,28.53,30.83,19718352.0,20562064.0,1225648.0,1388016.0
2013-10-15 08:00:00+00:00,2013-10-15 19:00:00+11:00,2013-10-15,19,10,2013-10-15 00:00:00+00:00,8,0.020128205,30.71,25.81,20129728.0,21103280.0,411376.0,541216.0
2013-10-15 09:00:00+00:00,2013-10-15 20:00:00+11:00,2013-10-15,20,11,2013-10-15 00:00:00+00:00,9,0.001666667,32.4,32.02,20138176.0,21119104.0,8448.0,15824.0
2013-10-15 22:00:00+00:00,2013-10-16 09:00:00+11:00,2013-10-16,9,0,2013-10-15 00:00:00+00:00,22,0.59474359,20.1,14.18,22235792.0,23579104.0,1332848.0,1519600.0
2013-10-15 23:00:00+00:00,2013-10-16 10:00:00+11:00,2013-10-16,10,1,2013-10-15 00:00:00+00:00,23,0.739487179,16.57,18.56,24415968.0,25936768.0,2180176.0,2357664.0
2013-10-16 00:00:00+00:00,2013-10-16 11:00:00+11:00,2013-10-16,11,2,2013-10-15 00:00:00+00:00,24,0.698397436,13.5,17.0,27254656.0,28924464.0,2838688.0,2987696.0
2013-10-16 01:00:00+00:00,2013-10-16 12:00:00+11:00,2013-10-16,12,3,2013-10-16 00:00:00+00:00,1,0.693589744,12.84,17.39,3351363.0,3450948.0,3351363.0,3450948.0
2013-10-16 02:00:00+00:00,2013-10-16 13:00:00+11:00,2013-10-16,13,4,2013-10-16 00:00:00+00:00,2,0.585512821,12.69,17.03,6831224.0,7071879.0,3479861.0,3620931.0
2013-10-16 03:00:00+00:00,2013-10-16 14:00:00+11:00,2013-10-16,14,5,2013-10-16 00:00:00+00:00,3,0.731666667,13.01,18.62,10274906.0,10658076.0,3443682.0,3586197.0
2013-10-16 04:00:00+00:00,2013-10-16 15:00:00+11:00,2013-10-16,15,6,2013-10-16 00:00:00+00:00,4,0.659358974,14.86,20.88,13307301.0,13887085.0,3032395.0,3229009.0
2013-10-16 05:00:00+00:00,2013-10-16 16:00:00+11:00,2013-10-16,16,7,2013-10-16 00:00:00+00:00,5,0.457884615,22.25,37.1,15809211.0,16612749.0,2501910.0,2725664.0
2013-10-16 06:00:00+00:00,2013-10-16 17:00:00+11:00,2013-10-16,17,8,2013-10-16 00:00:00+00:00,6,0.228012821,30.34,398.54,17707552.0,18718736.0,1898341.0,2105987.0
2013-10-16 07:00:00+00:00,2013-10-16 18:00:00+11:00,2013-10-16,18,9,2013-10-16 00:00:00+00:00,7,0.072628205,30.92,32.93,18866816.0,20096720.0,1159264.0,1377984.0
2013-10-16 08:00:00+00:00,2013-10-16 19:00:00+11:00,2013-10-16,19,10,2013-10-16 00:00:00+00:00,8,0.029230769,32.9,42.65,19244480.0,20617536.0,377664.0,520816.0
2013-10-16 09:00:00+00:00,2013-10-16 20:00:00+11:00,2013-10-16,20,11,2013-10-16 00:00:00+00:00,9,0.001217949,35.44,33.83,19253408.0,20634928.0,8928.0,17392.0
2013-10-16 22:00:00+00:00,2013-10-17 09:00:00+11:00,2013-10-17,9,0,2013-10-16 00:00:00+00:00,22,0.597948718,24.19,23.94,21656352.0,23384992.0,1576736.0,1734624.0
2013-10-16 23:00:00+00:00,2013-10-17 10:00:00+11:00,2013-10-17,10,1,2013-10-16 00:00:00+00:00,23,0.741089744,22.13,21.54,24007792.0,25893680.0,2351440.0,2508688.0
2013-10-17 00:00:00+00:00,2013-10-17 11:00:00+11:00,2013-10-17,11,2,2013-10-16 00:00:00+00:00,24,0.790576923,21.05,18.7,26919456.0,29014000.0,2911664.0,3120320.0
2013-10-17 01:00:00+00:00,2013-10-17 12:00:00+11:00,2013-10-17,12,3,2013-10-17 00:00:00+00:00,1,0.312820513,20.61,20.54,3100051.0,3398827.0,3100051.0,3398827.0
2013-10-17 02:00:00+00:00,2013-10-17 13:00:00+11:00,2013-10-17,13,4,2013-10-17 00:00:00+00:00,2,0.218333333,20.35,19.5,5647894.0,6425834.0,2547843.0,3027007.0
2013-10-17 03:00:00+00:00,2013-10-17 14:00:00+11:00,2013-10-17,14,5,2013-10-17 00:00:00+00:00,3,0.368846154,20.29,19.38,9066102.0,10064492.0,3418208.0,3638658.0
2013-10-17 04:00:00+00:00,2013-10-17 15:00:00+11:00,2013-10-17,15,6,2013-10-17 00:00:00+00:00,4,0.470769231,21.88,21.41,12098065.0,13314694.0,3031963.0,3250202.0
2013-10-17 05:00:00+00:00,2013-10-17 16:00:00+11:00,2013-10-17,16,7,2013-10-17 00:00:00+00:00,5,0.33025641,30.62,32.67,14583373.0,16053039.0,2485308.0,2738345.0
2013-10-17 06:00:00+00:00,2013-10-17 17:00:00+11:00,2013-10-17,17,8,2013-10-17 00:00:00+00:00,6,0.228333333,41.69,60.71,16474796.0,18150368.0,1891423.0,2097329.0
2013-10-17 07:00:00+00:00,2013-10-17 18:00:00+11:00,2013-10-17,18,9,2013-10-17 00:00:00+00:00,7,0.0775,41.49,42.93,17692512.0,19554624.0,1217716.0,1404256.0
2013-10-17 08:00:00+00:00,2013-10-17 19:00:00+11:00,2013-10-17,19,10,2013-10-17 00:00:00+00:00,8,0.034294872,42.17,30.93,18082960.0,20075184.0,390448.0,520560.0
2013-10-17 09:00:00+00:00,2013-10-17 20:00:00+11:00,2013-10-17,20,11,2013-10-17 00:00:00+00:00,9,0.002371795,42.67,53.86,18093280.0,20095760.0,10320.0,20576.0
2013-10-17 22:00:00+00:00,2013-10-18 09:00:00+11:00,2013-10-18,9,0,2013-10-17 00:00:00+00:00,22,0.622884615,22.29,19.82,20605376.0,22865936.0,1636960.0,1736576.0
2013-10-17 23:00:00+00:00,2013-10-18 10:00:00+11:00,2013-10-18,10,1,2013-10-17 00:00:00+00:00,23,0.765641026,20.94,20.04,23027360.0,25364944.0,2421984.0,2499008.0
2013-10-18 00:00:00+00:00,2013-10-18 11:00:00+11:00,2013-10-18,11,2,2013-10-17 00:00:00+00:00,24,0.829423077,17.04,19.29,26081552.0,28479504.0,3054192.0,3114560.0
2013-10-18 01:00:00+00:00,2013-10-18 12:00:00+11:00,2013-10-18,12,3,2013-10-18 00:00:00+00:00,1,0.863141026,17.07,16.2,3483836.0,3495245.0,3483836.0,3495245.0
2013-10-18 02:00:00+00:00,2013-10-18 13:00:00+11:00,2013-10-18,13,4,2013-10-18 00:00:00+00:00,2,0.834871795,16.91,16.41,7163716.0,7191844.0,3679880.0,3696599.0
2013-10-18 03:00:00+00:00,2013-10-18 14:00:00+11:00,2013-10-18,14,5,2013-10-18 00:00:00+00:00,3,0.761602564,17.650000000000002,16.54,10783702.0,10854168.0,3619986.0,3662324.0
2013-10-18 04:00:00+00:00,2013-10-18 15:00:00+11:00,2013-10-18,15,6,2013-10-18 00:00:00+00:00,4,0.642179487,19.73,18.13,14094871.0,14245616.0,3311169.0,3391448.0
2013-10-18 05:00:00+00:00,2013-10-18 16:00:00+11:00,2013-10-18,16,7,2013-10-18 00:00:00+00:00,5,0.458782051,28.69,21.86,16876112.0,17147456.0,2781241.0,2901840.0
2013-10-18 06:00:00+00:00,2013-10-18 17:00:00+11:00,2013-10-18,17,8,2013-10-18 00:00:00+00:00,6,0.220064103,39.68,54.3,18952080.0,19376704.0,2075968.0,2229248.0
2013-10-18 07:00:00+00:00,2013-10-18 18:00:00+11:00,2013-10-18,18,9,2013-10-18 00:00:00+00:00,7,0.048141026,38.08,42.3,20212128.0,20804816.0,1260048.0,1428112.0
2013-10-18 08:00:00+00:00,2013-10-18 19:00:00+11:00,2013-10-18,19,10,2013-10-18 00:00:00+00:00,8,0.021923077,36.79,87.94,20652592.0,21383664.0,440464.0,578848.0
2013-10-18 09:00:00+00:00,2013-10-18 20:00:00+11:00,2013-10-18,20,11,2013-10-18 00:00:00+00:00,9,0.00224359,39.94,58.25,20664560.0,21407264.0,11968.0,23600.0
2013-10-18 22:00:00+00:00,2013-10-19 09:00:00+11:00,2013-10-19,9,0,2013-10-18 00:00:00+00:00,22,0.491538462,23.23,22.52,23112736.0,24241568.0,1589952.0,1765152.0
2013-10-18 23:00:00+00:00,2013-10-19 10:00:00+11:00,2013-10-19,10,1,2013-10-18 00:00:00+00:00,23,0.659294872,21.65,21.54,25471504.0,26770928.0,2358768.0,2529360.0
2013-10-19 00:00:00+00:00,2013-10-19 11:00:00+11:00,2013-10-19,11,2,2013-10-18 00:00:00+00:00,24,0.771089744,21.24,22.11,28457600.0,29918080.0,2986096.0,3147152.0
2013-10-19 01:00:00+00:00,2013-10-19 12:00:00+11:00,2013-10-19,12,3,2013-10-19 00:00:00+00:00,1,0.803974359,20.54,20.45,3411031.0,3531178.0,3411031.0,3531178.0
2013-10-19 02:00:00+00:00,2013-10-19 13:00:00+11:00,2013-10-19,13,4,2013-10-19 00:00:00+00:00,2,0.773076923,20.01,21.72,7019167.0,7266529.0,3608136.0,3735351.0
2013-10-19 03:00:00+00:00,2013-10-19 14:00:00+11:00,2013-10-19,14,5,2013-10-19 00:00:00+00:00,3,0.715769231,19.65,20.51,10576419.0,10965964.0,3557252.0,3699435.0
2013-10-19 04:00:00+00:00,2013-10-19 15:00:00+11:00,2013-10-19,15,6,2013-10-19 00:00:00+00:00,4,0.594871795,19.76,20.52,13836545.0,14391526.0,3260126.0,3425562.0
2013-10-19 05:00:00+00:00,2013-10-19 16:00:00+11:00,2013-10-19,16,7,2013-10-19 00:00:00+00:00,5,0.422435897,21.84,22.34,16576424.0,17324432.0,2739879.0,2932906.0
2013-10-19 06:00:00+00:00,2013-10-19 17:00:00+11:00,2013-10-19,17,8,2013-10-19 00:00:00+00:00,6,0.224102564,26.28,23.36,18622464.0,19580240.0,2046040.0,2255808.0
2013-10-19 07:00:00+00:00,2013-10-19 18:00:00+11:00,2013-10-19,18,9,2013-10-19 00:00:00+00:00,7,0.085128205,29.76,31.77,19865840.0,21030112.0,1243376.0,1449872.0
2013-10-19 08:00:00+00:00,2013-10-19 19:00:00+11:00,2013-10-19,19,10,2013-10-19 00:00:00+00:00,8,0.037051282,34.7,74.34,20304752.0,21625232.0,438912.0,595120.0
2013-10-19 09:00:00+00:00,2013-10-19 20:00:00+11:00,2013-10-19,20,11,2013-10-19 00:00:00+00:00,9,0.0025,36.17,29.38,20317760.0,21652208.0,13008.0,26976.0
2013-10-19 22:00:00+00:00,2013-10-20 09:00:00+11:00,2013-10-20,9,0,2013-10-19 00:00:00+00:00,22,0.527435897,25.35,23.35,22786432.0,24547776.0,1593216.0,1791904.0
2013-10-19 23:00:00+00:00,2013-10-20 10:00:00+11:00,2013-10-20,10,1,2013-10-19 00:00:00+00:00,23,0.676217949,22.23,20.82,25136944.0,27108720.0,2350512.0,2560944.0
2013-10-20 00:00:00+00:00,2013-10-20 11:00:00+11:00,2013-10-20,11,2,2013-10-19 00:00:00+00:00,24,0.784038462,21.62,19.6,28102160.0,30289216.0,2965216.0,3180496.0
2013-10-20 01:00:00+00:00,2013-10-20 12:00:00+11:00,2013-10-20,12,3,2013-10-20 00:00:00+00:00,1,0.535897436,21.43,22.45,3253624.0,3476433.0,3253624.0,3476433.0
2013-10-20 02:00:00+00:00,2013-10-20 13:00:00+11:00,2013-10-20,13,4,2013-10-20 00:00:00+00:00,2,0.485128205,21.35,20.31,6217746.0,6785248.0,2964122.0,3308815.0
2013-10-20 03:00:00+00:00,2013-10-20 14:00:00+11:00,2013-10-20,14,5,2013-10-20 00:00:00+00:00,3,0.457051282,20.04,18.42,8999592.0,10037380.0,2781846.0,3252132.0
2013-10-20 04:00:00+00:00,2013-10-20 15:00:00+11:00,2013-10-20,15,6,2013-10-20 00:00:00+00:00,4,0.493076923,20.02,19.83,11714297.0,13156170.0,2714705.0,3118790.0
2013-10-20 05:00:00+00:00,2013-10-20 16:00:00+11:00,2013-10-20,16,7,2013-10-20 00:00:00+00:00,5,0.421474359,20.91,20.69,14337230.0,16045477.0,2622933.0,2889307.0
2013-10-20 06:00:00+00:00,2013-10-20 17:00:00+11:00,2013-10-20,17,8,2013-10-20 00:00:00+00:00,6,0.206025641,21.58,24.56,16363815.0,18323712.0,2026585.0,2278235.0
2013-10-20 07:00:00+00:00,2013-10-20 18:00:00+11:00,2013-10-20,18,9,2013-10-20 00:00:00+00:00,7,0.055320513,23.54,21.58,17604448.0,19792416.0,1240633.0,1468704.0
2013-10-20 08:00:00+00:00,2013-10-20 19:00:00+11:00,2013-10-20,19,10,2013-10-20 00:00:00+00:00,8,0.025769231,26.03,36.95,18048080.0,20401760.0,443632.0,609344.0
2013-10-20 09:00:00+00:00,2013-10-20 20:00:00+11:00,2013-10-20,20,11,2013-10-20 00:00:00+00:00,9,0.00224359,27.28,24.22,18062688.0,20432016.0,14608.0,30256.0
2013-10-20 22:00:00+00:00,2013-10-21 09:00:00+11:00,2013-10-21,9,0,2013-10-20 00:00:00+00:00,22,0.493846154,17.38,17.97,20381248.0,23275200.0,1475616.0,1737392.0
2013-10-20 23:00:00+00:00,2013-10-21 10:00:00+11:00,2013-10-21,10,1,2013-10-20 00:00:00+00:00,23,0.433525641,15.31,20.63,22525312.0,25726960.0,2144064.0,2451760.0
2013-10-21 00:00:00+00:00,2013-10-21 11:00:00+11:00,2013-10-21,11,2,2013-10-20 00:00:00+00:00,24,0.367948718,13.69,16.63,24979968.0,28616528.0,2454656.0,2889568.0
2013-10-21 01:00:00+00:00,2013-10-21 12:00:00+11:00,2013-10-21,12,3,2013-10-21 00:00:00+00:00,1,0.632884615,13.87,19.26,2832535.0,3240912.0,2832535.0,3240912.0
2013-10-21 02:00:00+00:00,2013-10-21 13:00:00+11:00,2013-10-21,13,4,2013-10-21 00:00:00+00:00,2,0.783653846,14.06,19.66,5817800.0,6666126.0,2985265.0,3425214.0
2013-10-21 03:00:00+00:00,2013-10-21 14:00:00+11:00,2013-10-21,14,5,2013-10-21 00:00:00+00:00,3,0.686217949,15.46,20.59,9154553.0,10362634.0,3336753.0,3696508.0
2013-10-21 04:00:00+00:00,2013-10-21 15:00:00+11:00,2013-10-21,15,6,2013-10-21 00:00:00+00:00,4,0.56025641,17.84,19.89,12275364.0,13836168.0,3120811.0,3473534.0
2013-10-21 05:00:00+00:00,2013-10-21 16:00:00+11:00,2013-10-21,16,7,2013-10-21 00:00:00+00:00,5,0.352435897,27.71,26.39,14635264.0,16598917.0,2359900.0,2762749.0
2013-10-21 06:00:00+00:00,2013-10-21 17:00:00+11:00,2013-10-21,17,8,2013-10-21 00:00:00+00:00,6,0.194423077,39.21,31.44,16326800.0,18633776.0,1691536.0,2034859.0
2013-10-21 07:00:00+00:00,2013-10-21 18:00:00+11:00,2013-10-21,18,9,2013-10-21 00:00:00+00:00,7,0.072820513,39.77,40.32,16882832.0,19530048.0,556032.0,896272.0
2013-10-21 08:00:00+00:00,2013-10-21 19:00:00+11:00,2013-10-21,19,10,2013-10-21 00:00:00+00:00,8,0.053782051,39.57,49.81,17066768.0,19880208.0,183936.0,350160.0
2013-10-21 09:00:00+00:00,2013-10-21 20:00:00+11:00,2013-10-21,20,11,2013-10-21 00:00:00+00:00,9,0.001602564,39.24,36.6,17078192.0,19906608.0,11424.0,26400.0
2013-10-21 22:00:00+00:00,2013-10-22 09:00:00+11:00,2013-10-22,9,0,2013-10-21 00:00:00+00:00,22,0.225448718,26.77,47.26,18882080.0,22373440.0,1216336.0,1600320.0
2013-10-21 23:00:00+00:00,2013-10-22 10:00:00+11:00,2013-10-22,10,1,2013-10-21 00:00:00+00:00,23,0.086410256,24.78,30.66,20885840.0,24763952.0,2003760.0,2390512.0
2013-10-22 00:00:00+00:00,2013-10-22 11:00:00+11:00,2013-10-22,11,2,2013-10-21 00:00:00+00:00,24,0.307692308,23.81,23.56,23394416.0,27770768.0,2508576.0,3006816.0
2013-10-22 01:00:00+00:00,2013-10-22 12:00:00+11:00,2013-10-22,12,3,2013-10-22 00:00:00+00:00,1,0.489551282,23.21,23.92,1563855.0,2252216.0,1563855.0,2252216.0
2013-10-22 02:00:00+00:00,2013-10-22 13:00:00+11:00,2013-10-22,13,4,2013-10-22 00:00:00+00:00,2,0.093333333,22.88,24.27,3064237.0,4512730.0,1500382.0,2260514.0
2013-10-22 03:00:00+00:00,2013-10-22 14:00:00+11:00,2013-10-22,14,5,2013-10-22 00:00:00+00:00,3,0.077371795,23.21,25.42,5092888.0,7286534.0,2028651.0,2773804.0
2013-10-22 04:00:00+00:00,2013-10-22 15:00:00+11:00,2013-10-22,15,6,2013-10-22 00:00:00+00:00,4,0.101602564,24.24,24.24,6934053.0,9740309.0,1841165.0,2453775.0
2013-10-22 05:00:00+00:00,2013-10-22 16:00:00+11:00,2013-10-22,16,7,2013-10-22 00:00:00+00:00,5,0.256346154,31.63,28.35,8802825.0,12131120.0,1868772.0,2390811.0
2013-10-22 06:00:00+00:00,2013-10-22 17:00:00+11:00,2013-10-22,17,8,2013-10-22 00:00:00+00:00,6,0.193012821,45.89,43.05,10026584.0,13784479.0,1223759.0,1653359.0
2013-10-22 07:00:00+00:00,2013-10-22 18:00:00+11:00,2013-10-22,18,9,2013-10-22 00:00:00+00:00,7,0.089551282,46.57,66.68,10548419.0,14652044.0,521835.0,867565.0
2013-10-22 08:00:00+00:00,2013-10-22 19:00:00+11:00,2013-10-22,19,10,2013-10-22 00:00:00+00:00,8,0.040705128,43.87,50.47,10796346.0,15067660.0,247927.0,415616.0
2013-10-22 09:00:00+00:00,2013-10-22 20:00:00+11:00,2013-10-22,20,11,2013-10-22 00:00:00+00:00,9,0.002179487,42.93,74.38,10808101.0,15097710.0,11755.0,30050.0
2013-10-22 22:00:00+00:00,2013-10-23 09:00:00+11:00,2013-10-23,9,0,2013-10-22 00:00:00+00:00,22,0.581282051,24.56,22.66,13122441.0,17927712.0,1503792.0,1746587.0
2013-10-22 23:00:00+00:00,2013-10-23 10:00:00+11:00,2013-10-23,10,1,2013-10-22 00:00:00+00:00,23,0.778589744,24.22,22.25,15204678.0,20299040.0,2082237.0,2371328.0
2013-10-23 00:00:00+00:00,2013-10-23 11:00:00+11:00,2013-10-23,11,2,2013-10-22 00:00:00+00:00,24,0.891474359,23.74,22.98,17764544.0,23148832.0,2559866.0,2849792.0
2013-10-23 01:00:00+00:00,2013-10-23 12:00:00+11:00,2013-10-23,12,3,2013-10-23 00:00:00+00:00,1,0.866410256,24.03,22.64,2968742.0,3288796.0,2968742.0,3288796.0
2013-10-23 02:00:00+00:00,2013-10-23 13:00:00+11:00,2013-10-23,13,4,2013-10-23 00:00:00+00:00,2,0.824871795,23.77,22.01,5687723.0,6438468.0,2718981.0,3149672.0
2013-10-23 03:00:00+00:00,2013-10-23 14:00:00+11:00,2013-10-23,14,5,2013-10-23 00:00:00+00:00,3,0.752435897,23.92,23.27,7862167.0,9149487.0,2174444.0,2711019.0
2013-10-23 04:00:00+00:00,2013-10-23 15:00:00+11:00,2013-10-23,15,6,2013-10-23 00:00:00+00:00,4,0.586346154,24.69,23.01,10690437.0,12315755.0,2828270.0,3166268.0
2013-10-23 05:00:00+00:00,2013-10-23 16:00:00+11:00,2013-10-23,16,7,2013-10-23 00:00:00+00:00,5,0.461666667,34.34,29.38,13328194.0,15221650.0,2637757.0,2905895.0
2013-10-23 06:00:00+00:00,2013-10-23 17:00:00+11:00,2013-10-23,17,8,2013-10-23 00:00:00+00:00,6,0.195641026,50.83,30.95,15210589.0,17371088.0,1882395.0,2149438.0
2013-10-23 07:00:00+00:00,2013-10-23 18:00:00+11:00,2013-10-23,18,9,2013-10-23 00:00:00+00:00,7,0.047179487,51.93,36.52,16406487.0,18804272.0,1195898.0,1433184.0
2013-10-23 08:00:00+00:00,2013-10-23 19:00:00+11:00,2013-10-23,19,10,2013-10-23 00:00:00+00:00,8,0.033782051,48.2,37.7,16763089.0,19346688.0,356602.0,542416.0
2013-10-23 09:00:00+00:00,2013-10-23 20:00:00+11:00,2013-10-23,20,11,2013-10-23 00:00:00+00:00,9,0.001858974,47.3,31.65,16782480.0,19385520.0,19391.0,38832.0
2013-10-23 22:00:00+00:00,2013-10-24 09:00:00+11:00,2013-10-24,9,0,2013-10-23 00:00:00+00:00,22,0.318012821,25.57,56.32,19037664.0,22117600.0,1304000.0,1555920.0
2013-10-23 23:00:00+00:00,2013-10-24 10:00:00+11:00,2013-10-24,10,1,2013-10-23 00:00:00+00:00,23,0.606987179,23.69,23.97,21190064.0,24500464.0,2152400.0,2382864.0
2013-10-24 00:00:00+00:00,2013-10-24 11:00:00+11:00,2013-10-24,11,2,2013-10-23 00:00:00+00:00,24,0.861987179,20.47,34.92,24084720.0,27569760.0,2894656.0,3069296.0
2013-10-24 01:00:00+00:00,2013-10-24 12:00:00+11:00,2013-10-24,12,3,2013-10-24 00:00:00+00:00,1,0.643717949,20.27,22.31,3273089.0,3431272.0,3273089.0,3431272.0
2013-10-24 02:00:00+00:00,2013-10-24 13:00:00+11:00,2013-10-24,13,4,2013-10-24 00:00:00+00:00,2,0.763269231,19.93,20.08,6864839.0,7140975.0,3591750.0,3709703.0
2013-10-24 03:00:00+00:00,2013-10-24 14:00:00+11:00,2013-10-24,14,5,2013-10-24 00:00:00+00:00,3,0.74025641,20.01,26.48,10145040.0,10612213.0,3280201.0,3471238.0
2013-10-24 04:00:00+00:00,2013-10-24 15:00:00+11:00,2013-10-24,15,6,2013-10-24 00:00:00+00:00,4,0.561923077,21.59,30.77,13509503.0,14086655.0,3364463.0,3474442.0
2013-10-24 05:00:00+00:00,2013-10-24 16:00:00+11:00,2013-10-24,16,7,2013-10-24 00:00:00+00:00,5,0.455320513,31.91,50.18,16360839.0,17065216.0,2851336.0,2978561.0
2013-10-24 06:00:00+00:00,2013-10-24 17:00:00+11:00,2013-10-24,17,8,2013-10-24 00:00:00+00:00,6,0.225384615,44.26,57.3,18520144.0,19374208.0,2159305.0,2308992.0
2013-10-24 07:00:00+00:00,2013-10-24 18:00:00+11:00,2013-10-24,18,9,2013-10-24 00:00:00+00:00,7,0.04974359,47.96,93.61,19856512.0,20876864.0,1336368.0,1502656.0
2013-10-24 08:00:00+00:00,2013-10-24 19:00:00+11:00,2013-10-24,19,10,2013-10-24 00:00:00+00:00,8,0.024551282,44.6,29.61,20363904.0,21526288.0,507392.0,649424.0
2013-10-24 09:00:00+00:00,2013-10-24 20:00:00+11:00,2013-10-24,20,11,2013-10-24 00:00:00+00:00,9,0.003076923,42.94,57.43,20385616.0,21568496.0,21712.0,42208.0
2013-10-24 22:00:00+00:00,2013-10-25 09:00:00+11:00,2013-10-25,9,0,2013-10-24 00:00:00+00:00,22,0.625705128,28.54,36.78,23128720.0,24651056.0,1719088.0,1857024.0
2013-10-24 23:00:00+00:00,2013-10-25 10:00:00+11:00,2013-10-25,10,1,2013-10-24 00:00:00+00:00,23,0.774294872,25.13,27.08,25618720.0,27267312.0,2490000.0,2616256.0
2013-10-25 00:00:00+00:00,2013-10-25 11:00:00+11:00,2013-10-25,11,2,2013-10-24 00:00:00+00:00,24,0.84974359,25.29,24.52,28729312.0,30496400.0,3110592.0,3229088.0
2013-10-25 01:00:00+00:00,2013-10-25 12:00:00+11:00,2013-10-25,12,3,2013-10-25 00:00:00+00:00,1,0.874230769,24.68,24.62,3544215.0,3595885.0,3544215.0,3595885.0
2013-10-25 02:00:00+00:00,2013-10-25 13:00:00+11:00,2013-10-25,13,4,2013-10-25 00:00:00+00:00,2,0.843974359,24.25,23.15,7278387.0,7386578.0,3734172.0,3790693.0
2013-10-25 03:00:00+00:00,2013-10-25 14:00:00+11:00,2013-10-25,14,5,2013-10-25 00:00:00+00:00,3,0.781794872,23.88,24.01,10953058.0,11135556.0,3674671.0,3748978.0
2013-10-25 04:00:00+00:00,2013-10-25 15:00:00+11:00,2013-10-25,15,6,2013-10-25 00:00:00+00:00,4,0.648589744,26.54,27.36,14325182.0,14611702.0,3372124.0,3476146.0
2013-10-25 05:00:00+00:00,2013-10-25 16:00:00+11:00,2013-10-25,16,7,2013-10-25 00:00:00+00:00,5,0.457692308,37.01,31.24,17169408.0,17595184.0,2844226.0,2983482.0
2013-10-25 06:00:00+00:00,2013-10-25 17:00:00+11:00,2013-10-25,17,8,2013-10-25 00:00:00+00:00,6,0.220705128,52.62,31.88,19311840.0,19907216.0,2142432.0,2312032.0
2013-10-25 07:00:00+00:00,2013-10-25 18:00:00+11:00,2013-10-25,18,9,2013-10-25 00:00:00+00:00,7,0.049358974,55.06,28.46,20642944.0,21419968.0,1331104.0,1512752.0
2013-10-25 08:00:00+00:00,2013-10-25 19:00:00+11:00,2013-10-25,19,10,2013-10-25 00:00:00+00:00,8,0.024871795,45.01,42.08,21151376.0,22080752.0,508432.0,660784.0
2013-10-25 09:00:00+00:00,2013-10-25 20:00:00+11:00,2013-10-25,20,11,2013-10-25 00:00:00+00:00,9,0.003205128,41.7,29.3,21174304.0,22126400.0,22928.0,45648.0
2013-10-25 22:00:00+00:00,2013-10-26 09:00:00+11:00,2013-10-26,9,0,2013-10-25 00:00:00+00:00,22,0.617115385,19.97,18.18,23949600.0,25249680.0,1734240.0,1870992.0
2013-10-25 23:00:00+00:00,2013-10-26 10:00:00+11:00,2013-10-26,10,1,2013-10-25 00:00:00+00:00,23,0.760576923,16.94,15.24,26465200.0,27878768.0,2515600.0,2629088.0
2013-10-26 00:00:00+00:00,2013-10-26 11:00:00+11:00,2013-10-26,11,2,2013-10-25 00:00:00+00:00,24,0.832051282,15.54,16.96,29597968.0,31117440.0,3132768.0,3238672.0
2013-10-26 01:00:00+00:00,2013-10-26 12:00:00+11:00,2013-10-26,12,3,2013-10-26 00:00:00+00:00,1,0.858012821,14.94,18.63,3552896.0,3601142.0,3552896.0,3601142.0
2013-10-26 02:00:00+00:00,2013-10-26 13:00:00+11:00,2013-10-26,13,4,2013-10-26 00:00:00+00:00,2,0.834871795,14.66,17.42,7287132.0,7401181.0,3734236.0,3800039.0
2013-10-26 03:00:00+00:00,2013-10-26 14:00:00+11:00,2013-10-26,14,5,2013-10-26 00:00:00+00:00,3,0.756346154,14.88,16.55,10958463.0,11162024.0,3671331.0,3760843.0
2013-10-26 04:00:00+00:00,2013-10-26 15:00:00+11:00,2013-10-26,15,6,2013-10-26 00:00:00+00:00,4,0.622179487,15.95,19.38,14323014.0,14651443.0,3364551.0,3489419.0
2013-10-26 05:00:00+00:00,2013-10-26 16:00:00+11:00,2013-10-26,16,7,2013-10-26 00:00:00+00:00,5,0.450512821,18.99,19.08,17156528.0,17650912.0,2833514.0,2999469.0
2013-10-26 06:00:00+00:00,2013-10-26 17:00:00+11:00,2013-10-26,17,8,2013-10-26 00:00:00+00:00,6,0.216410256,24.49,20.82,19295120.0,19982176.0,2138592.0,2331264.0
2013-10-26 07:00:00+00:00,2013-10-26 18:00:00+11:00,2013-10-26,18,9,2013-10-26 00:00:00+00:00,7,0.049166667,26.75,24.18,20630240.0,21513616.0,1335120.0,1531440.0
2013-10-26 08:00:00+00:00,2013-10-26 19:00:00+11:00,2013-10-26,19,10,2013-10-26 00:00:00+00:00,8,0.025,28.81,23.89,21145424.0,22187456.0,515184.0,673840.0
2013-10-26 09:00:00+00:00,2013-10-26 20:00:00+11:00,2013-10-26,20,11,2013-10-26 00:00:00+00:00,9,0.003333333,29.81,22.16,21169440.0,22236384.0,24016.0,48928.0
2013-10-26 22:00:00+00:00,2013-10-27 09:00:00+11:00,2013-10-27,9,0,2013-10-26 00:00:00+00:00,22,0.588974359,28.66,25.26,23928320.0,25415200.0,1713872.0,1893712.0
2013-10-26 23:00:00+00:00,2013-10-27 10:00:00+11:00,2013-10-27,10,1,2013-10-26 00:00:00+00:00,23,0.728974359,25.99,26.19,26400112.0,28065808.0,2471792.0,2650608.0
2013-10-27 00:00:00+00:00,2013-10-27 11:00:00+11:00,2013-10-27,11,2,2013-10-26 00:00:00+00:00,24,0.700641026,24.78,23.32,29240816.0,31154416.0,2840704.0,3088608.0
2013-10-27 01:00:00+00:00,2013-10-27 12:00:00+11:00,2013-10-27,12,3,2013-10-27 00:00:00+00:00,1,0.717884615,24.32,23.36,3362750.0,3530522.0,3362750.0,3530522.0
2013-10-27 02:00:00+00:00,2013-10-27 13:00:00+11:00,2013-10-27,13,4,2013-10-27 00:00:00+00:00,2,0.602884615,23.23,21.03,6499060.0,6965990.0,3136310.0,3435468.0
2013-10-27 03:00:00+00:00,2013-10-27 14:00:00+11:00,2013-10-27,14,5,2013-10-27 00:00:00+00:00,3,0.466538462,22.16,17.98,9084968.0,10055948.0,2585908.0,3089958.0
2013-10-27 04:00:00+00:00,2013-10-27 15:00:00+11:00,2013-10-27,15,6,2013-10-27 00:00:00+00:00,4,0.489679487,21.38,19.4,11300756.0,12791516.0,2215788.0,2735568.0
2013-10-27 05:00:00+00:00,2013-10-27 16:00:00+11:00,2013-10-27,16,7,2013-10-27 00:00:00+00:00,5,0.417884615,22.1,18.89,13312914.0,15207811.0,2012158.0,2416295.0
2013-10-27 06:00:00+00:00,2013-10-27 17:00:00+11:00,2013-10-27,17,8,2013-10-27 00:00:00+00:00,6,0.235641026,23.81,22.45,14652376.0,16921392.0,1339462.0,1713581.0
2013-10-27 07:00:00+00:00,2013-10-27 18:00:00+11:00,2013-10-27,18,9,2013-10-27 00:00:00+00:00,7,0.054038462,25.98,27.8,15523514.0,18076624.0,871138.0,1155232.0
2013-10-27 08:00:00+00:00,2013-10-27 19:00:00+11:00,2013-10-27,19,10,2013-10-27 00:00:00+00:00,8,0.04224359,27.4,36.42,15954594.0,18662336.0,431080.0,585712.0
2013-10-27 09:00:00+00:00,2013-10-27 20:00:00+11:00,2013-10-27,20,11,2013-10-27 00:00:00+00:00,9,0.003141026,27.35,49.91,15978540.0,18709040.0,23946.0,46704.0
2013-10-27 22:00:00+00:00,2013-10-28 09:00:00+11:00,2013-10-28,9,0,2013-10-27 00:00:00+00:00,22,0.095512821,22.04,17.64,16736153.0,20316832.0,448424.0,944592.0
2013-10-27 23:00:00+00:00,2013-10-28 10:00:00+11:00,2013-10-28,10,1,2013-10-27 00:00:00+00:00,23,0.129551282,20.71,15.2,17532432.0,21743616.0,796279.0,1426784.0
2013-10-28 00:00:00+00:00,2013-10-28 11:00:00+11:00,2013-10-28,11,2,2013-10-27 00:00:00+00:00,24,0.215448718,18.64,13.05,20094064.0,24723632.0,2561632.0,2980016.0
2013-10-28 01:00:00+00:00,2013-10-28 12:00:00+11:00,2013-10-28,12,3,2013-10-28 00:00:00+00:00,1,0.739294872,17.57,12.34,2479374.0,2948865.0,2479374.0,2948865.0
2013-10-28 02:00:00+00:00,2013-10-28 13:00:00+11:00,2013-10-28,13,4,2013-10-28 00:00:00+00:00,2,0.638012821,18.24,10.38,5419553.0,6341107.0,2940179.0,3392242.0
2013-10-28 03:00:00+00:00,2013-10-28 14:00:00+11:00,2013-10-28,14,5,2013-10-28 00:00:00+00:00,3,0.596666667,17.38,10.0,7248223.0,8966843.0,1828670.0,2625736.0
2013-10-28 04:00:00+00:00,2013-10-28 15:00:00+11:00,2013-10-28,15,6,2013-10-28 00:00:00+00:00,4,0.544166667,21.01,17.16,9958243.0,12164946.0,2710020.0,3198103.0
2013-10-28 05:00:00+00:00,2013-10-28 16:00:00+11:00,2013-10-28,16,7,2013-10-28 00:00:00+00:00,5,0.419935897,29.65,20.48,12697157.0,15171955.0,2738914.0,3007009.0
2013-10-28 06:00:00+00:00,2013-10-28 17:00:00+11:00,2013-10-28,17,8,2013-10-28 00:00:00+00:00,6,0.225833333,41.23,58.8,14806394.0,17536928.0,2109237.0,2364973.0
2013-10-28 07:00:00+00:00,2013-10-28 18:00:00+11:00,2013-10-28,18,9,2013-10-28 00:00:00+00:00,7,0.087435897,44.8,67.75,16026699.0,19011056.0,1220305.0,1474128.0
2013-10-28 08:00:00+00:00,2013-10-28 19:00:00+11:00,2013-10-28,19,10,2013-10-28 00:00:00+00:00,8,0.024166667,39.02,26.57,16273133.0,19442224.0,246434.0,431168.0
2013-10-28 09:00:00+00:00,2013-10-28 20:00:00+11:00,2013-10-28,20,11,2013-10-28 00:00:00+00:00,9,0.001730769,37.7,29.91,16299077.0,19496544.0,25944.0,54320.0
2013-10-28 22:00:00+00:00,2013-10-29 09:00:00+11:00,2013-10-29,9,0,2013-10-28 00:00:00+00:00,22,0.545897436,23.78,24.34,18776576.0,22521840.0,1582640.0,1824928.0
2013-10-28 23:00:00+00:00,2013-10-29 10:00:00+11:00,2013-10-29,10,1,2013-10-28 00:00:00+00:00,23,0.727884615,23.24,22.97,21162032.0,25143904.0,2385456.0,2622064.0
2013-10-29 00:00:00+00:00,2013-10-29 11:00:00+11:00,2013-10-29,11,2,2013-10-28 00:00:00+00:00,24,0.837884615,20.98,22.83,24101376.0,28343552.0,2939344.0,3199648.0
2013-10-29 01:00:00+00:00,2013-10-29 12:00:00+11:00,2013-10-29,12,3,2013-10-29 00:00:00+00:00,1,0.866987179,20.98,21.75,2788217.0,3149184.0,2788217.0,3149184.0
2013-10-29 02:00:00+00:00,2013-10-29 13:00:00+11:00,2013-10-29,13,4,2013-10-29 00:00:00+00:00,2,0.891474359,20.24,19.8,5841190.0,6532796.0,3052973.0,3383612.0
2013-10-29 03:00:00+00:00,2013-10-29 14:00:00+11:00,2013-10-29,14,5,2013-10-29 00:00:00+00:00,3,0.78724359,20.32,23.12,8818132.0,9928354.0,2976942.0,3395558.0
2013-10-29 04:00:00+00:00,2013-10-29 15:00:00+11:00,2013-10-29,15,6,2013-10-29 00:00:00+00:00,4,0.484935897,22.89,24.31,11197209.0,12783073.0,2379077.0,2854719.0
2013-10-29 05:00:00+00:00,2013-10-29 16:00:00+11:00,2013-10-29,16,7,2013-10-29 00:00:00+00:00,5,0.47224359,30.82,33.04,13597616.0,15555836.0,2400407.0,2772763.0
2013-10-29 06:00:00+00:00,2013-10-29 17:00:00+11:00,2013-10-29,17,8,2013-10-29 00:00:00+00:00,6,0.242307692,42.0,27.32,15076147.0,17398608.0,1478531.0,1842772.0
2013-10-29 07:00:00+00:00,2013-10-29 18:00:00+11:00,2013-10-29,18,9,2013-10-29 00:00:00+00:00,7,0.123269231,44.77,36.12,15880701.0,18495680.0,804554.0,1097072.0
2013-10-29 08:00:00+00:00,2013-10-29 19:00:00+11:00,2013-10-29,19,10,2013-10-29 00:00:00+00:00,8,0.057179487,40.66,30.28,16350710.0,19149200.0,470009.0,653520.0
2013-10-29 09:00:00+00:00,2013-10-29 20:00:00+11:00,2013-10-29,20,11,2013-10-29 00:00:00+00:00,9,0.00775641,40.11,31.72000000000001,16378531.0,19208992.0,27821.0,59792.0
2013-10-29 22:00:00+00:00,2013-10-30 09:00:00+11:00,2013-10-30,9,0,2013-10-29 00:00:00+00:00,22,0.621474359,25.48,24.72,19319776.0,22479376.0,1791840.0,1921088.0
2013-10-29 23:00:00+00:00,2013-10-30 10:00:00+11:00,2013-10-30,10,1,2013-10-29 00:00:00+00:00,23,0.76224359,23.81,24.51,21897472.0,25159056.0,2577696.0,2679680.0
2013-10-30 00:00:00+00:00,2013-10-30 11:00:00+11:00,2013-10-30,11,2,2013-10-29 00:00:00+00:00,24,0.819358974,22.85,22.02,25098304.0,28447600.0,3200832.0,3288544.0
2013-10-30 01:00:00+00:00,2013-10-30 12:00:00+11:00,2013-10-30,12,3,2013-10-30 00:00:00+00:00,1,0.840705128,22.49,23.32,3628897.0,3654410.0,3628897.0,3654410.0
2013-10-30 02:00:00+00:00,2013-10-30 13:00:00+11:00,2013-10-30,13,4,2013-10-30 00:00:00+00:00,2,0.816153846,22.42,55.06,7436448.0,7504996.0,3807551.0,3850586.0
2013-10-30 03:00:00+00:00,2013-10-30 14:00:00+11:00,2013-10-30,14,5,2013-10-30 00:00:00+00:00,3,0.743589744,22.41,24.57,11166633.0,11319099.0,3730185.0,3814103.0
2013-10-30 04:00:00+00:00,2013-10-30 15:00:00+11:00,2013-10-30,15,6,2013-10-30 00:00:00+00:00,4,0.620192308,24.08,26.49,14576857.0,14861138.0,3410224.0,3542039.0
2013-10-30 05:00:00+00:00,2013-10-30 16:00:00+11:00,2013-10-30,16,7,2013-10-30 00:00:00+00:00,5,0.437692308,31.34,27.35,17453760.0,17913920.0,2876903.0,3052782.0
2013-10-30 06:00:00+00:00,2013-10-30 17:00:00+11:00,2013-10-30,17,8,2013-10-30 00:00:00+00:00,6,0.211666667,42.3,51.97,19628832.0,20294144.0,2175072.0,2380224.0
2013-10-30 07:00:00+00:00,2013-10-30 18:00:00+11:00,2013-10-30,18,9,2013-10-30 00:00:00+00:00,7,0.049294872,47.41,87.97,20997120.0,21873744.0,1368288.0,1579600.0
2013-10-30 08:00:00+00:00,2013-10-30 19:00:00+11:00,2013-10-30,19,10,2013-10-30 00:00:00+00:00,8,0.026474359,44.87,44.88,21550080.0,22598000.0,552960.0,724256.0
2013-10-30 09:00:00+00:00,2013-10-30 20:00:00+11:00,2013-10-30,20,11,2013-10-30 00:00:00+00:00,9,0.004294872,44.53,31.29,21582576.0,22664064.0,32496.0,66064.0
2013-10-30 22:00:00+00:00,2013-10-31 09:00:00+11:00,2013-10-31,9,0,2013-10-30 00:00:00+00:00,22,0.590833333,24.39,24.88,24436224.0,25964032.0,1740096.0,1932608.0
2013-10-30 23:00:00+00:00,2013-10-31 10:00:00+11:00,2013-10-31,10,1,2013-10-30 00:00:00+00:00,23,0.746089744,22.47,21.55,26977936.0,28684272.0,2541712.0,2720240.0
2013-10-31 00:00:00+00:00,2013-10-31 11:00:00+11:00,2013-10-31,11,2,2013-10-30 00:00:00+00:00,24,0.804487179,22.76,17.22,30121504.0,32005744.0,3143568.0,3321472.0
2013-10-31 01:00:00+00:00,2013-10-31 12:00:00+11:00,2013-10-31,12,3,2013-10-31 00:00:00+00:00,1,0.827307692,22.11,19.12,3565366.0,3686025.0,3565366.0,3686025.0
2013-10-31 02:00:00+00:00,2013-10-31 13:00:00+11:00,2013-10-31,13,4,2013-10-31 00:00:00+00:00,2,0.807115385,21.07,17.52,7316461.0,7571542.0,3751095.0,3885517.0
2013-10-31 03:00:00+00:00,2013-10-31 14:00:00+11:00,2013-10-31,14,5,2013-10-31 00:00:00+00:00,3,0.739679487,21.76,19.02,11017979.0,11430308.0,3701518.0,3858766.0
2013-10-31 04:00:00+00:00,2013-10-31 15:00:00+11:00,2013-10-31,15,6,2013-10-31 00:00:00+00:00,4,0.613269231,23.33,20.09,14383277.0,14996914.0,3365298.0,3566606.0
2013-10-31 05:00:00+00:00,2013-10-31 16:00:00+11:00,2013-10-31,16,7,2013-10-31 00:00:00+00:00,5,0.437628205,29.37,22.65,17236048.0,18076352.0,2852771.0,3079438.0
2013-10-31 06:00:00+00:00,2013-10-31 17:00:00+11:00,2013-10-31,17,8,2013-10-31 00:00:00+00:00,6,0.208782051,37.91,23.64,19384432.0,20476976.0,2148384.0,2400624.0
2013-10-31 07:00:00+00:00,2013-10-31 18:00:00+11:00,2013-10-31,18,9,2013-10-31 00:00:00+00:00,7,0.092179487,44.29,29.11,20734800.0,22059360.0,1350368.0,1582384.0
2013-10-31 08:00:00+00:00,2013-10-31 19:00:00+11:00,2013-10-31,19,10,2013-10-31 00:00:00+00:00,8,0.040705128,39.41,25.34,21282944.0,22786000.0,548144.0,726640.0
2013-10-31 09:00:00+00:00,2013-10-31 20:00:00+11:00,2013-10-31,20,11,2013-10-31 00:00:00+00:00,9,0.006794872,39.12,29.96,21316432.0,22856448.0,33488.0,70448.0
2013-10-31 22:00:00+00:00,2013-11-01 09:00:00+11:00,2013-11-01,9,0,2013-10-31 00:00:00+00:00,22,0.117692308,22.58,18.07,23904128.0,26059616.0,1588432.0,1873360.0
2013-10-31 23:00:00+00:00,2013-11-01 10:00:00+11:00,2013-11-01,10,1,2013-10-31 00:00:00+00:00,23,0.511858974,21.15,17.81,26312752.0,28732800.0,2408624.0,2673184.0
2013-11-01 00:00:00+00:00,2013-11-01 11:00:00+11:00,2013-11-01,11,2,2013-10-31 00:00:00+00:00,24,0.697115385,18.36,19.26,29403216.0,32083504.0,3090464.0,3350704.0
2013-11-01 01:00:00+00:00,2013-11-01 12:00:00+11:00,2013-11-01,12,3,2013-11-01 00:00:00+00:00,1,0.72224359,16.580000000000002,17.89,3485732.0,3709064.0,3485732.0,3709064.0
2013-11-01 02:00:00+00:00,2013-11-01 13:00:00+11:00,2013-11-01,13,4,2013-11-01 00:00:00+00:00,2,0.806730769,15.8,18.01,7162800.0,7617904.0,3677068.0,3908840.0
2013-11-01 03:00:00+00:00,2013-11-01 14:00:00+11:00,2013-11-01,14,5,2013-11-01 00:00:00+00:00,3,0.729102564,15.75,16.740000000000002,10774118.0,11469657.0,3611318.0,3851753.0
2013-11-01 04:00:00+00:00,2013-11-01 15:00:00+11:00,2013-11-01,15,6,2013-11-01 00:00:00+00:00,4,0.604230769,18.08,18.23,14117938.0,15066854.0,3343820.0,3597197.0
2013-11-01 05:00:00+00:00,2013-11-01 16:00:00+11:00,2013-11-01,16,7,2013-11-01 00:00:00+00:00,5,0.430448718,22.68,24.77,16959904.0,18164624.0,2841966.0,3097770.0
2013-11-01 06:00:00+00:00,2013-11-01 17:00:00+11:00,2013-11-01,17,8,2013-11-01 00:00:00+00:00,6,0.208076923,31.7,23.56,19130160.0,20580448.0,2170256.0,2415824.0
2013-11-01 07:00:00+00:00,2013-11-01 18:00:00+11:00,2013-11-01,18,9,2013-11-01 00:00:00+00:00,7,0.054102564,34.9,24.58,20514576.0,22188448.0,1384416.0,1608000.0
2013-11-01 08:00:00+00:00,2013-11-01 19:00:00+11:00,2013-11-01,19,10,2013-11-01 00:00:00+00:00,8,0.03,33.12,25.45,21090720.0,22937088.0,576144.0,748640.0
2013-11-01 09:00:00+00:00,2013-11-01 20:00:00+11:00,2013-11-01,20,11,2013-11-01 00:00:00+00:00,9,0.004807692,33.4,26.23,21128448.0,23011808.0,37728.0,74720.0
2013-11-01 22:00:00+00:00,2013-11-02 09:00:00+11:00,2013-11-02,9,0,2013-11-01 00:00:00+00:00,22,0.543397436,20.72,19.77,24091936.0,26433168.0,1789072.0,1980336.0
2013-11-01 23:00:00+00:00,2013-11-02 10:00:00+11:00,2013-11-02,10,1,2013-11-01 00:00:00+00:00,23,0.6675,17.93,19.79,26640640.0,29172592.0,2548704.0,2739424.0
2013-11-02 00:00:00+00:00,2013-11-02 11:00:00+11:00,2013-11-02,11,2,2013-11-01 00:00:00+00:00,24,0.752628205,19.19,18.73,29694928.0,32451088.0,3054288.0,3278496.0
2013-11-02 01:00:00+00:00,2013-11-02 12:00:00+11:00,2013-11-02,12,3,2013-11-02 00:00:00+00:00,1,0.718910256,17.27,18.07,3560848.0,3717131.0,3560848.0,3717131.0
2013-11-02 02:00:00+00:00,2013-11-02 13:00:00+11:00,2013-11-02,13,4,2013-11-02 00:00:00+00:00,2,0.575705128,17.7,19.68,7161515.0,7541375.0,3600667.0,3824244.0
2013-11-02 03:00:00+00:00,2013-11-02 14:00:00+11:00,2013-11-02,14,5,2013-11-02 00:00:00+00:00,3,0.419679487,17.7,19.07,10146815.0,10944381.0,2985300.0,3403006.0
2013-11-02 04:00:00+00:00,2013-11-02 15:00:00+11:00,2013-11-02,15,6,2013-11-02 00:00:00+00:00,4,0.279871795,19.45,22.68,12249708.0,13608764.0,2102893.0,2664383.0
2013-11-02 05:00:00+00:00,2013-11-02 16:00:00+11:00,2013-11-02,16,7,2013-11-02 00:00:00+00:00,5,0.220897436,22.4,25.26,13335863.0,15258298.0,1086155.0,1649534.0
2013-11-02 06:00:00+00:00,2013-11-02 17:00:00+11:00,2013-11-02,17,8,2013-11-02 00:00:00+00:00,6,0.128525641,26.3,25.57,14894468.0,17228144.0,1558605.0,1969846.0
2013-11-02 07:00:00+00:00,2013-11-02 18:00:00+11:00,2013-11-02,18,9,2013-11-02 00:00:00+00:00,7,0.09224359,27.96,29.45,15904481.0,18535632.0,1010013.0,1307488.0
2013-11-02 08:00:00+00:00,2013-11-02 19:00:00+11:00,2013-11-02,19,10,2013-11-02 00:00:00+00:00,8,0.042820513,32.07,107.33,16446037.0,19281456.0,541556.0,745824.0
2013-11-02 09:00:00+00:00,2013-11-02 20:00:00+11:00,2013-11-02,20,11,2013-11-02 00:00:00+00:00,9,0.006730769,33.160000000000004,80.34,16484200.0,19362320.0,38163.0,80864.0
2013-11-02 22:00:00+00:00,2013-11-03 09:00:00+11:00,2013-11-03,9,0,2013-11-02 00:00:00+00:00,22,0.579166667,25.4,32.92,19320176.0,22806112.0,1748256.0,2016640.0
2013-11-02 23:00:00+00:00,2013-11-03 10:00:00+11:00,2013-11-03,10,1,2013-11-02 00:00:00+00:00,23,0.719935897,24.35,23.21,21784160.0,25569744.0,2463984.0,2763632.0
2013-11-03 00:00:00+00:00,2013-11-03 11:00:00+11:00,2013-11-03,11,2,2013-11-02 00:00:00+00:00,24,0.774679487,22.49,18.35,24916624.0,28950128.0,3132464.0,3380384.0
2013-11-03 01:00:00+00:00,2013-11-03 12:00:00+11:00,2013-11-03,12,3,2013-11-03 00:00:00+00:00,1,0.6975,21.38,19.7,3572307.0,3695210.0,3572307.0,3695210.0
2013-11-03 02:00:00+00:00,2013-11-03 13:00:00+11:00,2013-11-03,13,4,2013-11-03 00:00:00+00:00,2,0.841923077,20.07,16.78,7396538.0,7597689.0,3824231.0,3902479.0
2013-11-03 03:00:00+00:00,2013-11-03 14:00:00+11:00,2013-11-03,14,5,2013-11-03 00:00:00+00:00,3,0.764551282,18.06,0.0,11191716.0,11465250.0,3795178.0,3867561.0
2013-11-03 04:00:00+00:00,2013-11-03 15:00:00+11:00,2013-11-03,15,6,2013-11-03 00:00:00+00:00,4,0.637948718,17.1,17.23,14681375.0,15055993.0,3489659.0,3590743.0
2013-11-03 05:00:00+00:00,2013-11-03 16:00:00+11:00,2013-11-03,16,7,2013-11-03 00:00:00+00:00,5,0.453717949,17.67,14.79,17638304.0,18156928.0,2956929.0,3100935.0
2013-11-03 06:00:00+00:00,2013-11-03 17:00:00+11:00,2013-11-03,17,8,2013-11-03 00:00:00+00:00,6,0.219807692,19.9,16.42,19896272.0,20586832.0,2257968.0,2429904.0
2013-11-03 07:00:00+00:00,2013-11-03 18:00:00+11:00,2013-11-03,18,9,2013-11-03 00:00:00+00:00,7,0.051282051,22.3,16.44,21346224.0,22213888.0,1449952.0,1627056.0
2013-11-03 08:00:00+00:00,2013-11-03 19:00:00+11:00,2013-11-03,19,10,2013-11-03 00:00:00+00:00,8,0.029551282,23.99,18.68,21960896.0,22984688.0,614672.0,770800.0
2013-11-03 09:00:00+00:00,2013-11-03 20:00:00+11:00,2013-11-03,20,11,2013-11-03 00:00:00+00:00,9,0.005064103,25.1,20.44,22004512.0,23069536.0,43616.0,84848.0
2013-11-03 22:00:00+00:00,2013-11-04 09:00:00+11:00,2013-11-04,9,0,2013-11-03 00:00:00+00:00,22,0.640576923,19.69,16.81,25123200.0,26541680.0,1861856.0,1993808.0
2013-11-03 23:00:00+00:00,2013-11-04 10:00:00+11:00,2013-11-04,10,1,2013-11-03 00:00:00+00:00,23,0.791410256,16.490000000000002,14.4,27753184.0,29292608.0,2629984.0,2750928.0
2013-11-04 00:00:00+00:00,2013-11-04 11:00:00+11:00,2013-11-04,11,2,2013-11-03 00:00:00+00:00,24,0.874551282,16.1,15.45,30992768.0,32649072.0,3239584.0,3356464.0
2013-11-04 01:00:00+00:00,2013-11-04 12:00:00+11:00,2013-11-04,12,3,2013-11-04 00:00:00+00:00,1,0.890448718,15.12,14.62,3668833.0,3729429.0,3668833.0,3729429.0
2013-11-04 02:00:00+00:00,2013-11-04 13:00:00+11:00,2013-11-04,13,4,2013-11-04 00:00:00+00:00,2,0.85474359,15.14,10.95,7519960.0,7652588.0,3851127.0,3923159.0
2013-11-04 03:00:00+00:00,2013-11-04 14:00:00+11:00,2013-11-04,14,5,2013-11-04 00:00:00+00:00,3,0.780576923,15.29,11.14,11295162.0,11529143.0,3775202.0,3876555.0
2013-11-04 04:00:00+00:00,2013-11-04 15:00:00+11:00,2013-11-04,15,6,2013-11-04 00:00:00+00:00,4,0.643589744,17.34,9.99,14764229.0,15132818.0,3469067.0,3603675.0
2013-11-04 05:00:00+00:00,2013-11-04 16:00:00+11:00,2013-11-04,16,7,2013-11-04 00:00:00+00:00,5,0.454358974,21.14,13.25,17702224.0,18241024.0,2937995.0,3108206.0
2013-11-04 06:00:00+00:00,2013-11-04 17:00:00+11:00,2013-11-04,17,8,2013-11-04 00:00:00+00:00,6,0.219423077,29.48,19.22,19940704.0,20673152.0,2238480.0,2432128.0
2013-11-04 07:00:00+00:00,2013-11-04 18:00:00+11:00,2013-11-04,18,9,2013-11-04 00:00:00+00:00,7,0.050897436,36.5,25.75,21364832.0,22297440.0,1424128.0,1624288.0
2013-11-04 08:00:00+00:00,2013-11-04 19:00:00+11:00,2013-11-04,19,10,2013-11-04 00:00:00+00:00,8,0.028269231,35.86,22.94,21976608.0,23075280.0,611776.0,777840.0
2013-11-04 09:00:00+00:00,2013-11-04 20:00:00+11:00,2013-11-04,20,11,2013-11-04 00:00:00+00:00,9,0.00525641,33.910000000000004,23.72,22021952.0,23166000.0,45344.0,90720.0
2013-11-04 22:00:00+00:00,2013-11-05 09:00:00+11:00,2013-11-05,9,0,2013-11-04 00:00:00+00:00,22,0.637884615,30.41,22.79,25165408.0,26663376.0,1868048.0,2000464.0
2013-11-04 23:00:00+00:00,2013-11-05 10:00:00+11:00,2013-11-05,10,1,2013-11-04 00:00:00+00:00,23,0.7675,26.48,29.23,27802128.0,29415936.0,2636720.0,2752560.0
2013-11-05 00:00:00+00:00,2013-11-05 11:00:00+11:00,2013-11-05,11,2,2013-11-04 00:00:00+00:00,24,0.840512821,24.67,26.51,31056992.0,32773280.0,3254864.0,3357344.0
2013-11-05 01:00:00+00:00,2013-11-05 12:00:00+11:00,2013-11-05,12,3,2013-11-05 00:00:00+00:00,1,0.853589744,22.97,23.25,3677653.0,3729101.0,3677653.0,3729101.0
2013-11-05 02:00:00+00:00,2013-11-05 13:00:00+11:00,2013-11-05,13,4,2013-11-05 00:00:00+00:00,2,0.829679487,22.77,24.2,7538594.0,7652578.0,3860941.0,3923477.0
2013-11-05 03:00:00+00:00,2013-11-05 14:00:00+11:00,2013-11-05,14,5,2013-11-05 00:00:00+00:00,3,0.742051282,22.8,24.8,11336021.0,11534883.0,3797427.0,3882305.0
2013-11-05 04:00:00+00:00,2013-11-05 15:00:00+11:00,2013-11-05,15,6,2013-11-05 00:00:00+00:00,4,0.615833333,23.36,25.11,14827060.0,15142192.0,3491039.0,3607309.0
2013-11-05 05:00:00+00:00,2013-11-05 16:00:00+11:00,2013-11-05,16,7,2013-11-05 00:00:00+00:00,5,0.436474359,26.63,24.12,17794336.0,18258704.0,2967276.0,3116512.0
2013-11-05 06:00:00+00:00,2013-11-05 17:00:00+11:00,2013-11-05,17,8,2013-11-05 00:00:00+00:00,6,0.214166667,36.52,22.55,20063440.0,20705040.0,2269104.0,2446336.0
2013-11-05 07:00:00+00:00,2013-11-05 18:00:00+11:00,2013-11-05,18,9,2013-11-05 00:00:00+00:00,7,0.054807692,43.38,36.48,21523024.0,22352976.0,1459584.0,1647936.0
2013-11-05 08:00:00+00:00,2013-11-05 19:00:00+11:00,2013-11-05,19,10,2013-11-05 00:00:00+00:00,8,0.035641026,43.77,31.49,22153888.0,23147536.0,630864.0,794560.0
2013-11-05 09:00:00+00:00,2013-11-05 20:00:00+11:00,2013-11-05,20,11,2013-11-05 00:00:00+00:00,9,0.006410256,42.39,29.15,22201648.0,23242336.0,47760.0,94800.0
2013-11-05 22:00:00+00:00,2013-11-06 09:00:00+11:00,2013-11-06,9,0,2013-11-05 00:00:00+00:00,22,0.615064103,24.87,18.78,25365264.0,26775792.0,1875392.0,2011808.0
2013-11-05 23:00:00+00:00,2013-11-06 10:00:00+11:00,2013-11-06,10,1,2013-11-05 00:00:00+00:00,23,0.74525641,22.11,14.45,28014288.0,29539040.0,2649024.0,2763248.0
2013-11-06 00:00:00+00:00,2013-11-06 11:00:00+11:00,2013-11-06,11,2,2013-11-05 00:00:00+00:00,24,0.812564103,20.72,14.02,31288976.0,32906912.0,3274688.0,3367872.0
2013-11-06 01:00:00+00:00,2013-11-06 12:00:00+11:00,2013-11-06,12,3,2013-11-06 00:00:00+00:00,1,0.845192308,18.51,14.42,3702284.0,3738132.0,3702284.0,3738132.0
2013-11-06 02:00:00+00:00,2013-11-06 13:00:00+11:00,2013-11-06,13,4,2013-11-06 00:00:00+00:00,2,0.820320513,17.95,14.71,7594148.0,7670043.0,3891864.0,3931911.0
2013-11-06 03:00:00+00:00,2013-11-06 14:00:00+11:00,2013-11-06,14,5,2013-11-06 00:00:00+00:00,3,0.743269231,18.08,14.74,11426171.0,11560328.0,3832023.0,3890285.0
2013-11-06 04:00:00+00:00,2013-11-06 15:00:00+11:00,2013-11-06,15,6,2013-11-06 00:00:00+00:00,4,0.622371795,18.55,15.44,14952003.0,15175813.0,3525832.0,3615485.0
2013-11-06 05:00:00+00:00,2013-11-06 16:00:00+11:00,2013-11-06,16,7,2013-11-06 00:00:00+00:00,5,0.442051282,21.31,17.44,17951856.0,18301312.0,2999853.0,3125499.0
2013-11-06 06:00:00+00:00,2013-11-06 17:00:00+11:00,2013-11-06,17,8,2013-11-06 00:00:00+00:00,6,0.213461538,29.89,21.23,20252784.0,20756080.0,2300928.0,2454768.0
2013-11-06 07:00:00+00:00,2013-11-06 18:00:00+11:00,2013-11-06,18,9,2013-11-06 00:00:00+00:00,7,0.049358974,34.730000000000004,28.5,21742032.0,22413280.0,1489248.0,1657200.0
2013-11-06 08:00:00+00:00,2013-11-06 19:00:00+11:00,2013-11-06,19,10,2013-11-06 00:00:00+00:00,8,0.028589744,36.5,24.54,22395392.0,23218976.0,653360.0,805696.0
2013-11-06 09:00:00+00:00,2013-11-06 20:00:00+11:00,2013-11-06,20,11,2013-11-06 00:00:00+00:00,9,0.005705128,40.54,24.39,22447056.0,23318912.0,51664.0,99936.0
2013-11-06 22:00:00+00:00,2013-11-07 09:00:00+11:00,2013-11-07,9,0,2013-11-06 00:00:00+00:00,22,0.56275641,34.49,22.89,25528560.0,26920784.0,1820544.0,2043424.0
2013-11-06 23:00:00+00:00,2013-11-07 10:00:00+11:00,2013-11-07,10,1,2013-11-06 00:00:00+00:00,23,0.689358974,29.41,22.44,28093360.0,29722272.0,2564800.0,2801488.0
2013-11-07 00:00:00+00:00,2013-11-07 11:00:00+11:00,2013-11-07,11,2,2013-11-06 00:00:00+00:00,24,0.781666667,23.14,21.16,31261328.0,33133616.0,3167968.0,3411344.0
2013-11-07 01:00:00+00:00,2013-11-07 12:00:00+11:00,2013-11-07,12,3,2013-11-07 00:00:00+00:00,1,0.810641026,22.21,22.87,3581042.0,3786973.0,3581042.0,3786973.0
2013-11-07 02:00:00+00:00,2013-11-07 13:00:00+11:00,2013-11-07,13,4,2013-11-07 00:00:00+00:00,2,0.785769231,21.41,22.99,7338194.0,7770855.0,3757152.0,3983882.0
2013-11-07 03:00:00+00:00,2013-11-07 14:00:00+11:00,2013-11-07,14,5,2013-11-07 00:00:00+00:00,3,0.677564103,21.14,22.38,10992519.0,11689274.0,3654325.0,3918419.0
2013-11-07 04:00:00+00:00,2013-11-07 15:00:00+11:00,2013-11-07,15,6,2013-11-07 00:00:00+00:00,4,0.570064103,21.2,21.71,14078755.0,15104625.0,3086236.0,3415351.0
2013-11-07 05:00:00+00:00,2013-11-07 16:00:00+11:00,2013-11-07,16,7,2013-11-07 00:00:00+00:00,5,0.40474359,22.68,23.68,16716577.0,18075024.0,2637822.0,2970399.0
2013-11-07 06:00:00+00:00,2013-11-07 17:00:00+11:00,2013-11-07,17,8,2013-11-07 00:00:00+00:00,6,0.239102564,31.41,27.13,18062336.0,19844464.0,1345759.0,1769440.0
2013-11-07 07:00:00+00:00,2013-11-07 18:00:00+11:00,2013-11-07,18,9,2013-11-07 00:00:00+00:00,7,0.109423077,39.68,33.27,19030576.0,21134112.0,968240.0,1289648.0
2013-11-07 08:00:00+00:00,2013-11-07 19:00:00+11:00,2013-11-07,19,10,2013-11-07 00:00:00+00:00,8,0.045320513,38.95,34.59,19632448.0,21926688.0,601872.0,792576.0
2013-11-07 09:00:00+00:00,2013-11-07 20:00:00+11:00,2013-11-07,20,11,2013-11-07 00:00:00+00:00,9,0.006474359,36.76,30.02,19683440.0,22031888.0,50992.0,105200.0
2013-11-07 22:00:00+00:00,2013-11-08 09:00:00+11:00,2013-11-08,9,0,2013-11-07 00:00:00+00:00,22,0.416666667,30.8,23.37,21925344.0,24927264.0,1359488.0,1688144.0
2013-11-07 23:00:00+00:00,2013-11-08 10:00:00+11:00,2013-11-08,10,1,2013-11-07 00:00:00+00:00,23,0.58525641,26.23,22.15,23918496.0,27372672.0,1993152.0,2445408.0
2013-11-08 00:00:00+00:00,2013-11-08 11:00:00+11:00,2013-11-08,11,2,2013-11-07 00:00:00+00:00,24,0.584487179,24.09,23.43,26293888.0,30284416.0,2375392.0,2911744.0
2013-11-08 01:00:00+00:00,2013-11-08 12:00:00+11:00,2013-11-08,12,3,2013-11-08 00:00:00+00:00,1,0.710320513,23.75,21.04,3019566.0,3507738.0,3019566.0,3507738.0
2013-11-08 02:00:00+00:00,2013-11-08 13:00:00+11:00,2013-11-08,13,4,2013-11-08 00:00:00+00:00,2,0.591794872,22.99,20.4,5949913.0,7004040.0,2930347.0,3496302.0
2013-11-08 03:00:00+00:00,2013-11-08 14:00:00+11:00,2013-11-08,14,5,2013-11-08 00:00:00+00:00,3,0.421538462,22.64,20.34,8562758.0,10217939.0,2612845.0,3213899.0
2013-11-08 04:00:00+00:00,2013-11-08 15:00:00+11:00,2013-11-08,15,6,2013-11-08 00:00:00+00:00,4,0.291538462,22.39,20.22,10178431.0,12621309.0,1615673.0,2403370.0
2013-11-08 05:00:00+00:00,2013-11-08 16:00:00+11:00,2013-11-08,16,7,2013-11-08 00:00:00+00:00,5,0.090705128,23.29,16.06,11488771.0,14595455.0,1310340.0,1974146.0
2013-11-08 06:00:00+00:00,2013-11-08 17:00:00+11:00,2013-11-08,17,8,2013-11-08 00:00:00+00:00,6,0.077948718,30.89,32.97,12289712.0,16008962.0,800941.0,1413507.0
2013-11-08 07:00:00+00:00,2013-11-08 18:00:00+11:00,2013-11-08,18,9,2013-11-08 00:00:00+00:00,7,0.029358974,35.67,50.07,12519114.0,16665962.0,229402.0,657000.0
2013-11-08 08:00:00+00:00,2013-11-08 19:00:00+11:00,2013-11-08,19,10,2013-11-08 00:00:00+00:00,8,0.003589744,33.27,31.3,12602281.0,16978000.0,83167.0,312038.0
2013-11-08 09:00:00+00:00,2013-11-08 20:00:00+11:00,2013-11-08,20,11,2013-11-08 00:00:00+00:00,9,0.002435897,31.64,27.97,12625330.0,17053712.0,23049.0,75712.0
2013-11-08 22:00:00+00:00,2013-11-09 09:00:00+11:00,2013-11-09,9,0,2013-11-08 00:00:00+00:00,22,0.621410256,23.25,20.36,15059505.0,20126288.0,1511129.0,1777488.0
2013-11-08 23:00:00+00:00,2013-11-09 10:00:00+11:00,2013-11-09,10,1,2013-11-08 00:00:00+00:00,23,0.784038462,21.14,24.59,17590816.0,22854288.0,2531311.0,2728000.0
2013-11-09 00:00:00+00:00,2013-11-09 11:00:00+11:00,2013-11-09,11,2,2013-11-08 00:00:00+00:00,24,0.855512821,18.78,17.44,20767088.0,26207712.0,3176272.0,3353424.0
2013-11-09 01:00:00+00:00,2013-11-09 12:00:00+11:00,2013-11-09,12,3,2013-11-09 00:00:00+00:00,1,0.866538462,16.96,14.54,3503502.0,3687741.0,3503502.0,3687741.0
2013-11-09 02:00:00+00:00,2013-11-09 13:00:00+11:00,2013-11-09,13,4,2013-11-09 00:00:00+00:00,2,0.846730769,15.860000000000005,18.04,7291733.0,7630210.0,3788231.0,3942469.0
2013-11-09 03:00:00+00:00,2013-11-09 14:00:00+11:00,2013-11-09,14,5,2013-11-09 00:00:00+00:00,3,0.763525641,15.09,10.48,11032764.0,11533101.0,3741031.0,3902891.0
2013-11-09 04:00:00+00:00,2013-11-09 15:00:00+11:00,2013-11-09,15,6,2013-11-09 00:00:00+00:00,4,0.645448718,15.18,14.29,14530352.0,15198059.0,3497588.0,3664958.0
2013-11-09 05:00:00+00:00,2013-11-09 16:00:00+11:00,2013-11-09,16,7,2013-11-09 00:00:00+00:00,5,0.455448718,16.28,13.5,17503248.0,18357856.0,2972896.0,3159797.0
2013-11-09 06:00:00+00:00,2013-11-09 17:00:00+11:00,2013-11-09,17,8,2013-11-09 00:00:00+00:00,6,0.221602564,19.38,19.92,19762880.0,20829648.0,2259632.0,2471792.0
2013-11-09 07:00:00+00:00,2013-11-09 18:00:00+11:00,2013-11-09,18,9,2013-11-09 00:00:00+00:00,7,0.050576923,24.19,16.17,21237424.0,22521072.0,1474544.0,1691424.0
2013-11-09 08:00:00+00:00,2013-11-09 19:00:00+11:00,2013-11-09,19,10,2013-11-09 00:00:00+00:00,8,0.029871795,27.44,18.52,21902032.0,23366960.0,664608.0,845888.0
2013-11-09 09:00:00+00:00,2013-11-09 20:00:00+11:00,2013-11-09,20,11,2013-11-09 00:00:00+00:00,9,0.005897436,28.42,24.63,21962816.0,23487712.0,60784.0,120752.0
2013-11-09 22:00:00+00:00,2013-11-10 09:00:00+11:00,2013-11-10,9,0,2013-11-09 00:00:00+00:00,22,0.080705128,23.93,21.81,23181920.0,25607568.0,700944.0,1160624.0
2013-11-09 23:00:00+00:00,2013-11-10 10:00:00+11:00,2013-11-10,10,1,2013-11-09 00:00:00+00:00,23,0.186410256,22.52,18.5,24207840.0,27207376.0,1025920.0,1599808.0
2013-11-10 00:00:00+00:00,2013-11-10 11:00:00+11:00,2013-11-10,11,2,2013-11-09 00:00:00+00:00,24,0.100897436,21.07,20.11,25743760.0,29415024.0,1535920.0,2207648.0
2013-11-10 01:00:00+00:00,2013-11-10 12:00:00+11:00,2013-11-10,12,3,2013-11-10 00:00:00+00:00,1,0.191282051,19.96,18.58,1455224.0,2220383.0,1455224.0,2220383.0
2013-11-10 02:00:00+00:00,2013-11-10 13:00:00+11:00,2013-11-10,13,4,2013-11-10 00:00:00+00:00,2,0.116730769,20.29,18.71,3830953.0,5262545.0,2375729.0,3042162.0
2013-11-10 03:00:00+00:00,2013-11-10 14:00:00+11:00,2013-11-10,14,5,2013-11-10 00:00:00+00:00,3,0.07525641,20.04,20.85,5311670.0,7522560.0,1480717.0,2260015.0
2013-11-10 04:00:00+00:00,2013-11-10 15:00:00+11:00,2013-11-10,15,6,2013-11-10 00:00:00+00:00,4,0.099102564,20.49,20.28,7003269.0,9981984.0,1691599.0,2459424.0
2013-11-10 05:00:00+00:00,2013-11-10 16:00:00+11:00,2013-11-10,16,7,2013-11-10 00:00:00+00:00,5,0.027820513,21.73,21.33,7993150.0,11714420.0,989881.0,1732436.0
2013-11-10 06:00:00+00:00,2013-11-10 17:00:00+11:00,2013-11-10,17,8,2013-11-10 00:00:00+00:00,6,0.031858974,23.85,21.27,9617940.0,13737482.0,1624790.0,2023062.0
2013-11-10 07:00:00+00:00,2013-11-10 18:00:00+11:00,2013-11-10,18,9,2013-11-10 00:00:00+00:00,7,0.025320513,25.97,22.54,10454791.0,14956768.0,836851.0,1219286.0
2013-11-10 08:00:00+00:00,2013-11-10 19:00:00+11:00,2013-11-10,19,10,2013-11-10 00:00:00+00:00,8,0.011346154,27.81,25.32,10813200.0,15544995.0,358409.0,588227.0
2013-11-10 09:00:00+00:00,2013-11-10 20:00:00+11:00,2013-11-10,20,11,2013-11-10 00:00:00+00:00,9,0.005192308,29.9,26.28,10843770.0,15636589.0,30570.0,91594.0
2013-11-10 22:00:00+00:00,2013-11-11 09:00:00+11:00,2013-11-11,9,0,2013-11-10 00:00:00+00:00,22,0.050320513,24.95,21.13,11413034.0,17342672.0,333302.0,952340.0
2013-11-10 23:00:00+00:00,2013-11-11 10:00:00+11:00,2013-11-11,10,1,2013-11-10 00:00:00+00:00,23,0.064230769,22.33,19.41,12215675.0,18881056.0,802641.0,1538384.0
2013-11-11 00:00:00+00:00,2013-11-11 11:00:00+11:00,2013-11-11,11,2,2013-11-10 00:00:00+00:00,24,0.071602564,19.05,17.75,13030730.0,20584864.0,815055.0,1703808.0
2013-11-11 01:00:00+00:00,2013-11-11 12:00:00+11:00,2013-11-11,12,3,2013-11-11 00:00:00+00:00,1,0.075128205,17.79,13.14,720915.4375,1688404.0,720915.4375,1688404.0
2013-11-11 02:00:00+00:00,2013-11-11 13:00:00+11:00,2013-11-11,13,4,2013-11-11 00:00:00+00:00,2,0.098141026,17.18,13.4,1711806.0,3632465.0,990890.5625,1944061.0
2013-11-11 03:00:00+00:00,2013-11-11 14:00:00+11:00,2013-11-11,14,5,2013-11-11 00:00:00+00:00,3,0.044230769,17.61,15.75,3525247.0,6196383.0,1813441.0,2563918.0
2013-11-11 04:00:00+00:00,2013-11-11 15:00:00+11:00,2013-11-11,15,6,2013-11-11 00:00:00+00:00,4,0.162564103,16.93,15.79,4639932.0,8094698.0,1114685.0,1898315.0
2013-11-11 05:00:00+00:00,2013-11-11 16:00:00+11:00,2013-11-11,16,7,2013-11-11 00:00:00+00:00,5,0.320897436,19.52,19.26,5708444.0,9889211.0,1068512.0,1794513.0
2013-11-11 06:00:00+00:00,2013-11-11 17:00:00+11:00,2013-11-11,17,8,2013-11-11 00:00:00+00:00,6,0.186602564,26.25,30.23,6882382.0,11641988.0,1173938.0,1752777.0
2013-11-11 07:00:00+00:00,2013-11-11 18:00:00+11:00,2013-11-11,18,9,2013-11-11 00:00:00+00:00,7,0.105320513,29.88,20.22,7224739.0,12440003.0,342357.0,798015.0
2013-11-11 08:00:00+00:00,2013-11-11 19:00:00+11:00,2013-11-11,19,10,2013-11-11 00:00:00+00:00,8,0.038974359,31.62,23.09,7479012.0,12950503.0,254273.0,510500.0
2013-11-11 09:00:00+00:00,2013-11-11 20:00:00+11:00,2013-11-11,20,11,2013-11-11 00:00:00+00:00,9,0.015576923,30.09,24.04,7526747.0,13067151.0,47735.0,116648.0
2013-11-11 22:00:00+00:00,2013-11-12 09:00:00+11:00,2013-11-12,9,0,2013-11-11 00:00:00+00:00,22,0.501987179,26.68,22.72,9419997.0,15806199.0,1135359.0,1539610.0
2013-11-11 23:00:00+00:00,2013-11-12 10:00:00+11:00,2013-11-12,10,1,2013-11-11 00:00:00+00:00,23,0.590769231,24.69,22.72,11125936.0,18034512.0,1705939.0,2228313.0
2013-11-12 00:00:00+00:00,2013-11-12 11:00:00+11:00,2013-11-12,11,2,2013-11-11 00:00:00+00:00,24,0.526474359,23.42,23.18,13095640.0,20634880.0,1969704.0,2600368.0
2013-11-12 01:00:00+00:00,2013-11-12 12:00:00+11:00,2013-11-12,12,3,2013-11-12 00:00:00+00:00,1,0.804935897,22.77,22.04,3527354.0,3791805.0,3527354.0,3791805.0
2013-11-12 02:00:00+00:00,2013-11-12 13:00:00+11:00,2013-11-12,13,4,2013-11-12 00:00:00+00:00,2,0.79275641,22.69,21.61,6520214.0,7206187.0,2992860.0,3414382.0
2013-11-12 03:00:00+00:00,2013-11-12 14:00:00+11:00,2013-11-12,14,5,2013-11-12 00:00:00+00:00,3,0.723589744,22.67,21.66,9854930.0,10876001.0,3334716.0,3669814.0
2013-11-12 04:00:00+00:00,2013-11-12 15:00:00+11:00,2013-11-12,15,6,2013-11-12 00:00:00+00:00,4,0.669935897,23.01,21.92,12589622.0,14041392.0,2734692.0,3165391.0
2013-11-12 05:00:00+00:00,2013-11-12 16:00:00+11:00,2013-11-12,16,7,2013-11-12 00:00:00+00:00,5,0.451666667,28.12,21.74,14986586.0,16813424.0,2396964.0,2772032.0
2013-11-12 06:00:00+00:00,2013-11-12 17:00:00+11:00,2013-11-12,17,8,2013-11-12 00:00:00+00:00,6,0.2725,36.3,23.8,16985920.0,19123664.0,1999334.0,2310240.0
2013-11-12 07:00:00+00:00,2013-11-12 18:00:00+11:00,2013-11-12,18,9,2013-11-12 00:00:00+00:00,7,0.132564103,45.23,37.7,18410832.0,20819376.0,1424912.0,1695712.0
2013-11-12 08:00:00+00:00,2013-11-12 19:00:00+11:00,2013-11-12,19,10,2013-11-12 00:00:00+00:00,8,0.048910256,44.59,30.34,19019824.0,21634880.0,608992.0,815504.0
2013-11-12 09:00:00+00:00,2013-11-12 20:00:00+11:00,2013-11-12,20,11,2013-11-12 00:00:00+00:00,9,0.007051282,43.06,46.82,19083376.0,21767440.0,63552.0,132560.0
2013-11-12 22:00:00+00:00,2013-11-13 09:00:00+11:00,2013-11-13,9,0,2013-11-12 00:00:00+00:00,22,0.601346154,26.94,19.48,22303664.0,25533328.0,1851584.0,2084256.0
2013-11-12 23:00:00+00:00,2013-11-13 10:00:00+11:00,2013-11-13,10,1,2013-11-12 00:00:00+00:00,23,0.709166667,24.12,18.96,24376576.0,27955472.0,2072912.0,2422144.0
2013-11-13 00:00:00+00:00,2013-11-13 11:00:00+11:00,2013-11-13,11,2,2013-11-12 00:00:00+00:00,24,0.472371795,20.93,19.59,26065040.0,30298880.0,1688464.0,2343408.0
2013-11-13 01:00:00+00:00,2013-11-13 12:00:00+11:00,2013-11-13,12,3,2013-11-13 00:00:00+00:00,1,0.624166667,19.28,19.99,2750322.0,3136693.0,2750322.0,3136693.0
2013-11-13 02:00:00+00:00,2013-11-13 13:00:00+11:00,2013-11-13,13,4,2013-11-13 00:00:00+00:00,2,0.498205128,17.36,18.99,5027016.0,6044439.0,2276694.0,2907746.0
2013-11-13 03:00:00+00:00,2013-11-13 14:00:00+11:00,2013-11-13,14,5,2013-11-13 00:00:00+00:00,3,0.533461538,17.22,18.55,7382938.0,9044530.0,2355922.0,3000091.0
2013-11-13 04:00:00+00:00,2013-11-13 15:00:00+11:00,2013-11-13,15,6,2013-11-13 00:00:00+00:00,4,0.397307692,16.95,18.97,9298845.0,11596874.0,1915907.0,2552344.0
2013-11-13 05:00:00+00:00,2013-11-13 16:00:00+11:00,2013-11-13,16,7,2013-11-13 00:00:00+00:00,5,0.364166667,20.49,15.44,11560946.0,14297077.0,2262101.0,2700203.0
2013-11-13 06:00:00+00:00,2013-11-13 17:00:00+11:00,2013-11-13,17,8,2013-11-13 00:00:00+00:00,6,0.242115385,29.91,21.72,13219315.0,16318262.0,1658369.0,2021185.0
2013-11-13 07:00:00+00:00,2013-11-13 18:00:00+11:00,2013-11-13,18,9,2013-11-13 00:00:00+00:00,7,0.099551282,36.52,32.71,14688536.0,18029040.0,1469221.0,1710778.0
2013-11-13 08:00:00+00:00,2013-11-13 19:00:00+11:00,2013-11-13,19,10,2013-11-13 00:00:00+00:00,8,0.050192308,34.88,24.14,15403949.0,18935872.0,715413.0,906832.0
2013-11-13 09:00:00+00:00,2013-11-13 20:00:00+11:00,2013-11-13,20,11,2013-11-13 00:00:00+00:00,9,0.008525641,33.93,22.59,15482068.0,19084000.0,78119.0,148128.0
2013-11-13 22:00:00+00:00,2013-11-14 09:00:00+11:00,2013-11-14,9,0,2013-11-13 00:00:00+00:00,22,0.606794872,23.41,20.05,18728768.0,22867232.0,1884272.0,2110224.0
2013-11-13 23:00:00+00:00,2013-11-14 10:00:00+11:00,2013-11-14,10,1,2013-11-13 00:00:00+00:00,23,0.755833333,21.83,18.73,21345344.0,25723648.0,2616576.0,2856416.0
2013-11-14 00:00:00+00:00,2013-11-14 11:00:00+11:00,2013-11-14,11,2,2013-11-13 00:00:00+00:00,24,0.827884615,21.01,17.240000000000002,24556064.0,29179360.0,3210720.0,3455712.0
2013-11-14 01:00:00+00:00,2013-11-14 12:00:00+11:00,2013-11-14,12,3,2013-11-14 00:00:00+00:00,1,0.861217949,20.16,17.650000000000002,3680626.0,3863372.0,3680626.0,3863372.0
2013-11-14 02:00:00+00:00,2013-11-14 13:00:00+11:00,2013-11-14,13,4,2013-11-14 00:00:00+00:00,2,0.834487179,19.95,18.18,7480128.0,7870281.0,3799502.0,4006909.0
2013-11-14 03:00:00+00:00,2013-11-14 14:00:00+11:00,2013-11-14,14,5,2013-11-14 00:00:00+00:00,3,0.765,20.34,20.92,11211736.0,11849954.0,3731608.0,3979673.0
2013-11-14 04:00:00+00:00,2013-11-14 15:00:00+11:00,2013-11-14,15,6,2013-11-14 00:00:00+00:00,4,0.641730769,20.85,19.77,14262107.0,15245752.0,3050371.0,3395798.0
2013-11-14 05:00:00+00:00,2013-11-14 16:00:00+11:00,2013-11-14,16,7,2013-11-14 00:00:00+00:00,5,0.462307692,22.75,22.38,17049936.0,18341584.0,2787829.0,3095832.0
2013-11-14 06:00:00+00:00,2013-11-14 17:00:00+11:00,2013-11-14,17,8,2013-11-14 00:00:00+00:00,6,0.223782051,30.62,29.0,19095072.0,20701088.0,2045136.0,2359504.0
2013-11-14 07:00:00+00:00,2013-11-14 18:00:00+11:00,2013-11-14,18,9,2013-11-14 00:00:00+00:00,7,0.053846154,37.61,30.11,20149616.0,22092656.0,1054544.0,1391568.0
2013-11-14 08:00:00+00:00,2013-11-14 19:00:00+11:00,2013-11-14,19,10,2013-11-14 00:00:00+00:00,8,0.023910256,36.61,38.14,20724928.0,22882752.0,575312.0,790096.0
2013-11-14 09:00:00+00:00,2013-11-14 20:00:00+11:00,2013-11-14,20,11,2013-11-14 00:00:00+00:00,9,0.007948718,38.02,43.64,20806736.0,23038496.0,81808.0,155744.0
2013-11-14 22:00:00+00:00,2013-11-15 09:00:00+11:00,2013-11-15,9,0,2013-11-14 00:00:00+00:00,22,0.60025641,27.49,27.47,23964704.0,26776272.0,1849936.0,2089296.0
2013-11-14 23:00:00+00:00,2013-11-15 10:00:00+11:00,2013-11-15,10,1,2013-11-14 00:00:00+00:00,23,0.73224359,26.19,55.26,26582320.0,29619136.0,2617616.0,2842864.0
2013-11-15 00:00:00+00:00,2013-11-15 11:00:00+11:00,2013-11-15,11,2,2013-11-14 00:00:00+00:00,24,0.501858974,24.31,32.11,29748544.0,33034272.0,3166224.0,3415136.0
2013-11-15 01:00:00+00:00,2013-11-15 12:00:00+11:00,2013-11-15,12,3,2013-11-15 00:00:00+00:00,1,0.717435897,23.51,23.73,3527754.0,3769913.0,3527754.0,3769913.0
2013-11-15 02:00:00+00:00,2013-11-15 13:00:00+11:00,2013-11-15,13,4,2013-11-15 00:00:00+00:00,2,0.728269231,23.3,22.65,7149917.0,7637179.0,3622163.0,3867266.0
2013-11-15 03:00:00+00:00,2013-11-15 14:00:00+11:00,2013-11-15,14,5,2013-11-15 00:00:00+00:00,3,0.578782051,23.18,23.33,10437079.0,11262580.0,3287162.0,3625401.0
2013-11-15 04:00:00+00:00,2013-11-15 15:00:00+11:00,2013-11-15,15,6,2013-11-15 00:00:00+00:00,4,0.450576923,23.62,23.89,13133250.0,14358426.0,2696171.0,3095846.0
2013-11-15 05:00:00+00:00,2013-11-15 16:00:00+11:00,2013-11-15,16,7,2013-11-15 00:00:00+00:00,5,0.479807692,25.83,24.62,15316710.0,16982416.0,2183460.0,2623990.0
2013-11-15 06:00:00+00:00,2013-11-15 17:00:00+11:00,2013-11-15,17,8,2013-11-15 00:00:00+00:00,6,0.257884615,36.45,43.11,17373552.0,19372992.0,2056842.0,2390576.0
2013-11-15 07:00:00+00:00,2013-11-15 18:00:00+11:00,2013-11-15,18,9,2013-11-15 00:00:00+00:00,7,0.096602564,42.73,53.13,18696704.0,20993152.0,1323152.0,1620160.0
2013-11-15 08:00:00+00:00,2013-11-15 19:00:00+11:00,2013-11-15,19,10,2013-11-15 00:00:00+00:00,8,0.068269231,41.68,29.61,19312800.0,21832688.0,616096.0,839536.0
2013-11-15 09:00:00+00:00,2013-11-15 20:00:00+11:00,2013-11-15,20,11,2013-11-15 00:00:00+00:00,9,0.013589744,41.34,27.35,19368480.0,21966656.0,55680.0,133968.0
2013-11-15 22:00:00+00:00,2013-11-16 09:00:00+11:00,2013-11-16,9,0,2013-11-15 00:00:00+00:00,22,0.135961538,21.9,17.63,21484896.0,24903600.0,1180976.0,1588656.0
2013-11-15 23:00:00+00:00,2013-11-16 10:00:00+11:00,2013-11-16,10,1,2013-11-15 00:00:00+00:00,23,0.140448718,19.94,17.41,23336672.0,27205776.0,1851776.0,2302176.0
2013-11-16 00:00:00+00:00,2013-11-16 11:00:00+11:00,2013-11-16,11,2,2013-11-15 00:00:00+00:00,24,0.378910256,19.12,16.330000000000002,25851648.0,30206176.0,2514976.0,3000400.0
2013-11-16 01:00:00+00:00,2013-11-16 12:00:00+11:00,2013-11-16,12,3,2013-11-16 00:00:00+00:00,1,0.597692308,17.53,14.57,2657617.0,3178595.0,2657617.0,3178595.0
2013-11-16 02:00:00+00:00,2013-11-16 13:00:00+11:00,2013-11-16,13,4,2013-11-16 00:00:00+00:00,2,0.745192308,16.490000000000002,13.22,5475130.0,6532962.0,2817513.0,3354367.0
2013-11-16 03:00:00+00:00,2013-11-16 14:00:00+11:00,2013-11-16,14,5,2013-11-16 00:00:00+00:00,3,0.671346154,16.16,10.79,8304299.0,9853686.0,2829169.0,3320724.0
2013-11-16 04:00:00+00:00,2013-11-16 15:00:00+11:00,2013-11-16,15,6,2013-11-16 00:00:00+00:00,4,0.584487179,16.18,12.85,11283929.0,13268327.0,2979630.0,3414641.0
2013-11-16 05:00:00+00:00,2013-11-16 16:00:00+11:00,2013-11-16,16,7,2013-11-16 00:00:00+00:00,5,0.439230769,17.45,17.27,13739108.0,16099628.0,2455179.0,2831301.0
2013-11-16 06:00:00+00:00,2013-11-16 17:00:00+11:00,2013-11-16,17,8,2013-11-16 00:00:00+00:00,6,0.249871795,18.49,15.34,15444076.0,18210592.0,1704968.0,2110964.0
2013-11-16 07:00:00+00:00,2013-11-16 18:00:00+11:00,2013-11-16,18,9,2013-11-16 00:00:00+00:00,7,0.117307692,21.8,18.27,16834848.0,19890640.0,1390772.0,1680048.0
2013-11-16 08:00:00+00:00,2013-11-16 19:00:00+11:00,2013-11-16,19,10,2013-11-16 00:00:00+00:00,8,0.071858974,24.25,24.52,17424656.0,20698576.0,589808.0,807936.0
2013-11-16 09:00:00+00:00,2013-11-16 20:00:00+11:00,2013-11-16,20,11,2013-11-16 00:00:00+00:00,9,0.016730769,25.83,22.44,17494864.0,20848576.0,70208.0,150000.0
2013-11-16 22:00:00+00:00,2013-11-17 09:00:00+11:00,2013-11-17,9,0,2013-11-16 00:00:00+00:00,22,0.625576923,22.0,20.47,20566096.0,24495984.0,1805616.0,2063200.0
2013-11-16 23:00:00+00:00,2013-11-17 10:00:00+11:00,2013-11-17,10,1,2013-11-16 00:00:00+00:00,23,0.631346154,20.43,18.33,22834080.0,27076832.0,2267984.0,2580848.0
2013-11-17 00:00:00+00:00,2013-11-17 11:00:00+11:00,2013-11-17,11,2,2013-11-16 00:00:00+00:00,24,0.82775641,19.44,17.03,25648320.0,30218080.0,2814240.0,3141248.0
2013-11-17 01:00:00+00:00,2013-11-17 12:00:00+11:00,2013-11-17,12,3,2013-11-17 00:00:00+00:00,1,0.730320513,18.54,18.84,3693482.0,3835658.0,3693482.0,3835658.0
2013-11-17 02:00:00+00:00,2013-11-17 13:00:00+11:00,2013-11-17,13,4,2013-11-17 00:00:00+00:00,2,0.691153846,17.830000000000002,19.51,7606994.0,7911113.0,3913512.0,4075455.0
2013-11-17 03:00:00+00:00,2013-11-17 14:00:00+11:00,2013-11-17,14,5,2013-11-17 00:00:00+00:00,3,0.798589744,17.31,16.580000000000002,11249549.0,11793689.0,3642555.0,3882576.0
2013-11-17 04:00:00+00:00,2013-11-17 15:00:00+11:00,2013-11-17,15,6,2013-11-17 00:00:00+00:00,4,0.589423077,17.38,10.02,14185763.0,15154855.0,2936214.0,3361166.0
2013-11-17 05:00:00+00:00,2013-11-17 16:00:00+11:00,2013-11-17,16,7,2013-11-17 00:00:00+00:00,5,0.372115385,17.36,18.04,15591005.0,17215792.0,1405242.0,2060937.0
2013-11-17 06:00:00+00:00,2013-11-17 17:00:00+11:00,2013-11-17,17,8,2013-11-17 00:00:00+00:00,6,0.243461538,17.55,18.36,16352356.0,18568304.0,761351.0,1352512.0
2013-11-17 07:00:00+00:00,2013-11-17 18:00:00+11:00,2013-11-17,18,9,2013-11-17 00:00:00+00:00,7,0.079551282,20.39,20.58,17591376.0,20069568.0,1239020.0,1501264.0
2013-11-17 08:00:00+00:00,2013-11-17 19:00:00+11:00,2013-11-17,19,10,2013-11-17 00:00:00+00:00,8,0.046025641,22.6,20.97,18291712.0,20968688.0,700336.0,899120.0
2013-11-17 09:00:00+00:00,2013-11-17 20:00:00+11:00,2013-11-17,20,11,2013-11-17 00:00:00+00:00,9,0.012884615,23.82,22.03,18390704.0,21147424.0,98992.0,178736.0
2013-11-17 22:00:00+00:00,2013-11-18 09:00:00+11:00,2013-11-18,9,0,2013-11-17 00:00:00+00:00,22,0.637564103,18.17,19.79,21359568.0,24646176.0,1795648.0,1992928.0
2013-11-17 23:00:00+00:00,2013-11-18 10:00:00+11:00,2013-11-18,10,1,2013-11-17 00:00:00+00:00,23,0.782115385,15.98,20.32,24041712.0,27491552.0,2682144.0,2845376.0
2013-11-18 00:00:00+00:00,2013-11-18 11:00:00+11:00,2013-11-18,11,2,2013-11-17 00:00:00+00:00,24,0.629294872,15.04,10.93,27286160.0,30917760.0,3244448.0,3426208.0
2013-11-18 01:00:00+00:00,2013-11-18 12:00:00+11:00,2013-11-18,12,3,2013-11-18 00:00:00+00:00,1,0.817628205,14.23,10.5,3646905.0,3789801.0,3646905.0,3789801.0
2013-11-18 02:00:00+00:00,2013-11-18 13:00:00+11:00,2013-11-18,13,4,2013-11-18 00:00:00+00:00,2,0.748076923,14.06,17.48,7502584.0,7803371.0,3855679.0,4013570.0
2013-11-18 03:00:00+00:00,2013-11-18 14:00:00+11:00,2013-11-18,14,5,2013-11-18 00:00:00+00:00,3,0.775705128,14.41,10.9,10870082.0,11492982.0,3367498.0,3689611.0
2013-11-18 04:00:00+00:00,2013-11-18 15:00:00+11:00,2013-11-18,15,6,2013-11-18 00:00:00+00:00,4,0.626730769,15.13,15.82,14283831.0,15166886.0,3413749.0,3673904.0
2013-11-18 05:00:00+00:00,2013-11-18 16:00:00+11:00,2013-11-18,16,7,2013-11-18 00:00:00+00:00,5,0.400128205,19.01,20.08,17111584.0,18292016.0,2827753.0,3125130.0
2013-11-18 06:00:00+00:00,2013-11-18 17:00:00+11:00,2013-11-18,17,8,2013-11-18 00:00:00+00:00,6,0.248461538,25.17,23.95,19365088.0,20838320.0,2253504.0,2546304.0
2013-11-18 07:00:00+00:00,2013-11-18 18:00:00+11:00,2013-11-18,18,9,2013-11-18 00:00:00+00:00,7,0.045064103,31.16,35.95,20934016.0,22669888.0,1568928.0,1831568.0
2013-11-18 08:00:00+00:00,2013-11-18 19:00:00+11:00,2013-11-18,19,10,2013-11-18 00:00:00+00:00,8,0.031666667,31.66,33.480000000000004,21696432.0,23642160.0,762416.0,972272.0
2013-11-18 09:00:00+00:00,2013-11-18 20:00:00+11:00,2013-11-18,20,11,2013-11-18 00:00:00+00:00,9,0.009807692,33.86,25.81,21799296.0,23830336.0,102864.0,188176.0
2013-11-18 22:00:00+00:00,2013-11-19 09:00:00+11:00,2013-11-19,9,0,2013-11-18 00:00:00+00:00,22,0.592435897,25.72,30.38,24472992.0,27270528.0,1414624.0,1795536.0
2013-11-18 23:00:00+00:00,2013-11-19 10:00:00+11:00,2013-11-19,10,1,2013-11-18 00:00:00+00:00,23,0.719487179,24.1,25.61,27127776.0,30171536.0,2654784.0,2901008.0
2013-11-19 00:00:00+00:00,2013-11-19 11:00:00+11:00,2013-11-19,11,2,2013-11-18 00:00:00+00:00,24,0.788974359,23.56,22.44,30395120.0,33677104.0,3267344.0,3505568.0
2013-11-19 01:00:00+00:00,2013-11-19 12:00:00+11:00,2013-11-19,12,3,2013-11-19 00:00:00+00:00,1,0.8,21.02,22.17,3703928.0,3883812.0,3703928.0,3883812.0
2013-11-19 02:00:00+00:00,2013-11-19 13:00:00+11:00,2013-11-19,13,4,2013-11-19 00:00:00+00:00,2,0.768525641,20.36,24.37,7579267.0,7968831.0,3875339.0,4085019.0
2013-11-19 03:00:00+00:00,2013-11-19 14:00:00+11:00,2013-11-19,14,5,2013-11-19 00:00:00+00:00,3,0.680064103,19.78,22.68,11192697.0,11862327.0,3613430.0,3893496.0
2013-11-19 04:00:00+00:00,2013-11-19 15:00:00+11:00,2013-11-19,15,6,2013-11-19 00:00:00+00:00,4,0.576025641,19.78,23.23,14569953.0,15534383.0,3377256.0,3672056.0
2013-11-19 05:00:00+00:00,2013-11-19 16:00:00+11:00,2013-11-19,16,7,2013-11-19 00:00:00+00:00,5,0.414423077,22.91,25.35,17488800.0,18747040.0,2918847.0,3212657.0
2013-11-19 06:00:00+00:00,2013-11-19 17:00:00+11:00,2013-11-19,17,8,2013-11-19 00:00:00+00:00,6,0.239679487,28.69,27.87,19129840.0,20791088.0,1641040.0,2044048.0
2013-11-19 07:00:00+00:00,2013-11-19 18:00:00+11:00,2013-11-19,18,9,2013-11-19 00:00:00+00:00,7,0.123076923,33.22,60.26,20423824.0,22393216.0,1293984.0,1602128.0
2013-11-19 08:00:00+00:00,2013-11-19 19:00:00+11:00,2013-11-19,19,10,2013-11-19 00:00:00+00:00,8,0.012371795,32.19,40.16,21138384.0,23340288.0,714560.0,947072.0
2013-11-19 09:00:00+00:00,2013-11-19 20:00:00+11:00,2013-11-19,20,11,2013-11-19 00:00:00+00:00,9,0.008589744,31.54,34.46,21243024.0,23533840.0,104640.0,193552.0
2013-11-19 22:00:00+00:00,2013-11-20 09:00:00+11:00,2013-11-20,9,0,2013-11-19 00:00:00+00:00,22,0.577307692,21.61,18.62,24570144.0,27490016.0,1894736.0,2157760.0
2013-11-19 23:00:00+00:00,2013-11-20 10:00:00+11:00,2013-11-20,10,1,2013-11-19 00:00:00+00:00,23,0.695705128,19.76,17.57,27202960.0,30403088.0,2632816.0,2913072.0
2013-11-20 00:00:00+00:00,2013-11-20 11:00:00+11:00,2013-11-20,11,2,2013-11-19 00:00:00+00:00,24,0.758910256,18.15,12.15,30436832.0,33924256.0,3233872.0,3521168.0
2013-11-20 01:00:00+00:00,2013-11-20 12:00:00+11:00,2013-11-20,12,3,2013-11-20 00:00:00+00:00,1,0.784487179,16.830000000000002,7.64,3611407.0,3870868.0,3611407.0,3870868.0
2013-11-20 02:00:00+00:00,2013-11-20 13:00:00+11:00,2013-11-20,13,4,2013-11-20 00:00:00+00:00,2,0.776602564,15.8,3.27,7341042.0,7904483.0,3729635.0,4033615.0
2013-11-20 03:00:00+00:00,2013-11-20 14:00:00+11:00,2013-11-20,14,5,2013-11-20 00:00:00+00:00,3,0.713782051,15.77,5.46,10910334.0,11736781.0,3569292.0,3832298.0
2013-11-20 04:00:00+00:00,2013-11-20 15:00:00+11:00,2013-11-20,15,6,2013-11-20 00:00:00+00:00,4,0.603076923,16.46,7.52,13720011.0,14976113.0,2809677.0,3239332.0
2013-11-20 05:00:00+00:00,2013-11-20 16:00:00+11:00,2013-11-20,16,7,2013-11-20 00:00:00+00:00,5,0.428653846,18.68,26.39,16309138.0,17928048.0,2589127.0,2951935.0
2013-11-20 06:00:00+00:00,2013-11-20 17:00:00+11:00,2013-11-20,17,8,2013-11-20 00:00:00+00:00,6,0.225512821,26.33,15.75,18092592.0,20069888.0,1783454.0,2141840.0
2013-11-20 07:00:00+00:00,2013-11-20 18:00:00+11:00,2013-11-20,18,9,2013-11-20 00:00:00+00:00,7,0.160769231,30.84,25.89,19518544.0,21779664.0,1425952.0,1709776.0
2013-11-20 08:00:00+00:00,2013-11-20 19:00:00+11:00,2013-11-20,19,10,2013-11-20 00:00:00+00:00,8,0.058076923,30.58,24.59,20015968.0,22477360.0,497424.0,697696.0
2013-11-20 09:00:00+00:00,2013-11-20 20:00:00+11:00,2013-11-20,20,11,2013-11-20 00:00:00+00:00,9,0.01775641,30.36,24.61,20093568.0,22629632.0,77600.0,152272.0
2013-11-20 22:00:00+00:00,2013-11-21 09:00:00+11:00,2013-11-21,9,0,2013-11-20 00:00:00+00:00,22,0.445769231,26.9,27.07,23196432.0,26439184.0,1802480.0,2111344.0
2013-11-20 23:00:00+00:00,2013-11-21 10:00:00+11:00,2013-11-21,10,1,2013-11-20 00:00:00+00:00,23,0.198461538,24.85,24.15,25734768.0,29316448.0,2538336.0,2877264.0
2013-11-21 00:00:00+00:00,2013-11-21 11:00:00+11:00,2013-11-21,11,2,2013-11-20 00:00:00+00:00,24,0.181474359,23.4,23.35,28601312.0,32673712.0,2866544.0,3357264.0
2013-11-21 01:00:00+00:00,2013-11-21 12:00:00+11:00,2013-11-21,12,3,2013-11-21 00:00:00+00:00,1,0.400705128,22.22,22.1,2874258.0,3438404.0,2874258.0,3438404.0
2013-11-21 02:00:00+00:00,2013-11-21 13:00:00+11:00,2013-11-21,13,4,2013-11-21 00:00:00+00:00,2,0.319679487,21.72,22.0,4654455.0,6168187.0,1780197.0,2729783.0
2013-11-21 03:00:00+00:00,2013-11-21 14:00:00+11:00,2013-11-21,14,5,2013-11-21 00:00:00+00:00,3,0.643397436,21.56,21.02,7844410.0,9896404.0,3189955.0,3728217.0
2013-11-21 04:00:00+00:00,2013-11-21 15:00:00+11:00,2013-11-21,15,6,2013-11-21 00:00:00+00:00,4,0.404871795,21.75,21.67,10123552.0,12724597.0,2279142.0,2828193.0
2013-11-21 05:00:00+00:00,2013-11-21 16:00:00+11:00,2013-11-21,16,7,2013-11-21 00:00:00+00:00,5,0.369230769,23.04,21.76,12240325.0,15393637.0,2116773.0,2669040.0
2013-11-21 06:00:00+00:00,2013-11-21 17:00:00+11:00,2013-11-21,17,8,2013-11-21 00:00:00+00:00,6,0.216538462,30.12,23.54,14495617.0,17978288.0,2255292.0,2584651.0
2013-11-21 07:00:00+00:00,2013-11-21 18:00:00+11:00,2013-11-21,18,9,2013-11-21 00:00:00+00:00,7,0.118141026,32.38,26.65,15805157.0,19619824.0,1309540.0,1641536.0
2013-11-21 08:00:00+00:00,2013-11-21 19:00:00+11:00,2013-11-21,19,10,2013-11-21 00:00:00+00:00,8,0.010897436,32.46,24.39,16064620.0,20137872.0,259463.0,518048.0
2013-11-21 09:00:00+00:00,2013-11-21 20:00:00+11:00,2013-11-21,20,11,2013-11-21 00:00:00+00:00,9,0.023717949,32.67,26.24,16084687.0,20245664.0,20067.0,107792.0
2013-11-21 22:00:00+00:00,2013-11-22 09:00:00+11:00,2013-11-22,9,0,2013-11-21 00:00:00+00:00,22,0.219038462,24.07,72.7,17666368.0,22745296.0,926087.0,1388880.0
2013-11-21 23:00:00+00:00,2013-11-22 10:00:00+11:00,2013-11-22,10,1,2013-11-21 00:00:00+00:00,23,0.375512821,22.07,20.12,18872544.0,24588480.0,1206176.0,1843184.0
2013-11-22 00:00:00+00:00,2013-11-22 11:00:00+11:00,2013-11-22,11,2,2013-11-21 00:00:00+00:00,24,0.366474359,21.46,20.69,20533888.0,26979920.0,1661344.0,2391440.0
2013-11-22 01:00:00+00:00,2013-11-22 12:00:00+11:00,2013-11-22,12,3,2013-11-22 00:00:00+00:00,1,0.631025641,20.7,18.33,2904151.0,3490758.0,2904151.0,3490758.0
2013-11-22 02:00:00+00:00,2013-11-22 13:00:00+11:00,2013-11-22,13,4,2013-11-22 00:00:00+00:00,2,0.789615385,20.18,17.28,5544493.0,6771013.0,2640342.0,3280255.0
2013-11-22 03:00:00+00:00,2013-11-22 14:00:00+11:00,2013-11-22,14,5,2013-11-22 00:00:00+00:00,3,0.743269231,19.65,19.23,8079883.0,10054806.0,2535390.0,3283793.0
2013-11-22 04:00:00+00:00,2013-11-22 15:00:00+11:00,2013-11-22,15,6,2013-11-22 00:00:00+00:00,4,0.611666667,19.85,20.77,11093102.0,13547872.0,3013219.0,3493066.0
2013-11-22 05:00:00+00:00,2013-11-22 16:00:00+11:00,2013-11-22,16,7,2013-11-22 00:00:00+00:00,5,0.408205128,21.54,20.18,13634989.0,16531015.0,2541887.0,2983143.0
2013-11-22 06:00:00+00:00,2013-11-22 17:00:00+11:00,2013-11-22,17,8,2013-11-22 00:00:00+00:00,6,0.257115385,28.32,25.21,15710579.0,19004736.0,2075590.0,2473721.0
2013-11-22 07:00:00+00:00,2013-11-22 18:00:00+11:00,2013-11-22,18,9,2013-11-22 00:00:00+00:00,7,0.059423077,35.13,29.62,17206144.0,20806176.0,1495565.0,1801440.0
2013-11-22 08:00:00+00:00,2013-11-22 19:00:00+11:00,2013-11-22,19,10,2013-11-22 00:00:00+00:00,8,0.044487179,35.44,29.7,17905616.0,21741808.0,699472.0,935632.0
2013-11-22 09:00:00+00:00,2013-11-22 20:00:00+11:00,2013-11-22,20,11,2013-11-22 00:00:00+00:00,9,0.012948718,36.95,33.02,18011232.0,21948944.0,105616.0,207136.0
2013-11-22 22:00:00+00:00,2013-11-23 09:00:00+11:00,2013-11-23,9,0,2013-11-22 00:00:00+00:00,22,0.586858974,25.47,25.06,21497760.0,25932800.0,1970048.0,2160432.0
2013-11-22 23:00:00+00:00,2013-11-23 10:00:00+11:00,2013-11-23,10,1,2013-11-22 00:00:00+00:00,23,0.719230769,23.59,24.13,24219664.0,28844368.0,2721904.0,2911568.0
2013-11-23 00:00:00+00:00,2013-11-23 11:00:00+11:00,2013-11-23,11,2,2013-11-22 00:00:00+00:00,24,0.809102564,23.89,21.87,27388400.0,32247968.0,3168736.0,3403600.0
2013-11-23 01:00:00+00:00,2013-11-23 12:00:00+11:00,2013-11-23,12,3,2013-11-23 00:00:00+00:00,1,0.803076923,23.01,23.65,3733004.0,3911409.0,3733004.0,3911409.0
2013-11-23 02:00:00+00:00,2013-11-23 13:00:00+11:00,2013-11-23,13,4,2013-11-23 00:00:00+00:00,2,0.544102564,21.5,22.92,7611526.0,7990068.0,3878522.0,4078659.0
2013-11-23 03:00:00+00:00,2013-11-23 14:00:00+11:00,2013-11-23,14,5,2013-11-23 00:00:00+00:00,3,0.771089744,21.64,23.11,11422860.0,12005627.0,3811334.0,4015559.0
2013-11-23 04:00:00+00:00,2013-11-23 15:00:00+11:00,2013-11-23,15,6,2013-11-23 00:00:00+00:00,4,0.617307692,21.62,22.24,14955448.0,15767784.0,3532588.0,3762157.0
2013-11-23 05:00:00+00:00,2013-11-23 16:00:00+11:00,2013-11-23,16,7,2013-11-23 00:00:00+00:00,5,0.425192308,22.2,23.62,17894976.0,18986240.0,2939528.0,3218456.0
2013-11-23 06:00:00+00:00,2013-11-23 17:00:00+11:00,2013-11-23,17,8,2013-11-23 00:00:00+00:00,6,0.189615385,25.98,41.11,20042016.0,21454272.0,2147040.0,2468032.0
2013-11-23 07:00:00+00:00,2013-11-23 18:00:00+11:00,2013-11-23,18,9,2013-11-23 00:00:00+00:00,7,0.123589744,29.91,25.84,21652320.0,23318800.0,1610304.0,1864528.0
2013-11-23 08:00:00+00:00,2013-11-23 19:00:00+11:00,2013-11-23,19,10,2013-11-23 00:00:00+00:00,8,0.062692308,32.72,27.63,22466480.0,24344656.0,814160.0,1025856.0
2013-11-23 09:00:00+00:00,2013-11-23 20:00:00+11:00,2013-11-23,20,11,2013-11-23 00:00:00+00:00,9,0.018141026,37.06,32.93,22604400.0,24579680.0,137920.0,235024.0
2013-11-23 22:00:00+00:00,2013-11-24 09:00:00+11:00,2013-11-24,9,0,2013-11-23 00:00:00+00:00,22,0.590192308,32.56,33.99,25711360.0,28354144.0,1658176.0,1965648.0
2013-11-23 23:00:00+00:00,2013-11-24 10:00:00+11:00,2013-11-24,10,1,2013-11-23 00:00:00+00:00,23,0.739807692,29.29,31.03,28137472.0,31098976.0,2426112.0,2744832.0
2013-11-24 00:00:00+00:00,2013-11-24 11:00:00+11:00,2013-11-24,11,2,2013-11-23 00:00:00+00:00,24,0.593205128,32.05,30.61,30819040.0,34160640.0,2681568.0,3061664.0
2013-11-24 01:00:00+00:00,2013-11-24 12:00:00+11:00,2013-11-24,12,3,2013-11-24 00:00:00+00:00,1,0.558717949,29.53,32.51,2362331.0,2904969.0,2362331.0,2904969.0
2013-11-24 02:00:00+00:00,2013-11-24 13:00:00+11:00,2013-11-24,13,4,2013-11-24 00:00:00+00:00,2,0.682307692,26.84,36.49,5223594.0,6292158.0,2861263.0,3387189.0
2013-11-24 03:00:00+00:00,2013-11-24 14:00:00+11:00,2013-11-24,14,5,2013-11-24 00:00:00+00:00,3,0.576346154,26.14,26.67,7991632.0,9598492.0,2768038.0,3306334.0
2013-11-24 04:00:00+00:00,2013-11-24 15:00:00+11:00,2013-11-24,15,6,2013-11-24 00:00:00+00:00,4,0.586474359,25.05,26.1,11133387.0,13128960.0,3141755.0,3530468.0
2013-11-24 05:00:00+00:00,2013-11-24 16:00:00+11:00,2013-11-24,16,7,2013-11-24 00:00:00+00:00,5,0.254423077,25.02,25.99,13506492.0,15884194.0,2373105.0,2755234.0
2013-11-24 06:00:00+00:00,2013-11-24 17:00:00+11:00,2013-11-24,17,8,2013-11-24 00:00:00+00:00,6,0.159615385,27.24,25.86,15090757.0,17883200.0,1584265.0,1999006.0
2013-11-24 07:00:00+00:00,2013-11-24 18:00:00+11:00,2013-11-24,18,9,2013-11-24 00:00:00+00:00,7,0.118205128,29.73,27.38,16147780.0,19279728.0,1057023.0,1396528.0
2013-11-24 08:00:00+00:00,2013-11-24 19:00:00+11:00,2013-11-24,19,10,2013-11-24 00:00:00+00:00,8,0.046025641,30.52,24.68,16762858.0,20129488.0,615078.0,849760.0
2013-11-24 09:00:00+00:00,2013-11-24 20:00:00+11:00,2013-11-24,20,11,2013-11-24 00:00:00+00:00,9,0.024358974,32.11,25.48,16865360.0,20329200.0,102502.0,199712.0
2013-11-24 22:00:00+00:00,2013-11-25 09:00:00+11:00,2013-11-25,9,0,2013-11-24 00:00:00+00:00,22,0.468205128,24.48,22.15,19536512.0,23755824.0,1473904.0,1822592.0
2013-11-24 23:00:00+00:00,2013-11-25 10:00:00+11:00,2013-11-25,10,1,2013-11-24 00:00:00+00:00,23,0.594871795,20.76,17.8,21388400.0,26047440.0,1851888.0,2291616.0
2013-11-25 00:00:00+00:00,2013-11-25 11:00:00+11:00,2013-11-25,11,2,2013-11-24 00:00:00+00:00,24,0.461217949,20.35,17.61,23379040.0,28617312.0,1990640.0,2569872.0
2013-11-25 01:00:00+00:00,2013-11-25 12:00:00+11:00,2013-11-25,12,3,2013-11-25 00:00:00+00:00,1,0.743141026,19.95,17.01,2416713.0,2965662.0,2416713.0,2965662.0
2013-11-25 02:00:00+00:00,2013-11-25 13:00:00+11:00,2013-11-25,13,4,2013-11-25 00:00:00+00:00,2,0.52525641,18.48,17.07,5566054.0,6530757.0,3149341.0,3565095.0
2013-11-25 03:00:00+00:00,2013-11-25 14:00:00+11:00,2013-11-25,14,5,2013-11-25 00:00:00+00:00,3,0.487051282,18.68,15.43,8020557.0,9621897.0,2454503.0,3091140.0
2013-11-25 04:00:00+00:00,2013-11-25 15:00:00+11:00,2013-11-25,15,6,2013-11-25 00:00:00+00:00,4,0.260641026,19.12,17.06,10861454.0,12911670.0,2840897.0,3289773.0
2013-11-25 05:00:00+00:00,2013-11-25 16:00:00+11:00,2013-11-25,16,7,2013-11-25 00:00:00+00:00,5,0.299102564,23.22,19.09,13325865.0,15813147.0,2464411.0,2901477.0
2013-11-25 06:00:00+00:00,2013-11-25 17:00:00+11:00,2013-11-25,17,8,2013-11-25 00:00:00+00:00,6,0.248397436,30.75,22.35,14992579.0,17873248.0,1666714.0,2060101.0
2013-11-25 07:00:00+00:00,2013-11-25 18:00:00+11:00,2013-11-25,18,9,2013-11-25 00:00:00+00:00,7,0.062435897,36.72,28.14,16266441.0,19424192.0,1273862.0,1550944.0
2013-11-25 08:00:00+00:00,2013-11-25 19:00:00+11:00,2013-11-25,19,10,2013-11-25 00:00:00+00:00,8,0.037948718,34.76,36.33,16818128.0,20211056.0,551687.0,786864.0
2013-11-25 09:00:00+00:00,2013-11-25 20:00:00+11:00,2013-11-25,20,11,2013-11-25 00:00:00+00:00,9,0.014230769,35.12,30.03,16958368.0,20448800.0,140240.0,237744.0
2013-11-25 22:00:00+00:00,2013-11-26 09:00:00+11:00,2013-11-26,9,0,2013-11-25 00:00:00+00:00,22,0.618397436,25.97,25.83,20527152.0,24428400.0,2011264.0,2157952.0
2013-11-25 23:00:00+00:00,2013-11-26 10:00:00+11:00,2013-11-26,10,1,2013-11-25 00:00:00+00:00,23,0.748461538,24.34,22.8,23299424.0,27338064.0,2772272.0,2909664.0
2013-11-26 00:00:00+00:00,2013-11-26 11:00:00+11:00,2013-11-26,11,2,2013-11-25 00:00:00+00:00,24,0.828653846,23.09,22.61,26682784.0,30852704.0,3383360.0,3514640.0
2013-11-26 01:00:00+00:00,2013-11-26 12:00:00+11:00,2013-11-26,12,3,2013-11-26 00:00:00+00:00,1,0.847051282,22.25,20.94,3794819.0,3920217.0,3794819.0,3920217.0
2013-11-26 02:00:00+00:00,2013-11-26 13:00:00+11:00,2013-11-26,13,4,2013-11-26 00:00:00+00:00,2,0.810897436,21.55,20.67,7769416.0,8040574.0,3974597.0,4120357.0
2013-11-26 03:00:00+00:00,2013-11-26 14:00:00+11:00,2013-11-26,14,5,2013-11-26 00:00:00+00:00,3,0.737628205,21.36,19.24,11683382.0,12130935.0,3913966.0,4090361.0
2013-11-26 04:00:00+00:00,2013-11-26 15:00:00+11:00,2013-11-26,15,6,2013-11-26 00:00:00+00:00,4,0.612884615,21.79,18.38,15306766.0,15960835.0,3623384.0,3829900.0
2013-11-26 05:00:00+00:00,2013-11-26 16:00:00+11:00,2013-11-26,16,7,2013-11-26 00:00:00+00:00,5,0.446282051,23.62,19.24,18430736.0,19316048.0,3123970.0,3355213.0
2013-11-26 06:00:00+00:00,2013-11-26 17:00:00+11:00,2013-11-26,17,8,2013-11-26 00:00:00+00:00,6,0.235769231,28.55,21.01,20881904.0,22015088.0,2451168.0,2699040.0
2013-11-26 07:00:00+00:00,2013-11-26 18:00:00+11:00,2013-11-26,18,9,2013-11-26 00:00:00+00:00,7,0.079423077,34.44,24.8,22514544.0,23902784.0,1632640.0,1887696.0
2013-11-26 08:00:00+00:00,2013-11-26 19:00:00+11:00,2013-11-26,19,10,2013-11-26 00:00:00+00:00,8,0.045897436,33.77,24.52,23253440.0,24847280.0,738896.0,944496.0
2013-11-26 09:00:00+00:00,2013-11-26 20:00:00+11:00,2013-11-26,20,11,2013-11-26 00:00:00+00:00,9,0.015705128,33.24,25.63,23388912.0,25069744.0,135472.0,222464.0
2013-11-26 22:00:00+00:00,2013-11-27 09:00:00+11:00,2013-11-27,9,0,2013-11-26 00:00:00+00:00,22,0.585128205,28.53,27.75,26837296.0,29105296.0,1941504.0,2178832.0
2013-11-26 23:00:00+00:00,2013-11-27 10:00:00+11:00,2013-11-27,10,1,2013-11-26 00:00:00+00:00,23,0.711410256,26.25,26.4,29518960.0,32038272.0,2681664.0,2932976.0
2013-11-27 00:00:00+00:00,2013-11-27 11:00:00+11:00,2013-11-27,11,2,2013-11-26 00:00:00+00:00,24,0.792051282,24.82,28.57,32793200.0,35569168.0,3274240.0,3530896.0
2013-11-27 01:00:00+00:00,2013-11-27 12:00:00+11:00,2013-11-27,12,3,2013-11-27 00:00:00+00:00,1,0.818461538,23.71,24.72,3704440.0,3935720.0,3704440.0,3935720.0
2013-11-27 02:00:00+00:00,2013-11-27 13:00:00+11:00,2013-11-27,13,4,2013-11-27 00:00:00+00:00,2,0.801538462,23.35,24.63,7596934.0,8074027.0,3892494.0,4138307.0
2013-11-27 03:00:00+00:00,2013-11-27 14:00:00+11:00,2013-11-27,14,5,2013-11-27 00:00:00+00:00,3,0.728076923,23.36,26.01,11416240.0,12163983.0,3819306.0,4089956.0
2013-11-27 04:00:00+00:00,2013-11-27 15:00:00+11:00,2013-11-27,15,6,2013-11-27 00:00:00+00:00,4,0.607435897,24.09,35.76,14986992.0,16003884.0,3570752.0,3839901.0
2013-11-27 05:00:00+00:00,2013-11-27 16:00:00+11:00,2013-11-27,16,7,2013-11-27 00:00:00+00:00,5,0.438910256,27.33,40.56,18015248.0,19322160.0,3028256.0,3318276.0
2013-11-27 06:00:00+00:00,2013-11-27 17:00:00+11:00,2013-11-27,17,8,2013-11-27 00:00:00+00:00,6,0.158910256,32.58,30.1,20454144.0,22040800.0,2438896.0,2718640.0
2013-11-27 07:00:00+00:00,2013-11-27 18:00:00+11:00,2013-11-27,18,9,2013-11-27 00:00:00+00:00,7,0.107692308,41.22,29.64,22085120.0,23936496.0,1630976.0,1895696.0
2013-11-27 08:00:00+00:00,2013-11-27 19:00:00+11:00,2013-11-27,19,10,2013-11-27 00:00:00+00:00,8,0.088974359,43.17,33.34,22882112.0,24954000.0,796992.0,1017504.0
2013-11-27 09:00:00+00:00,2013-11-27 20:00:00+11:00,2013-11-27,20,11,2013-11-27 00:00:00+00:00,9,0.02775641,43.84,83.24,23021248.0,25174096.0,139136.0,220096.0
2013-11-27 22:00:00+00:00,2013-11-28 09:00:00+11:00,2013-11-28,9,0,2013-11-27 00:00:00+00:00,22,0.558782051,29.95,28.32,26177920.0,28975776.0,1813760.0,2093840.0
2013-11-27 23:00:00+00:00,2013-11-28 10:00:00+11:00,2013-11-28,10,1,2013-11-27 00:00:00+00:00,23,0.698653846,26.19,25.67,28833168.0,31922544.0,2655248.0,2946768.0
2013-11-28 00:00:00+00:00,2013-11-28 11:00:00+11:00,2013-11-28,11,2,2013-11-27 00:00:00+00:00,24,0.786089744,27.26,24.96,32087376.0,35474720.0,3254208.0,3552176.0
2013-11-28 01:00:00+00:00,2013-11-28 12:00:00+11:00,2013-11-28,12,3,2013-11-28 00:00:00+00:00,1,0.800448718,23.82,27.62,3676993.0,3963152.0,3676993.0,3963152.0
2013-11-28 02:00:00+00:00,2013-11-28 13:00:00+11:00,2013-11-28,13,4,2013-11-28 00:00:00+00:00,2,0.44724359,22.99,21.97,7444022.0,8047365.0,3767029.0,4084213.0
2013-11-28 03:00:00+00:00,2013-11-28 14:00:00+11:00,2013-11-28,14,5,2013-11-28 00:00:00+00:00,3,0.278589744,22.41,21.51,10651470.0,11752098.0,3207448.0,3704733.0
2013-11-28 04:00:00+00:00,2013-11-28 15:00:00+11:00,2013-11-28,15,6,2013-11-28 00:00:00+00:00,4,0.596153846,22.3,21.45,13763449.0,15361727.0,3111979.0,3609629.0
2013-11-28 05:00:00+00:00,2013-11-28 16:00:00+11:00,2013-11-28,16,7,2013-11-28 00:00:00+00:00,5,0.365320513,23.32,22.48,16498515.0,18471632.0,2735066.0,3109905.0
2013-11-28 06:00:00+00:00,2013-11-28 17:00:00+11:00,2013-11-28,17,8,2013-11-28 00:00:00+00:00,6,0.205448718,24.73,22.58,18617232.0,20946528.0,2118717.0,2474896.0
2013-11-28 07:00:00+00:00,2013-11-28 18:00:00+11:00,2013-11-28,18,9,2013-11-28 00:00:00+00:00,7,0.050448718,27.49,25.13,19737040.0,22412688.0,1119808.0,1466160.0
2013-11-28 08:00:00+00:00,2013-11-28 19:00:00+11:00,2013-11-28,19,10,2013-11-28 00:00:00+00:00,8,0.022179487,29.12,42.61,19950352.0,22889792.0,213312.0,477104.0
2013-11-28 09:00:00+00:00,2013-11-28 20:00:00+11:00,2013-11-28,20,11,2013-11-28 00:00:00+00:00,9,0.019487179,33.45,26.62,19994880.0,23033568.0,44528.0,143776.0
2013-11-28 22:00:00+00:00,2013-11-29 09:00:00+11:00,2013-11-29,9,0,2013-11-28 00:00:00+00:00,22,0.131794872,29.34,24.95,20435312.0,24613760.0,208384.0,806464.0
2013-11-28 23:00:00+00:00,2013-11-29 10:00:00+11:00,2013-11-29,10,1,2013-11-28 00:00:00+00:00,23,0.111410256,28.11,29.35,21699360.0,26523968.0,1264048.0,1910208.0
2013-11-29 00:00:00+00:00,2013-11-29 11:00:00+11:00,2013-11-29,11,2,2013-11-28 00:00:00+00:00,24,0.271474359,24.1,32.86,22782608.0,28438272.0,1083248.0,1914304.0
2013-11-29 01:00:00+00:00,2013-11-29 12:00:00+11:00,2013-11-29,12,3,2013-11-29 00:00:00+00:00,1,0.252692308,23.31,25.54,1405524.0,2273366.0,1405524.0,2273366.0
2013-11-29 02:00:00+00:00,2013-11-29 13:00:00+11:00,2013-11-29,13,4,2013-11-29 00:00:00+00:00,2,0.209038462,23.01,25.84,2675180.0,4503834.0,1269656.0,2230468.0
2013-11-29 03:00:00+00:00,2013-11-29 14:00:00+11:00,2013-11-29,14,5,2013-11-29 00:00:00+00:00,3,0.443910256,22.66,25.06,5502712.0,7872931.0,2827532.0,3369097.0
2013-11-29 04:00:00+00:00,2013-11-29 15:00:00+11:00,2013-11-29,15,6,2013-11-29 00:00:00+00:00,4,0.606987179,22.74,24.49,8269921.0,11108338.0,2767209.0,3235407.0
2013-11-29 05:00:00+00:00,2013-11-29 16:00:00+11:00,2013-11-29,16,7,2013-11-29 00:00:00+00:00,5,0.490641026,23.33,24.18,10612455.0,13909197.0,2342534.0,2800859.0
2013-11-29 06:00:00+00:00,2013-11-29 17:00:00+11:00,2013-11-29,17,8,2013-11-29 00:00:00+00:00,6,0.18025641,26.27,26.8,12463984.0,16154745.0,1851529.0,2245548.0
2013-11-29 07:00:00+00:00,2013-11-29 18:00:00+11:00,2013-11-29,18,9,2013-11-29 00:00:00+00:00,7,0.117371795,27.06,25.37,13565401.0,17659104.0,1101417.0,1504359.0
2013-11-29 08:00:00+00:00,2013-11-29 19:00:00+11:00,2013-11-29,19,10,2013-11-29 00:00:00+00:00,8,0.037307692,27.76,24.03,14175409.0,18535392.0,610008.0,876288.0
2013-11-29 09:00:00+00:00,2013-11-29 20:00:00+11:00,2013-11-29,20,11,2013-11-29 00:00:00+00:00,9,0.009615385,28.5,26.09,14309990.0,18787120.0,134581.0,251728.0
2013-11-29 22:00:00+00:00,2013-11-30 09:00:00+11:00,2013-11-30,9,0,2013-11-29 00:00:00+00:00,22,0.603141026,22.67,22.52,17764832.0,22804768.0,1962757.0,2179792.0
2013-11-29 23:00:00+00:00,2013-11-30 10:00:00+11:00,2013-11-30,10,1,2013-11-29 00:00:00+00:00,23,0.654679487,21.23,21.34,20470336.0,25726768.0,2705504.0,2922000.0
2013-11-30 00:00:00+00:00,2013-11-30 11:00:00+11:00,2013-11-30,11,2,2013-11-29 00:00:00+00:00,24,0.801538462,19.77,18.98,23804112.0,29265376.0,3333776.0,3538608.0
2013-11-30 01:00:00+00:00,2013-11-30 12:00:00+11:00,2013-11-30,12,3,2013-11-30 00:00:00+00:00,1,0.830128205,19.01,17.68,3245209.0,3605916.0,3245209.0,3605916.0
2013-11-30 02:00:00+00:00,2013-11-30 13:00:00+11:00,2013-11-30,13,4,2013-11-30 00:00:00+00:00,2,0.804871795,19.21,19.73,6749710.0,7478882.0,3504501.0,3872966.0
2013-11-30 03:00:00+00:00,2013-11-30 14:00:00+11:00,2013-11-30,14,5,2013-11-30 00:00:00+00:00,3,0.732564103,20.1,21.06,10191528.0,11271975.0,3441818.0,3793093.0
2013-11-30 04:00:00+00:00,2013-11-30 15:00:00+11:00,2013-11-30,15,6,2013-11-30 00:00:00+00:00,4,0.618589744,21.38,23.63,13361211.0,14796267.0,3169683.0,3524292.0
2013-11-30 05:00:00+00:00,2013-11-30 16:00:00+11:00,2013-11-30,16,7,2013-11-30 00:00:00+00:00,5,0.451602564,21.55,23.2,15688284.0,17569392.0,2327073.0,2773125.0
2013-11-30 06:00:00+00:00,2013-11-30 17:00:00+11:00,2013-11-30,17,8,2013-11-30 00:00:00+00:00,6,0.263974359,23.68,23.48,17790112.0,19997712.0,2101828.0,2428320.0
2013-11-30 07:00:00+00:00,2013-11-30 18:00:00+11:00,2013-11-30,18,9,2013-11-30 00:00:00+00:00,7,0.074679487,24.66,23.46,19338928.0,21808400.0,1548816.0,1810688.0
2013-11-30 08:00:00+00:00,2013-11-30 19:00:00+11:00,2013-11-30,19,10,2013-11-30 00:00:00+00:00,8,0.034679487,26.46,23.18,20208192.0,22901088.0,869264.0,1092688.0
2013-11-30 09:00:00+00:00,2013-11-30 20:00:00+11:00,2013-11-30,20,11,2013-11-30 00:00:00+00:00,9,0.010897436,30.62,32.26,20391344.0,23202032.0,183152.0,300944.0
2013-11-30 22:00:00+00:00,2013-12-01 09:00:00+11:00,2013-12-01,9,0,2013-11-30 00:00:00+00:00,22,0.152692308,26.18,25.28,22786608.0,26432832.0,1225984.0,1634736.0
2013-11-30 23:00:00+00:00,2013-12-01 10:00:00+11:00,2013-12-01,10,1,2013-11-30 00:00:00+00:00,23,0.416794872,25.38,26.47,24687424.0,28788912.0,1900816.0,2356080.0
2013-12-01 00:00:00+00:00,2013-12-01 11:00:00+11:00,2013-12-01,11,2,2013-11-30 00:00:00+00:00,24,0.437179487,24.38,23.94,27970896.0,32327680.0,3283472.0,3538768.0
2013-12-01 01:00:00+00:00,2013-12-01 12:00:00+11:00,2013-12-01,12,3,2013-12-01 00:00:00+00:00,1,0.816923077,24.44,23.81,3722903.0,3969238.0,3722903.0,3969238.0
2013-12-01 02:00:00+00:00,2013-12-01 13:00:00+11:00,2013-12-01,13,4,2013-12-01 00:00:00+00:00,2,0.821410256,23.83,25.11,7425620.0,7970230.0,3702717.0,4000992.0
2013-12-01 03:00:00+00:00,2013-12-01 14:00:00+11:00,2013-12-01,14,5,2013-12-01 00:00:00+00:00,3,0.733910256,23.83,25.01,11295516.0,12114478.0,3869896.0,4144248.0
2013-12-01 04:00:00+00:00,2013-12-01 15:00:00+11:00,2013-12-01,15,6,2013-12-01 00:00:00+00:00,4,0.617307692,23.87,23.43,14722623.0,15844311.0,3427107.0,3729833.0
2013-12-01 05:00:00+00:00,2013-12-01 16:00:00+11:00,2013-12-01,16,7,2013-12-01 00:00:00+00:00,5,0.399358974,23.98,23.0,17721872.0,19143968.0,2999249.0,3299657.0
2013-12-01 06:00:00+00:00,2013-12-01 17:00:00+11:00,2013-12-01,17,8,2013-12-01 00:00:00+00:00,6,0.253205128,25.05,23.41,20177456.0,21872112.0,2455584.0,2728144.0
2013-12-01 07:00:00+00:00,2013-12-01 18:00:00+11:00,2013-12-01,18,9,2013-12-01 00:00:00+00:00,7,0.079358974,26.07,24.24,21851104.0,23805072.0,1673648.0,1932960.0
2013-12-01 08:00:00+00:00,2013-12-01 19:00:00+11:00,2013-12-01,19,10,2013-12-01 00:00:00+00:00,8,0.058974359,28.0,26.53,22678336.0,24851520.0,827232.0,1046448.0
2013-12-01 09:00:00+00:00,2013-12-01 20:00:00+11:00,2013-12-01,20,11,2013-12-01 00:00:00+00:00,9,0.024358974,31.36,26.66,22854736.0,25127360.0,176400.0,275840.0
2013-12-01 22:00:00+00:00,2013-12-02 09:00:00+11:00,2013-12-02,9,0,2013-12-01 00:00:00+00:00,22,0.458653846,27.9,24.64,25953984.0,28870064.0,1849424.0,2112912.0
2013-12-01 23:00:00+00:00,2013-12-02 10:00:00+11:00,2013-12-02,10,1,2013-12-01 00:00:00+00:00,23,0.543717949,26.24,23.73,28386896.0,31628064.0,2432912.0,2758000.0
2013-12-02 00:00:00+00:00,2013-12-02 11:00:00+11:00,2013-12-02,11,2,2013-12-01 00:00:00+00:00,24,0.715769231,22.44,21.73,31235552.0,34910048.0,2848656.0,3281984.0
2013-12-02 01:00:00+00:00,2013-12-02 12:00:00+11:00,2013-12-02,12,3,2013-12-02 00:00:00+00:00,1,0.564871795,21.92,22.01,3252691.0,3700585.0,3252691.0,3700585.0
2013-12-02 02:00:00+00:00,2013-12-02 13:00:00+11:00,2013-12-02,13,4,2013-12-02 00:00:00+00:00,2,0.810064103,21.67,21.48,6971960.0,7755977.0,3719269.0,4055392.0
2013-12-02 03:00:00+00:00,2013-12-02 14:00:00+11:00,2013-12-02,14,5,2013-12-02 00:00:00+00:00,3,0.682435897,21.41,22.73,10813038.0,11910434.0,3841078.0,4154457.0
2013-12-02 04:00:00+00:00,2013-12-02 15:00:00+11:00,2013-12-02,15,6,2013-12-02 00:00:00+00:00,4,0.592307692,21.59,23.02,14351450.0,15777297.0,3538412.0,3866863.0
2013-12-02 05:00:00+00:00,2013-12-02 16:00:00+11:00,2013-12-02,16,7,2013-12-02 00:00:00+00:00,5,0.425384615,23.24,24.22,17362032.0,19126432.0,3010582.0,3349135.0
2013-12-02 06:00:00+00:00,2013-12-02 17:00:00+11:00,2013-12-02,17,8,2013-12-02 00:00:00+00:00,6,0.233205128,29.36,42.55,19415632.0,21578560.0,2053600.0,2452128.0
2013-12-02 07:00:00+00:00,2013-12-02 18:00:00+11:00,2013-12-02,18,9,2013-12-02 00:00:00+00:00,7,0.109487179,33.18,25.5,20566928.0,23108800.0,1151296.0,1530240.0
2013-12-02 08:00:00+00:00,2013-12-02 19:00:00+11:00,2013-12-02,19,10,2013-12-02 00:00:00+00:00,8,0.046538462,34.87,30.62,21390992.0,24185584.0,824064.0,1076784.0
2013-12-02 09:00:00+00:00,2013-12-02 20:00:00+11:00,2013-12-02,20,11,2013-12-02 00:00:00+00:00,9,0.020833333,34.32,81.61,21584576.0,24500496.0,193584.0,314912.0
2013-12-02 22:00:00+00:00,2013-12-03 09:00:00+11:00,2013-12-03,9,0,2013-12-02 00:00:00+00:00,22,0.530833333,25.96,25.53,24929376.0,28530480.0,1917952.0,2198144.0
2013-12-02 23:00:00+00:00,2013-12-03 10:00:00+11:00,2013-12-03,10,1,2013-12-02 00:00:00+00:00,23,0.669038462,23.07,23.6,27580032.0,31486832.0,2650656.0,2956352.0
2013-12-03 00:00:00+00:00,2013-12-03 11:00:00+11:00,2013-12-03,11,2,2013-12-02 00:00:00+00:00,24,0.660897436,23.38,24.11,30825200.0,35060000.0,3245168.0,3573168.0
2013-12-03 01:00:00+00:00,2013-12-03 12:00:00+11:00,2013-12-03,12,3,2013-12-03 00:00:00+00:00,1,0.606858974,22.61,21.28,3651773.0,3993338.0,3651773.0,3993338.0
2013-12-03 02:00:00+00:00,2013-12-03 13:00:00+11:00,2013-12-03,13,4,2013-12-03 00:00:00+00:00,2,0.415384615,22.24,22.72,7428403.0,8137336.0,3776630.0,4143998.0
2013-12-03 03:00:00+00:00,2013-12-03 14:00:00+11:00,2013-12-03,14,5,2013-12-03 00:00:00+00:00,3,0.713525641,21.82,23.12,11245352.0,12319586.0,3816949.0,4182250.0
2013-12-03 04:00:00+00:00,2013-12-03 15:00:00+11:00,2013-12-03,15,6,2013-12-03 00:00:00+00:00,4,0.584038462,21.86,22.63,14763857.0,16207308.0,3518505.0,3887722.0
2013-12-03 05:00:00+00:00,2013-12-03 16:00:00+11:00,2013-12-03,16,7,2013-12-03 00:00:00+00:00,5,0.425897436,23.18,23.18,17676240.0,19501296.0,2912383.0,3293988.0
2013-12-03 06:00:00+00:00,2013-12-03 17:00:00+11:00,2013-12-03,17,8,2013-12-03 00:00:00+00:00,6,0.227948718,29.24,26.32,19643840.0,21912608.0,1967600.0,2411312.0
2013-12-03 07:00:00+00:00,2013-12-03 18:00:00+11:00,2013-12-03,18,9,2013-12-03 00:00:00+00:00,7,0.071025641,32.32,64.66,20929088.0,23556448.0,1285248.0,1643840.0
2013-12-03 08:00:00+00:00,2013-12-03 19:00:00+11:00,2013-12-03,19,10,2013-12-03 00:00:00+00:00,8,0.037307692,34.12,25.72,21785584.0,24669856.0,856496.0,1113408.0
2013-12-03 09:00:00+00:00,2013-12-03 20:00:00+11:00,2013-12-03,20,11,2013-12-03 00:00:00+00:00,9,0.013717949,33.980000000000004,25.87,21984176.0,25001600.0,198592.0,331744.0
2013-12-03 22:00:00+00:00,2013-12-04 09:00:00+11:00,2013-12-04,9,0,2013-12-03 00:00:00+00:00,22,0.384871795,24.68,27.28,24047552.0,27870736.0,979648.0,1385792.0
2013-12-03 23:00:00+00:00,2013-12-04 10:00:00+11:00,2013-12-04,10,1,2013-12-03 00:00:00+00:00,23,0.433461538,23.04,27.54,25705120.0,30032592.0,1657568.0,2161856.0
2013-12-04 00:00:00+00:00,2013-12-04 11:00:00+11:00,2013-12-04,11,2,2013-12-03 00:00:00+00:00,24,0.452179487,22.57,23.05,28042304.0,32940112.0,2337184.0,2907520.0
2013-12-04 01:00:00+00:00,2013-12-04 12:00:00+11:00,2013-12-04,12,3,2013-12-04 00:00:00+00:00,1,0.465641026,21.37,24.19,2982783.0,3530435.0,2982783.0,3530435.0
2013-12-04 02:00:00+00:00,2013-12-04 13:00:00+11:00,2013-12-04,13,4,2013-12-04 00:00:00+00:00,2,0.751153846,20.52,21.53,6228260.0,7267388.0,3245477.0,3736953.0
2013-12-04 03:00:00+00:00,2013-12-04 14:00:00+11:00,2013-12-04,14,5,2013-12-04 00:00:00+00:00,3,0.723397436,19.96,21.68,10046543.0,11425888.0,3818283.0,4158500.0
2013-12-04 04:00:00+00:00,2013-12-04 15:00:00+11:00,2013-12-04,15,6,2013-12-04 00:00:00+00:00,4,0.496666667,20.22,24.24,13580288.0,15307801.0,3533745.0,3881913.0
2013-12-04 05:00:00+00:00,2013-12-04 16:00:00+11:00,2013-12-04,16,7,2013-12-04 00:00:00+00:00,5,0.373205128,21.5,23.71,16291396.0,18433648.0,2711108.0,3125847.0
2013-12-04 06:00:00+00:00,2013-12-04 17:00:00+11:00,2013-12-04,17,8,2013-12-04 00:00:00+00:00,6,0.233141026,25.82,29.73,18455696.0,20990112.0,2164300.0,2556464.0
2013-12-04 07:00:00+00:00,2013-12-04 18:00:00+11:00,2013-12-04,18,9,2013-12-04 00:00:00+00:00,7,0.092948718,31.77,29.64,19830112.0,22683744.0,1374416.0,1693632.0
2013-12-04 08:00:00+00:00,2013-12-04 19:00:00+11:00,2013-12-04,19,10,2013-12-04 00:00:00+00:00,8,0.051474359,32.08,70.7,20443760.0,23573936.0,613648.0,890192.0
2013-12-04 09:00:00+00:00,2013-12-04 20:00:00+11:00,2013-12-04,20,11,2013-12-04 00:00:00+00:00,9,0.014423077,31.56,56.07,20616944.0,23863504.0,173184.0,289568.0
2013-12-04 22:00:00+00:00,2013-12-05 09:00:00+11:00,2013-12-05,9,0,2013-12-04 00:00:00+00:00,22,0.460384615,22.07,19.64,23727840.0,27592320.0,1691648.0,1949120.0
2013-12-04 23:00:00+00:00,2013-12-05 10:00:00+11:00,2013-12-05,10,1,2013-12-04 00:00:00+00:00,23,0.619166667,20.75,19.43,25888848.0,30079664.0,2161008.0,2487344.0
2013-12-05 00:00:00+00:00,2013-12-05 11:00:00+11:00,2013-12-05,11,2,2013-12-04 00:00:00+00:00,24,0.463525641,20.36,13.59,28828720.0,33302736.0,2939872.0,3223072.0
2013-12-05 01:00:00+00:00,2013-12-05 12:00:00+11:00,2013-12-05,12,3,2013-12-05 00:00:00+00:00,1,0.203333333,19.34,11.19,2055858.0,2703928.0,2055858.0,2703928.0
2013-12-05 02:00:00+00:00,2013-12-05 13:00:00+11:00,2013-12-05,13,4,2013-12-05 00:00:00+00:00,2,0.089423077,18.52,13.91,4717263.0,6007562.0,2661405.0,3303634.0
2013-12-05 03:00:00+00:00,2013-12-05 14:00:00+11:00,2013-12-05,14,5,2013-12-05 00:00:00+00:00,3,0.475705128,18.13,8.950000000000001,7740292.0,9592926.0,3023029.0,3585364.0
2013-12-05 04:00:00+00:00,2013-12-05 15:00:00+11:00,2013-12-05,15,6,2013-12-05 00:00:00+00:00,4,0.430448718,18.96,15.610000000000005,10150514.0,12556227.0,2410222.0,2963301.0
2013-12-05 05:00:00+00:00,2013-12-05 16:00:00+11:00,2013-12-05,16,7,2013-12-05 00:00:00+00:00,5,0.161025641,21.12,17.82,12517010.0,15439527.0,2366496.0,2883300.0
2013-12-05 06:00:00+00:00,2013-12-05 17:00:00+11:00,2013-12-05,17,8,2013-12-05 00:00:00+00:00,6,0.258653846,25.68,29.66,14668293.0,17959472.0,2151283.0,2519945.0
2013-12-05 07:00:00+00:00,2013-12-05 18:00:00+11:00,2013-12-05,18,9,2013-12-05 00:00:00+00:00,7,0.106346154,30.62,25.27,16280870.0,19821792.0,1612577.0,1862320.0
2013-12-05 08:00:00+00:00,2013-12-05 19:00:00+11:00,2013-12-05,19,10,2013-12-05 00:00:00+00:00,8,0.062628205,32.87,24.75,16897120.0,20676768.0,616250.0,854976.0
2013-12-05 09:00:00+00:00,2013-12-05 20:00:00+11:00,2013-12-05,20,11,2013-12-05 00:00:00+00:00,9,0.047628205,31.35,28.22,17066224.0,20953840.0,169104.0,277072.0
2013-12-05 22:00:00+00:00,2013-12-06 09:00:00+11:00,2013-12-06,9,0,2013-12-05 00:00:00+00:00,22,0.621794872,29.54,25.4,20584064.0,24942640.0,1994640.0,2164880.0
2013-12-05 23:00:00+00:00,2013-12-06 10:00:00+11:00,2013-12-06,10,1,2013-12-05 00:00:00+00:00,23,0.756089744,28.17,26.67,23342208.0,27861248.0,2758144.0,2918608.0
2013-12-06 00:00:00+00:00,2013-12-06 11:00:00+11:00,2013-12-06,11,2,2013-12-05 00:00:00+00:00,24,0.841089744,25.14,25.47,26735760.0,31408352.0,3393552.0,3547104.0
2013-12-06 01:00:00+00:00,2013-12-06 12:00:00+11:00,2013-12-06,12,3,2013-12-06 00:00:00+00:00,1,0.848525641,23.85,24.53,3814932.0,3961517.0,3814932.0,3961517.0
2013-12-06 02:00:00+00:00,2013-12-06 13:00:00+11:00,2013-12-06,13,4,2013-12-06 00:00:00+00:00,2,0.850320513,23.17,24.66,7817357.0,8126815.0,4002425.0,4165298.0
2013-12-06 03:00:00+00:00,2013-12-06 14:00:00+11:00,2013-12-06,14,5,2013-12-06 00:00:00+00:00,3,0.722692308,23.34,23.96,11805988.0,12287878.0,3988631.0,4161063.0
2013-12-06 04:00:00+00:00,2013-12-06 15:00:00+11:00,2013-12-06,15,6,2013-12-06 00:00:00+00:00,4,0.621602564,24.04,24.83,15494348.0,16174270.0,3688360.0,3886392.0
2013-12-06 05:00:00+00:00,2013-12-06 16:00:00+11:00,2013-12-06,16,7,2013-12-06 00:00:00+00:00,5,0.489102564,26.33,24.8,18683696.0,19585920.0,3189348.0,3411650.0
2013-12-06 06:00:00+00:00,2013-12-06 17:00:00+11:00,2013-12-06,17,8,2013-12-06 00:00:00+00:00,6,0.25474359,33.12,56.19,21260560.0,22390720.0,2576864.0,2804800.0
2013-12-06 07:00:00+00:00,2013-12-06 18:00:00+11:00,2013-12-06,18,9,2013-12-06 00:00:00+00:00,7,0.066025641,41.06,40.12,23062416.0,24423136.0,1801856.0,2032416.0
2013-12-06 08:00:00+00:00,2013-12-06 19:00:00+11:00,2013-12-06,19,10,2013-12-06 00:00:00+00:00,8,0.035128205,43.83,77.06,24038848.0,25606576.0,976432.0,1183440.0
2013-12-06 09:00:00+00:00,2013-12-06 20:00:00+11:00,2013-12-06,20,11,2013-12-06 00:00:00+00:00,9,0.01724359,43.93,30.71,24281312.0,25972032.0,242464.0,365456.0
2013-12-06 22:00:00+00:00,2013-12-07 09:00:00+11:00,2013-12-07,9,0,2013-12-06 00:00:00+00:00,22,0.585,35.07,48.68,27826256.0,30011216.0,1983408.0,2174128.0
2013-12-06 23:00:00+00:00,2013-12-07 10:00:00+11:00,2013-12-07,10,1,2013-12-06 00:00:00+00:00,23,0.736858974,31.05,29.55,30557120.0,32935040.0,2730864.0,2923824.0
2013-12-07 00:00:00+00:00,2013-12-07 11:00:00+11:00,2013-12-07,11,2,2013-12-06 00:00:00+00:00,24,0.740897436,29.41,33.410000000000004,33862048.0,36437648.0,3304928.0,3502608.0
2013-12-07 01:00:00+00:00,2013-12-07 12:00:00+11:00,2013-12-07,12,3,2013-12-07 00:00:00+00:00,1,0.787435897,29.33,30.06,3621870.0,3834124.0,3621870.0,3834124.0
2013-12-07 02:00:00+00:00,2013-12-07 13:00:00+11:00,2013-12-07,13,4,2013-12-07 00:00:00+00:00,2,0.705128205,27.88,27.62,7454340.0,7915834.0,3832470.0,4081710.0
2013-12-07 03:00:00+00:00,2013-12-07 14:00:00+11:00,2013-12-07,14,5,2013-12-07 00:00:00+00:00,3,0.74025641,27.19,25.76,11236598.0,11985144.0,3782258.0,4069310.0
2013-12-07 04:00:00+00:00,2013-12-07 15:00:00+11:00,2013-12-07,15,6,2013-12-07 00:00:00+00:00,4,0.634807692,27.79,26.21,14937806.0,15906035.0,3701208.0,3920891.0
2013-12-07 05:00:00+00:00,2013-12-07 16:00:00+11:00,2013-12-07,16,7,2013-12-07 00:00:00+00:00,5,0.46474359,28.99,37.28,18163328.0,19362128.0,3225522.0,3456093.0
2013-12-07 06:00:00+00:00,2013-12-07 17:00:00+11:00,2013-12-07,17,8,2013-12-07 00:00:00+00:00,6,0.248525641,34.47,31.85,20736864.0,22176208.0,2573536.0,2814080.0
2013-12-07 07:00:00+00:00,2013-12-07 18:00:00+11:00,2013-12-07,18,9,2013-12-07 00:00:00+00:00,7,0.065705128,39.69,28.48,22536592.0,24217552.0,1799728.0,2041344.0
2013-12-07 08:00:00+00:00,2013-12-07 19:00:00+11:00,2013-12-07,19,10,2013-12-07 00:00:00+00:00,8,0.034935897,43.08,74.72,23516480.0,25412784.0,979888.0,1195232.0
2013-12-07 09:00:00+00:00,2013-12-07 20:00:00+11:00,2013-12-07,20,11,2013-12-07 00:00:00+00:00,9,0.017564103,46.58,91.51,23764048.0,25788640.0,247568.0,375856.0
2013-12-07 22:00:00+00:00,2013-12-08 09:00:00+11:00,2013-12-08,9,0,2013-12-07 00:00:00+00:00,22,0.572820513,36.67,31.75,27189808.0,29831440.0,1945424.0,2187952.0
2013-12-07 23:00:00+00:00,2013-12-08 10:00:00+11:00,2013-12-08,10,1,2013-12-07 00:00:00+00:00,23,0.701730769,32.730000000000004,31.07,29881568.0,32770496.0,2691760.0,2939056.0
2013-12-08 00:00:00+00:00,2013-12-08 11:00:00+11:00,2013-12-08,11,2,2013-12-07 00:00:00+00:00,24,0.784551282,29.77,34.46,33197904.0,36327696.0,3316336.0,3557200.0
2013-12-08 01:00:00+00:00,2013-12-08 12:00:00+11:00,2013-12-08,12,3,2013-12-08 00:00:00+00:00,1,0.829038462,29.18,28.8,3756602.0,3976522.0,3756602.0,3976522.0
2013-12-08 02:00:00+00:00,2013-12-08 13:00:00+11:00,2013-12-08,13,4,2013-12-08 00:00:00+00:00,2,0.804038462,26.49,31.09,7717040.0,8168682.0,3960438.0,4192160.0
2013-12-08 03:00:00+00:00,2013-12-08 14:00:00+11:00,2013-12-08,14,5,2013-12-08 00:00:00+00:00,3,0.731089744,25.56,26.86,11664892.0,12345108.0,3947852.0,4176426.0
2013-12-08 04:00:00+00:00,2013-12-08 15:00:00+11:00,2013-12-08,15,6,2013-12-08 00:00:00+00:00,4,0.618782051,25.39,25.92,15349412.0,16272462.0,3684520.0,3927354.0
2013-12-08 05:00:00+00:00,2013-12-08 16:00:00+11:00,2013-12-08,16,7,2013-12-08 00:00:00+00:00,5,0.453910256,26.85,26.08,18555504.0,19742544.0,3206092.0,3470082.0
2013-12-08 06:00:00+00:00,2013-12-08 17:00:00+11:00,2013-12-08,17,8,2013-12-08 00:00:00+00:00,6,0.244807692,29.17,27.45,21097392.0,22565488.0,2541888.0,2822944.0
2013-12-08 07:00:00+00:00,2013-12-08 18:00:00+11:00,2013-12-08,18,9,2013-12-08 00:00:00+00:00,7,0.075769231,34.34,24.99,22875648.0,24623216.0,1778256.0,2057728.0
2013-12-08 08:00:00+00:00,2013-12-08 19:00:00+11:00,2013-12-08,19,10,2013-12-08 00:00:00+00:00,8,0.047115385,37.8,25.19,23843360.0,25833744.0,967712.0,1210528.0
2013-12-08 09:00:00+00:00,2013-12-08 20:00:00+11:00,2013-12-08,20,11,2013-12-08 00:00:00+00:00,9,0.021153846,40.3,27.25,24091072.0,26220240.0,247712.0,386496.0
2013-12-08 22:00:00+00:00,2013-12-09 09:00:00+11:00,2013-12-09,9,0,2013-12-08 00:00:00+00:00,22,0.168012821,34.7,33.94,27164704.0,29967536.0,1611408.0,1898480.0
2013-12-08 23:00:00+00:00,2013-12-09 10:00:00+11:00,2013-12-09,10,1,2013-12-08 00:00:00+00:00,23,0.395961538,26.97,31.26,29335568.0,32520320.0,2170864.0,2552784.0
2013-12-09 00:00:00+00:00,2013-12-09 11:00:00+11:00,2013-12-09,11,2,2013-12-08 00:00:00+00:00,24,0.521858974,25.67,30.56,31808432.0,35556080.0,2472864.0,3035760.0
2013-12-09 01:00:00+00:00,2013-12-09 12:00:00+11:00,2013-12-09,12,3,2013-12-09 00:00:00+00:00,1,0.597692308,23.75,23.09,3161757.0,3653115.0,3161757.0,3653115.0
2013-12-09 02:00:00+00:00,2013-12-09 13:00:00+11:00,2013-12-09,13,4,2013-12-09 00:00:00+00:00,2,0.542820513,22.93,23.96,5990215.0,7066040.0,2828458.0,3412925.0
2013-12-09 03:00:00+00:00,2013-12-09 14:00:00+11:00,2013-12-09,14,5,2013-12-09 00:00:00+00:00,3,0.726089744,21.87,22.36,8552289.0,10264765.0,2562074.0,3198725.0
2013-12-09 04:00:00+00:00,2013-12-09 15:00:00+11:00,2013-12-09,15,6,2013-12-09 00:00:00+00:00,4,0.456025641,22.16,41.66,11529569.0,13751830.0,2977280.0,3487065.0
2013-12-09 05:00:00+00:00,2013-12-09 16:00:00+11:00,2013-12-09,16,7,2013-12-09 00:00:00+00:00,5,0.122435897,23.44,30.23,12790677.0,15759423.0,1261108.0,2007593.0
2013-12-09 06:00:00+00:00,2013-12-09 17:00:00+11:00,2013-12-09,17,8,2013-12-09 00:00:00+00:00,6,0.191987179,29.99,35.62,13311190.0,17030400.0,520513.0,1270977.0
2013-12-09 07:00:00+00:00,2013-12-09 18:00:00+11:00,2013-12-09,18,9,2013-12-09 00:00:00+00:00,7,0.134230769,37.81,35.69,13605761.0,17877552.0,294571.0,847152.0
2013-12-09 08:00:00+00:00,2013-12-09 19:00:00+11:00,2013-12-09,19,10,2013-12-09 00:00:00+00:00,8,0.045384615,41.11,33.38,14015071.0,18595440.0,409310.0,717888.0
2013-12-09 09:00:00+00:00,2013-12-09 20:00:00+11:00,2013-12-09,20,11,2013-12-09 00:00:00+00:00,9,0.018589744,41.4,32.33,14081993.0,18809024.0,66922.0,213584.0
2013-12-09 22:00:00+00:00,2013-12-10 09:00:00+11:00,2013-12-10,9,0,2013-12-09 00:00:00+00:00,22,0.584230769,31.47000000000001,46.74,17482192.0,22777472.0,1959120.0,2158464.0
2013-12-09 23:00:00+00:00,2013-12-10 10:00:00+11:00,2013-12-10,10,1,2013-12-09 00:00:00+00:00,23,0.740192308,25.51,50.82,20243712.0,25703952.0,2761520.0,2926480.0
2013-12-10 00:00:00+00:00,2013-12-10 11:00:00+11:00,2013-12-10,11,2,2013-12-09 00:00:00+00:00,24,0.836858974,29.59,32.39,23620800.0,29253824.0,3377088.0,3549872.0
2013-12-10 01:00:00+00:00,2013-12-10 12:00:00+11:00,2013-12-10,12,3,2013-12-10 00:00:00+00:00,1,0.864935897,25.53,27.29,3803375.0,3977642.0,3803375.0,3977642.0
2013-12-10 02:00:00+00:00,2013-12-10 13:00:00+11:00,2013-12-10,13,4,2013-12-10 00:00:00+00:00,2,0.845897436,24.41,23.5,7813491.0,8174841.0,4010116.0,4197199.0
2013-12-10 03:00:00+00:00,2013-12-10 14:00:00+11:00,2013-12-10,14,5,2013-12-10 00:00:00+00:00,3,0.774807692,23.86,24.04,11806291.0,12358140.0,3992800.0,4183299.0
2013-12-10 04:00:00+00:00,2013-12-10 15:00:00+11:00,2013-12-10,15,6,2013-12-10 00:00:00+00:00,4,0.657115385,25.59,24.05,15552274.0,16296605.0,3745983.0,3938465.0
2013-12-10 05:00:00+00:00,2013-12-10 16:00:00+11:00,2013-12-10,16,7,2013-12-10 00:00:00+00:00,5,0.477820513,28.64,32.230000000000004,18824784.0,19778480.0,3272510.0,3481875.0
2013-12-10 06:00:00+00:00,2013-12-10 17:00:00+11:00,2013-12-10,17,8,2013-12-10 00:00:00+00:00,6,0.258397436,33.64,43.71,21426512.0,22618016.0,2601728.0,2839536.0
2013-12-10 07:00:00+00:00,2013-12-10 18:00:00+11:00,2013-12-10,18,9,2013-12-10 00:00:00+00:00,7,0.068782051,47.25,51.59,23251824.0,24692704.0,1825312.0,2074688.0
2013-12-10 08:00:00+00:00,2013-12-10 19:00:00+11:00,2013-12-10,19,10,2013-12-10 00:00:00+00:00,8,0.035384615,48.2,35.25,24259136.0,25924128.0,1007312.0,1231424.0
2013-12-10 09:00:00+00:00,2013-12-10 20:00:00+11:00,2013-12-10,20,11,2013-12-10 00:00:00+00:00,9,0.018269231,47.12,39.14,24531040.0,26330000.0,271904.0,405872.0
2013-12-10 22:00:00+00:00,2013-12-11 09:00:00+11:00,2013-12-11,9,0,2013-12-10 00:00:00+00:00,22,0.585,41.77,31.89,28048528.0,30362320.0,1971248.0,2174464.0
2013-12-10 23:00:00+00:00,2013-12-11 10:00:00+11:00,2013-12-11,10,1,2013-12-10 00:00:00+00:00,23,0.736025641,32.89,31.31,30769456.0,33292960.0,2720928.0,2930640.0
2013-12-11 00:00:00+00:00,2013-12-11 11:00:00+11:00,2013-12-11,11,2,2013-12-10 00:00:00+00:00,24,0.821346154,31.6,29.44,34106080.0,36842128.0,3336624.0,3549168.0
2013-12-11 01:00:00+00:00,2013-12-11 12:00:00+11:00,2013-12-11,12,3,2013-12-11 00:00:00+00:00,1,0.849935897,28.16,27.06,3769544.0,3986794.0,3769544.0,3986794.0
2013-12-11 02:00:00+00:00,2013-12-11 13:00:00+11:00,2013-12-11,13,4,2013-12-11 00:00:00+00:00,2,0.848717949,27.14,22.64,7746061.0,8196469.0,3976517.0,4209675.0
2013-12-11 03:00:00+00:00,2013-12-11 14:00:00+11:00,2013-12-11,14,5,2013-12-11 00:00:00+00:00,3,0.757435897,26.06,24.25,11654094.0,12368615.0,3908033.0,4172146.0
2013-12-11 04:00:00+00:00,2013-12-11 15:00:00+11:00,2013-12-11,15,6,2013-12-11 00:00:00+00:00,4,0.61775641,26.8,28.82,15316351.0,16283107.0,3662257.0,3914492.0
2013-12-11 05:00:00+00:00,2013-12-11 16:00:00+11:00,2013-12-11,16,7,2013-12-11 00:00:00+00:00,5,0.460384615,29.87,24.68,18497008.0,19712288.0,3180657.0,3429181.0
2013-12-11 06:00:00+00:00,2013-12-11 17:00:00+11:00,2013-12-11,17,8,2013-12-11 00:00:00+00:00,6,0.198076923,38.94,38.62,21087008.0,22549152.0,2590000.0,2836864.0
2013-12-11 07:00:00+00:00,2013-12-11 18:00:00+11:00,2013-12-11,18,9,2013-12-11 00:00:00+00:00,7,0.070192308,55.06,67.1,22844176.0,24570960.0,1757168.0,2021808.0
2013-12-11 08:00:00+00:00,2013-12-11 19:00:00+11:00,2013-12-11,19,10,2013-12-11 00:00:00+00:00,8,0.035128205,58.0,71.69,23822464.0,25772416.0,978288.0,1201456.0
2013-12-11 09:00:00+00:00,2013-12-11 20:00:00+11:00,2013-12-11,20,11,2013-12-11 00:00:00+00:00,9,0.018589744,54.7,43.57,24099616.0,26183680.0,277152.0,411264.0
2013-12-11 22:00:00+00:00,2013-12-12 09:00:00+11:00,2013-12-12,9,0,2013-12-11 00:00:00+00:00,22,0.571602564,44.72,33.17,27590960.0,30223216.0,1956848.0,2172448.0
2013-12-11 23:00:00+00:00,2013-12-12 10:00:00+11:00,2013-12-12,10,1,2013-12-11 00:00:00+00:00,23,0.709871795,35.96,28.72,30301808.0,33153280.0,2710848.0,2930064.0
2013-12-12 00:00:00+00:00,2013-12-12 11:00:00+11:00,2013-12-12,11,2,2013-12-11 00:00:00+00:00,24,0.800961538,32.7,30.5,33634608.0,36703232.0,3332800.0,3549952.0
2013-12-12 01:00:00+00:00,2013-12-12 12:00:00+11:00,2013-12-12,12,3,2013-12-12 00:00:00+00:00,1,0.821217949,29.44,30.99,3773661.0,3982792.0,3773661.0,3982792.0
2013-12-12 02:00:00+00:00,2013-12-12 13:00:00+11:00,2013-12-12,13,4,2013-12-12 00:00:00+00:00,2,0.750576923,28.43,30.13,7769496.0,8185832.0,3995835.0,4203040.0
2013-12-12 03:00:00+00:00,2013-12-12 14:00:00+11:00,2013-12-12,14,5,2013-12-12 00:00:00+00:00,3,0.692948718,27.78,29.85,11746637.0,12378706.0,3977141.0,4192874.0
2013-12-12 04:00:00+00:00,2013-12-12 15:00:00+11:00,2013-12-12,15,6,2013-12-12 00:00:00+00:00,4,0.628333333,30.54,31.71,15469554.0,16330727.0,3722917.0,3952021.0
2013-12-12 05:00:00+00:00,2013-12-12 16:00:00+11:00,2013-12-12,16,7,2013-12-12 00:00:00+00:00,5,0.467435897,36.1,35.39,18722416.0,19828976.0,3252862.0,3498249.0
2013-12-12 06:00:00+00:00,2013-12-12 17:00:00+11:00,2013-12-12,17,8,2013-12-12 00:00:00+00:00,6,0.253717949,45.06,35.93,21330912.0,22690912.0,2608496.0,2861936.0
2013-12-12 07:00:00+00:00,2013-12-12 18:00:00+11:00,2013-12-12,18,9,2013-12-12 00:00:00+00:00,7,0.066666667,59.63,62.11,23175888.0,24781824.0,1844976.0,2090912.0
2013-12-12 08:00:00+00:00,2013-12-12 19:00:00+11:00,2013-12-12,19,10,2013-12-12 00:00:00+00:00,8,0.033910256,61.78,72.97,24207504.0,26028336.0,1031616.0,1246512.0
2013-12-12 09:00:00+00:00,2013-12-12 20:00:00+11:00,2013-12-12,20,11,2013-12-12 00:00:00+00:00,9,0.018653846,57.71,52.58,24494992.0,26450544.0,287488.0,422208.0
2013-12-12 22:00:00+00:00,2013-12-13 09:00:00+11:00,2013-12-13,9,0,2013-12-12 00:00:00+00:00,22,0.559423077,46.49,31.15,27946656.0,30483984.0,1939328.0,2173776.0
2013-12-12 23:00:00+00:00,2013-12-13 10:00:00+11:00,2013-12-13,10,1,2013-12-12 00:00:00+00:00,23,0.688974359,38.84,33.92,30632672.0,33418512.0,2686016.0,2934528.0
2013-12-13 00:00:00+00:00,2013-12-13 11:00:00+11:00,2013-12-13,11,2,2013-12-12 00:00:00+00:00,24,0.776987179,40.26,35.21,33934768.0,36975536.0,3302096.0,3557024.0
2013-12-13 01:00:00+00:00,2013-12-13 12:00:00+11:00,2013-12-13,12,3,2013-12-13 00:00:00+00:00,1,0.809871795,34.22,33.1,3719840.0,3997056.0,3719840.0,3997056.0
2013-12-13 02:00:00+00:00,2013-12-13 13:00:00+11:00,2013-12-13,13,4,2013-12-13 00:00:00+00:00,2,0.799038462,31.94,27.16,7650159.0,8218959.0,3930319.0,4221903.0
2013-12-13 03:00:00+00:00,2013-12-13 14:00:00+11:00,2013-12-13,14,5,2013-12-13 00:00:00+00:00,3,0.725897436,31.11,25.71,11561347.0,12434446.0,3911188.0,4215487.0
2013-12-13 04:00:00+00:00,2013-12-13 15:00:00+11:00,2013-12-13,15,6,2013-12-13 00:00:00+00:00,4,0.617371795,32.83,24.83,15217021.0,16409982.0,3655674.0,3975536.0
2013-12-13 05:00:00+00:00,2013-12-13 16:00:00+11:00,2013-12-13,16,7,2013-12-13 00:00:00+00:00,5,0.456602564,37.2,22.17,18409488.0,19934048.0,3192467.0,3524066.0
2013-12-13 06:00:00+00:00,2013-12-13 17:00:00+11:00,2013-12-13,17,8,2013-12-13 00:00:00+00:00,6,0.2525,45.48,27.8,20965328.0,22818848.0,2555840.0,2884800.0
2013-12-13 07:00:00+00:00,2013-12-13 18:00:00+11:00,2013-12-13,18,9,2013-12-13 00:00:00+00:00,7,0.06974359,57.01,35.29,22773568.0,24932304.0,1808240.0,2113456.0
2013-12-13 08:00:00+00:00,2013-12-13 19:00:00+11:00,2013-12-13,19,10,2013-12-13 00:00:00+00:00,8,0.035576923,61.68,35.480000000000004,23783424.0,26197536.0,1009856.0,1265232.0
2013-12-13 09:00:00+00:00,2013-12-13 20:00:00+11:00,2013-12-13,20,11,2013-12-13 00:00:00+00:00,9,0.022564103,60.32,31.76,24067920.0,26632448.0,284496.0,434912.0
2013-12-13 22:00:00+00:00,2013-12-14 09:00:00+11:00,2013-12-14,9,0,2013-12-13 00:00:00+00:00,22,0.089038462,36.97,31.36,26039120.0,29612640.0,1076048.0,1553072.0
2013-12-13 23:00:00+00:00,2013-12-14 10:00:00+11:00,2013-12-14,10,1,2013-12-13 00:00:00+00:00,23,0.207884615,30.06,27.15,27440880.0,31588512.0,1401760.0,1975872.0
2013-12-14 00:00:00+00:00,2013-12-14 11:00:00+11:00,2013-12-14,11,2,2013-12-13 00:00:00+00:00,24,0.528846154,27.19,72.04,29210368.0,33998192.0,1769488.0,2409680.0
2013-12-14 01:00:00+00:00,2013-12-14 12:00:00+11:00,2013-12-14,12,3,2013-12-14 00:00:00+00:00,1,0.399166667,26.02,30.02,2605462.0,3221411.0,2605462.0,3221411.0
2013-12-14 02:00:00+00:00,2013-12-14 13:00:00+11:00,2013-12-14,13,4,2013-12-14 00:00:00+00:00,2,0.78775641,25.24,26.85,5725275.0,6885971.0,3119813.0,3664560.0
2013-12-14 03:00:00+00:00,2013-12-14 14:00:00+11:00,2013-12-14,14,5,2013-12-14 00:00:00+00:00,3,0.578974359,24.58,26.47,9006055.0,10612259.0,3280780.0,3726288.0
2013-12-14 04:00:00+00:00,2013-12-14 15:00:00+11:00,2013-12-14,15,6,2013-12-14 00:00:00+00:00,4,0.311538462,25.21,28.22,11916571.0,14049809.0,2910516.0,3437550.0
2013-12-14 05:00:00+00:00,2013-12-14 16:00:00+11:00,2013-12-14,16,7,2013-12-14 00:00:00+00:00,5,0.525769231,26.07,27.64,14717751.0,17296288.0,2801180.0,3246479.0
2013-12-14 06:00:00+00:00,2013-12-14 17:00:00+11:00,2013-12-14,17,8,2013-12-14 00:00:00+00:00,6,0.249551282,28.21,37.89,16535637.0,19550592.0,1817886.0,2254304.0
2013-12-14 07:00:00+00:00,2013-12-14 18:00:00+11:00,2013-12-14,18,9,2013-12-14 00:00:00+00:00,7,0.126794872,31.43,61.96,17854720.0,21230768.0,1319083.0,1680176.0
2013-12-14 08:00:00+00:00,2013-12-14 19:00:00+11:00,2013-12-14,19,10,2013-12-14 00:00:00+00:00,8,0.045961538,36.61,77.89,18782864.0,22433104.0,928144.0,1202336.0
2013-12-14 09:00:00+00:00,2013-12-14 20:00:00+11:00,2013-12-14,20,11,2013-12-14 00:00:00+00:00,9,0.031346154,41.94,56.79,19067984.0,22870032.0,285120.0,436928.0
2013-12-14 22:00:00+00:00,2013-12-15 09:00:00+11:00,2013-12-15,9,0,2013-12-14 00:00:00+00:00,22,0.173910256,34.84,27.92,21087840.0,25871760.0,1075632.0,1550704.0
2013-12-14 23:00:00+00:00,2013-12-15 10:00:00+11:00,2013-12-15,10,1,2013-12-14 00:00:00+00:00,23,0.236346154,31.62,28.69,23149520.0,28383728.0,2061680.0,2511968.0
2013-12-15 00:00:00+00:00,2013-12-15 11:00:00+11:00,2013-12-15,11,2,2013-12-14 00:00:00+00:00,24,0.289038462,32.3,59.37,26247312.0,31849520.0,3097792.0,3465792.0
2013-12-15 01:00:00+00:00,2013-12-15 12:00:00+11:00,2013-12-15,12,3,2013-12-15 00:00:00+00:00,1,0.615128205,30.67,28.99,3115776.0,3668355.0,3115776.0,3668355.0
2013-12-15 02:00:00+00:00,2013-12-15 13:00:00+11:00,2013-12-15,13,4,2013-12-15 00:00:00+00:00,2,0.745,29.59,58.66,6401055.0,7488057.0,3285279.0,3819702.0
2013-12-15 03:00:00+00:00,2013-12-15 14:00:00+11:00,2013-12-15,14,5,2013-12-15 00:00:00+00:00,3,0.718269231,27.65,49.45,9468414.0,11106325.0,3067359.0,3618268.0
2013-12-15 04:00:00+00:00,2013-12-15 15:00:00+11:00,2013-12-15,15,6,2013-12-15 00:00:00+00:00,4,0.399487179,27.08,25.04,12405342.0,14587582.0,2936928.0,3481257.0
2013-12-15 05:00:00+00:00,2013-12-15 16:00:00+11:00,2013-12-15,16,7,2013-12-15 00:00:00+00:00,5,0.22224359,27.67,26.52,15179524.0,17849488.0,2774182.0,3261906.0
2013-12-15 06:00:00+00:00,2013-12-15 17:00:00+11:00,2013-12-15,17,8,2013-12-15 00:00:00+00:00,6,0.148653846,30.27,30.95,17232512.0,20331680.0,2052988.0,2482192.0
2013-12-15 07:00:00+00:00,2013-12-15 18:00:00+11:00,2013-12-15,18,9,2013-12-15 00:00:00+00:00,7,0.064679487,37.07,42.46,18346016.0,21847856.0,1113504.0,1516176.0
2013-12-15 08:00:00+00:00,2013-12-15 19:00:00+11:00,2013-12-15,19,10,2013-12-15 00:00:00+00:00,8,0.054166667,38.62,37.56,18816400.0,22663200.0,470384.0,815344.0
2013-12-15 09:00:00+00:00,2013-12-15 20:00:00+11:00,2013-12-15,20,11,2013-12-15 00:00:00+00:00,9,0.013910256,39.79,65.54,18990096.0,22994896.0,173696.0,331696.0
2013-12-15 22:00:00+00:00,2013-12-16 09:00:00+11:00,2013-12-16,9,0,2013-12-15 00:00:00+00:00,22,0.158717949,42.7,36.89,21160656.0,26077600.0,1193392.0,1659872.0
2013-12-15 23:00:00+00:00,2013-12-16 10:00:00+11:00,2013-12-16,10,1,2013-12-15 00:00:00+00:00,23,0.213717949,35.51,31.4,22571632.0,28117712.0,1410976.0,2040112.0
2013-12-16 00:00:00+00:00,2013-12-16 11:00:00+11:00,2013-12-16,11,2,2013-12-15 00:00:00+00:00,24,0.343910256,34.7,28.2,24931280.0,31054976.0,2359648.0,2937264.0
2013-12-16 01:00:00+00:00,2013-12-16 12:00:00+11:00,2013-12-16,12,3,2013-12-16 00:00:00+00:00,1,0.500064103,30.04,26.9,2431763.0,3114467.0,2431763.0,3114467.0
2013-12-16 02:00:00+00:00,2013-12-16 13:00:00+11:00,2013-12-16,13,4,2013-12-16 00:00:00+00:00,2,0.632435897,28.29,26.23,5852792.0,7051936.0,3421029.0,3937469.0
2013-12-16 03:00:00+00:00,2013-12-16 14:00:00+11:00,2013-12-16,14,5,2013-12-16 00:00:00+00:00,3,0.583717949,27.24,26.27,9068470.0,10837260.0,3215678.0,3785324.0
2013-12-16 04:00:00+00:00,2013-12-16 15:00:00+11:00,2013-12-16,15,6,2013-12-16 00:00:00+00:00,4,0.581153846,27.9,25.96,11939725.0,14265371.0,2871255.0,3428111.0
2013-12-16 05:00:00+00:00,2013-12-16 16:00:00+11:00,2013-12-16,16,7,2013-12-16 00:00:00+00:00,5,0.414423077,32.18,26.07,14343054.0,17194048.0,2403329.0,2928677.0
2013-12-16 06:00:00+00:00,2013-12-16 17:00:00+11:00,2013-12-16,17,8,2013-12-16 00:00:00+00:00,6,0.179679487,40.35,28.4,15969688.0,19438192.0,1626634.0,2244144.0
2013-12-16 07:00:00+00:00,2013-12-16 18:00:00+11:00,2013-12-16,18,9,2013-12-16 00:00:00+00:00,7,0.058653846,52.36,42.71,16476496.0,20474256.0,506808.0,1036064.0
2013-12-16 08:00:00+00:00,2013-12-16 19:00:00+11:00,2013-12-16,19,10,2013-12-16 00:00:00+00:00,8,0.036923077,55.24,42.52,17143744.0,21492176.0,667248.0,1017920.0
2013-12-16 09:00:00+00:00,2013-12-16 20:00:00+11:00,2013-12-16,20,11,2013-12-16 00:00:00+00:00,9,0.054871795,49.08,41.86,17384624.0,21891856.0,240880.0,399680.0
2013-12-16 22:00:00+00:00,2013-12-17 09:00:00+11:00,2013-12-17,9,0,2013-12-16 00:00:00+00:00,22,0.480128205,32.230000000000004,27.46,20049088.0,25407360.0,1599152.0,1964256.0
2013-12-16 23:00:00+00:00,2013-12-17 10:00:00+11:00,2013-12-17,10,1,2013-12-16 00:00:00+00:00,23,0.672820513,26.78,24.3,22510736.0,28244992.0,2461648.0,2837632.0
2013-12-17 00:00:00+00:00,2013-12-17 11:00:00+11:00,2013-12-17,11,2,2013-12-16 00:00:00+00:00,24,0.749871795,24.57,20.53,25738272.0,31805968.0,3227536.0,3560976.0
2013-12-17 01:00:00+00:00,2013-12-17 12:00:00+11:00,2013-12-17,12,3,2013-12-17 00:00:00+00:00,1,0.784935897,22.85,19.42,3666280.0,4005119.0,3666280.0,4005119.0
2013-12-17 02:00:00+00:00,2013-12-17 13:00:00+11:00,2013-12-17,13,4,2013-12-17 00:00:00+00:00,2,0.765512821,21.75,18.91,7354995.0,8089780.0,3688715.0,4084661.0
2013-12-17 03:00:00+00:00,2013-12-17 14:00:00+11:00,2013-12-17,14,5,2013-12-17 00:00:00+00:00,3,0.672948718,21.09,18.27,10571044.0,11804882.0,3216049.0,3715102.0
2013-12-17 04:00:00+00:00,2013-12-17 15:00:00+11:00,2013-12-17,15,6,2013-12-17 00:00:00+00:00,4,0.595641026,21.52,18.71,13394505.0,15174976.0,2823461.0,3370094.0
2013-12-17 05:00:00+00:00,2013-12-17 16:00:00+11:00,2013-12-17,16,7,2013-12-17 00:00:00+00:00,5,0.424871795,24.84,18.6,15075570.0,17529712.0,1681065.0,2354736.0
2013-12-17 06:00:00+00:00,2013-12-17 17:00:00+11:00,2013-12-17,17,8,2013-12-17 00:00:00+00:00,6,0.276666667,28.75,26.69,17081872.0,19976784.0,2006302.0,2447072.0
2013-12-17 07:00:00+00:00,2013-12-17 18:00:00+11:00,2013-12-17,18,9,2013-12-17 00:00:00+00:00,7,0.124551282,36.74,28.42,18100528.0,21423472.0,1018656.0,1446688.0
2013-12-17 08:00:00+00:00,2013-12-17 19:00:00+11:00,2013-12-17,19,10,2013-12-17 00:00:00+00:00,8,0.058782051,38.67,25.2,18905264.0,22513184.0,804736.0,1089712.0
2013-12-17 09:00:00+00:00,2013-12-17 20:00:00+11:00,2013-12-17,20,11,2013-12-17 00:00:00+00:00,9,0.035705128,37.95,30.11,19186928.0,22951744.0,281664.0,438560.0
2013-12-17 22:00:00+00:00,2013-12-18 09:00:00+11:00,2013-12-18,9,0,2013-12-17 00:00:00+00:00,22,0.515384615,33.47,25.85,22442976.0,26946736.0,1849424.0,2164992.0
2013-12-17 23:00:00+00:00,2013-12-18 10:00:00+11:00,2013-12-18,10,1,2013-12-17 00:00:00+00:00,23,0.658461538,27.45,24.4,25029024.0,29878784.0,2586048.0,2932048.0
2013-12-18 00:00:00+00:00,2013-12-18 11:00:00+11:00,2013-12-18,11,2,2013-12-17 00:00:00+00:00,24,0.738461538,23.92,23.78,28226912.0,33440352.0,3197888.0,3561568.0
2013-12-18 01:00:00+00:00,2013-12-18 12:00:00+11:00,2013-12-18,12,3,2013-12-18 00:00:00+00:00,1,0.773653846,23.1,23.15,3611883.0,4003154.0,3611883.0,4003154.0
2013-12-18 02:00:00+00:00,2013-12-18 13:00:00+11:00,2013-12-18,13,4,2013-12-18 00:00:00+00:00,2,0.751538462,22.14,23.0,7402482.0,8181851.0,3790599.0,4178697.0
2013-12-18 03:00:00+00:00,2013-12-18 14:00:00+11:00,2013-12-18,14,5,2013-12-18 00:00:00+00:00,3,0.637948718,21.67,22.97,10032688.0,11355189.0,2630206.0,3173338.0
2013-12-18 04:00:00+00:00,2013-12-18 15:00:00+11:00,2013-12-18,15,6,2013-12-18 00:00:00+00:00,4,0.470320513,21.84,22.64,12870095.0,14779377.0,2837407.0,3424188.0
2013-12-18 05:00:00+00:00,2013-12-18 16:00:00+11:00,2013-12-18,16,7,2013-12-18 00:00:00+00:00,5,0.482692308,23.38,22.83,15323621.0,17733136.0,2453526.0,2953759.0
2013-12-18 06:00:00+00:00,2013-12-18 17:00:00+11:00,2013-12-18,17,8,2013-12-18 00:00:00+00:00,6,0.203076923,29.87,26.93,17300208.0,20126432.0,1976587.0,2393296.0
2013-12-18 07:00:00+00:00,2013-12-18 18:00:00+11:00,2013-12-18,18,9,2013-12-18 00:00:00+00:00,7,0.095641026,36.63,30.67,18855536.0,22030720.0,1555328.0,1904288.0
2013-12-18 08:00:00+00:00,2013-12-18 19:00:00+11:00,2013-12-18,19,10,2013-12-18 00:00:00+00:00,8,0.044166667,37.09,30.94,19805888.0,23267952.0,950352.0,1237232.0
2013-12-18 09:00:00+00:00,2013-12-18 20:00:00+11:00,2013-12-18,20,11,2013-12-18 00:00:00+00:00,9,0.015128205,36.19,27.31,20107920.0,23739200.0,302032.0,471248.0
2013-12-18 22:00:00+00:00,2013-12-19 09:00:00+11:00,2013-12-19,9,0,2013-12-18 00:00:00+00:00,22,0.518269231,31.19,25.49,23343408.0,27698384.0,1846448.0,2155136.0
2013-12-18 23:00:00+00:00,2013-12-19 10:00:00+11:00,2013-12-19,10,1,2013-12-18 00:00:00+00:00,23,0.646346154,25.62,22.01,25931136.0,30623120.0,2587728.0,2924736.0
2013-12-19 00:00:00+00:00,2013-12-19 11:00:00+11:00,2013-12-19,11,2,2013-12-18 00:00:00+00:00,24,0.741282051,27.06,23.19,29133584.0,34180624.0,3202448.0,3557504.0
2013-12-19 01:00:00+00:00,2013-12-19 12:00:00+11:00,2013-12-19,12,3,2013-12-19 00:00:00+00:00,1,0.778974359,25.34,23.94,3638567.0,4006512.0,3638567.0,4006512.0
2013-12-19 02:00:00+00:00,2013-12-19 13:00:00+11:00,2013-12-19,13,4,2013-12-19 00:00:00+00:00,2,0.764294872,24.58,23.48,7513772.0,8253338.0,3875205.0,4246826.0
2013-12-19 03:00:00+00:00,2013-12-19 14:00:00+11:00,2013-12-19,14,5,2013-12-19 00:00:00+00:00,3,0.703141026,24.25,19.12,10638571.0,11857282.0,3124799.0,3603944.0
2013-12-19 04:00:00+00:00,2013-12-19 15:00:00+11:00,2013-12-19,15,6,2013-12-19 00:00:00+00:00,4,0.589294872,24.57,21.17,13427823.0,15144379.0,2789252.0,3287097.0
2013-12-19 05:00:00+00:00,2013-12-19 16:00:00+11:00,2013-12-19,16,7,2013-12-19 00:00:00+00:00,5,0.454230769,25.79,21.06,16139192.0,18293616.0,2711369.0,3149237.0
2013-12-19 06:00:00+00:00,2013-12-19 17:00:00+11:00,2013-12-19,17,8,2013-12-19 00:00:00+00:00,6,0.265641026,31.72000000000001,27.65,18100112.0,20676608.0,1960920.0,2382992.0
2013-12-19 07:00:00+00:00,2013-12-19 18:00:00+11:00,2013-12-19,18,9,2013-12-19 00:00:00+00:00,7,0.09775641,36.91,36.94,19558496.0,22487888.0,1458384.0,1811280.0
2013-12-19 08:00:00+00:00,2013-12-19 19:00:00+11:00,2013-12-19,19,10,2013-12-19 00:00:00+00:00,8,0.056217949,38.59,36.64,20442800.0,23665104.0,884304.0,1177216.0
2013-12-19 09:00:00+00:00,2013-12-19 20:00:00+11:00,2013-12-19,20,11,2013-12-19 00:00:00+00:00,9,0.02775641,37.75,34.51,20754944.0,24137888.0,312144.0,472784.0
2013-12-19 22:00:00+00:00,2013-12-20 09:00:00+11:00,2013-12-20,9,0,2013-12-19 00:00:00+00:00,22,0.507371795,29.64,34.04,23977312.0,28099184.0,1836816.0,2153760.0
2013-12-19 23:00:00+00:00,2013-12-20 10:00:00+11:00,2013-12-20,10,1,2013-12-19 00:00:00+00:00,23,0.62974359,27.71,33.88,26550864.0,31022304.0,2573552.0,2923120.0
2013-12-20 00:00:00+00:00,2013-12-20 11:00:00+11:00,2013-12-20,11,2,2013-12-19 00:00:00+00:00,24,0.73,26.1,28.31,29738336.0,34578240.0,3187472.0,3555936.0
2013-12-20 01:00:00+00:00,2013-12-20 12:00:00+11:00,2013-12-20,12,3,2013-12-20 00:00:00+00:00,1,0.553461538,24.59,26.75,3623471.0,4007606.0,3623471.0,4007606.0
2013-12-20 02:00:00+00:00,2013-12-20 13:00:00+11:00,2013-12-20,13,4,2013-12-20 00:00:00+00:00,2,0.758269231,23.56,26.33,7427265.0,8210715.0,3803794.0,4203109.0
2013-12-20 03:00:00+00:00,2013-12-20 14:00:00+11:00,2013-12-20,14,5,2013-12-20 00:00:00+00:00,3,0.662179487,23.21,26.24,11158626.0,12373610.0,3731361.0,4162895.0
2013-12-20 04:00:00+00:00,2013-12-20 15:00:00+11:00,2013-12-20,15,6,2013-12-20 00:00:00+00:00,4,0.518974359,23.81,26.66,14497434.0,16176607.0,3338808.0,3802997.0
2013-12-20 05:00:00+00:00,2013-12-20 16:00:00+11:00,2013-12-20,16,7,2013-12-20 00:00:00+00:00,5,0.409935897,25.16,27.33,17707472.0,19775216.0,3210038.0,3598609.0
2013-12-20 06:00:00+00:00,2013-12-20 17:00:00+11:00,2013-12-20,17,8,2013-12-20 00:00:00+00:00,6,0.224102564,32.85,35.44,20288688.0,22719584.0,2581216.0,2944368.0
2013-12-20 07:00:00+00:00,2013-12-20 18:00:00+11:00,2013-12-20,18,9,2013-12-20 00:00:00+00:00,7,0.120064103,39.03,47.46,21975424.0,24755904.0,1686736.0,2036320.0
2013-12-20 08:00:00+00:00,2013-12-20 19:00:00+11:00,2013-12-20,19,10,2013-12-20 00:00:00+00:00,8,0.053205128,40.94,50.4,22773776.0,25873696.0,798352.0,1117792.0
2013-12-20 09:00:00+00:00,2013-12-20 20:00:00+11:00,2013-12-20,20,11,2013-12-20 00:00:00+00:00,9,0.026538462,40.55,71.36,23078448.0,26347552.0,304672.0,473856.0
2013-12-20 22:00:00+00:00,2013-12-21 09:00:00+11:00,2013-12-21,9,0,2013-12-20 00:00:00+00:00,22,0.425512821,35.09,34.86,26047952.0,30026192.0,1764304.0,2078384.0
2013-12-20 23:00:00+00:00,2013-12-21 10:00:00+11:00,2013-12-21,10,1,2013-12-20 00:00:00+00:00,23,0.581794872,33.85,36.3,28588112.0,32907168.0,2540160.0,2880976.0
2013-12-21 00:00:00+00:00,2013-12-21 11:00:00+11:00,2013-12-21,11,2,2013-12-20 00:00:00+00:00,24,0.708269231,30.9,29.03,31776080.0,36451312.0,3187968.0,3544144.0
2013-12-21 01:00:00+00:00,2013-12-21 12:00:00+11:00,2013-12-21,12,3,2013-12-21 00:00:00+00:00,1,0.775,28.09,33.02,3621881.0,3981887.0,3621881.0,3981887.0
2013-12-21 02:00:00+00:00,2013-12-21 13:00:00+11:00,2013-12-21,13,4,2013-12-21 00:00:00+00:00,2,0.755641026,27.07,25.19,7504058.0,8223784.0,3882177.0,4241897.0
2013-12-21 03:00:00+00:00,2013-12-21 14:00:00+11:00,2013-12-21,14,5,2013-12-21 00:00:00+00:00,3,0.695064103,26.94,25.03,11363431.0,12454021.0,3859373.0,4230237.0
2013-12-21 04:00:00+00:00,2013-12-21 15:00:00+11:00,2013-12-21,15,6,2013-12-21 00:00:00+00:00,4,0.589166667,26.93,24.27,14857906.0,16368989.0,3494475.0,3914968.0
2013-12-21 05:00:00+00:00,2013-12-21 16:00:00+11:00,2013-12-21,16,7,2013-12-21 00:00:00+00:00,5,0.388269231,27.71,24.48,17783968.0,19728672.0,2926062.0,3359683.0
2013-12-21 06:00:00+00:00,2013-12-21 17:00:00+11:00,2013-12-21,17,8,2013-12-21 00:00:00+00:00,6,0.311089744,30.05,26.27,20052416.0,22432944.0,2268448.0,2704272.0
2013-12-21 07:00:00+00:00,2013-12-21 18:00:00+11:00,2013-12-21,18,9,2013-12-21 00:00:00+00:00,7,0.204551282,32.29,26.4,21619200.0,24377008.0,1566784.0,1944064.0
2013-12-21 08:00:00+00:00,2013-12-21 19:00:00+11:00,2013-12-21,19,10,2013-12-21 00:00:00+00:00,8,0.095833333,38.05,35.79,22483920.0,25510864.0,864720.0,1133856.0
2013-12-21 09:00:00+00:00,2013-12-21 20:00:00+11:00,2013-12-21,20,11,2013-12-21 00:00:00+00:00,9,0.034807692,42.03,51.02,22760640.0,25947520.0,276720.0,436656.0
2013-12-21 22:00:00+00:00,2013-12-22 09:00:00+11:00,2013-12-22,9,0,2013-12-21 00:00:00+00:00,22,0.468525641,29.85,27.47,25355072.0,29271456.0,1600768.0,1937536.0
2013-12-21 23:00:00+00:00,2013-12-22 10:00:00+11:00,2013-12-22,10,1,2013-12-21 00:00:00+00:00,23,0.531794872,27.34,26.45,27820768.0,32088208.0,2465696.0,2816752.0
2013-12-22 00:00:00+00:00,2013-12-22 11:00:00+11:00,2013-12-22,11,2,2013-12-21 00:00:00+00:00,24,0.592628205,24.77,50.49,30703264.0,35389808.0,2882496.0,3301600.0
2013-12-22 01:00:00+00:00,2013-12-22 12:00:00+11:00,2013-12-22,12,3,2013-12-22 00:00:00+00:00,1,0.614166667,23.95,23.14,3570753.0,3981885.0,3570753.0,3981885.0
2013-12-22 02:00:00+00:00,2013-12-22 13:00:00+11:00,2013-12-22,13,4,2013-12-22 00:00:00+00:00,2,0.698846154,22.9,23.72,7056436.0,7905719.0,3485683.0,3923834.0
2013-12-22 03:00:00+00:00,2013-12-22 14:00:00+11:00,2013-12-22,14,5,2013-12-22 00:00:00+00:00,3,0.672435897,22.37,24.15,10091086.0,11465094.0,3034650.0,3559375.0
2013-12-22 04:00:00+00:00,2013-12-22 15:00:00+11:00,2013-12-22,15,6,2013-12-22 00:00:00+00:00,4,0.558076923,22.28,23.28,13071822.0,14953801.0,2980736.0,3488707.0
2013-12-22 05:00:00+00:00,2013-12-22 16:00:00+11:00,2013-12-22,16,7,2013-12-22 00:00:00+00:00,5,0.373012821,22.25,23.9,15792072.0,18157632.0,2720250.0,3203831.0
2013-12-22 06:00:00+00:00,2013-12-22 17:00:00+11:00,2013-12-22,17,8,2013-12-22 00:00:00+00:00,6,0.280576923,22.97,23.85,17945696.0,20727408.0,2153624.0,2569776.0
2013-12-22 07:00:00+00:00,2013-12-22 18:00:00+11:00,2013-12-22,18,9,2013-12-22 00:00:00+00:00,7,0.149358974,24.33,25.12,19470032.0,22628304.0,1524336.0,1900896.0
2013-12-22 08:00:00+00:00,2013-12-22 19:00:00+11:00,2013-12-22,19,10,2013-12-22 00:00:00+00:00,8,0.094038462,26.33,25.95,20328208.0,23776384.0,858176.0,1148080.0
2013-12-22 09:00:00+00:00,2013-12-22 20:00:00+11:00,2013-12-22,20,11,2013-12-22 00:00:00+00:00,9,0.029230769,28.28,26.54,20597424.0,24187920.0,269216.0,411536.0
2013-12-22 22:00:00+00:00,2013-12-23 09:00:00+11:00,2013-12-23,9,0,2013-12-22 00:00:00+00:00,22,0.088141026,33.32,27.81,21800256.0,26295776.0,700752.0,1177072.0
2013-12-22 23:00:00+00:00,2013-12-23 10:00:00+11:00,2013-12-23,10,1,2013-12-22 00:00:00+00:00,23,0.193782051,29.66,25.48,22599920.0,27792592.0,799664.0,1496816.0
2013-12-23 00:00:00+00:00,2013-12-23 11:00:00+11:00,2013-12-23,11,2,2013-12-22 00:00:00+00:00,24,0.186858974,26.27,25.03,23551680.0,29616368.0,951760.0,1823776.0
2013-12-23 01:00:00+00:00,2013-12-23 12:00:00+11:00,2013-12-23,12,3,2013-12-23 00:00:00+00:00,1,0.298012821,25.8,23.5,1153510.0,2087567.0,1153510.0,2087567.0
2013-12-23 02:00:00+00:00,2013-12-23 13:00:00+11:00,2013-12-23,13,4,2013-12-23 00:00:00+00:00,2,0.180448718,25.19,23.02,2540727.0,4492677.0,1387217.0,2405110.0
2013-12-23 03:00:00+00:00,2013-12-23 14:00:00+11:00,2013-12-23,14,5,2013-12-23 00:00:00+00:00,3,0.243717949,25.04,22.36,3513756.0,6511307.0,973029.0,2018630.0
2013-12-23 04:00:00+00:00,2013-12-23 15:00:00+11:00,2013-12-23,15,6,2013-12-23 00:00:00+00:00,4,0.320384615,26.11,23.81,4467215.0,8388721.0,953459.0,1877414.0
2013-12-23 05:00:00+00:00,2013-12-23 16:00:00+11:00,2013-12-23,16,7,2013-12-23 00:00:00+00:00,5,0.240833333,26.54,25.53,5769533.0,10462647.0,1302318.0,2073926.0
2013-12-23 06:00:00+00:00,2013-12-23 17:00:00+11:00,2013-12-23,17,8,2013-12-23 00:00:00+00:00,6,0.185576923,31.13,26.02,6346754.0,11779405.0,577221.0,1316758.0
2013-12-23 07:00:00+00:00,2013-12-23 18:00:00+11:00,2013-12-23,18,9,2013-12-23 00:00:00+00:00,7,0.114423077,36.67,28.53,7036685.0,13039442.0,689931.0,1260037.0
2013-12-23 08:00:00+00:00,2013-12-23 19:00:00+11:00,2013-12-23,19,10,2013-12-23 00:00:00+00:00,8,0.054102564,42.39,33.19,7348139.0,13701396.0,311454.0,661954.0
2013-12-23 09:00:00+00:00,2013-12-23 20:00:00+11:00,2013-12-23,20,11,2013-12-23 00:00:00+00:00,9,0.028141026,43.58,33.77,7526985.0,14052641.0,178846.0,351245.0
2013-12-23 22:00:00+00:00,2013-12-24 09:00:00+11:00,2013-12-24,9,0,2013-12-23 00:00:00+00:00,22,0.306602564,42.59,34.550000000000004,10029085.0,17211456.0,1414994.0,1749873.0
2013-12-23 23:00:00+00:00,2013-12-24 10:00:00+11:00,2013-12-24,10,1,2013-12-23 00:00:00+00:00,23,0.164038462,40.83,33.04,12097667.0,19682208.0,2068582.0,2470752.0
2013-12-24 00:00:00+00:00,2013-12-24 11:00:00+11:00,2013-12-24,11,2,2013-12-23 00:00:00+00:00,24,0.420769231,33.02,29.26,14378917.0,22476672.0,2281250.0,2794464.0
2013-12-24 01:00:00+00:00,2013-12-24 12:00:00+11:00,2013-12-24,12,3,2013-12-24 00:00:00+00:00,1,0.53,30.9,26.83,1834680.0,2602983.0,1834680.0,2602983.0
2013-12-24 02:00:00+00:00,2013-12-24 13:00:00+11:00,2013-12-24,13,4,2013-12-24 00:00:00+00:00,2,0.53275641,29.82,26.82,3762019.0,5267835.0,1927339.0,2664852.0
2013-12-24 03:00:00+00:00,2013-12-24 14:00:00+11:00,2013-12-24,14,5,2013-12-24 00:00:00+00:00,3,0.578205128,28.48,26.91,6314516.0,8441468.0,2552497.0,3173633.0
2013-12-24 04:00:00+00:00,2013-12-24 15:00:00+11:00,2013-12-24,15,6,2013-12-24 00:00:00+00:00,4,0.408333333,28.4,26.81,8783962.0,11461840.0,2469446.0,3020372.0
2013-12-24 05:00:00+00:00,2013-12-24 16:00:00+11:00,2013-12-24,16,7,2013-12-24 00:00:00+00:00,5,0.492435897,28.95,27.88,11574913.0,14636281.0,2790951.0,3174441.0
2013-12-24 06:00:00+00:00,2013-12-24 17:00:00+11:00,2013-12-24,17,8,2013-12-24 00:00:00+00:00,6,0.288974359,32.28,30.88,14057140.0,17430704.0,2482227.0,2794423.0
2013-12-24 07:00:00+00:00,2013-12-24 18:00:00+11:00,2013-12-24,18,9,2013-12-24 00:00:00+00:00,7,0.133782051,35.03,32.22,15904902.0,19560416.0,1847762.0,2129712.0
2013-12-24 08:00:00+00:00,2013-12-24 19:00:00+11:00,2013-12-24,19,10,2013-12-24 00:00:00+00:00,8,0.073589744,36.12,43.87,16966784.0,20879760.0,1061882.0,1319344.0
2013-12-24 09:00:00+00:00,2013-12-24 20:00:00+11:00,2013-12-24,20,11,2013-12-24 00:00:00+00:00,9,0.034230769,35.52,36.35,17285040.0,21349136.0,318256.0,469376.0
2013-12-24 22:00:00+00:00,2013-12-25 09:00:00+11:00,2013-12-25,9,0,2013-12-24 00:00:00+00:00,22,0.092948718,28.51,27.85,19142784.0,23970208.0,1147760.0,1510016.0
2013-12-24 23:00:00+00:00,2013-12-25 10:00:00+11:00,2013-12-25,10,1,2013-12-24 00:00:00+00:00,23,0.167115385,28.16,29.36,20914784.0,26187488.0,1772000.0,2217280.0
2013-12-25 00:00:00+00:00,2013-12-25 11:00:00+11:00,2013-12-25,11,2,2013-12-24 00:00:00+00:00,24,0.151858974,27.0,27.39,23462832.0,29216224.0,2548048.0,3028736.0
2013-12-25 01:00:00+00:00,2013-12-25 12:00:00+11:00,2013-12-25,12,3,2013-12-25 00:00:00+00:00,1,0.245897436,25.95,25.34,1706460.0,2513556.0,1706460.0,2513556.0
2013-12-25 02:00:00+00:00,2013-12-25 13:00:00+11:00,2013-12-25,13,4,2013-12-25 00:00:00+00:00,2,0.260448718,24.91,25.24,3197004.0,5031440.0,1490544.0,2517884.0
2013-12-25 03:00:00+00:00,2013-12-25 14:00:00+11:00,2013-12-25,14,5,2013-12-25 00:00:00+00:00,3,0.265192308,24.57,24.96,3909670.0,6874811.0,712666.0,1843371.0
2013-12-25 04:00:00+00:00,2013-12-25 15:00:00+11:00,2013-12-25,15,6,2013-12-25 00:00:00+00:00,4,0.237371795,24.56,25.01,4748550.0,8788150.0,838880.0,1913339.0
2013-12-25 05:00:00+00:00,2013-12-25 16:00:00+11:00,2013-12-25,16,7,2013-12-25 00:00:00+00:00,5,0.173974359,25.04,32.230000000000004,5110467.0,10123911.0,361917.0,1335761.0
2013-12-25 06:00:00+00:00,2013-12-25 17:00:00+11:00,2013-12-25,17,8,2013-12-25 00:00:00+00:00,6,0.089935897,25.97,27.02,5328510.0,11144052.0,218043.0,1020141.0
2013-12-25 07:00:00+00:00,2013-12-25 18:00:00+11:00,2013-12-25,18,9,2013-12-25 00:00:00+00:00,7,0.067564103,27.74,27.09,5530558.0,11939902.0,202048.0,795850.0
2013-12-25 08:00:00+00:00,2013-12-25 19:00:00+11:00,2013-12-25,19,10,2013-12-25 00:00:00+00:00,8,0.037948718,28.73,35.57,5671669.0,12470909.0,141111.0,531007.0
2013-12-25 09:00:00+00:00,2013-12-25 20:00:00+11:00,2013-12-25,20,11,2013-12-25 00:00:00+00:00,9,0.064358974,29.06,60.31,5753657.0,12724438.0,81988.0,253529.0
2013-12-25 22:00:00+00:00,2013-12-26 09:00:00+11:00,2013-12-26,9,0,2013-12-25 00:00:00+00:00,22,0.533717949,27.54,23.93,7711314.0,15664807.0,1190150.0,1642390.0
2013-12-25 23:00:00+00:00,2013-12-26 10:00:00+11:00,2013-12-26,10,1,2013-12-25 00:00:00+00:00,23,0.665448718,27.6,22.08,9816907.0,18207760.0,2105593.0,2542953.0
2013-12-26 00:00:00+00:00,2013-12-26 11:00:00+11:00,2013-12-26,11,2,2013-12-25 00:00:00+00:00,24,0.755320513,27.46,21.64,12901962.0,21635872.0,3085055.0,3428112.0
2013-12-26 01:00:00+00:00,2013-12-26 12:00:00+11:00,2013-12-26,12,3,2013-12-26 00:00:00+00:00,1,0.807115385,26.62,20.92,3131149.0,3587338.0,3131149.0,3587338.0
2013-12-26 02:00:00+00:00,2013-12-26 13:00:00+11:00,2013-12-26,13,4,2013-12-26 00:00:00+00:00,2,0.623782051,26.98,20.99,5709151.0,6773438.0,2578002.0,3186100.0
2013-12-26 03:00:00+00:00,2013-12-26 14:00:00+11:00,2013-12-26,14,5,2013-12-26 00:00:00+00:00,3,0.667371795,26.83,21.87,8671075.0,10270836.0,2961924.0,3497398.0
2013-12-26 04:00:00+00:00,2013-12-26 15:00:00+11:00,2013-12-26,15,6,2013-12-26 00:00:00+00:00,4,0.588076923,27.24,22.54,11640634.0,13735797.0,2969559.0,3464961.0
2013-12-26 05:00:00+00:00,2013-12-26 16:00:00+11:00,2013-12-26,16,7,2013-12-26 00:00:00+00:00,5,0.434679487,28.73,23.51,14189675.0,16744955.0,2549041.0,3009158.0
2013-12-26 06:00:00+00:00,2013-12-26 17:00:00+11:00,2013-12-26,17,8,2013-12-26 00:00:00+00:00,6,0.225769231,34.02,27.64,16282744.0,19279840.0,2093069.0,2534885.0
2013-12-26 07:00:00+00:00,2013-12-26 18:00:00+11:00,2013-12-26,18,9,2013-12-26 00:00:00+00:00,7,0.119807692,40.59,36.94,17748416.0,21137104.0,1465672.0,1857264.0
2013-12-26 08:00:00+00:00,2013-12-26 19:00:00+11:00,2013-12-26,19,10,2013-12-26 00:00:00+00:00,8,0.083589744,46.16,39.88,18419888.0,22133984.0,671472.0,996880.0
2013-12-26 09:00:00+00:00,2013-12-26 20:00:00+11:00,2013-12-26,20,11,2013-12-26 00:00:00+00:00,9,0.009102564,43.96,37.04,18696544.0,22589808.0,276656.0,455824.0
2013-12-26 22:00:00+00:00,2013-12-27 09:00:00+11:00,2013-12-27,9,0,2013-12-26 00:00:00+00:00,22,0.521474359,38.25,29.56,21018448.0,25746896.0,1521824.0,1867264.0
2013-12-26 23:00:00+00:00,2013-12-27 10:00:00+11:00,2013-12-27,10,1,2013-12-26 00:00:00+00:00,23,0.674679487,32.64,26.79,23218912.0,28350960.0,2200464.0,2604064.0
2013-12-27 00:00:00+00:00,2013-12-27 11:00:00+11:00,2013-12-27,11,2,2013-12-26 00:00:00+00:00,24,0.670512821,29.53,26.35,26308752.0,31777840.0,3089840.0,3426880.0
2013-12-27 01:00:00+00:00,2013-12-27 12:00:00+11:00,2013-12-27,12,3,2013-12-27 00:00:00+00:00,1,0.786410256,28.95,25.42,3573537.0,3926169.0,3573537.0,3926169.0
2013-12-27 02:00:00+00:00,2013-12-27 13:00:00+11:00,2013-12-27,13,4,2013-12-27 00:00:00+00:00,2,0.768205128,28.08,24.99,7440037.0,8136238.0,3866500.0,4210069.0
2013-12-27 03:00:00+00:00,2013-12-27 14:00:00+11:00,2013-12-27,14,5,2013-12-27 00:00:00+00:00,3,0.738269231,27.54,24.62,11094527.0,12197593.0,3654490.0,4061355.0
2013-12-27 04:00:00+00:00,2013-12-27 15:00:00+11:00,2013-12-27,15,6,2013-12-27 00:00:00+00:00,4,0.658461538,27.6,25.23,14118989.0,15685879.0,3024462.0,3488286.0
2013-12-27 05:00:00+00:00,2013-12-27 16:00:00+11:00,2013-12-27,16,7,2013-12-27 00:00:00+00:00,5,0.287692308,29.58,25.29,16741482.0,18776768.0,2622493.0,3090889.0
2013-12-27 06:00:00+00:00,2013-12-27 17:00:00+11:00,2013-12-27,17,8,2013-12-27 00:00:00+00:00,6,0.231346154,33.39,28.73,18651040.0,21143408.0,1909558.0,2366640.0
2013-12-27 07:00:00+00:00,2013-12-27 18:00:00+11:00,2013-12-27,18,9,2013-12-27 00:00:00+00:00,7,0.140833333,37.96,29.27,19575200.0,22511952.0,924160.0,1368544.0
2013-12-27 08:00:00+00:00,2013-12-27 19:00:00+11:00,2013-12-27,19,10,2013-12-27 00:00:00+00:00,8,0.06724359,37.24,39.69,20296368.0,23515424.0,721168.0,1003472.0
2013-12-27 09:00:00+00:00,2013-12-27 20:00:00+11:00,2013-12-27,20,11,2013-12-27 00:00:00+00:00,9,0.028589744,35.69,28.07,20640400.0,24034480.0,344032.0,519056.0
2013-12-27 22:00:00+00:00,2013-12-28 09:00:00+11:00,2013-12-28,9,0,2013-12-27 00:00:00+00:00,22,0.525897436,28.61,26.28,23429536.0,27568368.0,1677936.0,1995312.0
2013-12-27 23:00:00+00:00,2013-12-28 10:00:00+11:00,2013-12-28,10,1,2013-12-27 00:00:00+00:00,23,0.663782051,27.85,25.56,25950848.0,30417344.0,2521312.0,2848976.0
2013-12-28 00:00:00+00:00,2013-12-28 11:00:00+11:00,2013-12-28,11,2,2013-12-27 00:00:00+00:00,24,0.754807692,27.8,24.49,29134112.0,33926768.0,3183264.0,3509424.0
2013-12-28 01:00:00+00:00,2013-12-28 12:00:00+11:00,2013-12-28,12,3,2013-12-28 00:00:00+00:00,1,0.774807692,27.4,22.31,3650749.0,3969920.0,3650749.0,3969920.0
2013-12-28 02:00:00+00:00,2013-12-28 13:00:00+11:00,2013-12-28,13,4,2013-12-28 00:00:00+00:00,2,0.776474359,25.89,22.56,7543126.0,8190909.0,3892377.0,4220989.0
2013-12-28 03:00:00+00:00,2013-12-28 14:00:00+11:00,2013-12-28,14,5,2013-12-28 00:00:00+00:00,3,0.724615385,25.32,21.58,11422923.0,12413213.0,3879797.0,4222304.0
2013-12-28 04:00:00+00:00,2013-12-28 15:00:00+11:00,2013-12-28,15,6,2013-12-28 00:00:00+00:00,4,0.620705128,25.35,21.42,15111682.0,16440403.0,3688759.0,4027190.0
2013-12-28 05:00:00+00:00,2013-12-28 16:00:00+11:00,2013-12-28,16,7,2013-12-28 00:00:00+00:00,5,0.471153846,26.02,19.66,18376480.0,20033904.0,3264798.0,3593501.0
2013-12-28 06:00:00+00:00,2013-12-28 17:00:00+11:00,2013-12-28,17,8,2013-12-28 00:00:00+00:00,6,0.27224359,25.81,19.59,21038208.0,23008192.0,2661728.0,2974288.0
2013-12-28 07:00:00+00:00,2013-12-28 18:00:00+11:00,2013-12-28,18,9,2013-12-28 00:00:00+00:00,7,0.082884615,27.59,20.97,22949488.0,25223504.0,1911280.0,2215312.0
2013-12-28 08:00:00+00:00,2013-12-28 19:00:00+11:00,2013-12-28,19,10,2013-12-28 00:00:00+00:00,8,0.037692308,29.21,20.76,24060240.0,26598496.0,1110752.0,1374992.0
2013-12-28 09:00:00+00:00,2013-12-28 20:00:00+11:00,2013-12-28,20,11,2013-12-28 00:00:00+00:00,9,0.031217949,29.87,21.59,24414944.0,27127168.0,354704.0,528672.0
2013-12-28 22:00:00+00:00,2013-12-29 09:00:00+11:00,2013-12-29,9,0,2013-12-28 00:00:00+00:00,22,0.563653846,26.82,21.0,27597440.0,30855184.0,1855504.0,2067696.0
2013-12-28 23:00:00+00:00,2013-12-29 10:00:00+11:00,2013-12-29,10,1,2013-12-28 00:00:00+00:00,23,0.716987179,24.51,19.99,30230992.0,33692528.0,2633552.0,2837344.0
2013-12-29 00:00:00+00:00,2013-12-29 11:00:00+11:00,2013-12-29,11,2,2013-12-28 00:00:00+00:00,24,0.807179487,22.13,20.75,33526768.0,37165712.0,3295776.0,3473184.0
2013-12-29 01:00:00+00:00,2013-12-29 12:00:00+11:00,2013-12-29,12,3,2013-12-29 00:00:00+00:00,1,0.844487179,21.94,18.6,3783101.0,3930090.0,3783101.0,3930090.0
2013-12-29 02:00:00+00:00,2013-12-29 13:00:00+11:00,2013-12-29,13,4,2013-12-29 00:00:00+00:00,2,0.809615385,20.33,19.22,7835243.0,8106518.0,4052142.0,4176428.0
2013-12-29 03:00:00+00:00,2013-12-29 14:00:00+11:00,2013-12-29,14,5,2013-12-29 00:00:00+00:00,3,0.743141026,20.17,19.11,11902166.0,12301546.0,4066923.0,4195028.0
2013-12-29 04:00:00+00:00,2013-12-29 15:00:00+11:00,2013-12-29,15,6,2013-12-29 00:00:00+00:00,4,0.633141026,19.94,19.53,15736322.0,16292046.0,3834156.0,3990500.0
2013-12-29 05:00:00+00:00,2013-12-29 16:00:00+11:00,2013-12-29,16,7,2013-12-29 00:00:00+00:00,5,0.480961538,20.41,20.55,19113936.0,19859408.0,3377614.0,3567362.0
2013-12-29 06:00:00+00:00,2013-12-29 17:00:00+11:00,2013-12-29,17,8,2013-12-29 00:00:00+00:00,6,0.280384615,23.21,20.75,21850944.0,22813840.0,2737008.0,2954432.0
2013-12-29 07:00:00+00:00,2013-12-29 18:00:00+11:00,2013-12-29,18,9,2013-12-29 00:00:00+00:00,7,0.086987179,25.27,20.96,23807936.0,25001104.0,1956992.0,2187264.0
2013-12-29 08:00:00+00:00,2013-12-29 19:00:00+11:00,2013-12-29,19,10,2013-12-29 00:00:00+00:00,8,0.04224359,26.63,23.62,24949888.0,26364896.0,1141952.0,1363792.0
2013-12-29 09:00:00+00:00,2013-12-29 20:00:00+11:00,2013-12-29,20,11,2013-12-29 00:00:00+00:00,9,0.025064103,27.98,25.71,25314064.0,26894272.0,364176.0,529376.0
2013-12-29 22:00:00+00:00,2013-12-30 09:00:00+11:00,2013-12-30,9,0,2013-12-29 00:00:00+00:00,22,0.546666667,39.94,40.89,28356320.0,30519440.0,1752720.0,1999792.0
2013-12-29 23:00:00+00:00,2013-12-30 10:00:00+11:00,2013-12-30,10,1,2013-12-29 00:00:00+00:00,23,0.68974359,37.12,32.46,30947728.0,33354368.0,2591408.0,2834928.0
2013-12-30 00:00:00+00:00,2013-12-30 11:00:00+11:00,2013-12-30,11,2,2013-12-29 00:00:00+00:00,24,0.782820513,34.64,28.9,34185728.0,36833760.0,3238000.0,3479392.0
2013-12-30 01:00:00+00:00,2013-12-30 12:00:00+11:00,2013-12-30,12,3,2013-12-30 00:00:00+00:00,1,0.817051282,31.38,27.55,3710254.0,3943107.0,3710254.0,3943107.0
2013-12-30 02:00:00+00:00,2013-12-30 13:00:00+11:00,2013-12-30,13,4,2013-12-30 00:00:00+00:00,2,0.802628205,30.75,28.12,7676621.0,8136952.0,3966367.0,4193845.0
2013-12-30 03:00:00+00:00,2013-12-30 14:00:00+11:00,2013-12-30,14,5,2013-12-30 00:00:00+00:00,3,0.745576923,30.22,27.78,11656952.0,12356810.0,3980331.0,4219858.0
2013-12-30 04:00:00+00:00,2013-12-30 15:00:00+11:00,2013-12-30,15,6,2013-12-30 00:00:00+00:00,4,0.641666667,31.52,27.31,15413302.0,16370491.0,3756350.0,4013681.0
2013-12-30 05:00:00+00:00,2013-12-30 16:00:00+11:00,2013-12-30,16,7,2013-12-30 00:00:00+00:00,5,0.489935897,34.83,28.86,18732320.0,19956224.0,3319018.0,3585733.0
2013-12-30 06:00:00+00:00,2013-12-30 17:00:00+11:00,2013-12-30,17,8,2013-12-30 00:00:00+00:00,6,0.284038462,40.01,32.65,21445472.0,22928784.0,2713152.0,2972560.0
2013-12-30 07:00:00+00:00,2013-12-30 18:00:00+11:00,2013-12-30,18,9,2013-12-30 00:00:00+00:00,7,0.087371795,42.67,42.11,23410032.0,25143040.0,1964560.0,2214256.0
2013-12-30 08:00:00+00:00,2013-12-30 19:00:00+11:00,2013-12-30,19,10,2013-12-30 00:00:00+00:00,8,0.038525641,46.88,46.73,24561824.0,26517968.0,1151792.0,1374928.0
2013-12-30 09:00:00+00:00,2013-12-30 20:00:00+11:00,2013-12-30,20,11,2013-12-30 00:00:00+00:00,9,0.023333333,47.2,38.11,24948176.0,27056176.0,386352.0,538208.0
2013-12-30 22:00:00+00:00,2013-12-31 09:00:00+11:00,2013-12-31,9,0,2013-12-30 00:00:00+00:00,22,0.524230769,39.17,39.34,27794992.0,30487776.0,1767616.0,1996432.0
2013-12-30 23:00:00+00:00,2013-12-31 10:00:00+11:00,2013-12-31,10,1,2013-12-30 00:00:00+00:00,23,0.684935897,38.52,38.3,30340416.0,33265808.0,2545424.0,2778032.0
2013-12-31 00:00:00+00:00,2013-12-31 11:00:00+11:00,2013-12-31,11,2,2013-12-30 00:00:00+00:00,24,0.767820513,31.56,32.89,33608192.0,36728912.0,3267776.0,3463104.0
2013-12-31 01:00:00+00:00,2013-12-31 12:00:00+11:00,2013-12-31,12,3,2013-12-31 00:00:00+00:00,1,0.802435897,29.54,30.05,3742572.0,3926964.0,3742572.0,3926964.0
2013-12-31 02:00:00+00:00,2013-12-31 13:00:00+11:00,2013-12-31,13,4,2013-12-31 00:00:00+00:00,2,0.803076923,29.28,28.24,7732695.0,8110916.0,3990123.0,4183952.0
2013-12-31 03:00:00+00:00,2013-12-31 14:00:00+11:00,2013-12-31,14,5,2013-12-31 00:00:00+00:00,3,0.749551282,29.11,29.3,11745294.0,12320660.0,4012599.0,4209744.0
2013-12-31 04:00:00+00:00,2013-12-31 15:00:00+11:00,2013-12-31,15,6,2013-12-31 00:00:00+00:00,4,0.638076923,29.51,28.82,15556580.0,16323178.0,3811286.0,4002518.0
2013-12-31 05:00:00+00:00,2013-12-31 16:00:00+11:00,2013-12-31,16,7,2013-12-31 00:00:00+00:00,5,0.495192308,31.52,31.79,18930336.0,19895520.0,3373756.0,3572342.0
2013-12-31 06:00:00+00:00,2013-12-31 17:00:00+11:00,2013-12-31,17,8,2013-12-31 00:00:00+00:00,6,0.289551282,40.29,47.97,21682672.0,22856800.0,2752336.0,2961280.0
2013-12-31 07:00:00+00:00,2013-12-31 18:00:00+11:00,2013-12-31,18,9,2013-12-31 00:00:00+00:00,7,0.098910256,46.88,58.16,23678800.0,25067632.0,1996128.0,2210832.0
2013-12-31 08:00:00+00:00,2013-12-31 19:00:00+11:00,2013-12-31,19,10,2013-12-31 00:00:00+00:00,8,0.05775641,48.89,55.36,24847936.0,26441312.0,1169136.0,1373680.0
2013-12-31 09:00:00+00:00,2013-12-31 20:00:00+11:00,2013-12-31,20,11,2013-12-31 00:00:00+00:00,9,0.025576923,47.63,45.61,25226352.0,26979584.0,378416.0,538272.0
2013-12-31 22:00:00+00:00,2014-01-01 09:00:00+11:00,2014-01-01,9,0,2013-12-31 00:00:00+00:00,22,0.289487179,35.29,27.54,28210800.0,30542256.0,1803344.0,2036656.0
2013-12-31 23:00:00+00:00,2014-01-01 10:00:00+11:00,2014-01-01,10,1,2013-12-31 00:00:00+00:00,23,0.643846154,33.32,27.94,30664640.0,33266624.0,2453840.0,2724368.0
2014-01-01 00:00:00+00:00,2014-01-01 11:00:00+11:00,2014-01-01,11,2,2013-12-31 00:00:00+00:00,24,0.5325,31.36,26.09,33562560.0,36559392.0,2897920.0,3292768.0
2014-01-01 01:00:00+00:00,2014-01-01 12:00:00+11:00,2014-01-01,12,3,2014-01-01 00:00:00+00:00,1,0.706217949,29.57,26.37,3308981.0,3717553.0,3308981.0,3717553.0
2014-01-01 02:00:00+00:00,2014-01-01 13:00:00+11:00,2014-01-01,13,4,2014-01-01 00:00:00+00:00,2,0.409615385,28.26,25.05,5985138.0,7014246.0,2676157.0,3296693.0
2014-01-01 03:00:00+00:00,2014-01-01 14:00:00+11:00,2014-01-01,14,5,2014-01-01 00:00:00+00:00,3,0.173461538,28.04,24.13,7691751.0,9611227.0,1706613.0,2596981.0
2014-01-01 04:00:00+00:00,2014-01-01 15:00:00+11:00,2014-01-01,15,6,2014-01-01 00:00:00+00:00,4,0.151923077,27.88,23.43,9007574.0,11830575.0,1315823.0,2219348.0
2014-01-01 05:00:00+00:00,2014-01-01 16:00:00+11:00,2014-01-01,16,7,2014-01-01 00:00:00+00:00,5,0.106410256,28.0,23.05,9598226.0,13336883.0,590652.0,1506308.0
2014-01-01 06:00:00+00:00,2014-01-01 17:00:00+11:00,2014-01-01,17,8,2014-01-01 00:00:00+00:00,6,0.095769231,30.36,24.74,10159815.0,14657516.0,561589.0,1320633.0
2014-01-01 07:00:00+00:00,2014-01-01 18:00:00+11:00,2014-01-01,18,9,2014-01-01 00:00:00+00:00,7,0.066217949,32.29,25.0,10663747.0,15692634.0,503932.0,1035118.0
2014-01-01 08:00:00+00:00,2014-01-01 19:00:00+11:00,2014-01-01,19,10,2014-01-01 00:00:00+00:00,8,0.024807692,34.25,23.93,10901080.0,16277958.0,237333.0,585324.0
2014-01-01 09:00:00+00:00,2014-01-01 20:00:00+11:00,2014-01-01,20,11,2014-01-01 00:00:00+00:00,9,0.013141026,36.14,25.32,11011952.0,16541826.0,110872.0,263868.0
2014-01-01 22:00:00+00:00,2014-01-02 09:00:00+11:00,2014-01-02,9,0,2014-01-01 00:00:00+00:00,22,0.298076923,35.550000000000004,28.8,13065890.0,19370560.0,1379376.0,1773776.0
2014-01-01 23:00:00+00:00,2014-01-02 10:00:00+11:00,2014-01-02,10,1,2014-01-01 00:00:00+00:00,23,0.407051282,33.88,27.26,15319871.0,22009696.0,2253981.0,2639136.0
2014-01-02 00:00:00+00:00,2014-01-02 11:00:00+11:00,2014-01-02,11,2,2014-01-01 00:00:00+00:00,24,0.330769231,30.32,32.65,17829712.0,24985248.0,2509841.0,2975552.0
2014-01-02 01:00:00+00:00,2014-01-02 12:00:00+11:00,2014-01-02,12,3,2014-01-02 00:00:00+00:00,1,0.244358974,29.74,25.5,2797473.0,3371882.0,2797473.0,3371882.0
2014-01-02 02:00:00+00:00,2014-01-02 13:00:00+11:00,2014-01-02,13,4,2014-01-02 00:00:00+00:00,2,0.161089744,27.91,24.69,5524706.0,6867487.0,2727233.0,3495605.0
2014-01-02 03:00:00+00:00,2014-01-02 14:00:00+11:00,2014-01-02,14,5,2014-01-02 00:00:00+00:00,3,0.149423077,27.99,25.11,7890189.0,10083883.0,2365483.0,3216396.0
2014-01-02 04:00:00+00:00,2014-01-02 15:00:00+11:00,2014-01-02,15,6,2014-01-02 00:00:00+00:00,4,0.125448718,28.7,25.58,10134728.0,13098260.0,2244539.0,3014377.0
2014-01-02 05:00:00+00:00,2014-01-02 16:00:00+11:00,2014-01-02,16,7,2014-01-02 00:00:00+00:00,5,0.1075,30.37,26.5,12020351.0,15664639.0,1885623.0,2566379.0
2014-01-02 06:00:00+00:00,2014-01-02 17:00:00+11:00,2014-01-02,17,8,2014-01-02 00:00:00+00:00,6,0.084679487,37.38,29.17,13523724.0,17794320.0,1503373.0,2129681.0
2014-01-02 07:00:00+00:00,2014-01-02 18:00:00+11:00,2014-01-02,18,9,2014-01-02 00:00:00+00:00,7,0.070576923,43.46,34.46,14619688.0,19365968.0,1095964.0,1571648.0
2014-01-02 08:00:00+00:00,2014-01-02 19:00:00+11:00,2014-01-02,19,10,2014-01-02 00:00:00+00:00,8,0.055705128,48.07,53.59,15250177.0,20327264.0,630489.0,961296.0
2014-01-02 09:00:00+00:00,2014-01-02 20:00:00+11:00,2014-01-02,20,11,2014-01-02 00:00:00+00:00,9,0.017371795,47.85,43.66,15441431.0,20676592.0,191254.0,349328.0
2014-01-02 22:00:00+00:00,2014-01-03 09:00:00+11:00,2014-01-03,9,0,2014-01-02 00:00:00+00:00,22,0.105641026,43.17,36.55,16417179.0,22590640.0,629065.0,1095120.0
2014-01-02 23:00:00+00:00,2014-01-03 10:00:00+11:00,2014-01-03,10,1,2014-01-02 00:00:00+00:00,23,0.164615385,38.88,33.980000000000004,17106448.0,23928640.0,689269.0,1338000.0
2014-01-03 00:00:00+00:00,2014-01-03 11:00:00+11:00,2014-01-03,11,2,2014-01-02 00:00:00+00:00,24,0.235128205,34.37,33.47,17613968.0,25341728.0,507520.0,1413088.0
2014-01-03 01:00:00+00:00,2014-01-03 12:00:00+11:00,2014-01-03,12,3,2014-01-03 00:00:00+00:00,1,0.301858974,31.92,29.44,1304044.0,2177769.0,1304044.0,2177769.0
2014-01-03 02:00:00+00:00,2014-01-03 13:00:00+11:00,2014-01-03,13,4,2014-01-03 00:00:00+00:00,2,0.443076923,30.37,26.88,3973969.0,5515285.0,2669925.0,3337516.0
2014-01-03 03:00:00+00:00,2014-01-03 14:00:00+11:00,2014-01-03,14,5,2014-01-03 00:00:00+00:00,3,0.6975,29.7,28.01,7433349.0,9509616.0,3459380.0,3994331.0
2014-01-03 04:00:00+00:00,2014-01-03 15:00:00+11:00,2014-01-03,15,6,2014-01-03 00:00:00+00:00,4,0.497628205,30.56,28.27,11044633.0,13563482.0,3611284.0,4053866.0
2014-01-03 05:00:00+00:00,2014-01-03 16:00:00+11:00,2014-01-03,16,7,2014-01-03 00:00:00+00:00,5,0.462307692,32.44,28.44,14223877.0,17188192.0,3179244.0,3624710.0
2014-01-03 06:00:00+00:00,2014-01-03 17:00:00+11:00,2014-01-03,17,8,2014-01-03 00:00:00+00:00,6,0.33,39.7,30.97000000000001,16678188.0,20074160.0,2454311.0,2885968.0
2014-01-03 07:00:00+00:00,2014-01-03 18:00:00+11:00,2014-01-03,18,9,2014-01-03 00:00:00+00:00,7,0.156923077,46.66,48.03,18430064.0,22229488.0,1751876.0,2155328.0
2014-01-03 08:00:00+00:00,2014-01-03 19:00:00+11:00,2014-01-03,19,10,2014-01-03 00:00:00+00:00,8,0.059679487,49.02,53.24,19519568.0,23640320.0,1089504.0,1410832.0
2014-01-03 09:00:00+00:00,2014-01-03 20:00:00+11:00,2014-01-03,20,11,2014-01-03 00:00:00+00:00,9,0.043205128,45.37,49.14,19859248.0,24167952.0,339680.0,527632.0
2014-01-03 22:00:00+00:00,2014-01-04 09:00:00+11:00,2014-01-04,9,0,2014-01-03 00:00:00+00:00,22,0.568525641,30.28,31.8,22959056.0,27703392.0,1840304.0,2003088.0
2014-01-03 23:00:00+00:00,2014-01-04 10:00:00+11:00,2014-01-04,10,1,2014-01-03 00:00:00+00:00,23,0.714935897,27.4,30.69,25585104.0,30482496.0,2626048.0,2779104.0
2014-01-04 00:00:00+00:00,2014-01-04 11:00:00+11:00,2014-01-04,11,2,2014-01-03 00:00:00+00:00,24,0.800961538,26.72,29.75,28868064.0,33910320.0,3282960.0,3427824.0
2014-01-04 01:00:00+00:00,2014-01-04 12:00:00+11:00,2014-01-04,12,3,2014-01-04 00:00:00+00:00,1,0.849102564,26.51,30.66,3772587.0,3898186.0,3772587.0,3898186.0
2014-01-04 02:00:00+00:00,2014-01-04 13:00:00+11:00,2014-01-04,13,4,2014-01-04 00:00:00+00:00,2,0.846025641,25.63,33.62,7806092.0,8058612.0,4033505.0,4160426.0
2014-01-04 03:00:00+00:00,2014-01-04 14:00:00+11:00,2014-01-04,14,5,2014-01-04 00:00:00+00:00,3,0.791410256,24.94,24.22,11867437.0,12250842.0,4061345.0,4192230.0
2014-01-04 04:00:00+00:00,2014-01-04 15:00:00+11:00,2014-01-04,15,6,2014-01-04 00:00:00+00:00,4,0.68224359,24.53,43.8,15720052.0,16242353.0,3852615.0,3991511.0
2014-01-04 05:00:00+00:00,2014-01-04 16:00:00+11:00,2014-01-04,16,7,2014-01-04 00:00:00+00:00,5,0.520192308,25.24,67.39,19137536.0,19816208.0,3417484.0,3573855.0
2014-01-04 06:00:00+00:00,2014-01-04 17:00:00+11:00,2014-01-04,17,8,2014-01-04 00:00:00+00:00,6,0.304871795,28.08,26.75,21920784.0,22786624.0,2783248.0,2970416.0
2014-01-04 07:00:00+00:00,2014-01-04 18:00:00+11:00,2014-01-04,18,9,2014-01-04 00:00:00+00:00,7,0.092371795,31.18,27.63,23931392.0,25010240.0,2010608.0,2223616.0
2014-01-04 08:00:00+00:00,2014-01-04 19:00:00+11:00,2014-01-04,19,10,2014-01-04 00:00:00+00:00,8,0.037628205,34.25,29.72,25114912.0,26399168.0,1183520.0,1388928.0
2014-01-04 09:00:00+00:00,2014-01-04 20:00:00+11:00,2014-01-04,20,11,2014-01-04 00:00:00+00:00,9,0.023589744,34.56,27.15,25516704.0,26950928.0,401792.0,551760.0
2014-01-04 22:00:00+00:00,2014-01-05 09:00:00+11:00,2014-01-05,9,0,2014-01-04 00:00:00+00:00,22,0.538333333,30.0,24.26,28548576.0,30472000.0,1799376.0,1998816.0
2014-01-04 23:00:00+00:00,2014-01-05 10:00:00+11:00,2014-01-05,10,1,2014-01-04 00:00:00+00:00,23,0.693653846,28.26,23.38,31125184.0,33250272.0,2576608.0,2778272.0
2014-01-05 00:00:00+00:00,2014-01-05 11:00:00+11:00,2014-01-05,11,2,2014-01-04 00:00:00+00:00,24,0.789038462,27.36,19.8,34354480.0,36681424.0,3229296.0,3431152.0
2014-01-05 01:00:00+00:00,2014-01-05 12:00:00+11:00,2014-01-05,12,3,2014-01-05 00:00:00+00:00,1,0.831666667,26.85,19.75,3710350.0,3906039.0,3710350.0,3906039.0
2014-01-05 02:00:00+00:00,2014-01-05 13:00:00+11:00,2014-01-05,13,4,2014-01-05 00:00:00+00:00,2,0.826666667,26.54,20.46,7681647.0,8077254.0,3971297.0,4171215.0
2014-01-05 03:00:00+00:00,2014-01-05 14:00:00+11:00,2014-01-05,14,5,2014-01-05 00:00:00+00:00,3,0.772051282,25.88,21.27,11684520.0,12281895.0,4002873.0,4204641.0
2014-01-05 04:00:00+00:00,2014-01-05 15:00:00+11:00,2014-01-05,15,6,2014-01-05 00:00:00+00:00,4,0.666666667,25.66,20.26,15481921.0,16287346.0,3797401.0,4005451.0
2014-01-05 05:00:00+00:00,2014-01-05 16:00:00+11:00,2014-01-05,16,7,2014-01-05 00:00:00+00:00,5,0.505833333,26.02,21.12,18847088.0,19875920.0,3365167.0,3588574.0
2014-01-05 06:00:00+00:00,2014-01-05 17:00:00+11:00,2014-01-05,17,8,2014-01-05 00:00:00+00:00,6,0.299038462,26.96,21.46,21594992.0,22857920.0,2747904.0,2982000.0
2014-01-05 07:00:00+00:00,2014-01-05 18:00:00+11:00,2014-01-05,18,9,2014-01-05 00:00:00+00:00,7,0.093782051,28.45,21.02,23589760.0,25088512.0,1994768.0,2230592.0
2014-01-05 08:00:00+00:00,2014-01-05 19:00:00+11:00,2014-01-05,19,10,2014-01-05 00:00:00+00:00,8,0.038589744,31.16,22.7,24764176.0,26482448.0,1174416.0,1393936.0
2014-01-05 09:00:00+00:00,2014-01-05 20:00:00+11:00,2014-01-05,20,11,2014-01-05 00:00:00+00:00,9,0.024102564,32.45,23.82,25162528.0,27036416.0,398352.0,553968.0
2014-01-05 22:00:00+00:00,2014-01-06 09:00:00+11:00,2014-01-06,9,0,2014-01-05 00:00:00+00:00,22,0.554679487,34.08,27.95,28204656.0,30518448.0,1806064.0,1983952.0
2014-01-05 23:00:00+00:00,2014-01-06 10:00:00+11:00,2014-01-06,10,1,2014-01-05 00:00:00+00:00,23,0.705961538,31.43,30.54,30793232.0,33285616.0,2588576.0,2767168.0
2014-01-06 00:00:00+00:00,2014-01-06 11:00:00+11:00,2014-01-06,11,2,2014-01-05 00:00:00+00:00,24,0.806282051,29.4,31.66,34039712.0,36701760.0,3246480.0,3416144.0
2014-01-06 01:00:00+00:00,2014-01-06 12:00:00+11:00,2014-01-06,12,3,2014-01-06 00:00:00+00:00,1,0.852435897,29.04,28.09,3737760.0,3892142.0,3737760.0,3892142.0
2014-01-06 02:00:00+00:00,2014-01-06 13:00:00+11:00,2014-01-06,13,4,2014-01-06 00:00:00+00:00,2,0.848333333,28.9,27.38,7742580.0,8049872.0,4004820.0,4157730.0
2014-01-06 03:00:00+00:00,2014-01-06 14:00:00+11:00,2014-01-06,14,5,2014-01-06 00:00:00+00:00,3,0.789807692,29.06,28.86,11781965.0,12241796.0,4039385.0,4191924.0
2014-01-06 04:00:00+00:00,2014-01-06 15:00:00+11:00,2014-01-06,15,6,2014-01-06 00:00:00+00:00,4,0.683141026,29.64,26.77,15619829.0,16235385.0,3837864.0,3993589.0
2014-01-06 05:00:00+00:00,2014-01-06 16:00:00+11:00,2014-01-06,16,7,2014-01-06 00:00:00+00:00,5,0.522115385,33.92,30.87,19030560.0,19812224.0,3410731.0,3576839.0
2014-01-06 06:00:00+00:00,2014-01-06 17:00:00+11:00,2014-01-06,17,8,2014-01-06 00:00:00+00:00,6,0.308589744,43.81,58.7,21823216.0,22783600.0,2792656.0,2971376.0
2014-01-06 07:00:00+00:00,2014-01-06 18:00:00+11:00,2014-01-06,18,9,2014-01-06 00:00:00+00:00,7,0.095897436,64.41,150.82,23850944.0,25007040.0,2027728.0,2223440.0
2014-01-06 08:00:00+00:00,2014-01-06 19:00:00+11:00,2014-01-06,19,10,2014-01-06 00:00:00+00:00,8,0.038333333,70.12,103.24,25042608.0,26397744.0,1191664.0,1390704.0
2014-01-06 09:00:00+00:00,2014-01-06 20:00:00+11:00,2014-01-06,20,11,2014-01-06 00:00:00+00:00,9,0.023846154,68.38,257.52,25446608.0,26951488.0,404000.0,553744.0
2014-01-06 22:00:00+00:00,2014-01-07 09:00:00+11:00,2014-01-07,9,0,2014-01-06 00:00:00+00:00,22,0.550641026,51.92,136.74,27710352.0,29875344.0,1327808.0,1641616.0
2014-01-06 23:00:00+00:00,2014-01-07 10:00:00+11:00,2014-01-07,10,1,2014-01-06 00:00:00+00:00,23,0.688205128,45.19,200.26,29584816.0,32134368.0,1874464.0,2259024.0
2014-01-07 00:00:00+00:00,2014-01-07 11:00:00+11:00,2014-01-07,11,2,2014-01-06 00:00:00+00:00,24,0.785769231,61.2,297.40000000000003,32581504.0,35418480.0,2996688.0,3284112.0
2014-01-07 01:00:00+00:00,2014-01-07 12:00:00+11:00,2014-01-07,12,3,2014-01-07 00:00:00+00:00,1,0.816282051,54.92,158.26,3665837.0,3900862.0,3665837.0,3900862.0
2014-01-07 02:00:00+00:00,2014-01-07 13:00:00+11:00,2014-01-07,13,4,2014-01-07 00:00:00+00:00,2,0.805769231,53.27,142.06,7571117.0,8055556.0,3905280.0,4154694.0
2014-01-07 03:00:00+00:00,2014-01-07 14:00:00+11:00,2014-01-07,14,5,2014-01-07 00:00:00+00:00,3,0.752884615,53.09,127.09,11432679.0,12197089.0,3861562.0,4141533.0
2014-01-07 04:00:00+00:00,2014-01-07 15:00:00+11:00,2014-01-07,15,6,2014-01-07 00:00:00+00:00,4,0.652628205,55.76,108.36,14768253.0,15875534.0,3335574.0,3678445.0
2014-01-07 05:00:00+00:00,2014-01-07 16:00:00+11:00,2014-01-07,16,7,2014-01-07 00:00:00+00:00,5,0.50025641,60.44,138.49,17580000.0,19074288.0,2811747.0,3198754.0
2014-01-07 06:00:00+00:00,2014-01-07 17:00:00+11:00,2014-01-07,17,8,2014-01-07 00:00:00+00:00,6,0.31275641,70.57000000000001,138.3,19603824.0,21509568.0,2023824.0,2435280.0
2014-01-07 07:00:00+00:00,2014-01-07 18:00:00+11:00,2014-01-07,18,9,2014-01-07 00:00:00+00:00,7,0.109807692,108.1,1750.83,20443360.0,22814272.0,839536.0,1304704.0
2014-01-07 08:00:00+00:00,2014-01-07 19:00:00+11:00,2014-01-07,19,10,2014-01-07 00:00:00+00:00,8,0.042051282,117.57,364.96,21451984.0,24081968.0,1008624.0,1267696.0
2014-01-07 09:00:00+00:00,2014-01-07 20:00:00+11:00,2014-01-07,20,11,2014-01-07 00:00:00+00:00,9,0.02525641,100.5,81.86,21823520.0,24622768.0,371536.0,540800.0
2014-01-07 22:00:00+00:00,2014-01-08 09:00:00+11:00,2014-01-08,9,0,2014-01-07 00:00:00+00:00,22,0.499423077,68.26,47.43,24718960.0,28059168.0,1748368.0,1976992.0
2014-01-07 23:00:00+00:00,2014-01-08 10:00:00+11:00,2014-01-08,10,1,2014-01-07 00:00:00+00:00,23,0.355128205,62.22,46.65,27239856.0,30821360.0,2520896.0,2762192.0
2014-01-08 00:00:00+00:00,2014-01-08 11:00:00+11:00,2014-01-08,11,2,2014-01-07 00:00:00+00:00,24,0.372692308,76.59,71.09,30411072.0,34236144.0,3171216.0,3414784.0
2014-01-08 01:00:00+00:00,2014-01-08 12:00:00+11:00,2014-01-08,12,3,2014-01-08 00:00:00+00:00,1,0.499679487,57.52,42.28,3225683.0,3603649.0,3225683.0,3603649.0
2014-01-08 02:00:00+00:00,2014-01-08 13:00:00+11:00,2014-01-08,13,4,2014-01-08 00:00:00+00:00,2,0.679807692,53.25,39.89,7059189.0,7724556.0,3833506.0,4120907.0
2014-01-08 03:00:00+00:00,2014-01-08 14:00:00+11:00,2014-01-08,14,5,2014-01-08 00:00:00+00:00,3,0.76525641,51.72,43.62,10928464.0,11883108.0,3869275.0,4158552.0
2014-01-08 04:00:00+00:00,2014-01-08 15:00:00+11:00,2014-01-08,15,6,2014-01-08 00:00:00+00:00,4,0.657564103,53.82,45.88,14652244.0,15892650.0,3723780.0,4009542.0
2014-01-08 05:00:00+00:00,2014-01-08 16:00:00+11:00,2014-01-08,16,7,2014-01-08 00:00:00+00:00,5,0.489166667,59.11,40.93,17962272.0,19490528.0,3310028.0,3597878.0
2014-01-08 06:00:00+00:00,2014-01-08 17:00:00+11:00,2014-01-08,17,8,2014-01-08 00:00:00+00:00,6,0.283205128,78.16,47.22,20625648.0,22449760.0,2663376.0,2959232.0
2014-01-08 07:00:00+00:00,2014-01-08 18:00:00+11:00,2014-01-08,18,9,2014-01-08 00:00:00+00:00,7,0.148589744,115.6,251.59,22346352.0,24483056.0,1720704.0,2033296.0
2014-01-08 08:00:00+00:00,2014-01-08 19:00:00+11:00,2014-01-08,19,10,2014-01-08 00:00:00+00:00,8,0.095961538,118.47,71.98,23197632.0,25584656.0,851280.0,1101600.0
2014-01-08 09:00:00+00:00,2014-01-08 20:00:00+11:00,2014-01-08,20,11,2014-01-08 00:00:00+00:00,9,0.032051282,103.78,114.05,23490816.0,26021968.0,293184.0,437312.0
2014-01-08 22:00:00+00:00,2014-01-09 09:00:00+11:00,2014-01-09,9,0,2014-01-08 00:00:00+00:00,22,0.194551282,57.8,31.15,25046896.0,28384880.0,857872.0,1295424.0
2014-01-08 23:00:00+00:00,2014-01-09 10:00:00+11:00,2014-01-09,10,1,2014-01-08 00:00:00+00:00,23,0.155576923,43.86,27.31,26832992.0,30657824.0,1786096.0,2272944.0
2014-01-09 00:00:00+00:00,2014-01-09 11:00:00+11:00,2014-01-09,11,2,2014-01-08 00:00:00+00:00,24,0.206987179,42.47,28.13,29130272.0,33494944.0,2297280.0,2837120.0
2014-01-09 01:00:00+00:00,2014-01-09 12:00:00+11:00,2014-01-09,12,3,2014-01-09 00:00:00+00:00,1,0.329679487,36.78,26.83,2329134.0,3012586.0,2329134.0,3012586.0
2014-01-09 02:00:00+00:00,2014-01-09 13:00:00+11:00,2014-01-09,13,4,2014-01-09 00:00:00+00:00,2,0.546089744,34.72,26.47,4591149.0,6034143.0,2262015.0,3021557.0
2014-01-09 03:00:00+00:00,2014-01-09 14:00:00+11:00,2014-01-09,14,5,2014-01-09 00:00:00+00:00,3,0.556602564,33.160000000000004,26.04,7105552.0,9245008.0,2514403.0,3210865.0
2014-01-09 04:00:00+00:00,2014-01-09 15:00:00+11:00,2014-01-09,15,6,2014-01-09 00:00:00+00:00,4,0.533012821,33.74,26.12,9850330.0,12558105.0,2744778.0,3313097.0
2014-01-09 05:00:00+00:00,2014-01-09 16:00:00+11:00,2014-01-09,16,7,2014-01-09 00:00:00+00:00,5,0.352371795,36.29,26.91,12807265.0,15936966.0,2956935.0,3378861.0
2014-01-09 06:00:00+00:00,2014-01-09 17:00:00+11:00,2014-01-09,17,8,2014-01-09 00:00:00+00:00,6,0.306217949,45.47,30.43,15110099.0,18637024.0,2302834.0,2700058.0
2014-01-09 07:00:00+00:00,2014-01-09 18:00:00+11:00,2014-01-09,18,9,2014-01-09 00:00:00+00:00,7,0.173269231,59.95,38.5,16696091.0,20580464.0,1585992.0,1943440.0
2014-01-09 08:00:00+00:00,2014-01-09 19:00:00+11:00,2014-01-09,19,10,2014-01-09 00:00:00+00:00,8,0.109038462,61.16,40.22,17469520.0,21639776.0,773429.0,1059312.0
2014-01-09 09:00:00+00:00,2014-01-09 20:00:00+11:00,2014-01-09,20,11,2014-01-09 00:00:00+00:00,9,0.041987179,52.09,32.75,17772928.0,22094736.0,303408.0,454960.0
2014-01-09 22:00:00+00:00,2014-01-10 09:00:00+11:00,2014-01-10,9,0,2014-01-09 00:00:00+00:00,22,0.498012821,35.01,25.86,20505648.0,25478400.0,1664320.0,1962176.0
2014-01-09 23:00:00+00:00,2014-01-10 10:00:00+11:00,2014-01-10,10,1,2014-01-09 00:00:00+00:00,23,0.6525,31.41,24.33,22931792.0,28232928.0,2426144.0,2754528.0
2014-01-10 00:00:00+00:00,2014-01-10 11:00:00+11:00,2014-01-10,11,2,2014-01-09 00:00:00+00:00,24,0.741602564,26.69,25.37,26007104.0,31652816.0,3075312.0,3419888.0
2014-01-10 01:00:00+00:00,2014-01-10 12:00:00+11:00,2014-01-10,12,3,2014-01-10 00:00:00+00:00,1,0.782307692,25.23,25.58,3559840.0,3913181.0,3559840.0,3913181.0
2014-01-10 02:00:00+00:00,2014-01-10 13:00:00+11:00,2014-01-10,13,4,2014-01-10 00:00:00+00:00,2,0.726730769,24.68,26.45,7238909.0,7989715.0,3679069.0,4076534.0
2014-01-10 03:00:00+00:00,2014-01-10 14:00:00+11:00,2014-01-10,14,5,2014-01-10 00:00:00+00:00,3,0.634935897,24.32,25.4,10347713.0,11652352.0,3108804.0,3662637.0
2014-01-10 04:00:00+00:00,2014-01-10 15:00:00+11:00,2014-01-10,15,6,2014-01-10 00:00:00+00:00,4,0.412115385,24.39,26.16,13010457.0,14935542.0,2662744.0,3283190.0
2014-01-10 05:00:00+00:00,2014-01-10 16:00:00+11:00,2014-01-10,16,7,2014-01-10 00:00:00+00:00,5,0.505769231,24.92,26.94,15732209.0,18127936.0,2721752.0,3192394.0
2014-01-10 06:00:00+00:00,2014-01-10 17:00:00+11:00,2014-01-10,17,8,2014-01-10 00:00:00+00:00,6,0.303782051,29.96,32.27,17249840.0,20171616.0,1517631.0,2043680.0
2014-01-10 07:00:00+00:00,2014-01-10 18:00:00+11:00,2014-01-10,18,9,2014-01-10 00:00:00+00:00,7,0.127435897,37.59,49.64,18778176.0,22109600.0,1528336.0,1937984.0
2014-01-10 08:00:00+00:00,2014-01-10 19:00:00+11:00,2014-01-10,19,10,2014-01-10 00:00:00+00:00,8,0.083397436,39.3,41.39,19553776.0,23202144.0,775600.0,1092544.0
2014-01-10 09:00:00+00:00,2014-01-10 20:00:00+11:00,2014-01-10,20,11,2014-01-10 00:00:00+00:00,9,0.046730769,37.1,41.17,19864928.0,23694192.0,311152.0,492048.0
2014-01-10 22:00:00+00:00,2014-01-11 09:00:00+11:00,2014-01-11,9,0,2014-01-10 00:00:00+00:00,22,0.425897436,29.51,26.84,22566160.0,27049792.0,1653568.0,1952240.0
2014-01-10 23:00:00+00:00,2014-01-11 10:00:00+11:00,2014-01-11,10,1,2014-01-10 00:00:00+00:00,23,0.624102564,27.49,24.46,24982128.0,29796288.0,2415968.0,2746496.0
2014-01-11 00:00:00+00:00,2014-01-11 11:00:00+11:00,2014-01-11,11,2,2014-01-10 00:00:00+00:00,24,0.68224359,27.03,27.3,28020400.0,33189520.0,3038272.0,3393232.0
2014-01-11 01:00:00+00:00,2014-01-11 12:00:00+11:00,2014-01-11,12,3,2014-01-11 00:00:00+00:00,1,0.673269231,25.61,27.53,2792503.0,3334695.0,2792503.0,3334695.0
2014-01-11 02:00:00+00:00,2014-01-11 13:00:00+11:00,2014-01-11,13,4,2014-01-11 00:00:00+00:00,2,0.610448718,24.53,25.93,5906698.0,7045026.0,3114195.0,3710331.0
2014-01-11 03:00:00+00:00,2014-01-11 14:00:00+11:00,2014-01-11,14,5,2014-01-11 00:00:00+00:00,3,0.448846154,23.69,24.55,9043893.0,10806927.0,3137195.0,3761901.0
2014-01-11 04:00:00+00:00,2014-01-11 15:00:00+11:00,2014-01-11,15,6,2014-01-11 00:00:00+00:00,4,0.282051282,22.88,24.44,11127202.0,13635324.0,2083309.0,2828397.0
2014-01-11 05:00:00+00:00,2014-01-11 16:00:00+11:00,2014-01-11,16,7,2014-01-11 00:00:00+00:00,5,0.121987179,23.58,24.99,13603900.0,16666071.0,2476698.0,3030747.0
2014-01-11 06:00:00+00:00,2014-01-11 17:00:00+11:00,2014-01-11,17,8,2014-01-11 00:00:00+00:00,6,0.127307692,25.06,27.27,15409207.0,18970976.0,1805307.0,2304905.0
2014-01-11 07:00:00+00:00,2014-01-11 18:00:00+11:00,2014-01-11,18,9,2014-01-11 00:00:00+00:00,7,0.148589744,27.51,26.78,16405418.0,20409248.0,996211.0,1438272.0
2014-01-11 08:00:00+00:00,2014-01-11 19:00:00+11:00,2014-01-11,19,10,2014-01-11 00:00:00+00:00,8,0.091923077,29.43,26.3,16971408.0,21321328.0,565990.0,912080.0
2014-01-11 09:00:00+00:00,2014-01-11 20:00:00+11:00,2014-01-11,20,11,2014-01-11 00:00:00+00:00,9,0.036794872,30.66,27.65,17118016.0,21655824.0,146608.0,334496.0
2014-01-11 22:00:00+00:00,2014-01-12 09:00:00+11:00,2014-01-12,9,0,2014-01-11 00:00:00+00:00,22,0.487884615,28.68,25.84,19793712.0,24979168.0,1645792.0,1941696.0
2014-01-11 23:00:00+00:00,2014-01-12 10:00:00+11:00,2014-01-12,10,1,2014-01-11 00:00:00+00:00,23,0.630833333,27.2,24.13,22204992.0,27714336.0,2411280.0,2735168.0
2014-01-12 00:00:00+00:00,2014-01-12 11:00:00+11:00,2014-01-12,11,2,2014-01-11 00:00:00+00:00,24,0.721217949,25.07,23.64,25272816.0,31115696.0,3067824.0,3401360.0
2014-01-12 01:00:00+00:00,2014-01-12 12:00:00+11:00,2014-01-12,12,3,2014-01-12 00:00:00+00:00,1,0.760833333,23.87,29.89,3563446.0,3887292.0,3563446.0,3887292.0
2014-01-12 02:00:00+00:00,2014-01-12 13:00:00+11:00,2014-01-12,13,4,2014-01-12 00:00:00+00:00,2,0.747692308,22.77,23.5,7401754.0,8051692.0,3838308.0,4164400.0
2014-01-12 03:00:00+00:00,2014-01-12 14:00:00+11:00,2014-01-12,14,5,2014-01-12 00:00:00+00:00,3,0.697692308,21.95,21.61,11260795.0,12256691.0,3859041.0,4204999.0
2014-01-12 04:00:00+00:00,2014-01-12 15:00:00+11:00,2014-01-12,15,6,2014-01-12 00:00:00+00:00,4,0.610897436,21.35,20.22,14838716.0,16225844.0,3577921.0,3969153.0
2014-01-12 05:00:00+00:00,2014-01-12 16:00:00+11:00,2014-01-12,16,7,2014-01-12 00:00:00+00:00,5,0.465320513,21.35,21.92,17703856.0,19520912.0,2865140.0,3295068.0
2014-01-12 06:00:00+00:00,2014-01-12 17:00:00+11:00,2014-01-12,17,8,2014-01-12 00:00:00+00:00,6,0.291474359,22.81,27.17,19962560.0,22203728.0,2258704.0,2682816.0
2014-01-12 07:00:00+00:00,2014-01-12 18:00:00+11:00,2014-01-12,18,9,2014-01-12 00:00:00+00:00,7,0.101025641,24.62,34.26,21671088.0,24272496.0,1708528.0,2068768.0
2014-01-12 08:00:00+00:00,2014-01-12 19:00:00+11:00,2014-01-12,19,10,2014-01-12 00:00:00+00:00,8,0.040128205,25.35,63.2,22685360.0,25585104.0,1014272.0,1312608.0
2014-01-12 09:00:00+00:00,2014-01-12 20:00:00+11:00,2014-01-12,20,11,2014-01-12 00:00:00+00:00,9,0.023717949,26.62,60.28,23064080.0,26147952.0,378720.0,562848.0
2014-01-12 22:00:00+00:00,2014-01-13 09:00:00+11:00,2014-01-13,9,0,2014-01-12 00:00:00+00:00,22,0.515320513,26.58,21.95,25812864.0,29418336.0,1691328.0,1918000.0
2014-01-12 23:00:00+00:00,2014-01-13 10:00:00+11:00,2014-01-13,10,1,2014-01-12 00:00:00+00:00,23,0.665961538,25.53,20.75,28283424.0,32125920.0,2470560.0,2707584.0
2014-01-13 00:00:00+00:00,2014-01-13 11:00:00+11:00,2014-01-13,11,2,2014-01-12 00:00:00+00:00,24,0.750641026,23.11,20.08,31419408.0,35499680.0,3135984.0,3373760.0
2014-01-13 01:00:00+00:00,2014-01-13 12:00:00+11:00,2014-01-13,12,3,2014-01-13 00:00:00+00:00,1,0.791730769,21.56,19.58,3625371.0,3862868.0,3625371.0,3862868.0
2014-01-13 02:00:00+00:00,2014-01-13 13:00:00+11:00,2014-01-13,13,4,2014-01-13 00:00:00+00:00,2,0.778910256,20.91,19.34,7521247.0,8006213.0,3895876.0,4143345.0
2014-01-13 03:00:00+00:00,2014-01-13 14:00:00+11:00,2014-01-13,14,5,2014-01-13 00:00:00+00:00,3,0.726089744,20.47,18.91,11453505.0,12198263.0,3932258.0,4192050.0
2014-01-13 04:00:00+00:00,2014-01-13 15:00:00+11:00,2014-01-13,15,6,2014-01-13 00:00:00+00:00,4,0.630641026,20.21,19.09,15189989.0,16202453.0,3736484.0,4004190.0
2014-01-13 05:00:00+00:00,2014-01-13 16:00:00+11:00,2014-01-13,16,7,2014-01-13 00:00:00+00:00,5,0.485064103,22.41,22.45,18507104.0,19796816.0,3317115.0,3594363.0
2014-01-13 06:00:00+00:00,2014-01-13 17:00:00+11:00,2014-01-13,17,8,2014-01-13 00:00:00+00:00,6,0.292371795,27.31,26.25,21208816.0,22790592.0,2701712.0,2993776.0
2014-01-13 07:00:00+00:00,2014-01-13 18:00:00+11:00,2014-01-13,18,9,2014-01-13 00:00:00+00:00,7,0.096410256,30.71,26.13,23162208.0,25033984.0,1953392.0,2243392.0
2014-01-13 08:00:00+00:00,2014-01-13 19:00:00+11:00,2014-01-13,19,10,2014-01-13 00:00:00+00:00,8,0.037820513,31.29,24.9,24305488.0,26435840.0,1143280.0,1401856.0
2014-01-13 09:00:00+00:00,2014-01-13 20:00:00+11:00,2014-01-13,20,11,2014-01-13 00:00:00+00:00,9,0.02275641,31.95,25.47,24687216.0,26990816.0,381728.0,554976.0
2014-01-13 22:00:00+00:00,2014-01-14 09:00:00+11:00,2014-01-14,9,0,2014-01-13 00:00:00+00:00,22,0.502435897,27.1,23.48,27383392.0,30225488.0,1670992.0,1907312.0
2014-01-13 23:00:00+00:00,2014-01-14 10:00:00+11:00,2014-01-14,10,1,2014-01-13 00:00:00+00:00,23,0.646474359,25.5,22.12,29834400.0,32925376.0,2451008.0,2699888.0
2014-01-14 00:00:00+00:00,2014-01-14 11:00:00+11:00,2014-01-14,11,2,2014-01-13 00:00:00+00:00,24,0.73275641,23.79,20.91,32951840.0,36292368.0,3117440.0,3366992.0
2014-01-14 01:00:00+00:00,2014-01-14 12:00:00+11:00,2014-01-14,12,3,2014-01-14 00:00:00+00:00,1,0.776410256,22.76,21.86,3599456.0,3860623.0,3599456.0,3860623.0
2014-01-14 02:00:00+00:00,2014-01-14 13:00:00+11:00,2014-01-14,13,4,2014-01-14 00:00:00+00:00,2,0.768397436,21.65,20.7,7476628.0,8002024.0,3877172.0,4141401.0
2014-01-14 03:00:00+00:00,2014-01-14 14:00:00+11:00,2014-01-14,14,5,2014-01-14 00:00:00+00:00,3,0.713653846,21.07,20.54,11395262.0,12192723.0,3918634.0,4190699.0
2014-01-14 04:00:00+00:00,2014-01-14 15:00:00+11:00,2014-01-14,15,6,2014-01-14 00:00:00+00:00,4,0.617371795,21.82,20.3,15115306.0,16196931.0,3720044.0,4004208.0
2014-01-14 05:00:00+00:00,2014-01-14 16:00:00+11:00,2014-01-14,16,7,2014-01-14 00:00:00+00:00,5,0.474679487,23.58,25.61,18410912.0,19793456.0,3295606.0,3596525.0
2014-01-14 06:00:00+00:00,2014-01-14 17:00:00+11:00,2014-01-14,17,8,2014-01-14 00:00:00+00:00,6,0.287820513,28.83,58.95,21093296.0,22788192.0,2682384.0,2994736.0
2014-01-14 07:00:00+00:00,2014-01-14 18:00:00+11:00,2014-01-14,18,9,2014-01-14 00:00:00+00:00,7,0.0975,33.980000000000004,248.73,23031152.0,25030768.0,1937856.0,2242576.0
2014-01-14 08:00:00+00:00,2014-01-14 19:00:00+11:00,2014-01-14,19,10,2014-01-14 00:00:00+00:00,8,0.039679487,34.15,70.28,24164928.0,26431920.0,1133776.0,1401152.0
2014-01-14 09:00:00+00:00,2014-01-14 20:00:00+11:00,2014-01-14,20,11,2014-01-14 00:00:00+00:00,9,0.022692308,32.2,33.34,24542368.0,26985120.0,377440.0,553200.0
2014-01-14 22:00:00+00:00,2014-01-15 09:00:00+11:00,2014-01-15,9,0,2014-01-14 00:00:00+00:00,22,0.462628205,29.99,25.85,27152720.0,30203760.0,1621088.0,1904320.0
2014-01-14 23:00:00+00:00,2014-01-15 10:00:00+11:00,2014-01-15,10,1,2014-01-14 00:00:00+00:00,23,0.610897436,27.84,25.31,29540208.0,32905408.0,2387488.0,2701648.0
2014-01-15 00:00:00+00:00,2014-01-15 11:00:00+11:00,2014-01-15,11,2,2014-01-14 00:00:00+00:00,24,0.718076923,26.6,31.26,32585152.0,36279264.0,3044944.0,3373856.0
2014-01-15 01:00:00+00:00,2014-01-15 12:00:00+11:00,2014-01-15,12,3,2014-01-15 00:00:00+00:00,1,0.758910256,25.88,39.6,3532271.0,3868293.0,3532271.0,3868293.0
2014-01-15 02:00:00+00:00,2014-01-15 13:00:00+11:00,2014-01-15,13,4,2014-01-15 00:00:00+00:00,2,0.741474359,25.71,28.71,7349402.0,8017186.0,3817131.0,4148893.0
2014-01-15 03:00:00+00:00,2014-01-15 14:00:00+11:00,2014-01-15,14,5,2014-01-15 00:00:00+00:00,3,0.679871795,25.46,27.17,11215827.0,12215461.0,3866425.0,4198275.0
2014-01-15 04:00:00+00:00,2014-01-15 15:00:00+11:00,2014-01-15,15,6,2014-01-15 00:00:00+00:00,4,0.605128205,26.43,25.19,14868248.0,16208561.0,3652421.0,3993100.0
2014-01-15 05:00:00+00:00,2014-01-15 16:00:00+11:00,2014-01-15,16,7,2014-01-15 00:00:00+00:00,5,0.470320513,29.3,25.35,18125344.0,19805600.0,3257096.0,3597039.0
2014-01-15 06:00:00+00:00,2014-01-15 17:00:00+11:00,2014-01-15,17,8,2014-01-15 00:00:00+00:00,6,0.323846154,38.64,26.22,20676336.0,22720592.0,2550992.0,2914992.0
2014-01-15 07:00:00+00:00,2014-01-15 18:00:00+11:00,2014-01-15,18,9,2014-01-15 00:00:00+00:00,7,0.112820513,54.45,108.54,22032640.0,24483584.0,1356304.0,1762992.0
2014-01-15 08:00:00+00:00,2014-01-15 19:00:00+11:00,2014-01-15,19,10,2014-01-15 00:00:00+00:00,8,0.066730769,54.38,42.2,22792096.0,25510736.0,759456.0,1027152.0
2014-01-15 09:00:00+00:00,2014-01-15 20:00:00+11:00,2014-01-15,20,11,2014-01-15 00:00:00+00:00,9,0.008910256,49.39,49.59,23109856.0,25994656.0,317760.0,483920.0
2014-01-15 22:00:00+00:00,2014-01-16 09:00:00+11:00,2014-01-16,9,0,2014-01-15 00:00:00+00:00,22,0.484230769,29.45,27.06,25681792.0,29182192.0,1608240.0,1893696.0
2014-01-15 23:00:00+00:00,2014-01-16 10:00:00+11:00,2014-01-16,10,1,2014-01-15 00:00:00+00:00,23,0.628717949,26.71,25.98,28060896.0,31873392.0,2379104.0,2691200.0
2014-01-16 00:00:00+00:00,2014-01-16 11:00:00+11:00,2014-01-16,11,2,2014-01-15 00:00:00+00:00,24,0.714615385,25.7,30.83,31101648.0,35236528.0,3040752.0,3363136.0
2014-01-16 01:00:00+00:00,2014-01-16 12:00:00+11:00,2014-01-16,12,3,2014-01-16 00:00:00+00:00,1,0.764551282,24.42,23.79,3578529.0,3848931.0,3578529.0,3848931.0
2014-01-16 02:00:00+00:00,2014-01-16 13:00:00+11:00,2014-01-16,13,4,2014-01-16 00:00:00+00:00,2,0.749551282,23.26,27.49,7454969.0,7977536.0,3876440.0,4128605.0
2014-01-16 03:00:00+00:00,2014-01-16 14:00:00+11:00,2014-01-16,14,5,2014-01-16 00:00:00+00:00,3,0.716923077,22.79,19.83,11400745.0,12153048.0,3945776.0,4175512.0
2014-01-16 04:00:00+00:00,2014-01-16 15:00:00+11:00,2014-01-16,15,6,2014-01-16 00:00:00+00:00,4,0.626282051,23.32,16.8,15164047.0,16141503.0,3763302.0,3988455.0
2014-01-16 05:00:00+00:00,2014-01-16 16:00:00+11:00,2014-01-16,16,7,2014-01-16 00:00:00+00:00,5,0.479038462,28.08,17.0,18509536.0,19724336.0,3345489.0,3582833.0
2014-01-16 06:00:00+00:00,2014-01-16 17:00:00+11:00,2014-01-16,17,8,2014-01-16 00:00:00+00:00,6,0.293141026,36.03,34.910000000000004,21235456.0,22709440.0,2725920.0,2985104.0
2014-01-16 07:00:00+00:00,2014-01-16 18:00:00+11:00,2014-01-16,18,9,2014-01-16 00:00:00+00:00,7,0.098525641,52.44,35.24,23204192.0,24944992.0,1968736.0,2235552.0
2014-01-16 08:00:00+00:00,2014-01-16 19:00:00+11:00,2014-01-16,19,10,2014-01-16 00:00:00+00:00,8,0.036666667,45.34,40.76,24355840.0,26339056.0,1151648.0,1394064.0
2014-01-16 09:00:00+00:00,2014-01-16 20:00:00+11:00,2014-01-16,20,11,2014-01-16 00:00:00+00:00,9,0.021282051,37.7,27.62,24739584.0,26884192.0,383744.0,545136.0
2014-01-16 22:00:00+00:00,2014-01-17 09:00:00+11:00,2014-01-17,9,0,2014-01-16 00:00:00+00:00,22,0.512051282,30.43,26.15,27413200.0,30006256.0,1672560.0,1864768.0
2014-01-16 23:00:00+00:00,2014-01-17 10:00:00+11:00,2014-01-17,10,1,2014-01-16 00:00:00+00:00,23,0.655384615,27.57,23.9,29881248.0,32664496.0,2468048.0,2658240.0
2014-01-17 00:00:00+00:00,2014-01-17 11:00:00+11:00,2014-01-17,11,2,2014-01-16 00:00:00+00:00,24,0.735641026,29.2,23.5,33030448.0,35991152.0,3149200.0,3326656.0
2014-01-17 01:00:00+00:00,2014-01-17 12:00:00+11:00,2014-01-17,12,3,2014-01-17 00:00:00+00:00,1,0.768525641,26.78,21.5,3653511.0,3822684.0,3653511.0,3822684.0
2014-01-17 02:00:00+00:00,2014-01-17 13:00:00+11:00,2014-01-17,13,4,2014-01-17 00:00:00+00:00,2,0.773653846,26.28,22.12,7596743.0,7928907.0,3943232.0,4106223.0
2014-01-17 03:00:00+00:00,2014-01-17 14:00:00+11:00,2014-01-17,14,5,2014-01-17 00:00:00+00:00,3,0.725512821,25.33,23.6,11590760.0,12087664.0,3994017.0,4158757.0
2014-01-17 04:00:00+00:00,2014-01-17 15:00:00+11:00,2014-01-17,15,6,2014-01-17 00:00:00+00:00,4,0.629487179,25.71,27.0,15393395.0,16063545.0,3802635.0,3975881.0
2014-01-17 05:00:00+00:00,2014-01-17 16:00:00+11:00,2014-01-17,16,7,2014-01-17 00:00:00+00:00,5,0.486602564,29.38,24.7,18776144.0,19634272.0,3382749.0,3570727.0
2014-01-17 06:00:00+00:00,2014-01-17 17:00:00+11:00,2014-01-17,17,8,2014-01-17 00:00:00+00:00,6,0.295961538,36.52,29.04,21545504.0,22606288.0,2769360.0,2972016.0
2014-01-17 07:00:00+00:00,2014-01-17 18:00:00+11:00,2014-01-17,18,9,2014-01-17 00:00:00+00:00,7,0.096410256,47.15,30.14,23557280.0,24829968.0,2011776.0,2223680.0
2014-01-17 08:00:00+00:00,2014-01-17 19:00:00+11:00,2014-01-17,19,10,2014-01-17 00:00:00+00:00,8,0.034871795,47.79,30.79,24739840.0,26214640.0,1182560.0,1384672.0
2014-01-17 09:00:00+00:00,2014-01-17 20:00:00+11:00,2014-01-17,20,11,2014-01-17 00:00:00+00:00,9,0.021538462,43.79,36.49,25132656.0,26753952.0,392816.0,539312.0
2014-01-17 22:00:00+00:00,2014-01-18 09:00:00+11:00,2014-01-18,9,0,2014-01-17 00:00:00+00:00,22,0.454807692,36.42,28.21,27671488.0,29870240.0,1598752.0,1869712.0
2014-01-17 23:00:00+00:00,2014-01-18 10:00:00+11:00,2014-01-18,10,1,2014-01-17 00:00:00+00:00,23,0.608974359,32.68,26.25,30045520.0,32540544.0,2374032.0,2670304.0
2014-01-18 00:00:00+00:00,2014-01-18 11:00:00+11:00,2014-01-18,11,2,2014-01-17 00:00:00+00:00,24,0.714230769,33.65,27.28,33082816.0,35886448.0,3037296.0,3345904.0
2014-01-18 01:00:00+00:00,2014-01-18 12:00:00+11:00,2014-01-18,12,3,2014-01-18 00:00:00+00:00,1,0.74974359,31.46,25.92,3530380.0,3846764.0,3530380.0,3846764.0
2014-01-18 02:00:00+00:00,2014-01-18 13:00:00+11:00,2014-01-18,13,4,2014-01-18 00:00:00+00:00,2,0.740512821,29.91,30.76,7303097.0,7949656.0,3772717.0,4102892.0
2014-01-18 03:00:00+00:00,2014-01-18 14:00:00+11:00,2014-01-18,14,5,2014-01-18 00:00:00+00:00,3,0.698333333,28.17,27.2,10821895.0,11858903.0,3518798.0,3909247.0
2014-01-18 04:00:00+00:00,2014-01-18 15:00:00+11:00,2014-01-18,15,6,2014-01-18 00:00:00+00:00,4,0.611410256,28.32,25.32,14436345.0,15816105.0,3614450.0,3957202.0
2014-01-18 05:00:00+00:00,2014-01-18 16:00:00+11:00,2014-01-18,16,7,2014-01-18 00:00:00+00:00,5,0.478525641,28.55,25.83,17585824.0,19292736.0,3149479.0,3476631.0
2014-01-18 06:00:00+00:00,2014-01-18 17:00:00+11:00,2014-01-18,17,8,2014-01-18 00:00:00+00:00,6,0.192307692,33.37,28.09,19786032.0,21910832.0,2200208.0,2618096.0
2014-01-18 07:00:00+00:00,2014-01-18 18:00:00+11:00,2014-01-18,18,9,2014-01-18 00:00:00+00:00,7,0.072051282,38.21,59.52,21079696.0,23613616.0,1293664.0,1702784.0
2014-01-18 08:00:00+00:00,2014-01-18 19:00:00+11:00,2014-01-18,19,10,2014-01-18 00:00:00+00:00,8,0.061923077,39.15,48.68,21679520.0,24529216.0,599824.0,915600.0
2014-01-18 09:00:00+00:00,2014-01-18 20:00:00+11:00,2014-01-18,20,11,2014-01-18 00:00:00+00:00,9,0.028653846,39.76,40.13,21900272.0,24912256.0,220752.0,383040.0
2014-01-18 22:00:00+00:00,2014-01-19 09:00:00+11:00,2014-01-19,9,0,2014-01-18 00:00:00+00:00,22,0.424358974,29.54,27.13,24198432.0,27864960.0,1410352.0,1736256.0
2014-01-18 23:00:00+00:00,2014-01-19 10:00:00+11:00,2014-01-19,10,1,2014-01-18 00:00:00+00:00,23,0.608333333,28.2,25.76,26438848.0,30464368.0,2240416.0,2599408.0
2014-01-19 00:00:00+00:00,2014-01-19 11:00:00+11:00,2014-01-19,11,2,2014-01-18 00:00:00+00:00,24,0.728076923,27.42,23.19,29430208.0,33822112.0,2991360.0,3357744.0
2014-01-19 01:00:00+00:00,2014-01-19 12:00:00+11:00,2014-01-19,12,3,2014-01-19 00:00:00+00:00,1,0.774615385,25.98,22.57,3490641.0,3848841.0,3490641.0,3848841.0
2014-01-19 02:00:00+00:00,2014-01-19 13:00:00+11:00,2014-01-19,13,4,2014-01-19 00:00:00+00:00,2,0.758333333,24.92,23.68,7264189.0,7990782.0,3773548.0,4141941.0
2014-01-19 03:00:00+00:00,2014-01-19 14:00:00+11:00,2014-01-19,14,5,2014-01-19 00:00:00+00:00,3,0.712628205,23.84,22.75,11070895.0,12181271.0,3806706.0,4190489.0
2014-01-19 04:00:00+00:00,2014-01-19 15:00:00+11:00,2014-01-19,15,6,2014-01-19 00:00:00+00:00,4,0.620641026,23.47,21.52,14575691.0,16111075.0,3504796.0,3929804.0
2014-01-19 05:00:00+00:00,2014-01-19 16:00:00+11:00,2014-01-19,16,7,2014-01-19 00:00:00+00:00,5,0.422628205,23.24,21.32,17331776.0,19359168.0,2756085.0,3248093.0
2014-01-19 06:00:00+00:00,2014-01-19 17:00:00+11:00,2014-01-19,17,8,2014-01-19 00:00:00+00:00,6,0.276602564,24.46,20.79,18657856.0,21291632.0,1326080.0,1932464.0
2014-01-19 07:00:00+00:00,2014-01-19 18:00:00+11:00,2014-01-19,18,9,2014-01-19 00:00:00+00:00,7,0.09974359,27.5,22.77,19945824.0,23035008.0,1287968.0,1743376.0
2014-01-19 08:00:00+00:00,2014-01-19 19:00:00+11:00,2014-01-19,19,10,2014-01-19 00:00:00+00:00,8,0.066153846,29.73,23.11,20925232.0,24334816.0,979408.0,1299808.0
2014-01-19 09:00:00+00:00,2014-01-19 20:00:00+11:00,2014-01-19,20,11,2014-01-19 00:00:00+00:00,9,0.029423077,31.2,23.78,21256304.0,24853200.0,331072.0,518384.0
2014-01-19 22:00:00+00:00,2014-01-20 09:00:00+11:00,2014-01-20,9,0,2014-01-19 00:00:00+00:00,22,0.031538462,28.8,24.55,22710976.0,27104688.0,1035248.0,1451360.0
2014-01-19 23:00:00+00:00,2014-01-20 10:00:00+11:00,2014-01-20,10,1,2014-01-19 00:00:00+00:00,23,0.061538462,26.78,40.54,23742800.0,28784528.0,1031824.0,1679840.0
2014-01-20 00:00:00+00:00,2014-01-20 11:00:00+11:00,2014-01-20,11,2,2014-01-19 00:00:00+00:00,24,0.130769231,25.94,21.99,25090592.0,30884544.0,1347792.0,2100016.0
2014-01-20 01:00:00+00:00,2014-01-20 12:00:00+11:00,2014-01-20,12,3,2014-01-20 00:00:00+00:00,1,0.23025641,25.6,21.72,1656169.0,2469804.0,1656169.0,2469804.0
2014-01-20 02:00:00+00:00,2014-01-20 13:00:00+11:00,2014-01-20,13,4,2014-01-20 00:00:00+00:00,2,0.326025641,24.99,22.32,3027560.0,4770157.0,1371391.0,2300353.0
2014-01-20 03:00:00+00:00,2014-01-20 14:00:00+11:00,2014-01-20,14,5,2014-01-20 00:00:00+00:00,3,0.434487179,24.74,22.47,4761380.0,7321334.0,1733820.0,2551177.0
2014-01-20 04:00:00+00:00,2014-01-20 15:00:00+11:00,2014-01-20,15,6,2014-01-20 00:00:00+00:00,4,0.433012821,25.31,22.04,6771172.0,10047629.0,2009792.0,2726295.0
2014-01-20 05:00:00+00:00,2014-01-20 16:00:00+11:00,2014-01-20,16,7,2014-01-20 00:00:00+00:00,5,0.498205128,27.36,29.03,9284687.0,13049641.0,2513515.0,3002012.0
2014-01-20 06:00:00+00:00,2014-01-20 17:00:00+11:00,2014-01-20,17,8,2014-01-20 00:00:00+00:00,6,0.310192308,33.02,24.68,11891079.0,16011513.0,2606392.0,2961872.0
2014-01-20 07:00:00+00:00,2014-01-20 18:00:00+11:00,2014-01-20,18,9,2014-01-20 00:00:00+00:00,7,0.123461538,43.56,27.59,13757585.0,18212224.0,1866506.0,2200711.0
2014-01-20 08:00:00+00:00,2014-01-20 19:00:00+11:00,2014-01-20,19,10,2014-01-20 00:00:00+00:00,8,0.055320513,44.89,26.96,14782681.0,19515632.0,1025096.0,1303408.0
2014-01-20 09:00:00+00:00,2014-01-20 20:00:00+11:00,2014-01-20,20,11,2014-01-20 00:00:00+00:00,9,0.028205128,45.0,27.54,15126515.0,20032560.0,343834.0,516928.0
