model,timestamp_utc,timestamp_local,local_date,local_hour,hour_idx,actual,raw,projected,DA,RT,penalty,realized_profit,oracle_profit,oracle_q
Baseline AR,2014-01-20T22:00:00+00:00,2014-01-21T09:00:00+11:00,2014-01-21,9,0,0.079487179,0.17021133824651177,0.17021133824651177,34.28,25.67,17.14,128.39497756815638,555.0723074418,1.0
Baseline AR,2014-01-20T23:00:00+00:00,2014-01-21T10:00:00+11:00,2014-01-21,10,1,0.164166667,0.3248097055698484,0.3248097055698484,32.410000000000004,23.69,16.205000000000002,237.71586352483183,565.9596251620501,1.0
Baseline AR,2014-01-21T00:00:00+00:00,2014-01-21T11:00:00+11:00,2014-01-21,11,2,0.241025641,0.5700407368553078,0.5700407368553078,31.59,24.22,15.795,384.3238031467376,588.05999998785,1.0
Baseline AR,2014-01-21T01:00:00+00:00,2014-01-21T12:00:00+11:00,2014-01-21,12,3,0.576217949,0.5617348180710006,0.5617348180710006,31.33,26.6,15.665,539.532093986275,740.7436251325499,1.0
Baseline AR,2014-01-21T02:00:00+00:00,2014-01-21T13:00:00+11:00,2014-01-21,13,4,0.811794872,0.6420541082587191,0.6420541082587191,30.37,27.34,15.185,724.1968724551176,825.3631539396,1.0
Baseline AR,2014-01-21T03:00:00+00:00,2014-01-21T14:00:00+11:00,2014-01-21,14,5,0.706858974,0.664967856698353,0.664967856698353,31.06,28.24,15.53,655.1072034494806,795.2255959866,1.0
Baseline AR,2014-01-21T04:00:00+00:00,2014-01-21T15:00:00+11:00,2014-01-21,15,6,0.564294872,0.5839626680600126,0.5839626680600126,32.64,25.85,16.32,562.1868916133822,765.8787693311999,1.0
Baseline AR,2014-01-21T05:00:00+00:00,2014-01-21T16:00:00+11:00,2014-01-21,16,7,0.403461538,0.4834966711792325,0.4834966711792325,38.32,25.01,19.16,509.82357863622286,806.7096920424,1.0
Baseline AR,2014-01-21T06:00:00+00:00,2014-01-21T17:00:00+11:00,2014-01-21,17,8,0.282435897,0.3169418592687336,0.3169418592687336,45.79,50.49,22.895,411.6826118931797,880.84109585445,1.0
Baseline AR,2014-01-21T07:00:00+00:00,2014-01-21T18:00:00+11:00,2014-01-21,18,9,0.153782051,0.11776993925077876,0.11776993925077876,71.35000000000001,39.76,35.675000000000004,295.0418018607631,1234.8352400827503,1.0
Baseline AR,2014-01-21T08:00:00+00:00,2014-01-21T19:00:00+11:00,2014-01-21,19,10,0.090512821,0.05573402244292323,0.05573402244292323,73.72,38.31,36.86,163.23263721641734,1205.8890774618,1.0
Baseline AR,2014-01-21T09:00:00+00:00,2014-01-21T20:00:00+11:00,2014-01-21,20,11,0.029487179,0.026941536937270673,0.026941536937270673,69.35000000000001,39.25,34.675000000000004,59.04936112685542,1070.92403795475,1.0
Baseline AR,2014-01-21T22:00:00+00:00,2014-01-22T09:00:00+11:00,2014-01-22,9,0,0.055192308,0.14967548336251282,0.14967548336251282,49.13,37.73,24.565,150.97731884460381,777.6239713806,1.0
Baseline AR,2014-01-21T23:00:00+00:00,2014-01-22T10:00:00+11:00,2014-01-22,10,1,0.468076923,0.33906224689866477,0.33906224689866477,41.18,27.28,20.59,524.4631107399432,906.8311153371,1.0
Baseline AR,2014-01-22T00:00:00+00:00,2014-01-22T11:00:00+11:00,2014-01-22,11,2,0.504423077,0.5215214540510579,0.5215214540510579,44.68,50.44,22.34,687.588024710419,1008.2643462054,1.0
Baseline AR,2014-01-22T01:00:00+00:00,2014-01-22T12:00:00+11:00,2014-01-22,12,3,0.263525641,0.4948669742359945,0.4948669742359945,42.56,28.18,21.28,484.1578455666589,806.6347692144001,1.0
Baseline AR,2014-01-22T02:00:00+00:00,2014-01-22T13:00:00+11:00,2014-01-22,13,4,0.511410256,0.6334524437034352,0.6334524437034352,41.31,31.41,20.655,709.4141718712337,936.5453651304,1.0
Baseline AR,2014-01-22T03:00:00+00:00,2014-01-22T14:00:00+11:00,2014-01-22,14,5,0.469102564,0.5992916682479618,0.5992916682479618,40.88,27.42,20.44,655.1393432144502,900.8536922448,1.0
Baseline AR,2014-01-22T04:00:00+00:00,2014-01-22T15:00:00+11:00,2014-01-22,15,6,0.428076923,0.5197548711988442,0.5197548711988442,41.18,26.91,20.59,585.4756992766261,882.1231153371,1.0
Baseline AR,2014-01-22T05:00:00+00:00,2014-01-22T16:00:00+11:00,2014-01-22,16,7,0.342820513,0.4575005556345814,0.4575005556345814,44.0,40.33,22.0,528.2119052988237,886.26153858,1.0
Baseline AR,2014-01-22T06:00:00+00:00,2014-01-22T17:00:00+11:00,2014-01-22,17,8,0.288269231,0.3083096328296489,0.3083096328296489,60.5,53.65,30.25,541.3953189254064,1169.1043271325,1.0
Baseline AR,2014-01-22T07:00:00+00:00,2014-01-22T18:00:00+11:00,2014-01-22,18,9,0.153717949,0.14106522009098096,0.14106522009098096,98.23,76.29,49.115,444.6633977401837,1699.94571195405,1.0
Baseline AR,2014-01-22T08:00:00+00:00,2014-01-22T19:00:00+11:00,2014-01-22,19,10,0.043076923,0.08072372502619014,0.08072372502619014,92.07,46.67,46.035,170.9748849565699,1440.5413845091498,1.0
Baseline AR,2014-01-22T09:00:00+00:00,2014-01-22T20:00:00+11:00,2014-01-22,20,11,0.019038462,0.02863568137889554,0.02863568137889554,78.23,35.12,39.115,55.943223547964976,1195.7906832339,1.0
Baseline AR,2014-01-22T22:00:00+00:00,2014-01-23T09:00:00+11:00,2014-01-23,9,0,0.158782051,0.20548209084524313,0.20548209084524313,52.78,31.52,26.39,288.38792109887896,917.4077497767,1.0
Baseline AR,2014-01-22T23:00:00+00:00,2014-01-23T10:00:00+11:00,2014-01-23,10,1,0.190128205,0.4958820731227416,0.4958820731227416,45.35,27.25,22.675,466.65849169299497,809.58471145125,1.0
Baseline AR,2014-01-23T00:00:00+00:00,2014-01-23T11:00:00+11:00,2014-01-23,11,2,0.250448718,0.630959427783304,0.630959427783304,47.05,25.43,23.525,622.0537988865668,882.5041827284999,1.0
Baseline AR,2014-01-23T01:00:00+00:00,2014-01-23T12:00:00+11:00,2014-01-23,12,3,0.456858974,0.6635655078306175,0.6635655078306175,45.59,27.32,22.795,766.2022818998679,996.2730093699,1.0
Baseline AR,2014-01-23T02:00:00+00:00,2014-01-23T13:00:00+11:00,2014-01-23,13,4,0.755641026,0.6994503554723981,0.6994503554723981,44.73,26.88,22.365,983.904588721869,1177.9473463947,1.0
Baseline AR,2014-01-23T03:00:00+00:00,2014-01-23T14:00:00+11:00,2014-01-23,14,5,0.751282051,0.6829279831176023,0.6829279831176023,44.57,26.07,22.285,966.6027227173693,1170.8196151960499,1.0
Baseline AR,2014-01-23T04:00:00+00:00,2014-01-23T15:00:00+11:00,2014-01-23,15,6,0.559807692,0.5163992271104024,0.5163992271104024,46.13,28.86,23.065,752.2279392994994,1079.3089324794003,1.0
Baseline AR,2014-01-23T05:00:00+00:00,2014-01-23T16:00:00+11:00,2014-01-23,16,7,0.342820513,0.46534018104914054,0.46534018104914054,51.39,27.67,25.695,622.9706710077801,1035.11319244605,1.0
Baseline AR,2014-01-23T06:00:00+00:00,2014-01-23T17:00:00+11:00,2014-01-23,17,8,0.288269231,0.2971123198526801,0.2971123198526801,69.9,31.97000000000001,34.95,613.7725560690351,1350.7502887035,1.0
Baseline AR,2014-01-23T07:00:00+00:00,2014-01-23T18:00:00+11:00,2014-01-23,18,9,0.064294872,0.11144844034753813,0.11144844034753813,104.01,56.07,52.005,274.1859287590117,1660.4596445508,1.0
Baseline AR,2014-01-23T08:00:00+00:00,2014-01-23T19:00:00+11:00,2014-01-23,19,10,0.037115385,0.04238698739654059,0.04238698739654059,105.8,22.25,52.9,126.17026499330991,1645.902115995,1.0
Baseline AR,2014-01-23T09:00:00+00:00,2014-01-23T20:00:00+11:00,2014-01-23,20,11,0.023397436,0.018267949497199697,0.018267949497199697,93.19,60.02,46.595,60.307859806263416,1430.5561059125998,1.0
Baseline AR,2014-01-23T22:00:00+00:00,2014-01-24T09:00:00+11:00,2014-01-24,9,0,0.1075,0.21257545387546847,0.21257545387546847,59.51,36.34,29.755,285.7153539019369,988.609875,1.0
Baseline AR,2014-01-23T23:00:00+00:00,2014-01-24T10:00:00+11:00,2014-01-24,10,1,0.169423077,0.44016953733629777,0.44016953733629777,50.39,33.25,25.195,460.76057754609064,883.9084327504501,1.0
Baseline AR,2014-01-24T00:00:00+00:00,2014-01-24T11:00:00+11:00,2014-01-24,11,2,0.239230769,0.623182161936712,0.623182161936712,48.23,36.55,24.115,623.9126348861644,896.5214998330499,1.0
Baseline AR,2014-01-24T01:00:00+00:00,2014-01-24T12:00:00+11:00,2014-01-24,12,3,0.382692308,0.6172563828514405,0.6172563828514405,47.06,51.63,23.53,705.8637808720318,976.0425002172,1.0
Baseline AR,2014-01-24T02:00:00+00:00,2014-01-24T13:00:00+11:00,2014-01-24,13,4,0.306410256,0.7111304512532602,0.7111304512532602,44.73,49.5,22.365,682.718937531575,876.5359612632,1.0
Baseline AR,2014-01-24T03:00:00+00:00,2014-01-24T14:00:00+11:00,2014-01-24,14,5,0.269487179,0.6712224068832104,0.6712224068832104,42.68,44.34,21.34,602.2422768824313,812.7256919958,1.0
Baseline AR,2014-01-24T04:00:00+00:00,2014-01-24T15:00:00+11:00,2014-01-24,15,6,0.235064103,0.5306906151475664,0.5306906151475664,43.55,39.77,21.775,500.2292696298978,806.8056252847499,1.0
Baseline AR,2014-01-24T05:00:00+00:00,2014-01-24T16:00:00+11:00,2014-01-24,16,7,0.176602564,0.4635472828293372,0.4635472828293372,50.95,54.03,25.475,489.2345204393209,899.218509537,1.0
Baseline AR,2014-01-24T06:00:00+00:00,2014-01-24T17:00:00+11:00,2014-01-24,17,8,0.137115385,0.2880206890311072,0.2880206890311072,74.63,45.63,37.315,475.91857807412293,1272.94381773825,1.0
Baseline AR,2014-01-24T07:00:00+00:00,2014-01-24T18:00:00+11:00,2014-01-24,18,9,0.094038462,0.08608115818980239,0.08608115818980239,114.33,65.6,57.165,310.9097383736721,1876.2212604069,1.0
Baseline AR,2014-01-24T08:00:00+00:00,2014-01-24T19:00:00+11:00,2014-01-24,19,10,0.036730769,0.03980004327252065,0.03980004327252065,105.08,70.36,52.54,120.62786630394706,1634.0950380978002,1.0
Baseline AR,2014-01-24T09:00:00+00:00,2014-01-24T20:00:00+11:00,2014-01-24,20,11,0.011730769,0.0222231392487672,0.0222231392487672,88.82,55.14,44.41,45.23679195983254,1347.9289035386998,1.0
Baseline AR,2014-01-24T22:00:00+00:00,2014-01-25T09:00:00+11:00,2014-01-25,9,0,0.511538462,0.21924070741298232,0.21924070741298232,43.58,44.46,21.79,676.5020459398974,988.0926926094,1.0
Baseline AR,2014-01-24T23:00:00+00:00,2014-01-25T10:00:00+11:00,2014-01-25,10,1,0.684871795,0.35440164570588745,0.35440164570588745,36.63,41.66,18.315,802.4735610539815,925.75280776275,1.0
Baseline AR,2014-01-25T00:00:00+00:00,2014-01-25T11:00:00+11:00,2014-01-25,11,2,0.790384615,0.49114410673143116,0.49114410673143116,38.92,48.41,19.46,1008.0468491780617,1147.8755763645,0.0
Baseline AR,2014-01-25T01:00:00+00:00,2014-01-25T12:00:00+11:00,2014-01-25,12,3,0.830641026,0.4376029217557236,0.4376029217557236,34.0,26.92,17.0,763.7725531785156,933.62692326,1.0
Baseline AR,2014-01-25T02:00:00+00:00,2014-01-25T13:00:00+11:00,2014-01-25,13,4,0.828333333,0.556903323427541,0.556903323427541,32.160000000000004,29.93,16.080000000000002,781.0173320380025,881.9879998392,1.0
Baseline AR,2014-01-25T03:00:00+00:00,2014-01-25T14:00:00+11:00,2014-01-25,14,5,0.785576923,0.4921974198034407,0.4921974198034407,29.05,33.64,14.525,725.0286459846664,792.8042306916,0.0
Baseline AR,2014-01-25T04:00:00+00:00,2014-01-25T15:00:00+11:00,2014-01-25,15,6,0.681858974,0.3664468235525143,0.3664468235525143,28.31,33.09,14.155,624.3329289923694,714.2014133091,1.0
Baseline AR,2014-01-25T05:00:00+00:00,2014-01-25T16:00:00+11:00,2014-01-25,16,7,0.525961538,0.27586430418492885,0.27586430418492885,29.02,30.16,14.51,466.45544037927544,664.2510574914,1.0
Baseline AR,2014-01-25T06:00:00+00:00,2014-01-25T17:00:00+11:00,2014-01-25,17,8,0.324679487,0.1544853183557695,0.1544853183557695,34.83,34.5,17.415,337.57267369672206,692.07879798315,1.0
Baseline AR,2014-01-25T07:00:00+00:00,2014-01-25T18:00:00+11:00,2014-01-25,18,9,0.132371795,0.06945328350883381,0.06945328350883381,46.08,91.71,23.04,269.11991978825733,782.6953847039999,1.0
Baseline AR,2014-01-25T08:00:00+00:00,2014-01-25T19:00:00+11:00,2014-01-25,19,10,0.053589744,0.033017782009629355,0.033017782009629355,55.51,29.65,27.755,73.28327257107046,877.2715003416,1.0
Baseline AR,2014-01-25T09:00:00+00:00,2014-01-25T20:00:00+11:00,2014-01-25,20,11,0.030128205,0.011402400933822155,0.011402400933822155,59.56,65.63,29.78,57.24304561445099,920.316538347,1.0
Baseline AR,2014-01-25T22:00:00+00:00,2014-01-26T09:00:00+11:00,2014-01-26,9,0,0.508012821,0.5547242958979132,0.5547242958979132,51.89,56.98,25.945,827.1814349374907,1173.76177922535,1.0
Baseline AR,2014-01-25T23:00:00+00:00,2014-01-26T10:00:00+11:00,2014-01-26,10,1,0.640384615,0.675803351628554,0.675803351628554,46.02,51.4,23.01,908.5645533636908,1132.3574997345002,1.0
Baseline AR,2014-01-26T00:00:00+00:00,2014-01-26T11:00:00+11:00,2014-01-26,11,2,0.809294872,0.7507324431113216,0.7507324431113216,59.15,31.72000000000001,29.575,1387.9027276315064,1605.2968751820001,1.0
Baseline AR,2014-01-26T01:00:00+00:00,2014-01-26T12:00:00+11:00,2014-01-26,12,3,0.832692308,0.8083314034647845,0.8083314034647845,52.58,31.23,26.29,1297.8856872843944,1445.4444233196,1.0
Baseline AR,2014-01-26T02:00:00+00:00,2014-01-26T13:00:00+11:00,2014-01-26,13,4,0.818717949,0.822940338099561,0.822940338099561,44.74,23.24,22.37,1101.7168764725152,1220.5416155739001,1.0
Baseline AR,2014-01-26T03:00:00+00:00,2014-01-26T14:00:00+11:00,2014-01-26,14,5,0.769230769,0.7695014632922716,0.7695014632922716,38.31,24.14,19.155,884.2324772867539,1016.6884614058501,1.0
Baseline AR,2014-01-26T04:00:00+00:00,2014-01-26T15:00:00+11:00,2014-01-26,15,6,0.670448718,0.6739954926874977,0.6739954926874977,35.03,19.56,17.515,706.4382105057457,877.7372788731001,1.0
Baseline AR,2014-01-26T05:00:00+00:00,2014-01-26T16:00:00+11:00,2014-01-26,16,7,0.520576923,0.5406147546128022,0.5406147546128022,37.15,21.44,18.575,591.349062349734,847.3414903417499,1.0
Baseline AR,2014-01-26T06:00:00+00:00,2014-01-26T17:00:00+11:00,2014-01-26,17,8,0.321153846,0.33273165612720235,0.33273165612720235,39.26,24.17,19.63,385.0731722027095,778.0274999094,1.0
Baseline AR,2014-01-26T07:00:00+00:00,2014-01-26T18:00:00+11:00,2014-01-26,18,9,0.109935897,0.12278573935923691,0.12278573935923691,42.48,22.32,21.24,148.29022668810575,707.2511535683999,1.0
Baseline AR,2014-01-26T08:00:00+00:00,2014-01-26T19:00:00+11:00,2014-01-26,19,10,0.038589744,0.055807651486228724,0.055807651486228724,45.77,22.32,22.885,64.80853187107033,713.0437887432,1.0
Baseline AR,2014-01-26T09:00:00+00:00,2014-01-26T20:00:00+11:00,2014-01-26,20,11,0.021538462,0.028699395688778773,0.028699395688778773,46.66,35.33,23.33,35.16147659637626,714.9747695537999,1.0
Baseline AR,2014-01-26T22:00:00+00:00,2014-01-27T09:00:00+11:00,2014-01-27,9,0,0.517692308,0.5695768196412672,0.5695768196412672,35.85,23.47,17.925,584.6789733890914,816.1390386270001,1.0
Baseline AR,2014-01-26T23:00:00+00:00,2014-01-27T10:00:00+11:00,2014-01-27,10,1,0.678205128,0.6931031387500203,0.6931031387500203,31.53,22.36,15.765,648.5602447594221,793.7071152876,1.0
Baseline AR,2014-01-27T00:00:00+00:00,2014-01-27T11:00:00+11:00,2014-01-27,11,2,0.773461538,0.7609437520343588,0.7609437520343588,31.75,21.52,15.875,732.8804064321447,844.6110574725,1.0
Baseline AR,2014-01-27T01:00:00+00:00,2014-01-27T12:00:00+11:00,2014-01-27,12,3,0.816346154,0.7932800476798555,0.7932800476798555,30.8,20.8,15.4,747.3840143999566,839.151923148,1.0
Baseline AR,2014-01-27T02:00:00+00:00,2014-01-27T13:00:00+11:00,2014-01-27,13,4,0.806730769,0.8353619838518782,0.8353619838518782,32.22,20.41,16.11,793.6234274533126,873.1929806576999,1.0
Baseline AR,2014-01-27T03:00:00+00:00,2014-01-27T14:00:00+11:00,2014-01-27,14,5,0.761282051,0.771295985258873,0.771295985258873,31.62,20.52,15.81,726.9017625975836,835.3760767893,1.0
Baseline AR,2014-01-27T04:00:00+00:00,2014-01-27T15:00:00+11:00,2014-01-27,15,6,0.662884615,0.6591038537426069,0.6591038537426069,33.1,25.69,16.55,657.4039594674816,825.6222113475,1.0
Baseline AR,2014-01-27T05:00:00+00:00,2014-01-27T16:00:00+11:00,2014-01-27,16,7,0.513589744,0.5311905092980737,0.5311905092980737,43.07,24.57,21.535,674.9802826432204,977.8546541112,1.0
Baseline AR,2014-01-27T06:00:00+00:00,2014-01-27T17:00:00+11:00,2014-01-27,17,8,0.315448718,0.31525149389373897,0.31525149389373897,55.16,28.81,27.58,521.8486328904007,1088.4022692731999,1.0
Baseline AR,2014-01-27T07:00:00+00:00,2014-01-27T18:00:00+11:00,2014-01-27,18,9,0.104551282,0.10188918518189437,0.10188918518189437,90.91,39.66,45.455,281.0497375407626,1506.2213556993,1.0
Baseline AR,2014-01-27T08:00:00+00:00,2014-01-27T19:00:00+11:00,2014-01-27,19,10,0.035384615,0.04025911570960525,0.04025911570960525,109.41,44.65,54.705,124.14270865406866,1699.2214609072498,1.0
Baseline AR,2014-01-27T09:00:00+00:00,2014-01-27T20:00:00+11:00,2014-01-27,20,11,0.02025641,0.02052102091977144,0.02052102091977144,113.03,37.12,56.515,69.13609525292648,1729.7937303345,1.0
Baseline AR,2014-01-27T22:00:00+00:00,2014-01-28T09:00:00+11:00,2014-01-28,9,0,0.49724359,0.5647223841763864,0.5647223841763864,117.06,45.83,58.53,1864.706054056317,2629.0100196810004,1.0
Baseline AR,2014-01-27T23:00:00+00:00,2014-01-28T10:00:00+11:00,2014-01-28,10,1,0.653717949,0.6826238802714423,0.6826238802714423,84.75,43.98,42.375,1698.824550461321,2102.28894266625,1.0
Baseline AR,2014-01-28T00:00:00+00:00,2014-01-28T11:00:00+11:00,2014-01-28,11,2,0.755384615,0.7730578760746146,0.7730578760746146,175.29,40.41,87.645,4018.8102639070376,4615.520537450249,1.0
Baseline AR,2014-01-28T01:00:00+00:00,2014-01-28T12:00:00+11:00,2014-01-28,12,3,0.808397436,0.8053945324761351,0.8053945324761351,147.9,38.56,73.95,3577.0092993930184,4011.929711766,1.0
Baseline AR,2014-01-28T02:00:00+00:00,2014-01-28T13:00:00+11:00,2014-01-28,13,4,0.796282051,0.8324562258308469,0.8324562258308469,112.45,32.47,56.225,2747.2742884444315,3029.87874952425,1.0
Baseline AR,2014-01-28T03:00:00+00:00,2014-01-28T14:00:00+11:00,2014-01-28,14,5,0.739038462,0.7624377674143553,0.7624377674143553,109.61,30.32,54.805,2468.6521425916126,2859.2400872973,1.0
Baseline AR,2014-01-28T04:00:00+00:00,2014-01-28T15:00:00+11:00,2014-01-28,15,6,0.649807692,0.6446100046679244,0.6446100046679244,115.28,29.19,57.64,2233.870854940248,2852.8474610064,1.0
Baseline AR,2014-01-28T05:00:00+00:00,2014-01-28T16:00:00+11:00,2014-01-28,16,7,0.506346154,0.5218350440717244,0.5218350440717244,155.76,35.65,77.88,2402.242551174777,3519.4271542056,1.0
Baseline AR,2014-01-28T06:00:00+00:00,2014-01-28T17:00:00+11:00,2014-01-28,17,8,0.312307692,0.3083161490893161,0.3083161490893161,201.0,58.88,100.5,1866.1970404060082,3956.60769138,1.0
Baseline AR,2014-01-28T07:00:00+00:00,2014-01-28T18:00:00+11:00,2014-01-28,18,9,0.105064103,0.09730258476937914,0.09730258476937914,300.53000000000003,66.92,150.26500000000001,892.85239802204,4981.573723118851,1.0
Baseline AR,2014-01-28T08:00:00+00:00,2014-01-28T19:00:00+11:00,2014-01-28,19,10,0.035961538,0.03725878686005277,0.03725878686005277,302.62,98.95,151.31,332.36902063723755,4702.5402094434,1.0
Baseline AR,2014-01-28T09:00:00+00:00,2014-01-28T20:00:00+11:00,2014-01-28,20,11,0.019935897,0.019286482630771686,0.019286482630771686,277.13,66.3,138.565,161.63757312436783,4239.82252703415,1.0
Baseline AR,2014-01-28T22:00:00+00:00,2014-01-29T09:00:00+11:00,2014-01-29,9,0,0.465384615,0.5489307559156337,0.5489307559156337,216.95,49.72,108.475,3300.8357958022007,4768.72788336375,1.0
Baseline AR,2014-01-28T23:00:00+00:00,2014-01-29T10:00:00+11:00,2014-01-29,10,1,0.621538462,0.6655900701120065,0.6655900701120065,146.83,36.01,73.415,2834.8362355500885,3571.3573856319003,1.0
Baseline AR,2014-01-29T00:00:00+00:00,2014-01-29T11:00:00+11:00,2014-01-29,11,2,0.71974359,0.7606903039201498,0.7606903039201498,61.85,38.05,30.925,1373.472545084419,1595.4921156225,1.0
Baseline AR,2014-01-29T01:00:00+00:00,2014-01-29T12:00:00+11:00,2014-01-29,12,3,0.768717949,0.7850208996781568,0.7850208996781568,56.74,35.95,28.37,1322.3871341099793,1505.3558463939,1.0
Baseline AR,2014-01-29T02:00:00+00:00,2014-01-29T13:00:00+11:00,2014-01-29,13,4,0.761410256,0.8215626542085462,0.8215626542085462,48.33,32.0,24.165,1147.5762112556856,1276.9343650872,1.0
Baseline AR,2014-01-29T03:00:00+00:00,2014-01-29T14:00:00+11:00,2014-01-29,14,5,0.710576923,0.7519154793374975,0.7519154793374975,47.48,28.04,23.74,1041.5870889447656,1218.2728845605998,1.0
Baseline AR,2014-01-29T04:00:00+00:00,2014-01-29T15:00:00+11:00,2014-01-29,15,6,0.624871795,0.634894571265459,0.634894571265459,45.93,31.15,22.965,867.916038038588,1119.4554231652498,1.0
Baseline AR,2014-01-29T05:00:00+00:00,2014-01-29T16:00:00+11:00,2014-01-29,16,7,0.486794872,0.5165872133633945,0.5165872133633945,54.82,33.64,27.41,825.0810887943193,1222.5914232455998,1.0
Baseline AR,2014-01-29T06:00:00+00:00,2014-01-29T17:00:00+11:00,2014-01-29,17,8,0.310897436,0.30535561828444535,0.30535561828444535,74.73,41.56,37.365,691.4862989596517,1469.4504808842003,1.0
Baseline AR,2014-01-29T07:00:00+00:00,2014-01-29T18:00:00+11:00,2014-01-29,18,9,0.121730769,0.09714203912125079,0.09714203912125079,155.44,76.59,77.72,509.4902814726188,2615.4274610004,1.0
Baseline AR,2014-01-29T08:00:00+00:00,2014-01-29T19:00:00+11:00,2014-01-29,19,10,0.032115385,0.03746658103977681,0.03746658103977681,136.79,59.58,68.395,142.77175701871604,2117.7459527122496,1.0
Baseline AR,2014-01-29T09:00:00+00:00,2014-01-29T20:00:00+11:00,2014-01-29,20,11,0.014551282,0.01899765077041771,0.01899765077041771,106.94,50.55,53.47,53.81584305702705,1627.4417114562,1.0
Baseline AR,2014-01-29T22:00:00+00:00,2014-01-30T09:00:00+11:00,2014-01-30,9,0,0.458397436,0.556223994018538,0.556223994018538,52.4,29.93,26.2,797.4924439945709,1146.300384696,1.0
Baseline AR,2014-01-29T23:00:00+00:00,2014-01-30T10:00:00+11:00,2014-01-30,10,1,0.636474359,0.6526858318901255,0.6526858318901255,43.18,34.07,21.59,834.9890556395343,1059.9444423242999,1.0
Baseline AR,2014-01-30T00:00:00+00:00,2014-01-30T11:00:00+11:00,2014-01-30,11,2,0.733076923,0.7409237553201223,0.7409237553201223,36.16,37.73,18.08,799.4979679208343,940.0209230352,1.0
Baseline AR,2014-01-30T01:00:00+00:00,2014-01-30T12:00:00+11:00,2014-01-30,12,3,0.774294872,0.7563728031080834,0.7563728031080834,33.14,30.62,16.57,768.4490533341711,882.0019808712001,1.0
Baseline AR,2014-01-30T02:00:00+00:00,2014-01-30T13:00:00+11:00,2014-01-30,13,4,0.775,0.8242540832620545,0.8242540832620545,31.82,30.16,15.91,763.3239739409786,847.2075,1.0
Baseline AR,2014-01-30T03:00:00+00:00,2014-01-30T14:00:00+11:00,2014-01-30,14,5,0.71775641,0.7362119762770934,0.7362119762770934,31.23,30.81,15.615,681.1114905515044,804.6829902645001,1.0
Baseline AR,2014-01-30T04:00:00+00:00,2014-01-30T15:00:00+11:00,2014-01-30,15,6,0.623974359,0.6020505182611573,0.6020505182611573,33.56,29.53,16.78,625.566792295874,817.5086923206001,1.0
Baseline AR,2014-01-30T05:00:00+00:00,2014-01-30T16:00:00+11:00,2014-01-30,16,7,0.486987179,0.5081726933479854,0.5081726933479854,36.16,30.94,18.08,539.7747147615472,806.5418458895999,1.0
Baseline AR,2014-01-30T06:00:00+00:00,2014-01-30T17:00:00+11:00,2014-01-30,17,8,0.303910256,0.302861475891274,0.302861475891274,49.74,49.29,24.87,453.4807254717322,972.8474420016,1.0
Baseline AR,2014-01-30T07:00:00+00:00,2014-01-30T18:00:00+11:00,2014-01-30,18,9,0.105,0.09613482783292603,0.09613482783292603,70.21000000000001,126.62,35.105000000000004,236.1640308583393,1163.7307500000002,1.0
Baseline AR,2014-01-30T08:00:00+00:00,2014-01-30T19:00:00+11:00,2014-01-30,19,10,0.038910256,0.031874923339157916,0.031874923339157916,71.96000000000001,54.82,35.980000000000004,80.38189259859502,1121.3997303264002,1.0
Baseline AR,2014-01-30T09:00:00+00:00,2014-01-30T20:00:00+11:00,2014-01-30,20,11,0.020769231,0.013950751611485727,0.013950751611485727,59.7,50.56,29.85,35.32806567266938,914.0988463605001,1.0
Baseline AR,2014-01-30T22:00:00+00:00,2014-01-31T09:00:00+11:00,2014-01-31,9,0,0.455384615,0.5073004395636396,0.5073004395636396,40.45,34.02,20.225,584.1091568564884,883.05461515125,1.0
Baseline AR,2014-01-30T23:00:00+00:00,2014-01-31T10:00:00+11:00,2014-01-31,10,1,0.608076923,0.6472459137999195,0.6472459137999195,32.67,30.71,16.335,615.1709561738006,788.0380961161501,1.0
Baseline AR,2014-01-31T00:00:00+00:00,2014-01-31T11:00:00+11:00,2014-01-31,11,2,0.679166667,0.7457351968438559,0.7457351968438559,35.53,34.25,17.765,759.4014483355829,894.91187517765,1.0
Baseline AR,2014-01-31T01:00:00+00:00,2014-01-31T12:00:00+11:00,2014-01-31,12,3,0.783589744,0.7702111978682485,0.7702111978682485,33.59,30.3,16.795,788.3029225255963,898.6616925144001,1.0
Baseline AR,2014-01-31T02:00:00+00:00,2014-01-31T13:00:00+11:00,2014-01-31,13,4,0.61525641,0.8033304881069182,0.8033304881069182,33.53,29.21,16.765,713.4782804028746,812.3932114094999,1.0
Baseline AR,2014-01-31T03:00:00+00:00,2014-01-31T14:00:00+11:00,2014-01-31,14,5,0.655961538,0.741020276634477,0.741020276634477,33.1,29.68,16.55,693.6014709660179,822.184903617,1.0
Baseline AR,2014-01-31T04:00:00+00:00,2014-01-31T15:00:00+11:00,2014-01-31,15,6,0.241217949,0.6260412216568995,0.6260412216568995,31.66,29.22,15.83,411.8613801449616,589.4544039801,1.0
Baseline AR,2014-01-31T05:00:00+00:00,2014-01-31T16:00:00+11:00,2014-01-31,16,7,0.083397436,0.5051807957112012,0.5051807957112012,35.28,29.29,17.64,311.47560022156773,573.3339231312001,1.0
Baseline AR,2014-01-31T06:00:00+00:00,2014-01-31T17:00:00+11:00,2014-01-31,17,8,0.076410256,0.2994181088688279,0.2994181088688279,47.96,39.72,23.98,270.3709256866348,774.3695381663999,1.0
Baseline AR,2014-01-31T07:00:00+00:00,2014-01-31T18:00:00+11:00,2014-01-31,18,9,0.156346154,0.09818245657640416,0.09818245657640416,67.61,191.44,33.805,533.1892237171162,1172.7084520791,1.0
Baseline AR,2014-01-31T08:00:00+00:00,2014-01-31T19:00:00+11:00,2014-01-31,19,10,0.063910256,0.03996085334929327,0.03996085334929327,66.04,76.72,33.02,134.29238779648645,1053.9094995936002,1.0
Baseline AR,2014-01-31T09:00:00+00:00,2014-01-31T20:00:00+11:00,2014-01-31,20,11,0.029230769,0.019812535096843394,0.019812535096843394,64.13,49.95,32.065,52.23055977669718,990.0685382395499,1.0
Baseline AR,2014-01-31T22:00:00+00:00,2014-02-01T09:00:00+11:00,2014-02-01,9,0,0.453333333,0.481389784690728,0.481389784690728,46.81,36.03,23.405,656.3158370865448,1020.45799976595,1.0
Baseline AR,2014-01-31T23:00:00+00:00,2014-02-01T10:00:00+11:00,2014-02-01,10,1,0.622371795,0.6551414728241778,0.6551414728241778,39.58,38.33,19.79,758.4596271072144,963.2021346914999,1.0
Baseline AR,2014-02-01T00:00:00+00:00,2014-02-01T11:00:00+11:00,2014-02-01,11,2,0.72,0.5429819055444404,0.5429819055444404,38.58,39.39,19.29,837.62953969527,995.3639999999998,1.0
Baseline AR,2014-02-01T01:00:00+00:00,2014-02-01T12:00:00+11:00,2014-02-01,12,3,0.753397436,0.6392499949167805,0.6392499949167805,34.12,33.82,17.06,770.150288519851,897.3888077447999,1.0
Baseline AR,2014-02-01T02:00:00+00:00,2014-02-01T13:00:00+11:00,2014-02-01,13,4,0.763717949,0.7034561607373038,0.7034561607373038,32.26,32.07,16.13,738.7827388491027,853.4631155210999,1.0
Baseline AR,2014-02-01T03:00:00+00:00,2014-02-01T14:00:00+11:00,2014-02-01,14,5,0.714807692,0.5613387117514127,0.5613387117514127,29.9,29.19,14.95,637.9136104447051,769.091249862,1.0
Baseline AR,2014-02-01T04:00:00+00:00,2014-02-01T15:00:00+11:00,2014-02-01,15,6,0.628012821,0.45739145111822277,0.45739145111822277,29.79,29.33,14.895,558.9004832233315,727.4775290638499,1.0
Baseline AR,2014-02-01T05:00:00+00:00,2014-02-01T16:00:00+11:00,2014-02-01,16,7,0.486602564,0.23719765676881646,0.23719765676881646,30.96,30.27,15.48,446.79377986351454,690.3782307216001,1.0
Baseline AR,2014-02-01T06:00:00+00:00,2014-02-01T17:00:00+11:00,2014-02-01,17,8,0.292115385,0.14161885674890343,0.14161885674890343,36.39,32.31,18.195,300.48159074656576,705.30118290225,1.0
Baseline AR,2014-02-01T07:00:00+00:00,2014-02-01T18:00:00+11:00,2014-02-01,18,9,0.118846154,0.10870429702191176,0.10870429702191176,42.0,38.97,21.0,148.8242592406918,704.87307702,1.0
Baseline AR,2014-02-01T08:00:00+00:00,2014-02-01T19:00:00+11:00,2014-02-01,19,10,0.079102564,0.06262947987166839,0.06262947987166839,47.02,37.27,23.51,106.76369967086302,761.0910383892,1.0
Baseline AR,2014-02-01T09:00:00+00:00,2014-02-01T20:00:00+11:00,2014-02-01,20,11,0.021794872,0.028015746285519675,0.028015746285519675,49.37,42.26,24.685,36.88725337134159,756.6901924595999,1.0
Baseline AR,2014-02-01T22:00:00+00:00,2014-02-02T09:00:00+11:00,2014-02-02,9,0,0.446666667,0.44447513074989503,0.44447513074989503,34.300000000000004,32.3,17.150000000000002,459.48850816799376,744.3100001715002,1.0
Baseline AR,2014-02-01T23:00:00+00:00,2014-02-02T10:00:00+11:00,2014-02-02,10,1,0.616602564,0.6209254091267846,0.6209254091267846,29.47,36.17,14.735,547.0492405206951,714.6191634162001,1.0
Baseline AR,2014-02-02T00:00:00+00:00,2014-02-02T11:00:00+11:00,2014-02-02,11,2,0.710576923,0.6922647851914997,0.6922647851914997,32.0,34.15,16.0,683.3349789686482,821.07692304,1.0
Baseline AR,2014-02-02T01:00:00+00:00,2014-02-02T12:00:00+11:00,2014-02-02,12,3,0.759487179,0.7125514409312128,0.7125514409312128,34.730000000000004,29.44,17.365000000000002,783.8609901685835,916.6048459000501,1.0
Baseline AR,2014-02-02T02:00:00+00:00,2014-02-02T13:00:00+11:00,2014-02-02,13,4,0.760833333,0.7203650803914393,0.7203650803914393,30.78,38.47,15.39,711.889525568995,878.0777496152999,0.0
Baseline AR,2014-02-02T03:00:00+00:00,2014-02-02T14:00:00+11:00,2014-02-02,14,5,0.715064103,0.7151678177676004,0.7151678177676004,29.65,32.980000000000004,14.825,636.0956467613903,762.77475980925,1.0
Baseline AR,2014-02-02T04:00:00+00:00,2014-02-02T15:00:00+11:00,2014-02-02,15,6,0.623461538,0.6443247327243345,0.6443247327243345,29.8,34.47,14.9,566.7004630137775,725.687307486,1.0
Baseline AR,2014-02-02T05:00:00+00:00,2014-02-02T16:00:00+11:00,2014-02-02,16,7,0.486923077,0.4956442663499429,0.4956442663499429,28.74,27.57,14.37,423.58478171816034,641.0125384946999,1.0
Baseline AR,2014-02-02T06:00:00+00:00,2014-02-02T17:00:00+11:00,2014-02-02,17,8,0.326410256,0.29725758923517204,0.29725758923517204,31.4,31.38,15.7,307.4609695519411,624.739230576,1.0
Baseline AR,2014-02-02T07:00:00+00:00,2014-02-02T18:00:00+11:00,2014-02-02,18,9,0.134935897,0.1196076849336273,0.1196076849336273,35.07,43.17,17.535,145.69081276582858,597.03302861685,1.0
Baseline AR,2014-02-02T08:00:00+00:00,2014-02-02T19:00:00+11:00,2014-02-02,19,10,0.040961538,0.06796996406959403,0.06796996406959403,37.11,40.13,18.555,60.636720627039516,579.4512401277,1.0
Baseline AR,2014-02-02T09:00:00+00:00,2014-02-02T20:00:00+11:00,2014-02-02,20,11,0.019358974,0.021340825206915316,0.021340825206915316,41.16,63.73,20.58,25.128056030349516,629.3522305475999,1.0
Baseline AR,2014-02-02T22:00:00+00:00,2014-02-03T09:00:00+11:00,2014-02-03,9,0,0.466858974,0.5392435733952792,0.5392435733952792,38.48,46.66,19.24,580.7223903565551,846.6709997928,1.0
Baseline AR,2014-02-02T23:00:00+00:00,2014-02-03T10:00:00+11:00,2014-02-03,10,1,0.640961538,0.641974456543485,0.641974456543485,35.47,36.62,17.735,682.5860958968613,873.0735862929,1.0
Baseline AR,2014-02-03T00:00:00+00:00,2014-02-03T11:00:00+11:00,2014-02-03,11,2,0.738910256,0.725721898589539,0.725721898589539,38.92,31.05,19.46,859.6378437209903,1015.1758074528,1.0
Baseline AR,2014-02-03T01:00:00+00:00,2014-02-03T12:00:00+11:00,2014-02-03,12,3,0.785,0.7500160369438735,0.7500160369438735,36.94,30.73,18.47,863.4194876826436,989.0685,1.0
Baseline AR,2014-02-03T02:00:00+00:00,2014-02-03T13:00:00+11:00,2014-02-03,13,4,0.785064103,0.82200544883534,0.82200544883534,36.08,32.27,18.04,869.7460414532859,966.0766925435998,1.0
Baseline AR,2014-02-03T03:00:00+00:00,2014-02-03T14:00:00+11:00,2014-02-03,14,5,0.732628205,0.7445889247723212,0.7445889247723212,35.43,30.01,17.715,785.0670436175002,920.80525954725,1.0
Baseline AR,2014-02-03T04:00:00+00:00,2014-02-03T15:00:00+11:00,2014-02-03,15,6,0.634551282,0.6197292332525872,0.6197292332525872,35.87,30.25,17.935,680.3416371413861,879.4703172801,1.0
Baseline AR,2014-02-03T05:00:00+00:00,2014-02-03T16:00:00+11:00,2014-02-03,16,7,0.478717949,0.5281868773642088,0.5281868773642088,39.91,31.57,19.955,602.7835743029335,885.2345001688499,1.0
Baseline AR,2014-02-03T06:00:00+00:00,2014-02-03T17:00:00+11:00,2014-02-03,17,8,0.259871795,0.3236889988902599,0.3236889988902599,55.06,45.59,27.53,481.96285967396574,1040.5281154904999,1.0
Baseline AR,2014-02-03T07:00:00+00:00,2014-02-03T18:00:00+11:00,2014-02-03,18,9,0.120448718,0.10978805227396687,0.10978805227396687,68.17,92.61,34.085,254.1460732921275,1145.7148365909,1.0
Baseline AR,2014-02-03T08:00:00+00:00,2014-02-03T19:00:00+11:00,2014-02-03,19,10,0.038846154,0.04088868932429755,0.04088868932429755,72.83,58.77,36.415,87.10632958962886,1134.8874809372999,1.0
Baseline AR,2014-02-03T09:00:00+00:00,2014-02-03T20:00:00+11:00,2014-02-03,20,11,0.028012821,0.01853467507304333,0.01853467507304333,73.5,54.85,36.75,56.465247658867746,1133.3841351525002,1.0
Baseline AR,2014-02-03T22:00:00+00:00,2014-02-04T09:00:00+11:00,2014-02-04,9,0,0.095064103,0.5189454774440837,0.5189454774440837,56.06,54.01,28.03,516.32065619543,920.8394042127001,1.0
Baseline AR,2014-02-03T23:00:00+00:00,2014-02-04T10:00:00+11:00,2014-02-04,10,1,0.094871795,0.6442435318229716,0.6442435318229716,49.66,41.32,24.83,550.5670069504315,815.5700000955,1.0
Baseline AR,2014-02-04T00:00:00+00:00,2014-02-04T11:00:00+11:00,2014-02-04,11,2,0.068910256,0.7413082569430804,0.7413082569430804,45.86,48.52,22.93,557.3493150535451,735.3033651024,1.0
Baseline AR,2014-02-04T01:00:00+00:00,2014-02-04T12:00:00+11:00,2014-02-04,12,3,0.130064103,0.7996629151875474,0.7996629151875474,40.34,47.38,20.17,562.5778187052849,683.8017887253002,1.0
Baseline AR,2014-02-04T02:00:00+00:00,2014-02-04T13:00:00+11:00,2014-02-04,13,4,0.208910256,0.7924521824625979,0.7924521824625979,38.0,43.54,19.0,570.7765899236808,689.0788459199999,1.0
Baseline AR,2014-02-04T03:00:00+00:00,2014-02-04T14:00:00+11:00,2014-02-04,14,5,0.290448718,0.7151884527737981,0.7151884527737981,36.99,39.42,18.495,557.9777842038419,716.0054711823,1.0
Baseline AR,2014-02-04T04:00:00+00:00,2014-02-04T15:00:00+11:00,2014-02-04,15,6,0.298910256,0.6037295483035376,0.6037295483035376,35.45,35.86,17.725,479.9787159384062,690.6955286280001,1.0
Baseline AR,2014-02-04T05:00:00+00:00,2014-02-04T16:00:00+11:00,2014-02-04,16,7,0.421730769,0.4611221464603749,0.4611221464603749,43.04,44.81,21.52,569.9698422212182,917.8693844664,1.0
Baseline AR,2014-02-04T06:00:00+00:00,2014-02-04T17:00:00+11:00,2014-02-04,17,8,0.338141026,0.274387865643029,0.274387865643029,53.58,52.97,26.79,542.3612023578675,1075.4639425962,1.0
Baseline AR,2014-02-04T07:00:00+00:00,2014-02-04T18:00:00+11:00,2014-02-04,18,9,0.197371795,0.10354382430515859,0.10354382430515859,72.05,84.35,36.025,461.2416560788964,1294.05956744625,1.0
Baseline AR,2014-02-04T08:00:00+00:00,2014-02-04T19:00:00+11:00,2014-02-04,19,10,0.100384615,0.04442801848363981,0.04442801848363981,70.89,69.21000000000001,35.445,210.66774825607544,1170.09398036025,1.0
Baseline AR,2014-02-04T09:00:00+00:00,2014-02-04T20:00:00+11:00,2014-02-04,20,11,0.022179487,0.026526553393558326,0.026526553393558326,67.9,64.39,33.95,49.60710214083917,1041.0898075095001,1.0
Baseline AR,2014-02-04T22:00:00+00:00,2014-02-05T09:00:00+11:00,2014-02-05,9,0,0.131730769,0.23269133030972078,0.23269133030972078,44.64,73.53,22.32,244.01703769778908,757.8069229224,1.0
Baseline AR,2014-02-04T23:00:00+00:00,2014-02-05T10:00:00+11:00,2014-02-05,10,1,0.261217949,0.30142668851092846,0.30142668851092846,39.7,34.01,19.85,335.0548816377579,751.0552886295001,1.0
Baseline AR,2014-02-05T00:00:00+00:00,2014-02-05T11:00:00+11:00,2014-02-05,11,2,0.195,0.4562829208528521,0.4562829208528521,34.81,27.82,17.405,340.06737712331676,623.9692500000001,1.0
Baseline AR,2014-02-05T01:00:00+00:00,2014-02-05T12:00:00+11:00,2014-02-05,12,3,0.270064103,0.41554648342772105,0.41554648342772105,30.86,29.76,15.43,317.36914045739206,587.9126732786999,1.0
Baseline AR,2014-02-05T02:00:00+00:00,2014-02-05T13:00:00+11:00,2014-02-05,13,4,0.462371795,0.5830341757743188,0.5830341757743188,30.19,28.39,15.095,473.41209386515027,662.23506736575,1.0
Baseline AR,2014-02-05T03:00:00+00:00,2014-02-05T14:00:00+11:00,2014-02-05,14,5,0.625576923,0.6359508213850545,0.6359508213850545,29.96,28.31,14.98,566.9305683266435,730.5342691962001,1.0
Baseline AR,2014-02-05T04:00:00+00:00,2014-02-05T15:00:00+11:00,2014-02-05,15,6,0.649166667,0.5689772641693357,0.5689772641693357,29.56,31.17,14.78,579.5541484523211,731.2405001477999,1.0
Baseline AR,2014-02-05T05:00:00+00:00,2014-02-05T16:00:00+11:00,2014-02-05,16,7,0.472371795,0.5114204445453306,0.5114204445453306,31.84,28.66,15.92,469.8591736068499,703.204769292,1.0
Baseline AR,2014-02-05T06:00:00+00:00,2014-02-05T17:00:00+11:00,2014-02-05,17,8,0.337948718,0.3566728855328135,0.3566728855328135,41.38,59.76,20.69,431.15162931281736,830.4647692626,1.0
Baseline AR,2014-02-05T07:00:00+00:00,2014-02-05T18:00:00+11:00,2014-02-05,18,9,0.114230769,0.15980456272128774,0.15980456272128774,60.26,55.79,30.13,247.700536342872,1007.1531920990998,1.0
Baseline AR,2014-02-05T08:00:00+00:00,2014-02-05T19:00:00+11:00,2014-02-05,19,10,0.038076923,0.0836070440091163,0.0836070440091163,62.7,46.61,31.35,114.44377097207388,976.3113460814999,1.0
Baseline AR,2014-02-05T09:00:00+00:00,2014-02-05T20:00:00+11:00,2014-02-05,20,11,0.018910256,0.022003160972542457,0.022003160972542457,57.82,37.34,28.91,35.484206540286074,883.7008650288,1.0
Baseline AR,2014-02-05T22:00:00+00:00,2014-02-06T09:00:00+11:00,2014-02-06,9,0,0.223653846,0.2683988537725717,0.2683988537725717,47.24,45.25,23.62,348.66854305884436,867.0811152756,1.0
Baseline AR,2014-02-05T23:00:00+00:00,2014-02-06T10:00:00+11:00,2014-02-06,10,1,0.597692308,0.4143696764837348,0.4143696764837348,40.33,52.14,20.165,788.0991317954127,966.5239617245999,1.0
Baseline AR,2014-02-06T00:00:00+00:00,2014-02-06T11:00:00+11:00,2014-02-06,11,2,0.774487179,0.6626699324331397,0.6626699324331397,58.27,44.82,29.135,1308.7627786201717,1550.9905188049502,1.0
Baseline AR,2014-02-06T01:00:00+00:00,2014-02-06T12:00:00+11:00,2014-02-06,12,3,0.816602564,0.6941740981113788,0.6941740981113788,52.67,49.0,26.335,1276.8343372820627,1435.2068556882,1.0
Baseline AR,2014-02-06T02:00:00+00:00,2014-02-06T13:00:00+11:00,2014-02-06,13,4,0.805833333,0.7027420335896686,0.7027420335896686,50.51,47.3,25.255,1211.151557361685,1368.1896247474501,1.0
Baseline AR,2014-02-06T03:00:00+00:00,2014-02-06T14:00:00+11:00,2014-02-06,14,5,0.761858974,0.6911116453868781,0.6911116453868781,50.05,40.33,25.025,1123.3013284374135,1322.7156247304997,1.0
Baseline AR,2014-02-06T04:00:00+00:00,2014-02-06T15:00:00+11:00,2014-02-06,15,6,0.660064103,0.5490481013561244,0.5490481013561244,50.75,41.95,25.375,975.6393723835167,1263.7237984087499,1.0
Baseline AR,2014-02-06T05:00:00+00:00,2014-02-06T16:00:00+11:00,2014-02-06,16,7,0.509807692,0.5194913245986712,0.5194913245986712,55.08,48.98,27.54,850.406847513822,1247.4031151304,1.0
Baseline AR,2014-02-06T06:00:00+00:00,2014-02-06T17:00:00+11:00,2014-02-06,17,8,0.315512821,0.33236376640820003,0.33236376640820003,82.07,100.53,41.035,797.5684729288646,1619.4620582920497,1.0
Baseline AR,2014-02-06T07:00:00+00:00,2014-02-06T18:00:00+11:00,2014-02-06,18,9,0.111410256,0.10276618521532337,0.10276618521532337,121.81,162.85,60.905,417.7690784508939,2030.7132492504,1.0
Baseline AR,2014-02-06T08:00:00+00:00,2014-02-06T19:00:00+11:00,2014-02-06,19,10,0.039487179,0.038408207619881306,0.038408207619881306,124.26,91.01,62.13,146.12403192453158,1937.5001529380997,1.0
Baseline AR,2014-02-06T09:00:00+00:00,2014-02-06T20:00:00+11:00,2014-02-06,20,11,0.017884615,0.018077257818959663,0.018077257818959663,102.09,178.29,51.045,55.07021394131388,1558.73760518025,1.0
Baseline AR,2014-02-06T22:00:00+00:00,2014-02-07T09:00:00+11:00,2014-02-07,9,0,0.457051282,0.3290897996687378,0.3290897996687378,69.08,76.18,34.54,974.4488725533588,1509.7965384084,1.0
Baseline AR,2014-02-06T23:00:00+00:00,2014-02-07T10:00:00+11:00,2014-02-07,10,1,0.6325,0.6057288333471011,0.6057288333471011,57.98,61.99,28.99,1103.3910713483438,1419.7852499999997,1.0
Baseline AR,2014-02-07T00:00:00+00:00,2014-02-07T11:00:00+11:00,2014-02-07,11,2,0.738782051,0.7404576450742825,0.7404576450742825,61.75,57.54,30.875,1370.1457684888042,1610.5468747387501,1.0
Baseline AR,2014-02-07T01:00:00+00:00,2014-02-07T12:00:00+11:00,2014-02-07,12,3,0.7925,0.7635209867507455,0.7635209867507455,56.7,53.98,28.35,1345.677812518861,1524.52125,1.0
Baseline AR,2014-02-07T02:00:00+00:00,2014-02-07T13:00:00+11:00,2014-02-07,13,4,0.79224359,0.8030441243148823,0.8030441243148823,54.52,50.58,27.26,1304.6262927667108,1465.6968079020003,1.0
Baseline AR,2014-02-07T03:00:00+00:00,2014-02-07T14:00:00+11:00,2014-02-07,14,5,0.748205128,0.7310285820763629,0.7310285820763629,53.59,55.25,26.795,1203.7447762725972,1405.2946921428002,1.0
Baseline AR,2014-02-07T04:00:00+00:00,2014-02-07T15:00:00+11:00,2014-02-07,15,6,0.644615385,0.6183908785271738,0.6183908785271738,54.22,53.74,27.11,1048.1537523477914,1337.5656926205,1.0
Baseline AR,2014-02-07T05:00:00+00:00,2014-02-07T16:00:00+11:00,2014-02-07,16,7,0.503269231,0.5066807147478437,0.5066807147478437,62.1,59.95,31.05,940.7683744641164,1400.2952886765,1.0
Baseline AR,2014-02-07T06:00:00+00:00,2014-02-07T17:00:00+11:00,2014-02-07,17,8,0.31224359,0.30171458482233693,0.30171458482233693,85.46,73.63,42.73,796.7933721044474,1682.1650580209998,1.0
Baseline AR,2014-02-07T07:00:00+00:00,2014-02-07T18:00:00+11:00,2014-02-07,18,9,0.111538462,0.09856270754981844,0.09856270754981844,135.28,148.09,67.64,457.65427661600484,2255.5338470904,1.0
Baseline AR,2014-02-07T08:00:00+00:00,2014-02-07T19:00:00+11:00,2014-02-07,19,10,0.043076923,0.03872242019984243,0.03872242019984243,125.92,90.57,62.96,158.1094341052329,1970.1636921624,1.0
Baseline AR,2014-02-07T09:00:00+00:00,2014-02-07T20:00:00+11:00,2014-02-07,20,11,0.026602564,0.017146733236936076,0.017146733236936076,103.45,86.66,51.725,77.7981554186447,1593.030528687,1.0
Baseline AR,2014-02-07T22:00:00+00:00,2014-02-08T09:00:00+11:00,2014-02-08,9,0,0.44025641,0.505303494424842,0.505303494424842,60.2,45.43,30.1,853.8405936956325,1300.55153823,1.0
Baseline AR,2014-02-07T23:00:00+00:00,2014-02-08T10:00:00+11:00,2014-02-08,10,1,0.617692308,0.6474593463444759,0.6474593463444759,57.22,73.24,28.61,1085.8796649238634,1388.4653079564,1.0
Baseline AR,2014-02-08T00:00:00+00:00,2014-02-08T11:00:00+11:00,2014-02-08,11,2,0.706538462,0.7463865867354933,0.7463865867354933,58.74,71.64,29.37,1280.1722604408433,1518.4924625304002,0.0
Baseline AR,2014-02-08T01:00:00+00:00,2014-02-08T12:00:00+11:00,2014-02-08,12,3,0.762051282,0.7867533368741231,0.7867533368741231,51.64,126.75,25.82,1199.7040577798957,2897.699999805,0.0
Baseline AR,2014-02-08T02:00:00+00:00,2014-02-08T13:00:00+11:00,2014-02-08,13,4,0.772564103,0.8111044717415282,0.8111044717415282,52.2,96.49,26.1,1240.0124940226165,2236.3413089541,0.0
Baseline AR,2014-02-08T03:00:00+00:00,2014-02-08T14:00:00+11:00,2014-02-08,14,5,0.724871795,0.7531211572210348,0.7531211572210348,49.64,82.37,24.82,1100.5135522237827,1791.2306926245,0.0
Baseline AR,2014-02-08T04:00:00+00:00,2014-02-08T15:00:00+11:00,2014-02-08,15,6,0.636217949,0.6485084706425204,0.6485084706425204,48.17,61.86,24.085,928.2790745127031,1182.24927904995,1.0
Baseline AR,2014-02-08T05:00:00+00:00,2014-02-08T16:00:00+11:00,2014-02-08,16,7,0.492884615,0.519002063274208,0.519002063274208,46.36,108.14,23.18,703.6659960718843,1599.016267983,0.0
Baseline AR,2014-02-08T06:00:00+00:00,2014-02-08T17:00:00+11:00,2014-02-08,17,8,0.315512821,0.31339563204757614,0.31339563204757614,56.13,82.25,28.065,532.9510685450193,1107.59601964095,1.0
Baseline AR,2014-02-08T07:00:00+00:00,2014-02-08T18:00:00+11:00,2014-02-08,18,9,0.110384615,0.10760130422303488,0.10760130422303488,66.51,109.11,33.255,223.80749348246147,1107.7752111547502,1.0
Baseline AR,2014-02-08T08:00:00+00:00,2014-02-08T19:00:00+11:00,2014-02-08,19,10,0.039230769,0.04633106246196716,0.04633106246196716,75.69,94.94,37.845,97.1426253503444,1179.89065358415,1.0
Baseline AR,2014-02-08T09:00:00+00:00,2014-02-08T20:00:00+11:00,2014-02-08,20,11,0.018012821,0.025280009280898484,0.025280009280898484,87.21,105.94,43.605,56.63351593195735,1331.71347179115,1.0
Baseline AR,2014-02-08T22:00:00+00:00,2014-02-09T09:00:00+11:00,2014-02-09,9,0,0.436794872,0.5033822349766308,0.5033822349766308,53.44,44.27,26.72,753.6459689524673,1151.7347693952,1.0
Baseline AR,2014-02-08T23:00:00+00:00,2014-02-09T10:00:00+11:00,2014-02-09,10,1,0.611474359,0.6370641353098261,0.6370641353098261,50.9,52.46,25.45,953.2591404055523,1230.3606730965,1.0
Baseline AR,2014-02-09T00:00:00+00:00,2014-02-09T11:00:00+11:00,2014-02-09,11,2,0.719230769,0.741158980507566,0.741158980507566,58.15,63.82,29.075,1273.8249590079745,1499.5990382602502,1.0
Baseline AR,2014-02-09T01:00:00+00:00,2014-02-09T12:00:00+11:00,2014-02-09,12,3,0.782371795,0.7591789090035481,0.7591789090035481,54.21,51.51,27.105,1270.4926264427872,1449.3356251042499,1.0
Baseline AR,2014-02-09T02:00:00+00:00,2014-02-09T13:00:00+11:00,2014-02-09,13,4,0.780897436,0.8063373880510357,0.8063373880510357,50.24,28.62,25.12,1196.1401634048607,1342.0843077696,1.0
Baseline AR,2014-02-09T03:00:00+00:00,2014-02-09T14:00:00+11:00,2014-02-09,14,5,0.743012821,0.740345670933525,0.740345670933525,42.49,27.63,21.245,945.9294274290655,1110.9092214643501,1.0
Baseline AR,2014-02-09T04:00:00+00:00,2014-02-09T15:00:00+11:00,2014-02-09,15,6,0.651089744,0.6202815088061476,0.6202815088061476,38.86,29.07,19.43,749.9920448787655,962.4202117776,1.0
Baseline AR,2014-02-09T05:00:00+00:00,2014-02-09T16:00:00+11:00,2014-02-09,16,7,0.506858974,0.5150670091898469,0.5150670091898469,39.26,25.51,19.63,601.8122115005009,887.3892497886,1.0
Baseline AR,2014-02-09T06:00:00+00:00,2014-02-09T17:00:00+11:00,2014-02-09,17,8,0.311153846,0.3076130385639823,0.3076130385639823,43.82,26.83,21.91,407.23809640146175,861.8214229758,1.0
Baseline AR,2014-02-09T07:00:00+00:00,2014-02-09T18:00:00+11:00,2014-02-09,18,9,0.107628205,0.09905348699783012,0.09905348699783012,47.71,28.24,23.855,149.03975703143257,792.67412490825,1.0
Baseline AR,2014-02-09T08:00:00+00:00,2014-02-09T19:00:00+11:00,2014-02-09,19,10,0.036602564,0.03860625452703792,0.03860625452703792,53.93,30.39,26.965,60.840173747447324,838.5596441478,1.0
Baseline AR,2014-02-09T09:00:00+00:00,2014-02-09T20:00:00+11:00,2014-02-09,20,11,0.016923077,0.017261898303419954,0.017261898303419954,56.53,46.75,28.265,28.98714980853495,862.29992314215,1.0
Baseline AR,2014-02-09T22:00:00+00:00,2014-02-10T09:00:00+11:00,2014-02-10,9,0,0.417179487,0.5051203266933243,0.5051203266933243,57.55,46.09,28.775,796.1753141707621,1223.38019215275,1.0
Baseline AR,2014-02-09T23:00:00+00:00,2014-02-10T10:00:00+11:00,2014-02-10,10,1,0.631858974,0.6429029844692478,0.6429029844692478,53.28,31.84,26.64,1018.789757208623,1304.1816920208,1.0
Baseline AR,2014-02-10T00:00:00+00:00,2014-02-10T11:00:00+11:00,2014-02-10,11,2,0.735897436,0.7492831540497784,0.7492831540497784,49.11,31.7,24.555,1094.0582816601693,1278.7488462294,1.0
Baseline AR,2014-02-10T01:00:00+00:00,2014-02-10T12:00:00+11:00,2014-02-10,12,3,0.781923077,0.7687385614285135,0.7687385614285135,45.96,57.49,22.98,1082.676062503777,1348.5827309018998,0.0
Baseline AR,2014-02-10T02:00:00+00:00,2014-02-10T13:00:00+11:00,2014-02-10,13,4,0.777115385,0.8123554906002741,0.8123554906002741,44.62,38.04,22.31,1063.8328570392632,1189.4233271804999,1.0
Baseline AR,2014-02-10T03:00:00+00:00,2014-02-10T14:00:00+11:00,2014-02-10,14,5,0.726474359,0.7406396085476648,0.7406396085476648,44.66,44.33,22.33,982.8196468601805,1156.5651730941,1.0
Baseline AR,2014-02-10T04:00:00+00:00,2014-02-10T15:00:00+11:00,2014-02-10,15,6,0.635769231,0.6210630310572045,0.6210630310572045,47.23,40.34,23.615,897.7816518757242,1158.8607117019499,1.0
Baseline AR,2014-02-10T05:00:00+00:00,2014-02-10T16:00:00+11:00,2014-02-10,16,7,0.524038462,0.509570449436772,0.509570449436772,55.01,39.01,27.505,857.8760278082506,1257.5603369193,1.0
Baseline AR,2014-02-10T06:00:00+00:00,2014-02-10T17:00:00+11:00,2014-02-10,17,8,0.330897436,0.30166247635789706,0.30166247635789706,78.34,72.49,39.17,772.5444186700109,1563.9375770436002,1.0
Baseline AR,2014-02-10T07:00:00+00:00,2014-02-10T18:00:00+11:00,2014-02-10,18,9,0.099038462,0.09551945204200869,0.09551945204200869,129.67000000000002,168.59,64.83500000000001,389.3783170531506,2137.6847605131,1.0
Baseline AR,2014-02-10T08:00:00+00:00,2014-02-10T19:00:00+11:00,2014-02-10,19,10,0.041025641,0.036144495517557516,0.036144495517557516,121.29,153.34,60.645,153.97322128806846,1893.9899999533502,1.0
Baseline AR,2014-02-10T09:00:00+00:00,2014-02-10T20:00:00+11:00,2014-02-10,20,11,0.018012821,0.01621392253915263,0.01621392253915263,114.67,124.95,57.335,62.520685807425316,1751.03295276105,1.0
Baseline AR,2014-02-10T22:00:00+00:00,2014-02-11T09:00:00+11:00,2014-02-11,9,0,0.072051282,0.46806730616822917,0.46806730616822917,85.68,372.79,42.84,694.1604095138081,1377.8003076264001,1.0
Baseline AR,2014-02-10T23:00:00+00:00,2014-02-11T10:00:00+11:00,2014-02-11,10,1,0.116666667,0.6387720436198646,0.6387720436198646,74.51,88.04,37.255,844.3160749242918,1248.0425003725502,1.0
Baseline AR,2014-02-11T00:00:00+00:00,2014-02-11T11:00:00+11:00,2014-02-11,11,2,0.280641026,0.7558146824948302,0.7558146824948302,94.55,127.14,47.275,1469.9533085727928,1816.2691351245,1.0
Baseline AR,2014-02-11T01:00:00+00:00,2014-02-11T12:00:00+11:00,2014-02-11,12,3,0.773525641,0.7665294419786715,0.7665294419786715,83.46,56.44,41.73,1931.082381009111,2220.2767499679,1.0
Baseline AR,2014-02-11T02:00:00+00:00,2014-02-11T13:00:00+11:00,2014-02-11,13,4,0.796602564,0.8102271426521094,0.8102271426521094,76.5,61.36,38.25,1843.8370883832956,2061.60144219,1.0
Baseline AR,2014-02-11T03:00:00+00:00,2014-02-11T14:00:00+11:00,2014-02-11,14,5,0.740705128,0.758358424638392,0.758358424638392,75.95,77.94,37.975,1707.8081523432882,1983.0983170740003,1.0
Baseline AR,2014-02-11T04:00:00+00:00,2014-02-11T15:00:00+11:00,2014-02-11,15,6,0.645384615,0.6500735457148485,0.6500735457148485,73.10000000000001,106.71,36.550000000000004,1420.4698732238314,2066.0697679995,0.0
Baseline AR,2014-02-11T05:00:00+00:00,2014-02-11T16:00:00+11:00,2014-02-11,16,7,0.500961538,0.5318509629238612,0.5318509629238612,84.34,97.71,42.17,1306.6110949187769,1898.8664417238,1.0
Baseline AR,2014-02-11T06:00:00+00:00,2014-02-11T17:00:00+11:00,2014-02-11,17,8,0.308974359,0.31570991510472596,0.31570991510472596,111.62,121.46,55.81,1045.9088801335427,2191.6157692737,1.0
Baseline AR,2014-02-11T07:00:00+00:00,2014-02-11T18:00:00+11:00,2014-02-11,18,9,0.105064103,0.09792905339369226,0.09792905339369226,149.77,675.6,74.885,584.6182152238441,2482.58176059465,1.0
Baseline AR,2014-02-11T08:00:00+00:00,2014-02-11T19:00:00+11:00,2014-02-11,19,10,0.03775641,0.03967439652342235,0.03967439652342235,140.26,86.95,70.13,162.90667384462827,2183.3357109989997,1.0
Baseline AR,2014-02-11T09:00:00+00:00,2014-02-11T20:00:00+11:00,2014-02-11,20,11,0.017435897,0.017287687882371366,0.017287687882371366,120.81,95.27,60.405,63.079363671172935,1843.7464607485501,1.0
Baseline AR,2014-02-11T22:00:00+00:00,2014-02-12T09:00:00+11:00,2014-02-12,9,0,0.163269231,0.22658947788421616,0.22658947788421616,74.08,48.56,37.04,433.210997312141,1292.6247694872,1.0
Baseline AR,2014-02-11T23:00:00+00:00,2014-02-12T10:00:00+11:00,2014-02-12,10,1,0.233525641,0.3576731789886525,0.3576731789886525,61.56,43.29,30.78,545.9129903775217,1139.0375768994,1.0
Baseline AR,2014-02-12T00:00:00+00:00,2014-02-12T11:00:00+11:00,2014-02-12,11,2,0.365961538,0.6096148931703376,0.6096148931703376,63.12,53.42,31.56,923.6757650320754,1293.2923841784,1.0
Baseline AR,2014-02-12T01:00:00+00:00,2014-02-12T12:00:00+11:00,2014-02-12,12,3,0.702948718,0.5476510870994444,0.5476510870994444,61.17,53.84,30.585,1255.831243366768,1562.5405962009002,1.0
Baseline AR,2014-02-12T02:00:00+00:00,2014-02-12T13:00:00+11:00,2014-02-12,13,4,0.728846154,0.7343117479226423,0.7343117479226423,58.51,67.9,29.255,1284.140532622407,1517.3218270580999,1.0
Baseline AR,2014-02-12T03:00:00+00:00,2014-02-12T14:00:00+11:00,2014-02-12,14,5,0.721153846,0.6211451573713683,0.6211451573713683,57.53,74.17,28.765,1294.5637601748128,1604.6394227346,0.0
Baseline AR,2014-02-12T04:00:00+00:00,2014-02-12T15:00:00+11:00,2014-02-12,15,6,0.632628205,0.5192879656840854,0.5192879656840854,59.1,65.55,29.55,1143.5811437726295,1447.3249037325002,1.0
Baseline AR,2014-02-12T05:00:00+00:00,2014-02-12T16:00:00+11:00,2014-02-12,16,7,0.47025641,0.4751267764039839,0.4751267764039839,68.36,78.14,34.18,969.3959193386452,1507.6009228140001,1.0
Baseline AR,2014-02-12T06:00:00+00:00,2014-02-12T17:00:00+11:00,2014-02-12,17,8,0.287307692,0.29780814583402954,0.29780814583402954,88.4,83.87,44.2,775.8636009679233,1706.969999592,1.0
Baseline AR,2014-02-12T07:00:00+00:00,2014-02-12T18:00:00+11:00,2014-02-12,18,9,0.133846154,0.09579118891064019,0.09579118891064019,135.06,98.05,67.53,500.06541903848375,2297.0589233886003,1.0
Baseline AR,2014-02-12T08:00:00+00:00,2014-02-12T19:00:00+11:00,2014-02-12,19,10,0.05775641,0.03720560657210236,0.03720560657210236,108.66,89.99,54.33,176.76384031803454,1724.037172659,1.0
Baseline AR,2014-02-12T09:00:00+00:00,2014-02-12T20:00:00+11:00,2014-02-12,20,11,0.030705128,0.016705894993787326,0.016705894993787326,99.87,114.2,49.935,98.01390427017083,1544.0478170004,1.0
Baseline AR,2014-02-12T22:00:00+00:00,2014-02-13T09:00:00+11:00,2014-02-13,9,0,0.129615385,0.28202056431383593,0.28202056431383593,67.74,37.37,33.87,418.26328809778863,1147.8021926985,1.0
Baseline AR,2014-02-12T23:00:00+00:00,2014-02-13T10:00:00+11:00,2014-02-13,10,1,0.274230769,0.4137719867449003,0.4137719867449003,56.8,39.2,28.4,586.178347894655,1085.644615188,1.0
Baseline AR,2014-02-13T00:00:00+00:00,2014-02-13T11:00:00+11:00,2014-02-13,11,2,0.474358974,0.6039887486629074,0.6039887486629074,48.91,30.76,24.455,791.1298067316419,1081.6634612751,1.0
Baseline AR,2014-02-13T01:00:00+00:00,2014-02-13T12:00:00+11:00,2014-02-13,12,3,0.517307692,0.6098404656034816,0.6098404656034816,44.95,44.95,22.475,759.9796452641475,1023.0447113310001,1.0
Baseline AR,2014-02-13T02:00:00+00:00,2014-02-13T13:00:00+11:00,2014-02-13,13,4,0.589294872,0.7103313003137571,0.7103313003137571,44.04,36.92,22.02,858.5330494304679,1049.8881924431998,1.0
Baseline AR,2014-02-13T03:00:00+00:00,2014-02-13T14:00:00+11:00,2014-02-13,14,5,0.386217949,0.638208567932618,0.638208567932618,43.16,76.97,21.58,663.213727062177,897.4375001825999,1.0
Baseline AR,2014-02-13T04:00:00+00:00,2014-02-13T15:00:00+11:00,2014-02-13,15,6,0.259166667,0.5551201430791166,0.5551201430791166,42.87,125.5,21.435,523.627133221376,975.7625012550001,0.0
Baseline AR,2014-02-13T05:00:00+00:00,2014-02-13T16:00:00+11:00,2014-02-13,16,7,0.182692308,0.4696574596100571,0.4696574596100571,48.1,35.24,24.05,470.67035733065626,853.312500222,1.0
Baseline AR,2014-02-13T06:00:00+00:00,2014-02-13T17:00:00+11:00,2014-02-13,17,8,0.159487179,0.30304108827444837,0.30304108827444837,59.72,59.43,29.86,414.33282182445083,1038.6686149482,1.0
Baseline AR,2014-02-13T07:00:00+00:00,2014-02-13T18:00:00+11:00,2014-02-13,18,9,0.108205128,0.12165279946004365,0.12165279946004365,94.54,109.97,47.27,325.9615269310879,1571.5456920168,1.0
Baseline AR,2014-02-13T08:00:00+00:00,2014-02-13T19:00:00+11:00,2014-02-13,19,10,0.04224359,0.059006403501833685,0.059006403501833685,82.99,55.91,41.495,126.04105441075764,1297.4369330115,1.0
Baseline AR,2014-02-13T09:00:00+00:00,2014-02-13T20:00:00+11:00,2014-02-13,20,11,0.006923077,0.029294082425451902,0.029294082425451902,69.68,40.17,34.84,37.854175031482335,1052.4360000804,1.0
Baseline AR,2014-02-13T22:00:00+00:00,2014-02-14T09:00:00+11:00,2014-02-14,9,0,0.269102564,0.23423098111139076,0.23423098111139076,53.54,46.15,26.77,424.5015083703953,1019.2162691484,1.0
Baseline AR,2014-02-13T23:00:00+00:00,2014-02-14T10:00:00+11:00,2014-02-14,10,1,0.569615385,0.4508753687911375,0.4508753687911375,42.14,29.28,21.07,674.2978714636208,992.1538848585,1.0
Baseline AR,2014-02-14T00:00:00+00:00,2014-02-14T11:00:00+11:00,2014-02-14,11,2,0.63224359,0.5132536675343553,0.5132536675343553,40.7,28.44,20.35,728.2049299071359,996.4847116950001,1.0
Baseline AR,2014-02-14T01:00:00+00:00,2014-02-14T12:00:00+11:00,2014-02-14,12,3,0.595961538,0.44089684781532607,0.44089684781532607,41.99,31.71,20.995,702.9107989656466,1005.2163747093001,1.0
Baseline AR,2014-02-14T02:00:00+00:00,2014-02-14T13:00:00+11:00,2014-02-14,13,4,0.573012821,0.6159310759551734,0.6159310759551734,38.06,26.83,19.03,678.7680707717086,898.0330195089,1.0
Baseline AR,2014-02-14T03:00:00+00:00,2014-02-14T14:00:00+11:00,2014-02-14,14,5,0.508461538,0.5374778321427247,0.5374778321427247,38.34,30.08,19.17,601.5197317690811,867.5162305038001,1.0
Baseline AR,2014-02-14T04:00:00+00:00,2014-02-14T15:00:00+11:00,2014-02-14,15,6,0.409358974,0.39161855257106865,0.39161855257106865,41.1,30.11,20.55,498.8905979968813,868.8698074710001,1.0
Baseline AR,2014-02-14T05:00:00+00:00,2014-02-14T16:00:00+11:00,2014-02-14,16,7,0.312115385,0.30630725596650765,0.30630725596650765,42.98,40.17,21.49,401.95195214147657,845.9207887094999,1.0
Baseline AR,2014-02-14T06:00:00+00:00,2014-02-14T17:00:00+11:00,2014-02-14,17,8,0.203141026,0.17107894898661302,0.17107894898661302,54.55,51.67,27.275,329.6701255950434,984.4701445245,1.0
Baseline AR,2014-02-14T07:00:00+00:00,2014-02-14T18:00:00+11:00,2014-02-14,18,9,0.10275641,0.07440011523340717,0.07440011523340717,75.26,272.45,37.63,399.75075544873323,1244.901711249,1.0
Baseline AR,2014-02-14T08:00:00+00:00,2014-02-14T19:00:00+11:00,2014-02-14,19,10,0.043461538,0.03406981496595097,0.03406981496595097,68.55,52.07,34.275,84.73538502896615,1072.9393264485,1.0
Baseline AR,2014-02-14T09:00:00+00:00,2014-02-14T20:00:00+11:00,2014-02-14,20,11,0.005833333,0.007024794075138893,0.007024794075138893,63.76,52.92,31.88,12.297512734662837,961.9789996812001,1.0
Baseline AR,2014-02-14T22:00:00+00:00,2014-02-15T09:00:00+11:00,2014-02-15,9,0,0.04224359,0.3288044975029713,0.3288044975029713,55.04,33.64,27.52,306.33730104245313,860.476307904,1.0
Baseline AR,2014-02-14T23:00:00+00:00,2014-02-15T10:00:00+11:00,2014-02-15,10,1,0.077307692,0.5629438819628928,0.5629438819628928,50.04,35.67,25.02,480.5728314165474,808.6271536152,1.0
Baseline AR,2014-02-15T00:00:00+00:00,2014-02-15T11:00:00+11:00,2014-02-15,11,2,0.058910256,0.6465033300192783,0.6465033300192783,45.94,27.58,22.97,486.10050212588465,729.6950574095999,1.0
Baseline AR,2014-02-15T01:00:00+00:00,2014-02-15T12:00:00+11:00,2014-02-15,12,3,0.124935897,0.6352666986157145,0.6352666986157145,40.14,28.12,20.07,457.7179828202218,677.3239035837,1.0
Baseline AR,2014-02-15T02:00:00+00:00,2014-02-15T13:00:00+11:00,2014-02-15,13,4,0.209038462,0.6802242461933897,0.6802242461933897,37.02,30.05,18.51,493.8075818597893,671.3790579486001,1.0
Baseline AR,2014-02-15T03:00:00+00:00,2014-02-15T14:00:00+11:00,2014-02-15,14,5,0.115576923,0.6180154072999416,0.6180154072999416,34.13,31.77,17.065,375.56259349705516,571.1196057298502,1.0
Baseline AR,2014-02-15T04:00:00+00:00,2014-02-15T15:00:00+11:00,2014-02-15,15,6,0.07775641,0.48637873657862674,0.48637873657862674,33.86,31.38,16.93,286.52424094728457,547.392480639,1.0
Baseline AR,2014-02-15T05:00:00+00:00,2014-02-15T16:00:00+11:00,2014-02-15,16,7,0.104679487,0.36647741530229555,0.36647741530229555,34.4,27.94,17.2,243.1169615879845,570.014615292,1.0
Baseline AR,2014-02-15T06:00:00+00:00,2014-02-15T17:00:00+11:00,2014-02-15,17,8,0.056538462,0.20200668318982828,0.20200668318982828,38.25,32.18,19.125,148.34027705266402,606.1889425725,1.0
Baseline AR,2014-02-15T07:00:00+00:00,2014-02-15T18:00:00+11:00,2014-02-15,18,9,0.056474359,0.07657345922107577,0.07657345922107577,47.94,37.25,23.97,95.67468608277558,759.7107115568999,1.0
Baseline AR,2014-02-15T08:00:00+00:00,2014-02-15T19:00:00+11:00,2014-02-15,19,10,0.036794872,0.034165230300023317,0.034165230300023317,57.65,46.52,28.825,62.758693760377774,896.5683655619999,1.0
Baseline AR,2014-02-15T09:00:00+00:00,2014-02-15T20:00:00+11:00,2014-02-15,20,11,0.005064103,0.00603208167586512,0.00603208167586512,61.26,129.93,30.63,10.196284098652459,923.5534042467,1.0
Baseline AR,2014-02-15T22:00:00+00:00,2014-02-16T09:00:00+11:00,2014-02-16,9,0,0.033974359,0.08194518716618691,0.08194518716618691,45.46,54.21,22.73,79.04553853072285,705.0671154021001,1.0
Baseline AR,2014-02-15T23:00:00+00:00,2014-02-16T10:00:00+11:00,2014-02-16,10,1,0.169166667,0.27154612539448186,0.27154612539448186,41.29,68.4,20.645,272.9554679695223,724.1233752064501,1.0
Baseline AR,2014-02-16T00:00:00+00:00,2014-02-16T11:00:00+11:00,2014-02-16,11,2,0.532435897,0.45353334039766013,0.45353334039766013,38.42,30.54,19.21,595.0330505014069,883.1428074411001,1.0
Baseline AR,2014-02-16T01:00:00+00:00,2014-02-16T12:00:00+11:00,2014-02-16,12,3,0.542564103,0.3644217853625218,0.3644217853625218,36.17,41.16,18.085,615.4042131156305,836.9181540826501,1.0
Baseline AR,2014-02-16T02:00:00+00:00,2014-02-16T13:00:00+11:00,2014-02-16,13,4,0.438782051,0.4475052093723719,0.4475052093723719,36.13,47.25,18.065,480.32338075880705,779.7479325394501,1.0
Baseline AR,2014-02-16T03:00:00+00:00,2014-02-16T14:00:00+11:00,2014-02-16,14,5,0.217179487,0.42393289368045134,0.42393289368045134,34.82,32.63,17.41,334.8529964293997,635.7328460601,1.0
Baseline AR,2014-02-16T04:00:00+00:00,2014-02-16T15:00:00+11:00,2014-02-16,15,6,0.319166667,0.2883026670526377,0.2883026670526377,35.67,51.49,17.835,356.18830473171823,705.8201251783499,1.0
Baseline AR,2014-02-16T05:00:00+00:00,2014-02-16T16:00:00+11:00,2014-02-16,16,7,0.089551282,0.17224351643551797,0.17224351643551797,35.43,39.6,17.715,139.13084562855602,579.0420288188999,1.0
Baseline AR,2014-02-16T06:00:00+00:00,2014-02-16T17:00:00+11:00,2014-02-16,17,8,0.155705128,0.07704308295102641,0.07704308295102641,37.06,51.45,18.53,207.0713661580419,642.4564806552,1.0
Baseline AR,2014-02-16T07:00:00+00:00,2014-02-16T18:00:00+11:00,2014-02-16,18,9,0.22724359,0.04362387605676423,0.04362387605676423,38.21,34.51,19.105,240.1075389693008,703.3946636085,1.0
Baseline AR,2014-02-16T08:00:00+00:00,2014-02-16T19:00:00+11:00,2014-02-16,19,10,0.05974359,0.028637872221458315,0.028637872221458315,45.47,59.67,22.735,94.74726689265876,722.7981155594999,1.0
Baseline AR,2014-02-16T09:00:00+00:00,2014-02-16T20:00:00+11:00,2014-02-16,20,11,0.001282051,0.00522320166616517,0.00522320166616517,53.69,98.31,26.845,5.239005234696119,806.38249977285,1.0
Baseline AR,2014-02-16T22:00:00+00:00,2014-02-17T09:00:00+11:00,2014-02-17,9,0,0.443589744,0.3384555095817306,0.3384555095817306,38.86,33.63,19.43,500.64136217497355,841.4684617775999,1.0
Baseline AR,2014-02-16T23:00:00+00:00,2014-02-17T10:00:00+11:00,2014-02-17,10,1,0.661666667,0.40350291751643325,0.40350291751643325,35.18,51.78,17.59,826.8885475946163,1027.8330005178,0.0
Baseline AR,2014-02-17T00:00:00+00:00,2014-02-17T11:00:00+11:00,2014-02-17,11,2,0.759423077,0.3692655286469393,0.3692655286469393,34.67,47.33,17.335,938.0577792521924,1078.3048270323,0.0
Baseline AR,2014-02-17T01:00:00+00:00,2014-02-17T12:00:00+11:00,2014-02-17,12,3,0.697435897,0.2918828329073876,0.2918828329073876,30.98,32.910000000000004,15.49,671.6784450827622,788.7984613359,1.0
Baseline AR,2014-02-17T02:00:00+00:00,2014-02-17T13:00:00+11:00,2014-02-17,13,4,0.828653846,0.5572738615783859,0.5572738615783859,29.99,27.53,14.995,725.5120223958849,822.6199326231,1.0
Baseline AR,2014-02-17T03:00:00+00:00,2014-02-17T14:00:00+11:00,2014-02-17,14,5,0.78025641,0.4364530171555019,0.4364530171555019,29.98,34.56,14.99,749.0012013308341,808.969845888,0.0
Baseline AR,2014-02-17T04:00:00+00:00,2014-02-17T15:00:00+11:00,2014-02-17,15,6,0.659807692,0.26837515336522016,0.26837515336522016,31.59,31.05,15.795,618.9585425825167,786.4998748542,1.0
Baseline AR,2014-02-17T05:00:00+00:00,2014-02-17T16:00:00+11:00,2014-02-17,16,7,0.534423077,0.30413252438773214,0.30413252438773214,34.89,46.57,17.445,640.0744443312386,803.04031734795,1.0
Baseline AR,2014-02-17T06:00:00+00:00,2014-02-17T17:00:00+11:00,2014-02-17,17,8,0.281217949,0.18934174212233523,0.18934174212233523,43.62,61.52,21.81,417.33933115470603,838.3009040306999,1.0
Baseline AR,2014-02-17T07:00:00+00:00,2014-02-17T18:00:00+11:00,2014-02-17,18,9,0.116153846,0.11350421206630004,0.11350421206630004,60.22,42.24,30.11,208.41432563976224,1008.2217690917998,1.0
Baseline AR,2014-02-17T08:00:00+00:00,2014-02-17T19:00:00+11:00,2014-02-17,19,10,0.034230769,0.04408954856921218,0.04408954856921218,53.75,47.86,26.875,63.145756040177325,833.84855750625,1.0
Baseline AR,2014-02-17T09:00:00+00:00,2014-02-17T20:00:00+11:00,2014-02-17,20,11,0.012692308,0.0020469089983717456,0.0020469089983717456,55.72,48.37,27.86,18.869151572940968,846.4082310263999,1.0
Baseline AR,2014-02-17T22:00:00+00:00,2014-02-18T09:00:00+11:00,2014-02-18,9,0,0.398141026,0.501834784031959,0.501834784031959,47.01,58.36,23.505,634.6179424440359,985.8991444838999,1.0
Baseline AR,2014-02-17T23:00:00+00:00,2014-02-18T10:00:00+11:00,2014-02-18,10,1,0.469551282,0.6803130623676165,0.6803130623676165,39.38,39.56,19.69,679.2248682179511,868.0639422774001,1.0
Baseline AR,2014-02-18T00:00:00+00:00,2014-02-18T11:00:00+11:00,2014-02-18,11,2,0.718269231,0.7818279758025454,0.7818279758025454,34.11,25.76,17.055,767.5247358605222,879.1524520411499,1.0
Baseline AR,2014-02-18T01:00:00+00:00,2014-02-18T12:00:00+11:00,2014-02-18,12,3,0.681858974,0.8217854071904532,0.8217854071904532,29.8,27.67,14.9,672.1290383921327,751.790961378,1.0
Baseline AR,2014-02-18T02:00:00+00:00,2014-02-18T13:00:00+11:00,2014-02-18,13,4,0.797820513,0.817085642898373,0.817085642898373,26.99,30.2,13.495,653.7947572154563,727.84763468805,1.0
Baseline AR,2014-02-18T03:00:00+00:00,2014-02-18T14:00:00+11:00,2014-02-18,14,5,0.560384615,0.7478041550281046,0.7478041550281046,26.49,28.39,13.245,519.8088077706674,620.01882677025,1.0
Baseline AR,2014-02-18T04:00:00+00:00,2014-02-18T15:00:00+11:00,2014-02-18,15,6,0.452371795,0.6088243256017427,0.6088243256017427,26.05,23.79,13.025,414.662384125131,567.5142788962501,1.0
Baseline AR,2014-02-18T05:00:00+00:00,2014-02-18T16:00:00+11:00,2014-02-18,16,7,0.259038462,0.4761851991715623,0.4761851991715623,27.85,26.82,13.925,307.1396844544202,525.9633175005,1.0
Baseline AR,2014-02-18T06:00:00+00:00,2014-02-18T17:00:00+11:00,2014-02-18,17,8,0.221730769,0.2761511402566942,0.2761511402566942,39.52,38.78,19.76,295.1443958073683,724.2419998632001,1.0
Baseline AR,2014-02-18T07:00:00+00:00,2014-02-18T18:00:00+11:00,2014-02-18,18,9,0.131858974,0.08952520967342895,0.08952520967342895,60.03,69.15,30.015,249.0473441963498,1019.1824131383,1.0
Baseline AR,2014-02-18T08:00:00+00:00,2014-02-18T19:00:00+11:00,2014-02-18,19,10,0.051025641,0.03213761916532749,0.03213761916532749,52.56,63.03,26.28,86.38995838707064,828.6286153643999,1.0
Baseline AR,2014-02-18T09:00:00+00:00,2014-02-18T20:00:00+11:00,2014-02-18,20,11,0.013333333,0.012257843836137986,0.012257843836137986,51.89,36.0,25.945,20.243313796686977,788.72799974055,1.0
Baseline AR,2014-02-18T22:00:00+00:00,2014-02-19T09:00:00+11:00,2014-02-19,9,0,0.375384615,0.477541374584358,0.477541374584358,35.81,21.51,17.905,458.149195305238,738.78784594725,1.0
Baseline AR,2014-02-18T23:00:00+00:00,2014-02-19T10:00:00+11:00,2014-02-19,10,1,0.610897436,0.6105871795036883,0.6105871795036883,31.64,24.31,15.82,579.7956208476612,764.5319231256001,1.0
Baseline AR,2014-02-19T00:00:00+00:00,2014-02-19T11:00:00+11:00,2014-02-19,11,2,0.737371795,0.5888059280441518,0.5888059280441518,29.53,23.21,14.765,625.0695848156712,769.56883659525,1.0
Baseline AR,2014-02-19T01:00:00+00:00,2014-02-19T12:00:00+11:00,2014-02-19,12,3,0.781217949,0.5581277439507726,0.5581277439507726,26.57,23.52,13.285,602.2960733858956,709.9044135739499,1.0
Baseline AR,2014-02-19T02:00:00+00:00,2014-02-19T13:00:00+11:00,2014-02-19,13,4,0.476089744,0.7044198414586056,0.7044198414586056,26.12,22.87,13.06,462.5236555826816,578.3319616992001,1.0
Baseline AR,2014-02-19T03:00:00+00:00,2014-02-19T14:00:00+11:00,2014-02-19,14,5,0.229230769,0.633105342399409,0.633105342399409,25.63,23.21,12.815,331.52511802750274,472.57776914204993,1.0
Baseline AR,2014-02-19T04:00:00+00:00,2014-02-19T15:00:00+11:00,2014-02-19,15,6,0.153589744,0.48433112434189596,0.48433112434189596,27.6,24.92,13.8,264.099239493545,477.586154016,1.0
Baseline AR,2014-02-19T05:00:00+00:00,2014-02-19T16:00:00+11:00,2014-02-19,16,7,0.097628205,0.40680346054068484,0.40680346054068484,30.25,28.35,15.125,228.88586823908577,498.04879801875,1.0
Baseline AR,2014-02-19T06:00:00+00:00,2014-02-19T17:00:00+11:00,2014-02-19,17,8,0.024487179,0.23732907116991528,0.23732907116991528,44.09,38.68,22.045,173.1521770498735,677.5445958316501,1.0
Baseline AR,2014-02-19T07:00:00+00:00,2014-02-19T18:00:00+11:00,2014-02-19,18,9,0.13224359,0.09733914452065455,0.09733914452065455,63.0,52.55,31.5,238.9978414422252,1069.9701925499999,1.0
Baseline AR,2014-02-19T08:00:00+00:00,2014-02-19T19:00:00+11:00,2014-02-19,19,10,0.047371795,0.04410944358859222,0.04410944358859222,56.96,39.18,28.48,79.2087850531551,894.874461648,1.0
Baseline AR,2014-02-19T09:00:00+00:00,2014-02-19T20:00:00+11:00,2014-02-19,20,11,0.008269231,0.013093402390604964,0.013093402390604964,56.7,30.7,28.35,18.16891969870952,857.5329809655001,1.0
Baseline AR,2014-02-19T22:00:00+00:00,2014-02-20T09:00:00+11:00,2014-02-20,9,0,0.463974359,0.4296571928676649,0.4296571928676649,39.77,20.94,19.885,534.182040574744,873.3339038614502,1.0
Baseline AR,2014-02-19T23:00:00+00:00,2014-02-20T10:00:00+11:00,2014-02-20,10,1,0.71525641,0.5410501389669667,0.5410501389669667,31.74,19.27,15.87,615.8965876085422,816.6335768009999,1.0
Baseline AR,2014-02-20T00:00:00+00:00,2014-02-20T11:00:00+11:00,2014-02-20,11,2,0.798782051,0.5201401979410515,0.5201401979410515,26.5,17.240000000000002,13.25,557.6250237652241,715.0158652724999,1.0
Baseline AR,2014-02-20T01:00:00+00:00,2014-02-20T12:00:00+11:00,2014-02-20,12,3,0.785512821,0.4791818930396977,0.4791818930396977,23.93,17.87,11.965,508.2286914927171,640.90982709795,1.0
Baseline AR,2014-02-20T02:00:00+00:00,2014-02-20T13:00:00+11:00,2014-02-20,13,4,0.752179487,0.573563189987144,0.573563189987144,24.63,22.35,12.315,543.5680682286206,647.3427114721501,1.0
Baseline AR,2014-02-20T03:00:00+00:00,2014-02-20T14:00:00+11:00,2014-02-20,14,5,0.680769231,0.440698128353972,0.440698128353972,26.0,22.7,13.0,507.2329610180433,655.50000009,1.0
Baseline AR,2014-02-20T04:00:00+00:00,2014-02-20T15:00:00+11:00,2014-02-20,15,6,0.668910256,0.3257545510961636,0.3257545510961636,28.58,24.93,14.29,535.9481038074298,715.4618267472,1.0
Baseline AR,2014-02-20T05:00:00+00:00,2014-02-20T16:00:00+11:00,2014-02-20,16,7,0.562820513,0.16595079467887702,0.16595079467887702,30.2,27.53,15.1,478.1261203404781,707.957692389,1.0
Baseline AR,2014-02-20T06:00:00+00:00,2014-02-20T17:00:00+11:00,2014-02-20,17,8,0.338141026,0.06398818953151388,0.06398818953151388,43.2,33.85,21.6,361.33089906658967,867.1153848480001,1.0
Baseline AR,2014-02-20T07:00:00+00:00,2014-02-20T18:00:00+11:00,2014-02-20,18,9,0.107179487,0.0705729561000967,0.0705729561000967,58.35,55.83,29.175,184.8502382574673,969.0588459967499,1.0
Baseline AR,2014-02-20T08:00:00+00:00,2014-02-20T19:00:00+11:00,2014-02-20,19,10,0.0325,0.038673161840292805,0.038673161840292805,53.06,44.16,26.53,56.646719508689046,821.76675,1.0
Baseline AR,2014-02-20T09:00:00+00:00,2014-02-20T20:00:00+11:00,2014-02-20,20,11,0.011153846,0.008346387756404587,0.008346387756404587,50.94,45.28,25.47,16.5686010474375,772.6226537286,1.0
Baseline AR,2014-02-20T22:00:00+00:00,2014-02-21T09:00:00+11:00,2014-02-21,9,0,0.431153846,0.5356464143703407,0.5356464143703407,34.81,22.76,17.405,504.8147559523734,747.2769806889,1.0
Baseline AR,2014-02-20T23:00:00+00:00,2014-02-21T10:00:00+11:00,2014-02-21,10,1,0.675512821,0.665670705338677,0.665670705338677,26.97,24.02,13.485,545.6863962350728,677.82871173555,1.0
Baseline AR,2014-02-21T00:00:00+00:00,2014-02-21T11:00:00+11:00,2014-02-21,11,2,0.79,0.7912283745796554,0.7912283745796554,24.74,18.23,12.37,586.7938498065101,664.269,1.0
Baseline AR,2014-02-21T01:00:00+00:00,2014-02-21T12:00:00+11:00,2014-02-21,12,3,0.832371795,0.7947278789203366,0.7947278789203366,23.94,14.96,11.97,587.6681521771386,658.0047115845,1.0
Baseline AR,2014-02-21T02:00:00+00:00,2014-02-21T13:00:00+11:00,2014-02-21,13,4,0.816153846,0.8239562272696099,0.8239562272696099,22.6,16.36,11.3,555.9973148383978,615.676153794,1.0
Baseline AR,2014-02-21T03:00:00+00:00,2014-02-21T14:00:00+11:00,2014-02-21,14,5,0.775448718,0.7632308920995052,0.7632308920995052,22.85,31.76,11.425,534.8359210522024,738.8475385104,0.0
Baseline AR,2014-02-21T04:00:00+00:00,2014-02-21T15:00:00+11:00,2014-02-21,15,6,0.676730769,0.6390216724494527,0.6390216724494527,23.5,16.18,11.75,468.8142745424998,591.0475960725,1.0
Baseline AR,2014-02-21T05:00:00+00:00,2014-02-21T16:00:00+11:00,2014-02-21,16,7,0.523910256,0.540754576768093,0.540754576768093,24.15,22.79,12.075,385.67483567024163,552.036490236,1.0
Baseline AR,2014-02-21T06:00:00+00:00,2014-02-21T17:00:00+11:00,2014-02-21,17,8,0.320128205,0.3149934845948714,0.3149934845948714,37.0,29.84,18.5,354.23936960697836,732.671153775,1.0
Baseline AR,2014-02-21T07:00:00+00:00,2014-02-21T18:00:00+11:00,2014-02-21,18,9,0.102820513,0.09156116926107243,0.09156116926107243,53.85,197.4,26.925,214.59490256319162,890.80326937575,1.0
Baseline AR,2014-02-21T08:00:00+00:00,2014-02-21T19:00:00+11:00,2014-02-21,19,10,0.032371795,0.029924190974557906,0.029924190974557906,48.8,35.31,24.4,46.40176253090358,755.6961539399999,1.0
Baseline AR,2014-02-21T09:00:00+00:00,2014-02-21T20:00:00+11:00,2014-02-21,20,11,0.010769231,0.010806793134599984,0.010806793134599984,48.16,30.85,24.08,15.586519834835027,730.1796924744,1.0
Baseline AR,2014-02-21T22:00:00+00:00,2014-02-22T09:00:00+11:00,2014-02-22,9,0,0.155833333,0.5043915613887353,0.5043915613887353,37.11,29.66,18.555,367.5141874614895,643.39462481445,1.0
Baseline AR,2014-02-21T23:00:00+00:00,2014-02-22T10:00:00+11:00,2014-02-22,10,1,0.349038462,0.6737061964024951,0.6737061964024951,32.83,63.72,16.415,503.6506070303087,667.2219239591999,0.0
Baseline AR,2014-02-22T00:00:00+00:00,2014-02-22T11:00:00+11:00,2014-02-22,11,2,0.723269231,0.7780423889338735,0.7780423889338735,34.54,26.7,17.27,777.8295502877397,892.8257885810999,1.0
Baseline AR,2014-02-22T01:00:00+00:00,2014-02-22T12:00:00+11:00,2014-02-22,12,3,0.664358974,0.7922036007928057,0.7922036007928057,31.63,25.29,15.815,691.0661136104466,789.6551152142999,1.0
Baseline AR,2014-02-22T02:00:00+00:00,2014-02-22T13:00:00+11:00,2014-02-22,13,4,0.764871795,0.8345370137596215,0.8345370137596215,30.65,26.33,15.325,735.328199827236,811.3998077512499,1.0
Baseline AR,2014-02-22T03:00:00+00:00,2014-02-22T14:00:00+11:00,2014-02-22,14,5,0.757948718,0.7524357469491971,0.7524357469491971,29.57,30.72,14.785,672.5665052390527,779.7381538689,1.0
Baseline AR,2014-02-22T04:00:00+00:00,2014-02-22T15:00:00+11:00,2014-02-22,15,6,0.658076923,0.6248111000596108,0.6248111000596108,29.01,27.14,14.505,570.8581334199442,721.51217304345,1.0
Baseline AR,2014-02-22T05:00:00+00:00,2014-02-22T16:00:00+11:00,2014-02-22,16,7,0.508012821,0.5166887229085201,0.5166887229085201,30.97000000000001,36.78,15.485000000000005,476.02510222270314,700.5473559955501,1.0
Baseline AR,2014-02-22T06:00:00+00:00,2014-02-22T17:00:00+11:00,2014-02-22,17,8,0.311602564,0.300069546008658,0.300069546008658,33.29,27.57,16.645,309.2184147794857,654.9487403334,1.0
Baseline AR,2014-02-22T07:00:00+00:00,2014-02-22T18:00:00+11:00,2014-02-22,18,9,0.110641026,0.08798729551357605,0.08798729551357605,41.28,39.91,20.64,136.086778275408,687.7089232992,1.0
Baseline AR,2014-02-22T08:00:00+00:00,2014-02-22T19:00:00+11:00,2014-02-22,19,10,0.042371795,0.02955925011046363,0.02955925011046363,46.78,36.46,23.39,55.497813205199535,731.4322885515,1.0
Baseline AR,2014-02-22T09:00:00+00:00,2014-02-22T20:00:00+11:00,2014-02-22,20,11,0.0125,0.010448405941095543,0.010448405941095543,52.18,40.06,26.09,18.821540400182343,792.4837499999999,1.0
Baseline AR,2014-02-22T22:00:00+00:00,2014-02-23T09:00:00+11:00,2014-02-23,9,0,0.219102564,0.3072485251486664,0.3072485251486664,42.45,26.25,21.225,335.15405601541335,776.2635576270001,1.0
Baseline AR,2014-02-22T23:00:00+00:00,2014-02-23T10:00:00+11:00,2014-02-23,10,1,0.249230769,0.6008344569501249,0.6008344569501249,35.83,23.7,17.915,456.86755568689466,671.3990767990499,1.0
Baseline AR,2014-02-23T00:00:00+00:00,2014-02-23T11:00:00+11:00,2014-02-23,11,2,0.637948718,0.6858878921153788,0.6858878921153788,34.72,27.6,17.36,689.4541065480893,853.0436923344,1.0
Baseline AR,2014-02-23T01:00:00+00:00,2014-02-23T12:00:00+11:00,2014-02-23,12,3,0.614679487,0.6947182134321003,0.6947182134321003,36.56,28.0,18.28,718.0736989169638,885.4902306708001,1.0
Baseline AR,2014-02-23T02:00:00+00:00,2014-02-23T13:00:00+11:00,2014-02-23,13,4,0.823589744,0.7746701954323678,0.7746701954323678,35.14,34.14,17.57,866.760721667771,961.2141540624,1.0
Baseline AR,2014-02-23T03:00:00+00:00,2014-02-23T14:00:00+11:00,2014-02-23,14,5,0.768141026,0.7372349889706664,0.7372349889706664,34.800000000000004,23.99,17.400000000000002,791.9164033353873,922.9696155720001,1.0
Baseline AR,2014-02-23T04:00:00+00:00,2014-02-23T15:00:00+11:00,2014-02-23,15,6,0.66525641,0.617066488734479,0.617066488734479,34.67,29.96,17.335,685.123956166182,866.0165960205001,1.0
Baseline AR,2014-02-23T05:00:00+00:00,2014-02-23T16:00:00+11:00,2014-02-23,16,7,0.514230769,0.5012558906925901,0.5012558906925901,35.71,38.64,17.855,552.0359146329214,811.09771141485,1.0
Baseline AR,2014-02-23T06:00:00+00:00,2014-02-23T17:00:00+11:00,2014-02-23,17,8,0.316410256,0.2963842178132365,0.2963842178132365,35.71,30.21,17.855,335.66601095198405,705.1351536263999,1.0
Baseline AR,2014-02-23T07:00:00+00:00,2014-02-23T18:00:00+11:00,2014-02-23,18,9,0.109230769,0.09425185843428249,0.09425185843428249,35.97,25.9,17.985,113.34579394599675,598.48546141395,1.0
Baseline AR,2014-02-23T08:00:00+00:00,2014-02-23T19:00:00+11:00,2014-02-23,19,10,0.038974359,0.03746831172495893,0.03746831172495893,39.32,26.3,19.66,45.38589181076895,612.7870769382,1.0
Baseline AR,2014-02-23T09:00:00+00:00,2014-02-23T20:00:00+11:00,2014-02-23,20,11,0.010769231,0.012196544984703414,0.012196544984703414,44.42,108.96,22.21,15.302096538607888,673.4755386153001,1.0
Baseline AR,2014-02-23T22:00:00+00:00,2014-02-24T09:00:00+11:00,2014-02-24,9,0,0.345192308,0.367281095666993,0.367281095666993,53.81,49.74,26.905,575.0729077698136,1085.7719714022,1.0
Baseline AR,2014-02-23T23:00:00+00:00,2014-02-24T10:00:00+11:00,2014-02-24,10,1,0.616858974,0.5887735030907613,0.5887735030907613,47.68,37.55,23.84,873.8199018002823,1156.3775382048,1.0
Baseline AR,2014-02-24T00:00:00+00:00,2014-02-24T11:00:00+11:00,2014-02-24,11,2,0.741346154,0.6712419200163772,0.6712419200163772,35.96,22.42,17.98,771.2878910910524,939.2821154676001,1.0
Baseline AR,2014-02-24T01:00:00+00:00,2014-02-24T12:00:00+11:00,2014-02-24,12,3,0.782179487,0.6566408880329407,0.6566408880329407,34.35,22.5,17.175,761.4069894207105,918.26798067675,1.0
Baseline AR,2014-02-24T02:00:00+00:00,2014-02-24T13:00:00+11:00,2014-02-24,13,4,0.777628205,0.7776377225524199,0.7776377225524199,32.74,23.55,16.37,763.7910970209934,872.9932114755001,1.0
Baseline AR,2014-02-24T03:00:00+00:00,2014-02-24T14:00:00+11:00,2014-02-24,14,5,0.730320513,0.7380206730710406,0.7380206730710406,34.46,24.25,17.23,758.9855590801209,894.4026731697,1.0
Baseline AR,2014-02-24T04:00:00+00:00,2014-02-24T15:00:00+11:00,2014-02-24,15,6,0.636410256,0.6032697518316689,0.6032697518316689,36.91,35.53,18.455,703.325059596231,905.9985382343999,1.0
Baseline AR,2014-02-24T05:00:00+00:00,2014-02-24T16:00:00+11:00,2014-02-24,16,7,0.461153846,0.5078098465380111,0.5078098465380111,45.3,39.28,22.65,658.4108290795784,992.8540383569998,1.0
Baseline AR,2014-02-24T06:00:00+00:00,2014-02-24T17:00:00+11:00,2014-02-24,17,8,0.320833333,0.3021653346355311,0.3021653346355311,62.31,83.12,31.155,611.3881807558379,1234.51687468845,1.0
Baseline AR,2014-02-24T07:00:00+00:00,2014-02-24T18:00:00+11:00,2014-02-24,18,9,0.121346154,0.09164006563969991,0.09164006563969991,127.96,53.14,63.98,399.1453300416704,2152.3118079876,1.0
Baseline AR,2014-02-24T08:00:00+00:00,2014-02-24T19:00:00+11:00,2014-02-24,19,10,0.045,0.03411725511870292,0.03411725511870292,102.82,64.23,51.41,126.20804625092235,1611.7035,1.0
Baseline AR,2014-02-24T09:00:00+00:00,2014-02-24T20:00:00+11:00,2014-02-24,20,11,0.011923077,0.010543274737065256,0.010543274737065256,100.66,55.1,50.33,34.11939419162079,1527.9026539622998,1.0
Baseline AR,2014-02-24T22:00:00+00:00,2014-02-25T09:00:00+11:00,2014-02-25,9,0,0.344230769,0.4382638729591063,0.4382638729591063,73.75,28.59,36.875,865.6346976672613,1487.05528820625,1.0
Baseline AR,2014-02-24T23:00:00+00:00,2014-02-25T10:00:00+11:00,2014-02-25,10,1,0.619358974,0.6295232404891236,0.6295232404891236,57.62,34.09,28.81,1079.4088979829494,1399.6119612282,1.0
Baseline AR,2014-02-25T00:00:00+00:00,2014-02-25T11:00:00+11:00,2014-02-25,11,2,0.727371795,0.717308133128663,0.717308133128663,41.69,34.62,20.845,907.5894013235894,1080.21195200325,1.0
Baseline AR,2014-02-25T01:00:00+00:00,2014-02-25T12:00:00+11:00,2014-02-25,12,3,0.781666667,0.7247942825277913,0.7247942825277913,37.13,32.36,18.565,862.560062153327,992.2992501856502,1.0
Baseline AR,2014-02-25T02:00:00+00:00,2014-02-25T13:00:00+11:00,2014-02-25,13,4,0.782051282,0.7963393263535612,0.7963393263535612,36.31,36.87,18.155,859.6704448397671,970.5942307413,1.0
Baseline AR,2014-02-25T03:00:00+00:00,2014-02-25T14:00:00+11:00,2014-02-25,14,5,0.741858974,0.7242332566243272,0.7242332566243272,35.83,30.22,17.915,794.4578029182743,936.1621055763,1.0
Baseline AR,2014-02-25T04:00:00+00:00,2014-02-25T15:00:00+11:00,2014-02-25,15,6,0.656025641,0.5984618909566383,0.5984618909566383,36.45,28.28,18.225,703.2551632978722,905.4320192167501,1.0
Baseline AR,2014-02-25T05:00:00+00:00,2014-02-25T16:00:00+11:00,2014-02-25,16,7,0.515641026,0.5137542700817008,0.5137542700817008,40.2,33.75,20.1,621.4979900858091,913.931538678,1.0
Baseline AR,2014-02-25T06:00:00+00:00,2014-02-25T17:00:00+11:00,2014-02-25,17,8,0.305,0.30722828409647734,0.30722828409647734,62.65,61.38,31.325,575.3415299796645,1226.37375,1.0
Baseline AR,2014-02-25T07:00:00+00:00,2014-02-25T18:00:00+11:00,2014-02-25,18,9,0.100320513,0.10055701068148978,0.10055701068148978,87.12,33.89,43.56,262.50674794697085,1437.8988463884002,1.0
Baseline AR,2014-02-25T08:00:00+00:00,2014-02-25T19:00:00+11:00,2014-02-25,19,10,0.033717949,0.03903612215685781,0.03903612215685781,75.72,30.19,37.86,82.63407401995909,1174.0968464742,1.0
Baseline AR,2014-02-25T09:00:00+00:00,2014-02-25T20:00:00+11:00,2014-02-25,20,11,0.007371795,0.011699490202910164,0.011699490202910164,74.56,32.5,37.28,21.329325370934733,1126.644615528,1.0
Baseline AR,2014-02-25T22:00:00+00:00,2014-02-26T09:00:00+11:00,2014-02-26,9,0,0.064230769,0.4256124964783937,0.4256124964783937,64.27,28.41,32.135,472.23340008444546,1025.9716728544502,1.0
Baseline AR,2014-02-25T23:00:00+00:00,2014-02-26T10:00:00+11:00,2014-02-26,10,1,0.193717949,0.6257569565523723,0.6257569565523723,52.39,25.53,26.195,643.9843545283318,938.0832502216501,1.0
Baseline AR,2014-02-26T00:00:00+00:00,2014-02-26T11:00:00+11:00,2014-02-26,11,2,0.273205128,0.7576503790901228,0.7576503790901228,37.08,25.64,18.54,573.3618330435263,708.1566921936001,1.0
Baseline AR,2014-02-26T01:00:00+00:00,2014-02-26T12:00:00+11:00,2014-02-26,12,3,0.446666667,0.7582959816633078,0.7582959816633078,36.72,26.73,18.36,663.6934268837499,796.8240001835999,1.0
Baseline AR,2014-02-26T02:00:00+00:00,2014-02-26T13:00:00+11:00,2014-02-26,13,4,0.539551282,0.8011986592556406,0.8011986592556406,39.28,26.24,19.64,789.9698653878235,907.1036153544001,1.0
Baseline AR,2014-02-26T03:00:00+00:00,2014-02-26T14:00:00+11:00,2014-02-26,14,5,0.290705128,0.7225942725667189,0.7225942725667189,39.53,27.72,19.765,600.835879566036,765.3236056476,1.0
Baseline AR,2014-02-26T04:00:00+00:00,2014-02-26T15:00:00+11:00,2014-02-26,15,6,0.408846154,0.5946538006970834,0.5946538006970834,41.57,29.26,20.785,625.7323967513663,878.4860193267,1.0
Baseline AR,2014-02-26T05:00:00+00:00,2014-02-26T16:00:00+11:00,2014-02-26,16,7,0.239358974,0.4916121240125184,0.4916121240125184,50.51,33.84,25.255,553.8202524091846,939.0003266510998,1.0
Baseline AR,2014-02-26T06:00:00+00:00,2014-02-26T17:00:00+11:00,2014-02-26,17,8,0.152692308,0.2831239281939413,0.2831239281939413,72.52,62.89,36.26,474.08090173176925,1253.8986926424,1.0
Baseline AR,2014-02-26T07:00:00+00:00,2014-02-26T18:00:00+11:00,2014-02-26,18,9,0.133974359,0.08322322578957267,0.08322322578957267,108.1,91.58,54.05,409.3265846179122,1838.7394231184999,1.0
Baseline AR,2014-02-26T08:00:00+00:00,2014-02-26T19:00:00+11:00,2014-02-26,19,10,0.041538462,0.028424886879111665,0.028424886879111665,89.96,89.61,44.98,111.96630870683065,1405.4520006228,1.0
Baseline AR,2014-02-26T09:00:00+00:00,2014-02-26T20:00:00+11:00,2014-02-26,20,11,0.00474359,0.007318263316234546,0.007318263316234546,83.75,73.42,41.875,15.152703228519647,1262.2091349375,1.0
Baseline AR,2014-02-26T22:00:00+00:00,2014-02-27T09:00:00+11:00,2014-02-27,9,0,0.063141026,0.21468302810640347,0.21468302810640347,50.94,33.24,25.47,212.28535974270287,812.3460579666,1.0
Baseline AR,2014-02-26T23:00:00+00:00,2014-02-27T10:00:00+11:00,2014-02-27,10,1,0.212179487,0.303023627902221,0.303023627902221,44.22,34.160000000000004,22.11,341.73422611464315,804.0386537270999,1.0
Baseline AR,2014-02-27T00:00:00+00:00,2014-02-27T11:00:00+11:00,2014-02-27,11,2,0.316666667,0.4955675786807096,0.4955675786807096,31.19,27.13,15.595,380.00379184172,616.0025001559501,1.0
Baseline AR,2014-02-27T01:00:00+00:00,2014-02-27T12:00:00+11:00,2014-02-27,12,3,0.1425,0.3999760743107552,0.3999760743107552,29.56,32.12,14.78,240.5338913493888,506.58450000000005,1.0
Baseline AR,2014-02-27T02:00:00+00:00,2014-02-27T13:00:00+11:00,2014-02-27,13,4,0.146538462,0.5354730326675115,0.5354730326675115,29.7,28.64,14.85,303.8361208743763,510.782884821,1.0
Baseline AR,2014-02-27T03:00:00+00:00,2014-02-27T14:00:00+11:00,2014-02-27,14,5,0.170961538,0.4481746402823888,0.4481746402823888,30.05,37.98,15.025,279.0756323607867,527.8109132535001,1.0
Baseline AR,2014-02-27T04:00:00+00:00,2014-02-27T15:00:00+11:00,2014-02-27,15,6,0.287692308,0.2904628768090145,0.2904628768090145,31.41,32.54,15.705,272.3978153227672,606.6962309142,1.0
Baseline AR,2014-02-27T05:00:00+00:00,2014-02-27T16:00:00+11:00,2014-02-27,16,7,0.27474359,0.295567024420377,0.295567024420377,36.29,32.74,18.145,310.4485829597322,693.9066732164999,1.0
Baseline AR,2014-02-27T06:00:00+00:00,2014-02-27T17:00:00+11:00,2014-02-27,17,8,0.233205128,0.16925585593431258,0.16925585593431258,62.26,42.56,31.13,397.7865182875787,1151.6902690392,1.0
Baseline AR,2014-02-27T07:00:00+00:00,2014-02-27T18:00:00+11:00,2014-02-27,18,9,0.116346154,0.07884595036520808,0.07884595036520808,111.42,82.55,55.71,356.4197279923067,1865.7493271802,1.0
Baseline AR,2014-02-27T08:00:00+00:00,2014-02-27T19:00:00+11:00,2014-02-27,19,10,0.0225,0.032625246721511916,0.032625246721511916,102.39,62.89,51.195,84.66411017723408,1570.406625,1.0
Baseline AR,2014-02-27T09:00:00+00:00,2014-02-27T20:00:00+11:00,2014-02-27,20,11,0.002884615,0.004994238469181472,0.004994238469181472,99.53,60.34,49.765,11.76273428681448,1497.25658596425,1.0
Baseline AR,2014-02-27T22:00:00+00:00,2014-02-28T09:00:00+11:00,2014-02-28,9,0,0.059935897,0.2666762625198026,0.2666762625198026,67.04,43.7,33.52,328.4411876131136,1065.8715380232002,1.0
Baseline AR,2014-02-27T23:00:00+00:00,2014-02-28T10:00:00+11:00,2014-02-28,10,1,0.101666667,0.4094345562765177,0.4094345562765177,58.36,33.99,29.18,447.4180108562636,964.3990002918001,1.0
Baseline AR,2014-02-28T00:00:00+00:00,2014-02-28T11:00:00+11:00,2014-02-28,11,2,0.104294872,0.5501748311080658,0.5501748311080658,63.46,46.6,31.73,622.9897103885676,1051.1782886568,1.0
Baseline AR,2014-02-28T01:00:00+00:00,2014-02-28T12:00:00+11:00,2014-02-28,12,3,0.11275641,0.5064282178154798,0.5064282178154798,57.23,59.51,28.615,531.5390437481985,955.2457401644999,1.0
Baseline AR,2014-02-28T02:00:00+00:00,2014-02-28T13:00:00+11:00,2014-02-28,13,4,0.142948718,0.6065743584629323,0.6065743584629323,45.35,42.32,22.675,509.8630727639096,777.4908654195,1.0
Baseline AR,2014-02-28T03:00:00+00:00,2014-02-28T14:00:00+11:00,2014-02-28,14,5,0.136666667,0.5903196837798397,0.5903196837798397,43.24,51.9,21.62,471.5233471158041,737.2420002162,1.0
Baseline AR,2014-02-28T04:00:00+00:00,2014-02-28T15:00:00+11:00,2014-02-28,15,6,0.176282051,0.4239341770927104,0.4239341770927104,43.24,89.0,21.62,389.300245540932,762.9365382786001,1.0
Baseline AR,2014-02-28T05:00:00+00:00,2014-02-28T16:00:00+11:00,2014-02-28,16,7,0.219038462,0.3871213393005141,0.3871213393005141,49.76,80.45,24.88,452.4376756907037,909.8903080368,1.0
Baseline AR,2014-02-28T06:00:00+00:00,2014-02-28T17:00:00+11:00,2014-02-28,17,8,0.165897436,0.2269449795930725,0.2269449795930725,71.06,160.45000000000002,35.53,418.73073078065596,1242.7300770324,1.0
Baseline AR,2014-02-28T07:00:00+00:00,2014-02-28T18:00:00+11:00,2014-02-28,18,9,0.058974359,0.07248557602445226,0.07248557602445226,107.75,190.44,53.875,212.47211998327094,1711.5673077337499,1.0
Baseline AR,2014-02-28T08:00:00+00:00,2014-02-28T19:00:00+11:00,2014-02-28,19,10,0.018846154,0.01838576791405525,0.01838576791405525,80.04,112.76,40.02,45.70529996676337,1223.2266924924002,1.0
Baseline AR,2014-02-28T09:00:00+00:00,2014-02-28T20:00:00+11:00,2014-02-28,20,11,0.001282051,0.00299738119469289,0.00299738119469289,72.71000000000001,44.19,36.355000000000004,4.667362723141801,1092.04826892315,1.0
Baseline AR,2014-02-28T22:00:00+00:00,2014-03-01T09:00:00+11:00,2014-03-01,9,0,0.096282051,0.17182727179465038,0.17182727179465038,45.59,31.01,22.795,183.34656039312165,749.69248057635,1.0
Baseline AR,2014-02-28T23:00:00+00:00,2014-03-01T10:00:00+11:00,2014-03-01,10,1,0.133589744,0.3187027318402227,0.3187027318402227,39.71,30.12,19.855,269.40801323422863,675.2227310136001,1.0
Baseline AR,2014-03-01T00:00:00+00:00,2014-03-01T11:00:00+11:00,2014-03-01,11,2,0.121923077,0.5222497453941433,0.5222497453941433,40.41,44.88,20.205,390.4653562942099,680.05367312355,1.0
Baseline AR,2014-03-01T01:00:00+00:00,2014-03-01T12:00:00+11:00,2014-03-01,12,3,0.270897436,0.4358902390310424,0.4358902390310424,34.76,42.86,17.38,368.51909376118545,662.6459231304001,1.0
Baseline AR,2014-03-01T02:00:00+00:00,2014-03-01T13:00:00+11:00,2014-03-01,13,4,0.279038462,0.5408429738658002,0.5408429738658002,34.02,41.18,17.01,418.3854967223178,652.6933271585999,1.0
Baseline AR,2014-03-01T03:00:00+00:00,2014-03-01T14:00:00+11:00,2014-03-01,14,5,0.158076923,0.521862655646566,0.521862655646566,33.0,39.0,16.5,336.5700914300501,573.2480768849999,1.0
Baseline AR,2014-03-01T04:00:00+00:00,2014-03-01T15:00:00+11:00,2014-03-01,15,6,0.113782051,0.37032915235109526,0.37032915235109526,32.93,35.86,16.465,239.12672889527352,550.15264409145,1.0
Baseline AR,2014-03-01T05:00:00+00:00,2014-03-01T16:00:00+11:00,2014-03-01,16,7,0.149358974,0.29767869430347965,0.29767869430347965,27.41,31.88,13.705,183.79953732297568,472.55894216009995,1.0
Baseline AR,2014-03-01T06:00:00+00:00,2014-03-01T17:00:00+11:00,2014-03-01,17,8,0.114487179,0.15964763929094122,0.15964763929094122,32.27,48.09,16.135,132.6949587937301,539.4675189949501,1.0
Baseline AR,2014-03-01T07:00:00+00:00,2014-03-01T18:00:00+11:00,2014-03-01,18,9,0.062371795,0.045303321147399496,0.045303321147399496,41.97,32.18,20.985,73.51931631399124,668.81616354225,1.0
Baseline AR,2014-03-01T08:00:00+00:00,2014-03-01T19:00:00+11:00,2014-03-01,19,10,0.022115385,0.014241925851633051,0.014241925851633051,51.38,66.86,25.69,37.745088867501615,787.7443272195001,1.0
Baseline AR,2014-03-01T09:00:00+00:00,2014-03-01T20:00:00+11:00,2014-03-01,20,11,0.004166667,0.0014592750865204693,0.0014592750865204693,58.27,53.13,29.135,6.866270749641457,877.69187529135,1.0
Baseline AR,2014-03-01T22:00:00+00:00,2014-03-02T09:00:00+11:00,2014-03-02,9,0,0.355576923,0.1744411820749518,0.1744411820749518,47.93,37.35,23.965,453.79157341208975,974.5920287908499,1.0
Baseline AR,2014-03-01T23:00:00+00:00,2014-03-02T10:00:00+11:00,2014-03-02,10,1,0.646858974,0.30515692583787063,0.30515692583787063,41.75,32.51,20.875,715.4710571844578,1031.3454324675001,1.0
Baseline AR,2014-03-02T00:00:00+00:00,2014-03-02T11:00:00+11:00,2014-03-02,11,2,0.765769231,0.49046682937102704,0.49046682937102704,54.56,32.2,27.28,1068.7382262880851,1445.1055386504,1.0
Baseline AR,2014-03-02T01:00:00+00:00,2014-03-02T12:00:00+11:00,2014-03-02,12,3,0.491666667,0.3863478553058786,0.3863478553058786,50.42,30.29,25.21,680.09297012212,1128.1475002521001,1.0
Baseline AR,2014-03-02T02:00:00+00:00,2014-03-02T13:00:00+11:00,2014-03-02,13,4,0.577820513,0.5330222727761391,0.5330222727761391,44.69,47.4,22.345,778.3260587092999,1057.69198088955,1.0
Baseline AR,2014-03-02T03:00:00+00:00,2014-03-02T14:00:00+11:00,2014-03-02,14,5,0.551602564,0.46706877558236204,0.46706877558236204,42.81,35.03,21.405,688.6929867285232,996.3615864725999,1.0
Baseline AR,2014-03-02T04:00:00+00:00,2014-03-02T15:00:00+11:00,2014-03-02,15,6,0.673205128,0.3207234915710306,0.3207234915710306,42.7,28.47,21.35,711.901358376473,1071.687884484,1.0
Baseline AR,2014-03-02T05:00:00+00:00,2014-03-02T16:00:00+11:00,2014-03-02,16,7,0.346153846,0.23759064000960894,0.23759064000960894,41.58,26.29,20.79,381.9943649126076,839.5961537502,1.0
Baseline AR,2014-03-02T06:00:00+00:00,2014-03-02T17:00:00+11:00,2014-03-02,17,8,0.204551282,0.12166220445828275,0.12166220445828275,43.06,27.27,21.53,224.97479005608855,778.0196730438,1.0
Baseline AR,2014-03-02T07:00:00+00:00,2014-03-02T18:00:00+11:00,2014-03-02,18,9,0.121217949,0.04505168449556082,0.04505168449556082,47.59,33.7,23.795,141.32438336830023,800.3814328936501,1.0
Baseline AR,2014-03-02T08:00:00+00:00,2014-03-02T19:00:00+11:00,2014-03-02,19,10,0.045,0.01822430664038905,0.01822430664038905,51.55,29.03,25.775,51.50284156624684,808.04625,1.0
Baseline AR,2014-03-02T09:00:00+00:00,2014-03-02T20:00:00+11:00,2014-03-02,20,11,0.008717949,0.004180340325789818,0.004180340325789818,58.5,46.41,29.25,13.654209828863966,885.1500002475,1.0
Baseline AR,2014-03-02T22:00:00+00:00,2014-03-03T09:00:00+11:00,2014-03-03,9,0,0.355320513,0.44076667637607564,0.44076667637607564,66.43,44.83,33.215,793.2610798537906,1350.5091251788501,1.0
Baseline AR,2014-03-02T23:00:00+00:00,2014-03-03T10:00:00+11:00,2014-03-03,10,1,0.655384615,0.6362459668272501,0.6362459668272501,54.08,42.25,27.04,1056.5036931394911,1342.847999688,1.0
Baseline AR,2014-03-03T00:00:00+00:00,2014-03-03T11:00:00+11:00,2014-03-03,11,2,0.748333333,0.697085677975096,0.697085677975096,59.82,37.83,29.91,1309.1509213818708,1568.7794997009,1.0
Baseline AR,2014-03-03T01:00:00+00:00,2014-03-03T12:00:00+11:00,2014-03-03,12,3,0.819423077,0.7528018315334539,0.7528018315334539,60.65,36.14,30.325,1441.9536868099487,1655.2201443007498,1.0
Baseline AR,2014-03-03T02:00:00+00:00,2014-03-03T13:00:00+11:00,2014-03-03,13,4,0.850769231,0.650957813859976,0.650957813859976,60.76,36.12,30.38,1403.081554716894,1686.7910771334,1.0
Baseline AR,2014-03-03T03:00:00+00:00,2014-03-03T14:00:00+11:00,2014-03-03,14,5,0.757435897,0.6363038819926166,0.6363038819926166,58.96,39.32,29.48,1268.3816313712498,1554.2763073068002,1.0
Baseline AR,2014-03-03T04:00:00+00:00,2014-03-03T15:00:00+11:00,2014-03-03,15,6,0.666602564,0.476713161345757,0.476713161345757,66.14,36.22,33.07,1152.2280796663515,1653.4364037443997,1.0
Baseline AR,2014-03-03T05:00:00+00:00,2014-03-03T16:00:00+11:00,2014-03-03,16,7,0.52775641,0.39593158141793294,0.39593158141793294,76.9,42.97,38.45,1083.349544856314,1762.2670189350001,1.0
Baseline AR,2014-03-03T06:00:00+00:00,2014-03-03T17:00:00+11:00,2014-03-03,17,8,0.314679487,0.2144839106290426,0.2144839106290426,114.17,104.36,57.085,1048.3211527977273,2251.4543554618504,1.0
Baseline AR,2014-03-03T07:00:00+00:00,2014-03-03T18:00:00+11:00,2014-03-03,18,9,0.096346154,0.08380906069084795,0.08380906069084795,179.18,121.65,89.59,496.2613468693345,2946.6495581057998,1.0
Baseline AR,2014-03-03T08:00:00+00:00,2014-03-03T19:00:00+11:00,2014-03-03,19,10,0.032115385,0.03715437684674908,0.03715437684674908,154.07,181.14,77.035,160.08588311592948,2385.27026050425,1.0
Baseline AR,2014-03-03T09:00:00+00:00,2014-03-03T20:00:00+11:00,2014-03-03,20,11,0.006089744,0.008728278398732097,0.008728278398732097,141.06,219.24,70.53,31.353453593477248,2128.7852893296,1.0
Baseline AR,2014-03-03T22:00:00+00:00,2014-03-04T09:00:00+11:00,2014-03-04,9,0,0.073653846,0.42452050510526884,0.42452050510526884,89.99,140.5,44.995,672.460647839447,1449.2716440231,1.0
Baseline AR,2014-03-03T23:00:00+00:00,2014-03-04T10:00:00+11:00,2014-03-04,10,1,0.123653846,0.6288337036413286,0.6288337036413286,68.03,51.49,34.015,767.8759200314938,1146.6325671507,1.0
Baseline AR,2014-03-04T00:00:00+00:00,2014-03-04T11:00:00+11:00,2014-03-04,11,2,0.29525641,0.7725520665753979,0.7725520665753979,86.26,117.97,43.13,1381.6373878409076,1675.9322688990003,1.0
Baseline AR,2014-03-04T01:00:00+00:00,2014-03-04T12:00:00+11:00,2014-03-04,12,3,0.662371795,0.759594811714335,0.759594811714335,80.27,57.8,40.135,1712.118892814395,2001.57875976975,1.0
Baseline AR,2014-03-04T02:00:00+00:00,2014-03-04T13:00:00+11:00,2014-03-04,13,4,0.802115385,0.8131101107437605,0.8131101107437605,78.8,60.6,39.4,1909.1965359691249,2130.10038507,1.0
Baseline AR,2014-03-04T03:00:00+00:00,2014-03-04T14:00:00+11:00,2014-03-04,14,5,0.781025641,0.7282647672496827,0.7282647672496827,76.31,61.32,38.155,1764.2754350157825,2038.65099997065,1.0
Baseline AR,2014-03-04T04:00:00+00:00,2014-03-04T15:00:00+11:00,2014-03-04,15,6,0.599038462,0.5955309929953548,0.5955309929953548,79.01,59.77,39.505,1417.876355369119,1895.1004332393,1.0
Baseline AR,2014-03-04T05:00:00+00:00,2014-03-04T16:00:00+11:00,2014-03-04,16,7,0.418205128,0.5020739389526331,0.5020739389526331,96.28,53.75,48.14,1329.0670284929924,2048.1718458575997,1.0
Baseline AR,2014-03-04T06:00:00+00:00,2014-03-04T17:00:00+11:00,2014-03-04,17,8,0.299807692,0.28839371736017233,0.28839371736017233,166.56,90.18,83.28,1471.925093895899,3247.4395376927996,1.0
Baseline AR,2014-03-04T07:00:00+00:00,2014-03-04T18:00:00+11:00,2014-03-04,18,9,0.086346154,0.08134496479036167,0.08134496479036167,275.21,160.03,137.605,695.6186420752156,4484.5998756351,1.0
Baseline AR,2014-03-04T08:00:00+00:00,2014-03-04T19:00:00+11:00,2014-03-04,19,10,0.025320513,0.026524363104250482,0.026524363104250482,249.55,68.3,124.775,194.06833247723563,3838.0310102872504,1.0
Baseline AR,2014-03-04T09:00:00+00:00,2014-03-04T20:00:00+11:00,2014-03-04,20,11,0.005384615,0.00610675237429418,0.00610675237429418,218.21,70.93,109.105,37.61296912117099,3290.77465258725,1.0
Baseline AR,2014-03-04T22:00:00+00:00,2014-03-05T09:00:00+11:00,2014-03-05,9,0,0.257115385,0.22932831037434803,0.22932831037434803,117.12,49.44,58.56,846.9817404160763,2208.5003083680003,1.0
Baseline AR,2014-03-04T23:00:00+00:00,2014-03-05T10:00:00+11:00,2014-03-05,10,1,0.401666667,0.42133984942188485,0.42133984942188485,75.15,48.66,37.575,927.7340956365697,1580.0287503757502,1.0
Baseline AR,2014-03-05T00:00:00+00:00,2014-03-05T11:00:00+11:00,2014-03-05,11,2,0.258269231,0.6182080660200637,0.6182080660200637,59.73,46.74,29.865,785.2798342651262,1127.3463175144498,1.0
Baseline AR,2014-03-05T01:00:00+00:00,2014-03-05T12:00:00+11:00,2014-03-05,12,3,0.569615385,0.5565025952080166,0.5565025952080166,57.23,44.16,28.615,972.8311296290632,1347.4363272532498,1.0
Baseline AR,2014-03-05T02:00:00+00:00,2014-03-05T13:00:00+11:00,2014-03-05,13,4,0.060128205,0.7566987418184576,0.7566987418184576,55.41,46.11,27.705,678.905716848161,881.1255575857499,1.0
Baseline AR,2014-03-05T03:00:00+00:00,2014-03-05T14:00:00+11:00,2014-03-05,14,5,0.148846154,0.6390251268486103,0.6390251268486103,53.42,38.39,26.71,631.3212573439916,920.5704232002,1.0
Baseline AR,2014-03-05T04:00:00+00:00,2014-03-05T15:00:00+11:00,2014-03-05,15,6,0.616602564,0.49219819536001674,0.49219819536001674,49.12,41.8,24.56,881.3063389570597,1191.1127691552,1.0
Baseline AR,2014-03-05T05:00:00+00:00,2014-03-05T16:00:00+11:00,2014-03-05,16,7,0.481474359,0.45714625150176524,0.45714625150176524,54.65,38.32,27.325,777.4588717171148,1214.4386057902498,1.0
Baseline AR,2014-03-05T06:00:00+00:00,2014-03-05T17:00:00+11:00,2014-03-05,17,8,0.326474359,0.27779349394455743,0.27779349394455743,76.83,61.59,38.415,730.2338585557517,1528.69537502955,1.0
Baseline AR,2014-03-05T07:00:00+00:00,2014-03-05T18:00:00+11:00,2014-03-05,18,9,0.101474359,0.07400781690888657,0.07400781690888657,130.69,76.8,65.345,353.4453607325969,2159.27525966565,1.0
Baseline AR,2014-03-05T08:00:00+00:00,2014-03-05T19:00:00+11:00,2014-03-05,19,10,0.024487179,0.02138649969040792,0.02138649969040792,109.66,64.21000000000001,54.83,76.3301452355712,1685.1789607371,1.0
Baseline AR,2014-03-05T09:00:00+00:00,2014-03-05T20:00:00+11:00,2014-03-05,20,11,0.004358974,0.005355453029431407,0.005355453029431407,93.89,53.71,46.945,13.681313306899721,1414.4889610329,1.0
Baseline AR,2014-03-05T22:00:00+00:00,2014-03-06T09:00:00+11:00,2014-03-06,9,0,0.056025641,0.4476172325421185,0.4476172325421185,56.21,40.88,28.105,424.6464888270372,890.38801920915,1.0
Baseline AR,2014-03-05T23:00:00+00:00,2014-03-06T10:00:00+11:00,2014-03-06,10,1,0.087371795,0.31405060698969733,0.31405060698969733,51.75,42.59,25.875,311.6041395445026,844.07235586875,1.0
Baseline AR,2014-03-06T00:00:00+00:00,2014-03-06T11:00:00+11:00,2014-03-06,11,2,0.16474359,0.639573991956355,0.639573991956355,44.84,27.75,22.42,540.9840056238445,783.4065386340001,1.0
Baseline AR,2014-03-06T01:00:00+00:00,2014-03-06T12:00:00+11:00,2014-03-06,12,3,0.393333333,0.5577507729111497,0.5577507729111497,40.22,24.83,20.11,573.7890410961966,840.5979997988999,1.0
Baseline AR,2014-03-06T02:00:00+00:00,2014-03-06T13:00:00+11:00,2014-03-06,13,4,0.366089744,0.6036601420592494,0.6036601420592494,37.17,27.51,18.585,540.6840489723346,761.6633367672,1.0
Baseline AR,2014-03-06T03:00:00+00:00,2014-03-06T14:00:00+11:00,2014-03-06,14,5,0.482564103,0.555551946150349,0.555551946150349,36.31,25.51,18.155,565.4099061697376,807.47853869895,1.0
Baseline AR,2014-03-06T04:00:00+00:00,2014-03-06T15:00:00+11:00,2014-03-06,15,6,0.555320513,0.4578732307835074,0.4578732307835074,35.64,29.47,17.82,575.7112005613272,831.4743462498,1.0
Baseline AR,2014-03-06T05:00:00+00:00,2014-03-06T16:00:00+11:00,2014-03-06,16,7,0.346217949,0.5003987308834601,0.5003987308834601,39.8,33.32,19.9,505.4301578904257,803.6921155529999,1.0
Baseline AR,2014-03-06T06:00:00+00:00,2014-03-06T17:00:00+11:00,2014-03-06,17,8,0.312820513,0.29298282561635036,0.29298282561635036,56.29,48.58,28.145,523.6715432112618,1108.48000015155,1.0
Baseline AR,2014-03-06T07:00:00+00:00,2014-03-06T18:00:00+11:00,2014-03-06,18,9,0.095576923,0.08091338234948378,0.08091338234948378,73.82000000000001,55.18,36.910000000000004,203.46480174403135,1213.1323268379,1.0
Baseline AR,2014-03-06T08:00:00+00:00,2014-03-06T19:00:00+11:00,2014-03-06,19,10,0.036666667,0.020392381126483335,0.020392381126483335,63.42,46.22,31.71,61.364469123465405,986.1810003171,1.0
Baseline AR,2014-03-06T09:00:00+00:00,2014-03-06T20:00:00+11:00,2014-03-06,20,11,0.007307692,0.004392691473718556,0.004392691473718556,57.37,47.96,28.685,11.754364052630748,866.8386343506,1.0
Baseline AR,2014-03-06T22:00:00+00:00,2014-03-07T09:00:00+11:00,2014-03-07,9,0,0.312564103,0.24190646833274163,0.24190646833274163,40.99,31.96,20.495,365.2189242277397,807.03003872955,1.0
Baseline AR,2014-03-06T23:00:00+00:00,2014-03-07T10:00:00+11:00,2014-03-07,10,1,0.625320513,0.3496143645445149,0.3496143645445149,31.23,28.36,15.615,562.1244892476827,761.3813943148501,1.0
Baseline AR,2014-03-07T00:00:00+00:00,2014-03-07T11:00:00+11:00,2014-03-07,11,2,0.752307692,0.5554177375842746,0.5554177375842746,34.11,21.93,17.055,697.8928718800939,896.5682306118001,1.0
Baseline AR,2014-03-07T01:00:00+00:00,2014-03-07T12:00:00+11:00,2014-03-07,12,3,0.795064103,0.5041058495915383,0.5041058495915383,33.09,26.67,16.545,733.2215754416303,890.9800675240501,1.0
Baseline AR,2014-03-07T02:00:00+00:00,2014-03-07T13:00:00+11:00,2014-03-07,13,4,0.781282051,0.6409955852186137,0.6409955852186137,31.93,26.14,15.965,724.0223175466732,853.1450383264499,1.0
Baseline AR,2014-03-07T03:00:00+00:00,2014-03-07T14:00:00+11:00,2014-03-07,14,5,0.744423077,0.6024009039191072,0.6024009039191072,32.26,30.54,16.13,713.1243097896258,844.1263269602999,1.0
Baseline AR,2014-03-07T04:00:00+00:00,2014-03-07T15:00:00+11:00,2014-03-07,15,6,0.638589744,0.46798803432640373,0.46798803432640373,30.87,30.52,15.435,589.6066439668273,758.7489809592,1.0
Baseline AR,2014-03-07T05:00:00+00:00,2014-03-07T16:00:00+11:00,2014-03-07,16,7,0.511410256,0.47645763377647327,0.47645763377647327,30.34,38.93,15.17,474.4929057582029,687.8428075055999,1.0
Baseline AR,2014-03-07T06:00:00+00:00,2014-03-07T17:00:00+11:00,2014-03-07,17,8,0.305128205,0.2942048228448474,0.2942048228448474,45.07,46.89,22.535,413.1602626461713,882.33192299025,1.0
Baseline AR,2014-03-07T07:00:00+00:00,2014-03-07T18:00:00+11:00,2014-03-07,18,9,0.090128205,0.08532859229476979,0.08532859229476979,57.52,60.93,28.76,156.01623092774506,940.562615274,1.0
Baseline AR,2014-03-07T08:00:00+00:00,2014-03-07T19:00:00+11:00,2014-03-07,19,10,0.027435897,0.030329261366828283,0.030329261366828283,51.36,45.95,25.68,44.502278005804506,791.5366150488001,1.0
Baseline AR,2014-03-07T09:00:00+00:00,2014-03-07T20:00:00+11:00,2014-03-07,20,11,0.005064103,0.007301207262149327,0.007301207262149327,47.51,39.06,23.755,8.81213835832072,716.25893300295,1.0
Baseline AR,2014-03-07T22:00:00+00:00,2014-03-08T09:00:00+11:00,2014-03-08,9,0,0.272884615,0.40028821967843314,0.40028821967843314,40.37,32.29,20.185,407.6398100395252,770.7952786132499,1.0
Baseline AR,2014-03-07T23:00:00+00:00,2014-03-08T10:00:00+11:00,2014-03-08,10,1,0.561858974,0.6341387852337071,0.6341387852337071,38.9,27.23,19.45,697.864692512868,911.3447113289999,1.0
Baseline AR,2014-03-08T00:00:00+00:00,2014-03-08T11:00:00+11:00,2014-03-08,11,2,0.36775641,0.7674848840827146,0.7674848840827146,39.08,24.33,19.54,665.4784465912873,801.7788075419999,1.0
Baseline AR,2014-03-08T01:00:00+00:00,2014-03-08T12:00:00+11:00,2014-03-08,12,3,0.319166667,0.7637802902690897,0.7637802902690897,34.24,27.12,17.12,556.2015572534045,677.5240001712,1.0
Baseline AR,2014-03-08T02:00:00+00:00,2014-03-08T13:00:00+11:00,2014-03-08,13,4,0.456153846,0.8132324190562502,0.8132324190562502,31.8,24.56,15.9,605.4972484318313,694.5853845419999,1.0
Baseline AR,2014-03-08T03:00:00+00:00,2014-03-08T14:00:00+11:00,2014-03-08,14,5,0.325769231,0.7282998932703139,0.7282998932703139,31.32,28.93,15.66,495.2016745821935,622.8463847238,1.0
Baseline AR,2014-03-08T04:00:00+00:00,2014-03-08T15:00:00+11:00,2014-03-08,15,6,0.3675,0.5960798892688511,0.5960798892688511,30.83,27.25,15.415,445.60751979238023,632.4003749999999,1.0
Baseline AR,2014-03-08T05:00:00+00:00,2014-03-08T16:00:00+11:00,2014-03-08,16,7,0.611538462,0.4880364445167901,0.4880364445167901,32.81,42.45,16.405,637.6540916027443,793.1186540733,1.0
Baseline AR,2014-03-08T06:00:00+00:00,2014-03-08T17:00:00+11:00,2014-03-08,17,8,0.161858974,0.27701394881464303,0.27701394881464303,36.22,31.58,18.11,238.43965896519552,631.2379805742,1.0
Baseline AR,2014-03-08T07:00:00+00:00,2014-03-08T18:00:00+11:00,2014-03-08,18,9,0.038910256,0.07543433938307353,0.07543433938307353,42.95,51.77,21.475,73.66650557554513,669.317932428,1.0
Baseline AR,2014-03-08T08:00:00+00:00,2014-03-08T19:00:00+11:00,2014-03-08,19,10,0.007115385,0.022670088212706024,0.022670088212706024,49.05,75.8,24.525,21.914661916248455,740.9851445137499,1.0
Baseline AR,2014-03-08T09:00:00+00:00,2014-03-08T20:00:00+11:00,2014-03-08,20,11,0.001794872,0.005088727439219298,0.005088727439219298,53.43,65.07000000000001,26.715,5.516860770562307,802.8885001643999,1.0
Baseline AR,2014-03-08T22:00:00+00:00,2014-03-09T09:00:00+11:00,2014-03-09,9,0,0.028974359,0.24228877041812824,0.24228877041812824,44.11,35.18,22.055,179.48124957950455,680.8208846323499,1.0
Baseline AR,2014-03-08T23:00:00+00:00,2014-03-09T10:00:00+11:00,2014-03-09,10,1,0.074294872,0.43113398010447757,0.43113398010447757,37.82,26.47,18.91,286.7297877988701,609.4474808855999,1.0
Baseline AR,2014-03-09T00:00:00+00:00,2014-03-09T11:00:00+11:00,2014-03-09,11,2,0.33974359,0.7993715482466258,0.7993715482466258,34.32,30.26,17.16,586.416473169363,689.700000132,1.0
Baseline AR,2014-03-09T01:00:00+00:00,2014-03-09T12:00:00+11:00,2014-03-09,12,3,0.388974359,0.7483755620236825,0.7483755620236825,33.9,26.69,16.95,578.3424348405425,706.2934615515001,1.0
Baseline AR,2014-03-09T02:00:00+00:00,2014-03-09T13:00:00+11:00,2014-03-09,13,4,0.497628205,0.6462522451934407,0.6462522451934407,30.08,24.18,15.04,516.1188591272804,675.729846096,1.0
Baseline AR,2014-03-09T03:00:00+00:00,2014-03-09T14:00:00+11:00,2014-03-09,14,5,0.713012821,0.6204339095591697,0.6204339095591697,26.92,20.21,13.46,557.1930193665609,691.7145771198001,1.0
Baseline AR,2014-03-09T04:00:00+00:00,2014-03-09T15:00:00+11:00,2014-03-09,15,6,0.652820513,0.49709111900933384,0.49709111900933384,26.15,22.88,13.075,496.8606388980156,648.31884622425,1.0
Baseline AR,2014-03-09T05:00:00+00:00,2014-03-09T16:00:00+11:00,2014-03-09,16,7,0.5025,0.3072336887449165,0.3072336887449165,27.02,22.4,13.51,380.2625892600454,608.96325,1.0
Baseline AR,2014-03-09T06:00:00+00:00,2014-03-09T17:00:00+11:00,2014-03-09,17,8,0.212435897,0.1428514095278493,0.1428514095278493,31.66,22.93,15.83,183.54743770164373,575.7858074853,1.0
Baseline AR,2014-03-09T07:00:00+00:00,2014-03-09T18:00:00+11:00,2014-03-09,18,9,0.142371795,0.031236688088457386,0.031236688088457386,37.03,26.38,18.515,122.65316040726212,634.53041353275,1.0
Baseline AR,2014-03-09T08:00:00+00:00,2014-03-09T19:00:00+11:00,2014-03-09,19,10,0.061346154,0.006335361005754146,0.006335361005754146,37.8,25.77,18.9,49.71314344437667,601.783269318,1.0
Baseline AR,2014-03-09T09:00:00+00:00,2014-03-09T20:00:00+11:00,2014-03-09,20,11,0.011282051,0.0017661161602421304,0.0017661161602421304,38.95,25.01,19.475,9.203512643513259,590.8415382967501,1.0
Baseline AR,2014-03-09T22:00:00+00:00,2014-03-10T09:00:00+11:00,2014-03-10,9,0,0.322179487,0.20580826807242805,0.20580826807242805,31.23,25.99,15.615,283.55640575488565,619.3749806851499,1.0
Baseline AR,2014-03-09T23:00:00+00:00,2014-03-10T10:00:00+11:00,2014-03-10,10,1,0.628012821,0.4418632892527479,0.4418632892527479,25.42,23.37,12.71,467.47438109214403,620.7612886473,1.0
Baseline AR,2014-03-10T00:00:00+00:00,2014-03-10T11:00:00+11:00,2014-03-10,11,2,0.732628205,0.5911255707390751,0.5911255707390751,27.23,22.18,13.615,577.04633157397,707.69199033225,1.0
Baseline AR,2014-03-10T01:00:00+00:00,2014-03-10T12:00:00+11:00,2014-03-10,12,3,0.777628205,0.6373249714404292,0.6373249714404292,25.12,21.34,12.56,570.1102286023447,669.810307644,1.0
Baseline AR,2014-03-10T02:00:00+00:00,2014-03-10T13:00:00+11:00,2014-03-10,13,4,0.781730769,0.6384249032381081,0.6384249032381081,24.36,22.37,12.18,562.7334857992151,651.0444229926001,1.0
Baseline AR,2014-03-10T03:00:00+00:00,2014-03-10T14:00:00+11:00,2014-03-10,14,5,0.726346154,0.6139785891211196,0.6139785891211196,23.5,22.97,11.75,510.28739428842584,608.537019285,1.0
Baseline AR,2014-03-10T04:00:00+00:00,2014-03-10T15:00:00+11:00,2014-03-10,15,6,0.444487179,0.5156705517626283,0.5156705517626283,29.67,25.49,14.835,427.3181980759078,642.86901901395,1.0
Baseline AR,2014-03-10T05:00:00+00:00,2014-03-10T16:00:00+11:00,2014-03-10,16,7,0.374871795,0.37479233233924686,0.37479233233924686,38.58,42.91,19.29,433.88693773263185,795.6383077664999,1.0
Baseline AR,2014-03-10T06:00:00+00:00,2014-03-10T17:00:00+11:00,2014-03-10,17,8,0.276025641,0.22686022156132477,0.22686022156132477,51.52,153.87,25.76,577.5876511160523,1274.1619614201002,0.0
Baseline AR,2014-03-10T07:00:00+00:00,2014-03-10T18:00:00+11:00,2014-03-10,18,9,0.157307692,0.0998802979812303,0.0998802979812303,58.17,73.76,29.085,301.3764454917786,1009.8088266546001,1.0
Baseline AR,2014-03-10T08:00:00+00:00,2014-03-10T19:00:00+11:00,2014-03-10,19,10,0.066666667,0.0500215742714845,0.0500215742714845,54.07,44.81,27.035,103.51599378071839,865.12000027035,1.0
Baseline AR,2014-03-10T09:00:00+00:00,2014-03-10T20:00:00+11:00,2014-03-10,20,11,0.006602564,0.01134011682637169,0.01134011682637169,52.21,63.18,26.105,14.051810489172988,788.3207979966,1.0
Baseline AR,2014-03-10T22:00:00+00:00,2014-03-11T09:00:00+11:00,2014-03-11,9,0,0.311858974,0.3992542673126058,0.3992542673126058,38.98,25.38,19.49,415.7879121954806,767.0439420977999,1.0
Baseline AR,2014-03-10T23:00:00+00:00,2014-03-11T10:00:00+11:00,2014-03-11,10,1,0.610641026,0.638760493342618,0.638760493342618,35.49,24.18,17.745,665.1188988220428,857.4247501911001,1.0
Baseline AR,2014-03-11T00:00:00+00:00,2014-03-11T11:00:00+11:00,2014-03-11,11,2,0.72,0.6442749261591657,0.6442749261591657,33.25,19.48,16.625,686.9179719963513,857.8499999999999,1.0
Baseline AR,2014-03-11T01:00:00+00:00,2014-03-11T12:00:00+11:00,2014-03-11,12,3,0.769166667,0.6436177871432829,0.6436177871432829,29.89,18.94,14.945,648.4689432659685,793.2058751494501,1.0
Baseline AR,2014-03-11T02:00:00+00:00,2014-03-11T13:00:00+11:00,2014-03-11,13,4,0.753397436,0.7848816565840584,0.7848816565840584,27.77,17.490000000000002,13.885,640.7701560158896,730.3777019657999,1.0
Baseline AR,2014-03-11T03:00:00+00:00,2014-03-11T14:00:00+11:00,2014-03-11,14,5,0.728910256,0.6903054893824956,0.6903054893824956,27.62,17.41,13.81,592.1503981066585,716.2875190608,1.0
Baseline AR,2014-03-11T04:00:00+00:00,2014-03-11T15:00:00+11:00,2014-03-11,15,6,0.489551282,0.5731497077208458,0.5731497077208458,30.51,20.56,15.255,486.34510794574504,681.6931442073001,1.0
Baseline AR,2014-03-11T05:00:00+00:00,2014-03-11T16:00:00+11:00,2014-03-11,16,7,0.103076923,0.4496482783394786,0.4496482783394786,38.56,30.52,19.28,319.6962564547544,638.0196922632001,1.0
Baseline AR,2014-03-11T06:00:00+00:00,2014-03-11T17:00:00+11:00,2014-03-11,17,8,0.129423077,0.27578740136953594,0.27578740136953594,50.81,35.03,25.405,308.8311660893419,860.7897981355501,1.0
Baseline AR,2014-03-11T07:00:00+00:00,2014-03-11T18:00:00+11:00,2014-03-11,18,9,0.118653846,0.11263004191188584,0.11263004191188584,46.87,30.02,23.435,163.79413989405828,786.4695864303,1.0
Baseline AR,2014-03-11T08:00:00+00:00,2014-03-11T19:00:00+11:00,2014-03-11,19,10,0.036282051,0.051017082679366825,0.051017082679366825,42.9,24.99,21.45,56.17699252267255,666.8474998185001,1.0
Baseline AR,2014-03-11T09:00:00+00:00,2014-03-11T20:00:00+11:00,2014-03-11,20,11,0.002820513,0.007078595155334733,0.007078595155334733,40.9,26.12,20.45,6.0731028532978595,615.2303847254999,1.0
Baseline AR,2014-03-11T22:00:00+00:00,2014-03-12T09:00:00+11:00,2014-03-12,9,0,0.009935897,0.40318830908174824,0.40318830908174824,29.91,21.9,14.955,185.34817505857637,453.10774018905,1.0
Baseline AR,2014-03-11T23:00:00+00:00,2014-03-12T10:00:00+11:00,2014-03-12,10,1,0.191153846,0.6473005503614586,0.6473005503614586,26.75,17.78,13.375,336.42982654003526,477.9504807075,1.0
Baseline AR,2014-03-12T00:00:00+00:00,2014-03-12T11:00:00+11:00,2014-03-12,11,2,0.496282051,0.6096834611405826,0.6096834611405826,21.53,12.77,10.765,357.17156214580115,483.22428837045,1.0
Baseline AR,2014-03-12T01:00:00+00:00,2014-03-12T12:00:00+11:00,2014-03-12,12,3,0.36974359,0.6501123891986973,0.6501123891986973,18.86,10.34,9.43,288.51725651531143,387.500461611,1.0
Baseline AR,2014-03-12T02:00:00+00:00,2014-03-12T13:00:00+11:00,2014-03-12,13,4,0.594871795,0.7084798291348343,0.7084798291348343,18.9,14.82,9.45,369.5001854422255,452.14615388249996,1.0
Baseline AR,2014-03-12T03:00:00+00:00,2014-03-12T14:00:00+11:00,2014-03-12,14,5,0.601025641,0.554508431876265,0.554508431876265,19.33,17.900000000000002,9.665,346.53918094449176,464.21738460794995,1.0
Baseline AR,2014-03-12T04:00:00+00:00,2014-03-12T15:00:00+11:00,2014-03-12,15,6,0.641410256,0.37338179854188386,0.37338179854188386,20.65,18.96,10.325,383.76461079887355,508.42682679599994,1.0
Baseline AR,2014-03-12T05:00:00+00:00,2014-03-12T16:00:00+11:00,2014-03-12,16,7,0.320705128,0.28471909955526614,0.28471909955526614,28.65,78.17,14.325,329.10690137349667,752.0855956728,0.0
Baseline AR,2014-03-12T06:00:00+00:00,2014-03-12T17:00:00+11:00,2014-03-12,17,8,0.281538462,0.14871157093976894,0.14871157093976894,43.81,33.85,21.905,330.337325557803,842.1630003033,1.0
Baseline AR,2014-03-12T07:00:00+00:00,2014-03-12T18:00:00+11:00,2014-03-12,18,9,0.117628205,0.06832880502255827,0.06832880502255827,42.51,36.06,21.255,140.47181594086504,712.6556249182499,1.0
Baseline AR,2014-03-12T08:00:00+00:00,2014-03-12T19:00:00+11:00,2014-03-12,19,10,0.043589744,0.027735004999973122,0.027735004999973122,41.86,36.28,20.93,52.0859172065955,655.2700002576,1.0
Baseline AR,2014-03-12T09:00:00+00:00,2014-03-12T20:00:00+11:00,2014-03-12,20,11,0.005641026,0.003135984575146372,0.003135984575146372,41.53,33.76,20.765,6.4442291372666185,626.4640771467001,1.0
Baseline AR,2014-03-12T22:00:00+00:00,2014-03-13T09:00:00+11:00,2014-03-13,9,0,0.066217949,0.2081442008303545,0.2081442008303545,36.66,31.34,18.33,150.8717461917119,586.3132501550999,1.0
Baseline AR,2014-03-12T23:00:00+00:00,2014-03-13T10:00:00+11:00,2014-03-13,10,1,0.116153846,0.487900744516991,0.487900744516991,36.2,28.91,18.1,328.0016426507261,606.071538378,1.0
Baseline AR,2014-03-13T00:00:00+00:00,2014-03-13T11:00:00+11:00,2014-03-13,11,2,0.176153846,0.5825718205145693,0.5825718205145693,33.0,26.99,16.5,375.5692049247118,582.19615377,1.0
Baseline AR,2014-03-13T01:00:00+00:00,2014-03-13T12:00:00+11:00,2014-03-13,12,3,0.200192308,0.576084547384624,0.576084547384624,32.12,26.87,16.06,374.01018892431176,578.2526539944,1.0
Baseline AR,2014-03-13T02:00:00+00:00,2014-03-13T13:00:00+11:00,2014-03-13,13,4,0.207371795,0.6527500755511078,0.6527500755511078,30.82,23.46,15.41,397.6343407557771,558.1679808285,1.0
Baseline AR,2014-03-13T03:00:00+00:00,2014-03-13T14:00:00+11:00,2014-03-13,14,5,0.271730769,0.6397200670713233,0.6397200670713233,30.76,30.13,15.38,420.54341576330864,586.7765768165999,1.0
Baseline AR,2014-03-13T04:00:00+00:00,2014-03-13T15:00:00+11:00,2014-03-13,15,6,0.309230769,0.46941145381847665,0.46941145381847665,32.29,32.59,16.145,377.13536062212916,634.1259229651499,1.0
Baseline AR,2014-03-13T05:00:00+00:00,2014-03-13T16:00:00+11:00,2014-03-13,16,7,0.430448718,0.4579574331562366,0.4579574331562366,40.21,93.89,20.105,535.8421700698841,1212.4449039906,0.0
Baseline AR,2014-03-13T06:00:00+00:00,2014-03-13T17:00:00+11:00,2014-03-13,17,8,0.301923077,0.2735590637060565,0.2735590637060565,71.56,112.85,35.78,683.3029649708079,1397.4842308518,1.0
Baseline AR,2014-03-13T07:00:00+00:00,2014-03-13T18:00:00+11:00,2014-03-13,18,9,0.087564103,0.08850753858924679,0.08850753858924679,69.05,56.26,34.525,182.36620277606232,1126.44451968225,1.0
Baseline AR,2014-03-13T08:00:00+00:00,2014-03-13T19:00:00+11:00,2014-03-13,19,10,0.038141026,0.034317200724887864,0.034317200724887864,56.3,66.01,28.15,65.53407321664017,876.710096457,1.0
Baseline AR,2014-03-13T09:00:00+00:00,2014-03-13T20:00:00+11:00,2014-03-13,20,11,0.002820513,0.005855651723084854,0.005855651723084854,52.14,91.17,26.07,6.785628429924664,784.3059232173,1.0
Baseline AR,2014-03-13T22:00:00+00:00,2014-03-14T09:00:00+11:00,2014-03-14,9,0,0.279038462,0.2065631703970086,0.2065631703970086,29.26,15.75,14.63,215.5657262569076,561.3699809718,1.0
Baseline AR,2014-03-13T23:00:00+00:00,2014-03-14T10:00:00+11:00,2014-03-14,10,1,0.424166667,0.3559286203348076,0.3559286203348076,26.7,12.34,13.35,310.36054976363505,570.3787501334999,1.0
Baseline AR,2014-03-14T00:00:00+00:00,2014-03-14T11:00:00+11:00,2014-03-14,11,2,0.699551282,0.5723782035995127,0.5723782035995127,22.29,7.91,11.145,412.9274762514298,568.2449711367,1.0
Baseline AR,2014-03-14T01:00:00+00:00,2014-03-14T12:00:00+11:00,2014-03-14,12,3,0.785512821,0.48653305875842856,0.48653305875842856,20.46,19.5,10.23,473.53715237724276,547.9738847649,1.0
Baseline AR,2014-03-14T02:00:00+00:00,2014-03-14T13:00:00+11:00,2014-03-14,13,4,0.702820513,0.6284572610428034,0.6284572610428034,20.27,35.7,10.135,461.8079032862863,752.7207694230001,0.0
Baseline AR,2014-03-14T03:00:00+00:00,2014-03-14T14:00:00+11:00,2014-03-14,14,5,0.625320513,0.642817118004022,0.642817118004022,19.92,24.69,9.96,378.91952414400174,485.64576928440005,1.0
Baseline AR,2014-03-14T04:00:00+00:00,2014-03-14T15:00:00+11:00,2014-03-14,15,6,0.362820513,0.5294281066418073,0.5294281066418073,22.98,20.71,11.49,307.558099190531,469.7642308311,1.0
Baseline AR,2014-03-14T05:00:00+00:00,2014-03-14T16:00:00+11:00,2014-03-14,16,7,0.530448718,0.4566560823327842,0.4566560823327842,31.56,28.35,15.78,495.1226153876472,724.5144231011999,1.0
Baseline AR,2014-03-14T06:00:00+00:00,2014-03-14T17:00:00+11:00,2014-03-14,17,8,0.337371795,0.27544700503628367,0.27544700503628367,48.06,55.44,24.03,500.13280252896675,964.1113270154999,1.0
Baseline AR,2014-03-14T07:00:00+00:00,2014-03-14T18:00:00+11:00,2014-03-14,18,9,0.070320513,0.07836462481310781,0.07836462481310781,43.51,30.73,21.755,97.0393551937248,698.5446828094499,1.0
Baseline AR,2014-03-14T08:00:00+00:00,2014-03-14T19:00:00+11:00,2014-03-14,19,10,0.036602564,0.028557332071454205,0.028557332071454205,38.33,27.19,19.165,39.400571833079994,595.9946441718,1.0
Baseline AR,2014-03-14T09:00:00+00:00,2014-03-14T20:00:00+11:00,2014-03-14,20,11,0.004551282,0.003162695216646825,0.003162695216646825,36.88,24.4,18.44,4.515651513112572,555.7177692024001,1.0
Baseline AR,2014-03-14T22:00:00+00:00,2014-03-15T09:00:00+11:00,2014-03-15,9,0,0.154871795,0.3508118046379101,0.3508118046379101,32.07,28.47,16.035,243.25909560581667,555.55107698475,1.0
Baseline AR,2014-03-14T23:00:00+00:00,2014-03-15T10:00:00+11:00,2014-03-15,10,1,0.207051282,0.6089016707843996,0.6089016707843996,32.21,27.51,16.105,394.2276691377827,583.1868268983001,1.0
Baseline AR,2014-03-15T00:00:00+00:00,2014-03-15T11:00:00+11:00,2014-03-15,11,2,0.621282051,0.6953985761170548,0.6953985761170548,28.63,24.7,14.315,565.4484953154191,696.25957680195,1.0
Baseline AR,2014-03-15T01:00:00+00:00,2014-03-15T12:00:00+11:00,2014-03-15,12,3,0.793012821,0.6148482783868123,0.6148482783868123,28.02,26.18,14.01,656.771894580352,753.6032886663,1.0
Baseline AR,2014-03-15T02:00:00+00:00,2014-03-15T13:00:00+11:00,2014-03-15,13,4,0.5925,0.8284718755466012,0.8284718755466012,27.75,25.88,13.875,591.4795431962727,662.8781250000001,1.0
Baseline AR,2014-03-15T03:00:00+00:00,2014-03-15T14:00:00+11:00,2014-03-15,14,5,0.391730769,0.7717185787521909,0.7717185787521909,27.62,25.72,13.81,482.0170647737326,576.5940575967,1.0
Baseline AR,2014-03-15T04:00:00+00:00,2014-03-15T15:00:00+11:00,2014-03-15,15,6,0.442179487,0.6865874054072142,0.6865874054072142,27.67,25.53,13.835,468.4946986936143,598.57659607935,1.0
Baseline AR,2014-03-15T05:00:00+00:00,2014-03-15T16:00:00+11:00,2014-03-15,16,7,0.401410256,0.5114752646150571,0.5114752646150571,28.81,26.26,14.405,394.5034777337969,605.6194421303999,1.0
Baseline AR,2014-03-15T06:00:00+00:00,2014-03-15T17:00:00+11:00,2014-03-15,17,8,0.124615385,0.2957323350737002,0.2957323350737002,33.15,30.3,16.575,209.0179038066474,559.2150001912499,1.0
Baseline AR,2014-03-15T07:00:00+00:00,2014-03-15T18:00:00+11:00,2014-03-15,18,9,0.09025641,0.07763167170384822,0.07763167170384822,36.74,33.58,18.37,98.2837899115248,600.840307551,1.0
Baseline AR,2014-03-15T08:00:00+00:00,2014-03-15T19:00:00+11:00,2014-03-15,19,10,0.02525641,0.028314044041026533,0.028314044041026533,39.68,37.22,19.84,31.885134245218993,610.232615232,1.0
Baseline AR,2014-03-15T09:00:00+00:00,2014-03-15T20:00:00+11:00,2014-03-15,20,11,0.001410256,0.0047450441221686,0.0047450441221686,41.85,39.28,20.925,3.8639896516913392,628.6352882040001,1.0
Baseline AR,2014-03-15T22:00:00+00:00,2014-03-16T09:00:00+11:00,2014-03-16,9,0,0.317884615,0.31220667725651363,0.31220667725651363,26.97,27.17,13.485,257.2345096229609,533.1502209982499,1.0
Baseline AR,2014-03-15T23:00:00+00:00,2014-03-16T10:00:00+11:00,2014-03-16,10,1,0.600064103,0.4495358611472682,0.4495358611472682,24.52,25.43,12.26,445.51657516937956,588.5035770834,1.0
Baseline AR,2014-03-16T00:00:00+00:00,2014-03-16T11:00:00+11:00,2014-03-16,11,2,0.751923077,0.5800839421756598,0.5800839421756598,24.32,23.96,12.16,546.7472143230972,639.1015384896001,1.0
Baseline AR,2014-03-16T01:00:00+00:00,2014-03-16T12:00:00+11:00,2014-03-16,12,3,0.771025641,0.48544915911549485,0.48544915911549485,23.68,23.48,11.84,546.023156475093,629.0683076832,1.0
Baseline AR,2014-03-16T02:00:00+00:00,2014-03-16T13:00:00+11:00,2014-03-16,13,4,0.601410256,0.6189855576525768,0.6189855576525768,23.26,22.66,11.63,425.79609938338405,558.7320383184,1.0
Baseline AR,2014-03-16T03:00:00+00:00,2014-03-16T14:00:00+11:00,2014-03-16,14,5,0.614615385,0.5099175855527887,0.5099175855527887,23.47,24.13,11.735,434.8237090075548,568.42534628925,1.0
Baseline AR,2014-03-16T04:00:00+00:00,2014-03-16T15:00:00+11:00,2014-03-16,15,6,0.696153846,0.40745378645598584,0.40745378645598584,25.18,35.78,12.59,617.6812342033965,747.2515382964,0.0
Baseline AR,2014-03-16T05:00:00+00:00,2014-03-16T16:00:00+11:00,2014-03-16,16,7,0.424807692,0.2720753467965582,0.2720753467965582,26.64,48.39,13.32,439.1641626916458,616.6933264764001,0.0
Baseline AR,2014-03-16T06:00:00+00:00,2014-03-16T17:00:00+11:00,2014-03-16,17,8,0.172371795,0.12259756941625291,0.12259756941625291,31.04,25.88,15.52,152.80756538363593,545.856307752,1.0
Baseline AR,2014-03-16T07:00:00+00:00,2014-03-16T18:00:00+11:00,2014-03-16,18,9,0.081025641,0.0511936929704085,0.0511936929704085,35.84,25.63,17.92,77.98124352173613,581.1593846016,1.0
Baseline AR,2014-03-16T08:00:00+00:00,2014-03-16T19:00:00+11:00,2014-03-16,19,10,0.036858974,0.019063945331434597,0.019063945331434597,37.72,34.26,18.86,39.862491002602916,586.6548074892,1.0
Baseline AR,2014-03-16T09:00:00+00:00,2014-03-16T20:00:00+11:00,2014-03-16,20,11,0.002628205,0.001670229070136483,0.001670229070136483,41.97,40.22,20.985,3.2588791791821654,631.20458645775,1.0
Baseline AR,2014-03-16T22:00:00+00:00,2014-03-17T09:00:00+11:00,2014-03-17,9,0,0.323012821,0.3902414043374172,0.3902414043374172,33.0,33.21,16.5,353.0608415420215,654.891346395,1.0
Baseline AR,2014-03-16T23:00:00+00:00,2014-03-17T10:00:00+11:00,2014-03-17,10,1,0.667371795,0.5905696640559116,0.5905696640559116,30.33,26.81,15.165,599.1312912428042,758.57079813525,1.0
Baseline AR,2014-03-17T00:00:00+00:00,2014-03-17T11:00:00+11:00,2014-03-17,11,2,0.800961538,0.7188034385213941,0.7188034385213941,27.7,28.41,13.85,667.3490055968944,748.299519039,1.0
Baseline AR,2014-03-17T01:00:00+00:00,2014-03-17T12:00:00+11:00,2014-03-17,12,3,0.662115385,0.7369163713136543,0.7369163713136543,26.0,24.06,13.0,545.6223849623252,648.2250001499999,1.0
Baseline AR,2014-03-17T02:00:00+00:00,2014-03-17T13:00:00+11:00,2014-03-17,13,4,0.713141026,0.656520551176971,0.656520551176971,25.44,23.97,12.72,541.7722681035044,653.7346155216001,1.0
Baseline AR,2014-03-17T03:00:00+00:00,2014-03-17T14:00:00+11:00,2014-03-17,14,5,0.674871795,0.5904199366530803,0.5904199366530803,25.16,26.57,12.58,512.9655444740747,632.096615433,1.0
Baseline AR,2014-03-17T04:00:00+00:00,2014-03-17T15:00:00+11:00,2014-03-17,15,6,0.520961538,0.47616071148206074,0.47616071148206074,29.45,27.83,14.725,458.0921986542281,671.8847594115,1.0
Baseline AR,2014-03-17T05:00:00+00:00,2014-03-17T16:00:00+11:00,2014-03-17,16,7,0.46974359,0.3448554296488688,0.3448554296488688,37.27,35.59,18.635,518.925944697303,821.6601539895,1.0
Baseline AR,2014-03-17T06:00:00+00:00,2014-03-17T17:00:00+11:00,2014-03-17,17,8,0.308141026,0.16562414757506205,0.16562414757506205,60.08,43.57,30.04,484.8047753785281,1178.8966926311998,1.0
Baseline AR,2014-03-17T07:00:00+00:00,2014-03-17T18:00:00+11:00,2014-03-17,18,9,0.089871795,0.05939171749087474,0.05939171749087474,61.7,40.91,30.85,147.34226820255859,1008.6763462725,1.0
Baseline AR,2014-03-17T08:00:00+00:00,2014-03-17T19:00:00+11:00,2014-03-17,19,10,0.025,0.027517223501642207,0.027517223501642207,53.41,128.77,26.705,42.07417360834065,821.17875,1.0
Baseline AR,2014-03-17T09:00:00+00:00,2014-03-17T20:00:00+11:00,2014-03-17,20,11,0.002435897,0.0029660010757173397,0.0029660010757173397,47.34,48.91,23.67,3.835887823566883,711.8297304597,1.0
Baseline AR,2014-03-17T22:00:00+00:00,2014-03-18T09:00:00+11:00,2014-03-18,9,0,0.23,0.40451462600236465,0.40451462600236465,30.56,23.24,15.28,290.86150455948393,563.832,1.0
Baseline AR,2014-03-17T23:00:00+00:00,2014-03-18T10:00:00+11:00,2014-03-18,10,1,0.506217949,0.683874646902935,0.683874646902935,26.79,25.78,13.395,478.2387096635944,605.27368280565,1.0
Baseline AR,2014-03-18T00:00:00+00:00,2014-03-18T11:00:00+11:00,2014-03-18,11,2,0.670448718,0.7673668179864966,0.7673668179864966,25.96,22.06,12.98,559.8853697131418,650.4727307892001,1.0
Baseline AR,2014-03-18T01:00:00+00:00,2014-03-18T12:00:00+11:00,2014-03-18,12,3,0.803910256,0.767460295348855,0.767460295348855,23.79,22.1,11.895,571.902736702187,643.7253748536,1.0
Baseline AR,2014-03-18T02:00:00+00:00,2014-03-18T13:00:00+11:00,2014-03-18,13,4,0.852628205,0.8248748384259176,0.8248748384259176,22.89,23.08,11.445,585.6579825629723,636.09989418675,1.0
Baseline AR,2014-03-18T03:00:00+00:00,2014-03-18T14:00:00+11:00,2014-03-18,14,5,0.669423077,0.7634131705125495,0.7634131705125495,24.25,25.03,12.125,521.1941850326898,607.25264425875,1.0
Baseline AR,2014-03-18T04:00:00+00:00,2014-03-18T15:00:00+11:00,2014-03-18,15,6,0.655128205,0.6148185762754742,0.6148185762754742,27.68,30.79,13.84,547.7793497919982,687.209230716,1.0
Baseline AR,2014-03-18T05:00:00+00:00,2014-03-18T16:00:00+11:00,2014-03-18,16,7,0.466538462,0.4906381897255012,0.4906381897255012,34.74,39.17,17.37,498.7847532141586,764.2131925482,1.0
Baseline AR,2014-03-18T06:00:00+00:00,2014-03-18T17:00:00+11:00,2014-03-18,17,8,0.276666667,0.2778805919875176,0.2778805919875176,54.72,253.84,27.36,455.1723901769544,2106.8720025384,0.0
Baseline AR,2014-03-18T07:00:00+00:00,2014-03-18T18:00:00+11:00,2014-03-18,18,9,0.072692308,0.07264790100319486,0.07264790100319486,59.57,89.46,29.785,129.94824338083515,958.5042118134,1.0
Baseline AR,2014-03-18T08:00:00+00:00,2014-03-18T19:00:00+11:00,2014-03-18,19,10,0.019615385,0.01945455154172492,0.01945455154172492,46.25,40.08,23.125,27.18657641437328,707.3581733437501,1.0
Baseline AR,2014-03-18T09:00:00+00:00,2014-03-18T20:00:00+11:00,2014-03-18,20,11,0.001858974,0.0026173326630949826,0.0026173326630949826,42.12,39.5,21.06,2.8281305497434097,632.9744997731999,1.0
Baseline AR,2014-03-18T22:00:00+00:00,2014-03-19T09:00:00+11:00,2014-03-19,9,0,0.300769231,0.3275033930682731,0.3275033930682731,26.19,24.28,13.095,246.81690036522116,511.00719239835,1.0
Baseline AR,2014-03-18T23:00:00+00:00,2014-03-19T10:00:00+11:00,2014-03-19,10,1,0.637435897,0.5416714165255244,0.5416714165255244,22.83,22.78,11.415,436.4361991345883,560.73992292765,1.0
Baseline AR,2014-03-19T00:00:00+00:00,2014-03-19T11:00:00+11:00,2014-03-19,11,2,0.730448718,0.727174749941224,0.727174749941224,23.26,18.49,11.63,509.2386105911892,603.7535577102001,1.0
Baseline AR,2014-03-19T01:00:00+00:00,2014-03-19T12:00:00+11:00,2014-03-19,12,3,0.780064103,0.6678948577039956,0.6678948577039956,20.38,19.65,10.19,474.47468610221745,544.1655962870999,1.0
Baseline AR,2014-03-19T02:00:00+00:00,2014-03-19T13:00:00+11:00,2014-03-19,13,4,0.791089744,0.752567513707986,0.752567513707986,18.93,19.37,9.465,449.7683590574546,508.5799328088,1.0
Baseline AR,2014-03-19T03:00:00+00:00,2014-03-19T14:00:00+11:00,2014-03-19,14,5,0.545192308,0.6553899355656508,0.6553899355656508,18.82,22.05,9.41,338.92436735858325,436.2077885484,1.0
Baseline AR,2014-03-19T04:00:00+00:00,2014-03-19T15:00:00+11:00,2014-03-19,15,6,0.567628205,0.5066559767292866,0.5066559767292866,21.58,20.1,10.79,364.7753329817803,507.44124995849995,1.0
Baseline AR,2014-03-19T05:00:00+00:00,2014-03-19T16:00:00+11:00,2014-03-19,16,7,0.508782051,0.45044069143231413,0.45044069143231413,30.9,29.7,15.45,469.54067233256325,699.3204806384999,1.0
Baseline AR,2014-03-19T06:00:00+00:00,2014-03-19T17:00:00+11:00,2014-03-19,17,8,0.290641026,0.24649531325222296,0.24649531325222296,43.15,41.77,21.575,374.40717564924205,835.3674040785,1.0
Baseline AR,2014-03-19T07:00:00+00:00,2014-03-19T18:00:00+11:00,2014-03-19,18,9,0.105192308,0.06082514851111751,0.06082514851111751,44.66,27.57,22.33,118.18961158844994,740.3683271292,1.0
Baseline AR,2014-03-19T08:00:00+00:00,2014-03-19T19:00:00+11:00,2014-03-19,19,10,0.034358974,0.015253878886731227,0.015253878886731227,39.33,32.06,19.665,36.37333217839608,610.2200767113,1.0
Baseline AR,2014-03-19T09:00:00+00:00,2014-03-19T20:00:00+11:00,2014-03-19,20,11,0.001410256,0.0020051458529378977,0.0020051458529378977,37.39,31.34,18.695,1.91552812922022,561.6409420776,1.0
Baseline AR,2014-03-19T22:00:00+00:00,2014-03-20T09:00:00+11:00,2014-03-20,9,0,0.087371795,0.37890730514595705,0.37890730514595705,32.61,36.57,16.305,228.08042183639492,531.88791352425,1.0
Baseline AR,2014-03-19T23:00:00+00:00,2014-03-20T10:00:00+11:00,2014-03-20,10,1,0.233974359,0.5540332471475294,0.5540332471475294,29.23,48.87,14.615,345.5019349153843,541.03605770355,1.0
Baseline AR,2014-03-20T00:00:00+00:00,2014-03-20T11:00:00+11:00,2014-03-20,11,2,0.406858974,0.7282322243429058,0.7282322243429058,28.8,27.29,14.4,490.3593976841354,607.7630767679999,1.0
Baseline AR,2014-03-20T01:00:00+00:00,2014-03-20T12:00:00+11:00,2014-03-20,12,3,0.584807692,0.6558111093896074,0.6558111093896074,26.65,28.95,13.325,495.93736585549556,633.526874877,1.0
Baseline AR,2014-03-20T02:00:00+00:00,2014-03-20T13:00:00+11:00,2014-03-20,13,4,0.731217949,0.7456027101461086,0.7456027101461086,26.12,28.25,13.06,578.6183342534454,678.2911924182001,1.0
Baseline AR,2014-03-20T03:00:00+00:00,2014-03-20T14:00:00+11:00,2014-03-20,14,5,0.727115385,0.6678765781034574,0.6678765781034574,26.83,28.83,13.415,588.8095018002925,695.0775866932499,1.0
Baseline AR,2014-03-20T04:00:00+00:00,2014-03-20T15:00:00+11:00,2014-03-20,15,6,0.438717949,0.5351728234890013,0.5351728234890013,28.49,30.13,14.245,416.1922216231747,614.83611550515,1.0
Baseline AR,2014-03-20T05:00:00+00:00,2014-03-20T16:00:00+11:00,2014-03-20,16,7,0.255,0.4686955729611895,0.4686955729611895,38.23,38.91,19.115,415.0032263145941,719.6797499999999,1.0
Baseline AR,2014-03-20T06:00:00+00:00,2014-03-20T17:00:00+11:00,2014-03-20,17,8,0.163974359,0.2634624573971652,0.2634624573971652,60.67,100.57,30.335,388.9888747622402,1059.27486540795,1.0
Baseline AR,2014-03-20T07:00:00+00:00,2014-03-20T18:00:00+11:00,2014-03-20,18,9,0.077884615,0.07858411770205839,0.07858411770205839,51.82,55.08,25.91,121.62314592931,837.8397112395,1.0
Baseline AR,2014-03-20T08:00:00+00:00,2014-03-20T19:00:00+11:00,2014-03-20,19,10,0.022115385,0.025379910405046873,0.025379910405046873,47.24,96.62,23.62,33.655166324016214,724.270961811,1.0
Baseline AR,2014-03-20T09:00:00+00:00,2014-03-20T20:00:00+11:00,2014-03-20,20,11,0.001602564,0.0018010190612546698,0.0018010190612546698,44.21,43.0,22.105,2.2570861070710344,664.2127403166,1.0
Baseline AR,2014-03-20T22:00:00+00:00,2014-03-21T09:00:00+11:00,2014-03-21,9,0,0.278461538,0.20063066512822816,0.20063066512822816,29.72,38.36,14.86,268.4500695291633,569.9381536403998,1.0
Baseline AR,2014-03-20T23:00:00+00:00,2014-03-21T10:00:00+11:00,2014-03-21,10,1,0.596987179,0.49326907885156945,0.49326907885156945,26.96,26.59,13.48,481.6919594635524,645.8216151876001,1.0
Baseline AR,2014-03-21T00:00:00+00:00,2014-03-21T11:00:00+11:00,2014-03-21,11,2,0.745961538,0.5997577736966515,0.5997577736966515,32.05,18.33,16.025,657.0645493997417,839.3710093935,1.0
Baseline AR,2014-03-21T01:00:00+00:00,2014-03-21T12:00:00+11:00,2014-03-21,12,3,0.558269231,0.581402536345622,0.581402536345622,27.73,16.92,13.865,474.0464716274115,648.16208663445,1.0
Baseline AR,2014-03-21T02:00:00+00:00,2014-03-21T13:00:00+11:00,2014-03-21,13,4,0.185064103,0.705534378483763,0.705534378483763,25.41,20.68,12.705,339.45161121753625,451.68718285845,1.0
Baseline AR,2014-03-21T03:00:00+00:00,2014-03-21T14:00:00+11:00,2014-03-21,14,5,0.537564103,0.5765390677577633,0.5765390677577633,24.57,19.17,12.285,410.6027235827737,566.66925016065,1.0
Baseline AR,2014-03-21T04:00:00+00:00,2014-03-21T15:00:00+11:00,2014-03-21,15,6,0.623333333,0.41110780097730876,0.41110780097730876,26.74,20.54,13.37,460.5640507763794,651.1189998663,1.0
Baseline AR,2014-03-21T05:00:00+00:00,2014-03-21T16:00:00+11:00,2014-03-21,16,7,0.45025641,0.301914396039939,0.301914396039939,34.76,47.98,17.38,528.3598270845603,756.163692174,1.0
Baseline AR,2014-03-21T06:00:00+00:00,2014-03-21T17:00:00+11:00,2014-03-21,17,8,0.201474359,0.16335311072156622,0.16335311072156622,57.5,84.68,28.75,378.62733512123486,1036.2716346375,1.0
Baseline AR,2014-03-21T07:00:00+00:00,2014-03-21T18:00:00+11:00,2014-03-21,18,9,0.106858974,0.05178290761407769,0.05178290761407769,46.52,33.63,23.26,127.83446924296385,772.3661920572,1.0
Baseline AR,2014-03-21T08:00:00+00:00,2014-03-21T19:00:00+11:00,2014-03-21,19,10,0.035320513,0.016891139633814407,0.016891139633814407,42.28,34.33,21.14,40.405133141364736,656.6002693446001,1.0
Baseline AR,2014-03-21T09:00:00+00:00,2014-03-21T20:00:00+11:00,2014-03-21,20,11,0.000769231,0.0018033703262364796,0.0018033703262364796,39.9,34.33,19.95,1.539701893752533,598.9603847535,1.0
Baseline AR,2014-03-21T22:00:00+00:00,2014-03-22T09:00:00+11:00,2014-03-22,9,0,0.273012821,0.4333096194293642,0.4333096194293642,25.86,43.65,12.93,273.98247464255036,493.80167326590004,1.0
Baseline AR,2014-03-21T23:00:00+00:00,2014-03-22T10:00:00+11:00,2014-03-22,10,1,0.577628205,0.6497719812222248,0.6497719812222248,23.38,34.52,11.69,430.4492453081342,598.1917690980001,0.0
Baseline AR,2014-03-22T00:00:00+00:00,2014-03-22T11:00:00+11:00,2014-03-22,11,2,0.723461538,0.7251356318709238,0.7251356318709238,21.2,15.3,10.6,460.6539000189538,548.060769084,1.0
Baseline AR,2014-03-22T01:00:00+00:00,2014-03-22T12:00:00+11:00,2014-03-22,12,3,0.79025641,0.818351899328057,0.818351899328057,20.5,18.8,10.25,494.6470551183776,550.503846075,1.0
Baseline AR,2014-03-22T02:00:00+00:00,2014-03-22T13:00:00+11:00,2014-03-22,13,4,0.789294872,0.6853806616889501,0.6853806616889501,20.5,19.79,10.25,483.20297360037466,550.20817314,1.0
Baseline AR,2014-03-22T03:00:00+00:00,2014-03-22T14:00:00+11:00,2014-03-22,14,5,0.733717949,0.6531424033736357,0.6531424033736357,20.38,17.84,10.19,442.45529744187104,529.9975770093,1.0
Baseline AR,2014-03-22T04:00:00+00:00,2014-03-22T15:00:00+11:00,2014-03-22,15,6,0.639230769,0.5510720248931363,0.5510720248931363,21.75,21.74,10.875,417.0716291492679,534.79903838625,1.0
Baseline AR,2014-03-22T05:00:00+00:00,2014-03-22T16:00:00+11:00,2014-03-22,16,7,0.488589744,0.3740538947825275,0.3740538947825275,23.65,22.8,11.825,343.73375921295445,528.077211684,1.0
Baseline AR,2014-03-22T06:00:00+00:00,2014-03-22T17:00:00+11:00,2014-03-22,17,8,0.260448718,0.19134484536071814,0.19134484536071814,29.65,24.0,14.825,219.95602824864173,560.5845673304999,1.0
Baseline AR,2014-03-22T07:00:00+00:00,2014-03-22T18:00:00+11:00,2014-03-22,18,9,0.07525641,0.06823471932505816,0.06823471932505816,32.52,24.95,16.26,71.82552764372072,524.510076798,1.0
Baseline AR,2014-03-22T08:00:00+00:00,2014-03-22T19:00:00+11:00,2014-03-22,19,10,0.019294872,0.02569550259525384,0.02569550259525384,37.0,29.04,18.5,24.96965790036588,565.70865396,1.0
Baseline AR,2014-03-22T09:00:00+00:00,2014-03-22T20:00:00+11:00,2014-03-22,20,11,0.001217949,0.0012205931086546888,0.0012205931086546888,40.7,28.78,20.35,1.4887299573336876,611.2435578645001,1.0
Baseline AR,2014-03-22T22:00:00+00:00,2014-03-23T09:00:00+11:00,2014-03-23,9,0,0.115833333,0.36166415374742794,0.36166415374742794,34.09,26.81,17.045,244.1683398482973,570.5813748295501,1.0
Baseline AR,2014-03-22T23:00:00+00:00,2014-03-23T10:00:00+11:00,2014-03-23,10,1,0.275897436,0.6090547551191154,0.6090547551191154,32.28,28.37,16.14,428.4938509398757,617.7895385112,1.0
Baseline AR,2014-03-23T00:00:00+00:00,2014-03-23T11:00:00+11:00,2014-03-23,11,2,0.669807692,0.7617437976604297,0.7617437976604297,31.76,30.41,15.88,681.9911296742288,795.4963844688001,1.0
Baseline AR,2014-03-23T01:00:00+00:00,2014-03-23T12:00:00+11:00,2014-03-23,12,3,0.698653846,0.7487110190951874,0.7487110190951874,31.22000000000001,31.94,15.610000000000005,677.8009663240764,795.4795960818003,1.0
Baseline AR,2014-03-23T02:00:00+00:00,2014-03-23T13:00:00+11:00,2014-03-23,13,4,0.686538462,0.7845174955706559,0.7845174955706559,33.2,31.19,16.6,732.5858668701867,839.8961540760001,1.0
Baseline AR,2014-03-23T03:00:00+00:00,2014-03-23T14:00:00+11:00,2014-03-23,14,5,0.618525641,0.6855214416222445,0.6855214416222445,32.92,30.8,16.46,643.9384493988643,799.2279615258001,1.0
Baseline AR,2014-03-23T04:00:00+00:00,2014-03-23T15:00:00+11:00,2014-03-23,15,6,0.584166667,0.5442381457454329,0.5442381457454329,33.33,31.69,16.665,582.1437670875753,792.0041251666499,1.0
Baseline AR,2014-03-23T05:00:00+00:00,2014-03-23T16:00:00+11:00,2014-03-23,16,7,0.364807692,0.4326935505061328,0.4326935505061328,35.65,34.0,17.825,426.4637894301545,729.830913297,1.0
Baseline AR,2014-03-23T06:00:00+00:00,2014-03-23T17:00:00+11:00,2014-03-23,17,8,0.251730769,0.23302718433015257,0.23302718433015257,38.83,35.36,19.415,291.29412964396886,729.0705864040499,1.0
Baseline AR,2014-03-23T07:00:00+00:00,2014-03-23T18:00:00+11:00,2014-03-23,18,9,0.103076923,0.05893890030023021,0.05893890030023021,41.73,38.88,20.865,125.26819896286968,690.47099995185,1.0
Baseline AR,2014-03-23T08:00:00+00:00,2014-03-23T19:00:00+11:00,2014-03-23,19,10,0.031217949,0.01469162669640939,0.01469162669640939,45.79,39.81,22.895,39.91927432003584,708.29204827065,1.0
Baseline AR,2014-03-23T09:00:00+00:00,2014-03-23T20:00:00+11:00,2014-03-23,20,11,0.000576923,0.0014062987643049208,0.0014062987643049208,46.95,47.06,23.475,1.3966839275117404,704.65629802275,1.0
Baseline AR,2014-03-23T22:00:00+00:00,2014-03-24T09:00:00+11:00,2014-03-24,9,0,0.094358974,0.3061165372471691,0.3061165372471691,37.25,31.61,18.625,223.76569190935575,611.4730767225,1.0
Baseline AR,2014-03-23T23:00:00+00:00,2014-03-24T10:00:00+11:00,2014-03-24,10,1,0.228012821,0.5454940682981229,0.5454940682981229,34.83,32.54,17.415,404.11867431380426,641.5752983314499,1.0
Baseline AR,2014-03-24T00:00:00+00:00,2014-03-24T11:00:00+11:00,2014-03-24,11,2,0.125384615,0.6132951743662408,0.6132951743662408,32.75,35.53,16.375,362.8764465261658,552.84519211875,1.0
Baseline AR,2014-03-24T01:00:00+00:00,2014-03-24T12:00:00+11:00,2014-03-24,12,3,0.074615385,0.5698858362779203,0.5698858362779203,30.35,33.19,15.175,293.40918098677326,489.2186540212501,1.0
Baseline AR,2014-03-24T02:00:00+00:00,2014-03-24T13:00:00+11:00,2014-03-24,13,4,0.079615385,0.7120125858995393,0.7120125858995393,30.22,30.77,15.11,358.84495920876117,489.38965402049996,1.0
Baseline AR,2014-03-24T03:00:00+00:00,2014-03-24T14:00:00+11:00,2014-03-24,14,5,0.077307692,0.6305959700218792,0.6305959700218792,29.83,31.19,14.915,316.7514935716899,482.0413267854,1.0
Baseline AR,2014-03-24T04:00:00+00:00,2014-03-24T15:00:00+11:00,2014-03-24,15,6,0.082692308,0.4852628880569829,0.4852628880569829,35.52,42.07,17.76,302.6065284591605,576.8584617024001,1.0
Baseline AR,2014-03-24T05:00:00+00:00,2014-03-24T16:00:00+11:00,2014-03-24,16,7,0.078012821,0.42050827639136173,0.42050827639136173,44.73,45.85,22.365,334.4827302947341,723.2927022499499,1.0
Baseline AR,2014-03-24T06:00:00+00:00,2014-03-24T17:00:00+11:00,2014-03-24,17,8,0.081025641,0.23408763122628423,0.23408763122628423,79.33,42.4,39.665,374.9690382856669,1286.36646150795,1.0
Baseline AR,2014-03-24T07:00:00+00:00,2014-03-24T18:00:00+11:00,2014-03-24,18,9,0.045320513,0.07147755033460812,0.07147755033460812,77.12,53.02,38.56,135.1119996654747,1209.2267694384002,1.0
Baseline AR,2014-03-24T08:00:00+00:00,2014-03-24T19:00:00+11:00,2014-03-24,19,10,0.009230769,0.022747116303787285,0.022747116303787285,63.35,41.49,31.675,30.386985509923864,959.02153824225,1.0
Baseline AR,2014-03-24T09:00:00+00:00,2014-03-24T20:00:00+11:00,2014-03-24,20,11,0.000128205,0.000983372502936959,0.000983372502936959,56.64,39.67,28.32,0.9443962464952403,849.708922968,1.0
Baseline AR,2014-03-24T22:00:00+00:00,2014-03-25T09:00:00+11:00,2014-03-25,9,0,0.015769231,0.16888162479441488,0.16888162479441488,32.72,27.07,16.36,90.62664002389883,498.5395385748,1.0
Baseline AR,2014-03-24T23:00:00+00:00,2014-03-25T10:00:00+11:00,2014-03-25,10,1,0.09275641,0.34284119218579945,0.34284119218579945,27.12,26.17,13.56,177.2011045691832,444.533307588,1.0
Baseline AR,2014-03-25T00:00:00+00:00,2014-03-25T11:00:00+11:00,2014-03-25,11,2,0.249551282,0.5203375045637882,0.5203375045637882,28.75,25.65,14.375,332.0145392056337,538.8689903625,1.0
Baseline AR,2014-03-25T01:00:00+00:00,2014-03-25T12:00:00+11:00,2014-03-25,12,3,0.276474359,0.46108874380712506,0.46108874380712506,28.6,27.85,14.3,316.41457110425665,547.607500011,1.0
Baseline AR,2014-03-25T02:00:00+00:00,2014-03-25T13:00:00+11:00,2014-03-25,13,4,0.400576923,0.5058192442925485,0.5058192442925485,28.28,24.28,14.14,384.49325416549914,594.1247307366,1.0
Baseline AR,2014-03-25T03:00:00+00:00,2014-03-25T14:00:00+11:00,2014-03-25,14,5,0.219551282,0.464345300438358,0.464345300438358,27.51,22.11,13.755,282.2099247431884,503.2478365173001,1.0
Baseline AR,2014-03-25T04:00:00+00:00,2014-03-25T15:00:00+11:00,2014-03-25,15,6,0.376217949,0.289761231295702,0.289761231295702,31.08,25.78,15.54,337.03899753261663,641.5928078238001,1.0
Baseline AR,2014-03-25T05:00:00+00:00,2014-03-25T16:00:00+11:00,2014-03-25,16,7,0.228397436,0.1997101880291065,0.1997101880291065,40.52,32.49,20.26,270.7291651654118,746.6199616008001,1.0
Baseline AR,2014-03-25T06:00:00+00:00,2014-03-25T17:00:00+11:00,2014-03-25,17,8,0.113910256,0.08780779205882133,0.08780779205882133,65.37,39.85,32.685,203.40535664823364,1092.2447015208,1.0
Baseline AR,2014-03-25T07:00:00+00:00,2014-03-25T18:00:00+11:00,2014-03-25,18,9,0.083782051,0.026977453639999153,0.026977453639999153,63.96,37.97,31.98,116.47045489720735,1039.7804997294002,1.0
Baseline AR,2014-03-25T08:00:00+00:00,2014-03-25T19:00:00+11:00,2014-03-25,19,10,0.029807692,0.006889315831000017,0.006889315831000017,52.81,39.65,26.405,38.17615152407881,815.7621632178,1.0
Baseline AR,2014-03-25T09:00:00+00:00,2014-03-25T20:00:00+11:00,2014-03-25,20,11,0.000512821,0.0002514804627727361,0.0002514804627727361,49.33,42.55,24.665,0.7057671326279745,740.3294618989501,1.0
Baseline AR,2014-03-25T22:00:00+00:00,2014-03-26T09:00:00+11:00,2014-03-26,9,0,0.030192308,0.1486263887820392,0.1486263887820392,45.22,41.79,22.61,121.2927220272572,698.7794425164,1.0
Baseline AR,2014-03-25T23:00:00+00:00,2014-03-26T10:00:00+11:00,2014-03-26,10,1,0.06775641,0.3061097830386002,0.3061097830386002,37.58,34.68,18.79,210.74837301585893,601.8942883169999,1.0
Baseline AR,2014-03-26T00:00:00+00:00,2014-03-26T11:00:00+11:00,2014-03-26,11,2,0.103461538,0.5061374008678372,0.5061374008678372,35.35,39.63,17.675,323.2398373346707,585.1104805245,1.0
Baseline AR,2014-03-26T01:00:00+00:00,2014-03-26T12:00:00+11:00,2014-03-26,12,3,0.111794872,0.41259722643827984,0.41259722643827984,32.75,35.75,16.375,257.60761835780494,546.16923087,1.0
Baseline AR,2014-03-26T02:00:00+00:00,2014-03-26T13:00:00+11:00,2014-03-26,13,4,0.097948718,0.48590399856492594,0.48590399856492594,32.21,30.44,16.105,282.088440008344,530.4739231017002,1.0
Baseline AR,2014-03-26T03:00:00+00:00,2014-03-26T14:00:00+11:00,2014-03-26,14,5,0.12974359,0.4478877018541935,0.4478877018541935,31.75,31.21,15.875,275.09690274555965,538.0403847375001,1.0
Baseline AR,2014-03-26T04:00:00+00:00,2014-03-26T15:00:00+11:00,2014-03-26,15,6,0.110512821,0.28793363625682994,0.28793363625682994,34.980000000000004,55.33,17.490000000000002,209.0648561226587,582.6860771787001,1.0
Baseline AR,2014-03-26T05:00:00+00:00,2014-03-26T16:00:00+11:00,2014-03-26,16,7,0.077692308,0.25071017952396557,0.25071017952396557,43.02,80.92,21.51,211.91812519921498,695.4348463524001,1.0
Baseline AR,2014-03-26T06:00:00+00:00,2014-03-26T17:00:00+11:00,2014-03-26,17,8,0.07724359,0.12217862728602916,0.12217862728602916,67.37,52.05,33.685,201.5261216783968,1088.6085098745,1.0
Baseline AR,2014-03-26T07:00:00+00:00,2014-03-26T18:00:00+11:00,2014-03-26,18,9,0.052051282,0.04991285220585163,0.04991285220585163,63.32,45.74,31.66,97.74880741376616,999.2383076435999,1.0
Baseline AR,2014-03-26T08:00:00+00:00,2014-03-26T19:00:00+11:00,2014-03-26,19,10,0.014871795,0.021536160982396427,0.021536160982396427,49.19,37.19,24.595,26.863610321611205,748.82315394075,1.0
Baseline AR,2014-03-26T09:00:00+00:00,2014-03-26T20:00:00+11:00,2014-03-26,20,11,0.000128205,0.0009036855392209573,0.0009036855392209573,44.91,38.45,22.455,0.6951330617461978,673.7363652982499,1.0
Baseline AR,2014-03-26T22:00:00+00:00,2014-03-27T09:00:00+11:00,2014-03-27,9,0,0.053333333,0.14433693574597428,0.14433693574597428,27.14,24.09,13.57,80.47156640648615,428.8119998643,1.0
Baseline AR,2014-03-26T23:00:00+00:00,2014-03-27T10:00:00+11:00,2014-03-27,10,1,0.086282051,0.324682649902105,0.324682649902105,25.44,21.5,12.72,156.82412986424325,414.5252306616,1.0
Baseline AR,2014-03-27T00:00:00+00:00,2014-03-27T11:00:00+11:00,2014-03-27,11,2,0.123910256,0.4746337293312418,0.4746337293312418,25.45,15.81,12.725,228.49416640020155,429.052740228,1.0
Baseline AR,2014-03-27T01:00:00+00:00,2014-03-27T12:00:00+11:00,2014-03-27,12,3,0.187820513,0.4102279472588928,0.4102279472588928,24.98,29.06,12.49,224.08875805900715,445.07634622110004,1.0
Baseline AR,2014-03-27T02:00:00+00:00,2014-03-27T13:00:00+11:00,2014-03-27,13,4,0.207435897,0.498013289129054,0.498013289129054,24.15,19.71,12.075,255.54896767524983,437.39365368824997,1.0
Baseline AR,2014-03-27T03:00:00+00:00,2014-03-27T14:00:00+11:00,2014-03-27,14,5,0.184807692,0.4516173849091862,0.4516173849091862,24.45,18.66,12.225,233.40889695644404,434.528221041,1.0
Baseline AR,2014-03-27T04:00:00+00:00,2014-03-27T15:00:00+11:00,2014-03-27,15,6,0.186987179,0.2885466734703368,0.2885466734703368,26.88,23.4,13.44,191.73524931603978,478.5932305728,1.0
Baseline AR,2014-03-27T05:00:00+00:00,2014-03-27T16:00:00+11:00,2014-03-27,16,7,0.150064103,0.19373591233867454,0.19373591233867454,35.58,31.78,17.79,183.4860681862506,613.7892117711,1.0
Baseline AR,2014-03-27T06:00:00+00:00,2014-03-27T17:00:00+11:00,2014-03-27,17,8,0.061474359,0.08661728242163909,0.08661728242163909,47.96,37.96,23.98,106.53712683872715,763.6246538646,1.0
Baseline AR,2014-03-27T07:00:00+00:00,2014-03-27T18:00:00+11:00,2014-03-27,18,9,0.044166667,0.030946002903951112,0.030946002903951112,46.4,37.8,23.2,58.069069127219386,726.740000232,1.0
Baseline AR,2014-03-27T08:00:00+00:00,2014-03-27T19:00:00+11:00,2014-03-27,19,10,0.010641026,0.010798325149277378,0.010798325149277378,42.52,38.33,21.26,13.674018163009112,644.5868463828001,1.0
Baseline AR,2014-03-27T09:00:00+00:00,2014-03-27T20:00:00+11:00,2014-03-27,20,11,0.000128205,0.00033253342108618045,0.00033253342108618045,40.97,52.33,20.485,0.28314679667851217,614.62878838275,1.0
Baseline AR,2014-03-27T22:00:00+00:00,2014-03-28T09:00:00+11:00,2014-03-28,9,0,0.042371795,0.14858999068756795,0.14858999068756795,28.64,17.36,14.32,82.03718313137918,447.802923132,1.0
Baseline AR,2014-03-27T23:00:00+00:00,2014-03-28T10:00:00+11:00,2014-03-28,10,1,0.079230769,0.3185126866212189,0.3185126866212189,25.64,16.18,12.82,152.9721330319208,415.07215375740003,1.0
Baseline AR,2014-03-28T00:00:00+00:00,2014-03-28T11:00:00+11:00,2014-03-28,11,2,0.084038462,0.5132362113577297,0.5132362113577297,22.25,17.64,11.125,199.3404222331423,361.7978366925,1.0
Baseline AR,2014-03-28T01:00:00+00:00,2014-03-28T12:00:00+11:00,2014-03-28,12,3,0.104358974,0.4439894876751225,0.4439894876751225,22.32,19.48,11.16,183.587064968831,369.7393844952,1.0
Baseline AR,2014-03-28T02:00:00+00:00,2014-03-28T13:00:00+11:00,2014-03-28,13,4,0.128525641,0.5025513677792993,0.5025513677792993,21.51,20.43,10.755,203.61699688264096,364.11879806865,1.0
Baseline AR,2014-03-28T03:00:00+00:00,2014-03-28T14:00:00+11:00,2014-03-28,14,5,0.107115385,0.44337392771576944,0.44337392771576944,21.98,20.13,10.99,181.49632640238917,365.0159424345,1.0
Baseline AR,2014-03-28T04:00:00+00:00,2014-03-28T15:00:00+11:00,2014-03-28,15,6,0.131858974,0.2843208815670323,0.2843208815670323,24.15,22.96,12.075,150.76115267915742,410.0159133315,1.0
Baseline AR,2014-03-28T05:00:00+00:00,2014-03-28T16:00:00+11:00,2014-03-28,16,7,0.066410256,0.17842936263864936,0.17842936263864936,31.65,25.19,15.825,116.23760894869876,506.278269036,1.0
Baseline AR,2014-03-28T06:00:00+00:00,2014-03-28T17:00:00+11:00,2014-03-28,17,8,0.053076923,0.07049805759945997,0.07049805759945997,42.5,37.86,21.25,78.77905013215572,671.3365384125,1.0
Baseline AR,2014-03-28T07:00:00+00:00,2014-03-28T18:00:00+11:00,2014-03-28,18,9,0.052179487,0.02426078417556059,0.02426078417556059,43.54,38.6,21.77,64.01929416081808,687.1784229597,1.0
Baseline AR,2014-03-28T08:00:00+00:00,2014-03-28T19:00:00+11:00,2014-03-28,19,10,0.015064103,0.007833888543942645,0.007833888543942645,42.29,45.06,21.145,19.712658297398367,643.90591373805,1.0
Baseline AR,2014-03-28T09:00:00+00:00,2014-03-28T20:00:00+11:00,2014-03-28,20,11,0.000128205,0.00027174370953533616,0.00027174370953533616,43.48,45.72,21.74,0.2608465483589462,652.2836153009999,1.0
Baseline AR,2014-03-28T22:00:00+00:00,2014-03-29T09:00:00+11:00,2014-03-29,9,0,0.083589744,0.1424179983964753,0.1424179983964753,34.75,30.59,17.375,117.80653572416273,564.82115406,1.0
Baseline AR,2014-03-28T23:00:00+00:00,2014-03-29T10:00:00+11:00,2014-03-29,10,1,0.427179487,0.3022487568211788,0.3022487568211788,31.81,28.31,15.905,394.5396577753238,680.97869222205,1.0
Baseline AR,2014-03-29T00:00:00+00:00,2014-03-29T11:00:00+11:00,2014-03-29,11,2,0.530320513,0.4720578350366438,0.4720578350366438,28.34,36.9,14.17,465.8403558535899,650.5392500763,1.0
Baseline AR,2014-03-29T01:00:00+00:00,2014-03-29T12:00:00+11:00,2014-03-29,12,3,0.410769231,0.40201144824424545,0.40201144824424545,26.88,27.1,13.44,331.302109244588,568.8221539392,1.0
Baseline AR,2014-03-29T02:00:00+00:00,2014-03-29T13:00:00+11:00,2014-03-29,13,4,0.549294872,0.46864711205371035,0.46864711205371035,26.29,26.53,13.145,433.8095294180133,610.9644327732,1.0
Baseline AR,2014-03-29T03:00:00+00:00,2014-03-29T14:00:00+11:00,2014-03-29,14,5,0.56974359,0.4200144026178172,0.4200144026178172,26.06,26.55,13.03,447.62655771651805,613.612769331,1.0
Baseline AR,2014-03-29T04:00:00+00:00,2014-03-29T15:00:00+11:00,2014-03-29,15,6,0.362371795,0.250858669024301,0.250858669024301,26.28,26.88,13.14,287.7011594455626,537.046961589,1.0
Baseline AR,2014-03-29T05:00:00+00:00,2014-03-29T16:00:00+11:00,2014-03-29,16,7,0.221025641,0.16815391564915375,0.16815391564915375,27.67,27.67,13.835,183.4733845941,506.7866922970501,1.0
Baseline AR,2014-03-29T06:00:00+00:00,2014-03-29T17:00:00+11:00,2014-03-29,17,8,0.14775641,0.0678632523256728,0.0678632523256728,32.480000000000004,30.73,16.240000000000002,139.77945512609782,559.186922952,1.0
Baseline AR,2014-03-29T07:00:00+00:00,2014-03-29T18:00:00+11:00,2014-03-29,18,9,0.071538462,0.028238794770726768,0.028238794770726768,36.6,32.56,18.3,73.30131160781208,588.2746156380001,1.0
Baseline AR,2014-03-29T08:00:00+00:00,2014-03-29T19:00:00+11:00,2014-03-29,19,10,0.014935897,0.010934481315991526,0.010934481315991526,40.48,42.62,20.24,18.395044203713343,616.2690766584,1.0
Baseline AR,2014-03-29T09:00:00+00:00,2014-03-29T20:00:00+11:00,2014-03-29,20,11,0.000320513,0.0003352965943648255,0.0003352965943648255,43.93,47.08,21.965,0.43214573220670177,659.1612020413501,1.0
Baseline AR,2014-03-29T22:00:00+00:00,2014-03-30T09:00:00+11:00,2014-03-30,9,0,0.042179487,0.18283370865481724,0.18283370865481724,23.98,19.24,11.99,80.93724647703779,374.8719614739,1.0
Baseline AR,2014-03-29T23:00:00+00:00,2014-03-30T10:00:00+11:00,2014-03-30,10,1,0.086987179,0.5486743289546077,0.5486743289546077,21.0,21.05,10.5,200.23337500570142,342.400961385,1.0
Baseline AR,2014-03-30T00:00:00+00:00,2014-03-30T11:00:00+11:00,2014-03-30,11,2,0.154230769,0.6448982335982649,0.6448982335982649,20.03,28.5,10.015,240.09830883064868,346.78863454605005,1.0
Baseline AR,2014-03-30T01:00:00+00:00,2014-03-30T12:00:00+11:00,2014-03-30,12,3,0.320448718,0.6603292764547005,0.6603292764547005,18.83,14.7,9.415,277.0207445337301,372.96074039909996,1.0
Baseline AR,2014-03-30T02:00:00+00:00,2014-03-30T13:00:00+11:00,2014-03-30,13,4,0.512884615,0.6830618961869328,0.6830618961869328,18.73,16.43,9.365,336.00117231796884,425.04493258425003,1.0
Baseline AR,2014-03-30T03:00:00+00:00,2014-03-30T14:00:00+11:00,2014-03-30,14,5,0.621089744,0.5982557460139614,0.5982557460139614,18.73,56.83,9.365,375.0895868516423,1058.8959045456002,0.0
Baseline AR,2014-03-30T04:00:00+00:00,2014-03-30T15:00:00+11:00,2014-03-30,15,6,0.205512821,0.4157118185498146,0.4157118185498146,18.97,15.34,9.485,176.76947118389973,343.02867321554993,1.0
Baseline AR,2014-03-30T05:00:00+00:00,2014-03-30T16:00:00+11:00,2014-03-30,16,7,0.097115385,0.28836166931261076,0.28836166931261076,20.21,16.53,10.105,116.85736901486794,332.59052896275,1.0
Baseline AR,2014-03-30T06:00:00+00:00,2014-03-30T17:00:00+11:00,2014-03-30,17,8,0.090576923,0.14532456967101756,0.14532456967101756,23.68,25.81,11.84,83.79221019674544,387.3729230496,1.0
Baseline AR,2014-03-30T07:00:00+00:00,2014-03-30T18:00:00+11:00,2014-03-30,18,9,0.044487179,0.043357878996880816,0.043357878996880816,29.01,56.18,14.505,39.63768431624245,454.50859594185,1.0
Baseline AR,2014-03-30T08:00:00+00:00,2014-03-30T19:00:00+11:00,2014-03-30,19,10,0.019423077,0.01118972755416201,0.01118972755416201,32.82,41.55,16.41,21.28027583406497,501.86198080709994,1.0
Baseline AR,2014-03-30T09:00:00+00:00,2014-03-30T20:00:00+11:00,2014-03-30,20,11,0.000192308,0.000511727474163233,0.000511727474163233,34.300000000000004,35.63,17.150000000000002,0.3622262514569834,514.598942466,1.0
Baseline AR,2014-03-30T22:00:00+00:00,2014-03-31T09:00:00+11:00,2014-03-31,9,0,0.206089744,0.10846533667368222,0.10846533667368222,22.58,20.07,11.29,132.25407471392828,408.5025962928,1.0
Baseline AR,2014-03-30T23:00:00+00:00,2014-03-31T10:00:00+11:00,2014-03-31,10,1,0.61025641,0.4353010525401216,0.4353010525401216,20.44,16.580000000000002,10.22,353.9494002181461,493.704615306,1.0
Baseline AR,2014-03-31T00:00:00+00:00,2014-03-31T11:00:00+11:00,2014-03-31,11,2,0.711987179,0.5267544786188623,0.5267544786188623,18.34,7.77,9.17,332.9980565949412,470.9676729429,1.0
Baseline AR,2014-03-31T01:00:00+00:00,2014-03-31T12:00:00+11:00,2014-03-31,12,3,0.749358974,0.511061335377929,0.511061335377929,17.48,4.93,8.74,303.24478502439024,458.68192298279996,1.0
Baseline AR,2014-03-31T02:00:00+00:00,2014-03-31T13:00:00+11:00,2014-03-31,13,4,0.761987179,0.6357857674805406,0.6357857674805406,16.94,9.92,8.47,360.6638671018019,447.72094218390004,1.0
Baseline AR,2014-03-31T03:00:00+00:00,2014-03-31T14:00:00+11:00,2014-03-31,14,5,0.712948718,0.5254376777776407,0.5254376777776407,17.17,11.43,8.585,334.9504835155098,441.1699423209001,1.0
Baseline AR,2014-03-31T04:00:00+00:00,2014-03-31T15:00:00+11:00,2014-03-31,15,6,0.61,0.353824645920546,0.353824645920546,19.51,21.29,9.755,370.7127639078428,471.16650000000004,1.0
Baseline AR,2014-03-31T05:00:00+00:00,2014-03-31T16:00:00+11:00,2014-03-31,16,7,0.454166667,0.20307860316794119,0.20307860316794119,29.43,52.26,14.715,572.953965212877,712.0425005226,0.0
Baseline AR,2014-03-31T06:00:00+00:00,2014-03-31T17:00:00+11:00,2014-03-31,17,8,0.221602564,0.10020334857592528,0.10020334857592528,40.69,47.8,20.345,296.4047025247551,745.6051249374,1.0
Baseline AR,2014-03-31T07:00:00+00:00,2014-03-31T18:00:00+11:00,2014-03-31,18,9,0.061089744,0.03225336044019496,0.03225336044019496,38.36,26.33,19.18,59.89502656846636,610.5510386976,1.0
Baseline AR,2014-03-31T08:00:00+00:00,2014-03-31T19:00:00+11:00,2014-03-31,19,10,0.02275641,0.013822229331013071,0.013822229331013071,37.0,27.34,18.5,22.67048954212759,567.6298075499999,1.0
Baseline AR,2014-03-31T09:00:00+00:00,2014-03-31T20:00:00+11:00,2014-03-31,20,11,0.000320513,0.0004573530606168176,0.0004573530606168176,36.43,25.89,18.215,0.42506490882406,546.6251443288501,1.0
Baseline AR,2014-03-31T22:00:00+00:00,2014-04-01T09:00:00+11:00,2014-04-01,9,0,0.191923077,0.2636150091294044,0.2636150091294044,21.64,19.32,10.82,147.86766275760465,386.8982307942,1.0
Baseline AR,2014-03-31T23:00:00+00:00,2014-04-01T10:00:00+11:00,2014-04-01,10,1,0.320512821,0.5862425911914563,0.5862425911914563,19.03,16.36,9.515,258.83333241005124,376.94038475445,1.0
Baseline AR,2014-04-01T00:00:00+00:00,2014-04-01T11:00:00+11:00,2014-04-01,11,2,0.448653846,0.7601145476583878,0.7601145476583878,16.4,4.32,8.2,297.3570248399634,356.368846116,1.0
Baseline AR,2014-04-01T01:00:00+00:00,2014-04-01T12:00:00+11:00,2014-04-01,12,3,0.455192308,0.7542338591319422,0.7542338591319422,13.76,0.35,6.88,249.62556089603285,300.3516923712,1.0
Baseline AR,2014-04-01T02:00:00+00:00,2014-04-01T13:00:00+11:00,2014-04-01,13,4,0.386538462,0.7405147364236614,0.7405147364236614,13.58,16.080000000000002,6.79,229.5807365188998,282.4378847094,1.0
Baseline AR,2014-04-01T03:00:00+00:00,2014-04-01T14:00:00+11:00,2014-04-01,14,5,0.357884615,0.653421618195026,0.653421618195026,14.26,11.87,7.13,216.31840328041602,290.4515191485,1.0
Baseline AR,2014-04-01T04:00:00+00:00,2014-04-01T15:00:00+11:00,2014-04-01,15,6,0.282884615,0.5161600170733421,0.5161600170733421,18.31,16.03,9.155,219.4576081989434,352.3442595097499,1.0
Baseline AR,2014-04-01T05:00:00+00:00,2014-04-01T16:00:00+11:00,2014-04-01,16,7,0.238974359,0.38434152499525204,0.38434152499525204,28.96,24.88,14.48,270.76842000753754,538.2104615495999,1.0
Baseline AR,2014-04-01T06:00:00+00:00,2014-04-01T17:00:00+11:00,2014-04-01,17,8,0.233717949,0.19669313406114794,0.19669313406114794,38.27,37.12,19.135,267.0542211315096,708.21578862345,1.0
Baseline AR,2014-04-01T07:00:00+00:00,2014-04-01T18:00:00+11:00,2014-04-01,18,9,0.071666667,0.05087710932852983,0.05087710932852983,35.76,31.65,17.88,74.32064789670773,574.8420001788,1.0
Baseline AR,2014-04-01T08:00:00+00:00,2014-04-01T19:00:00+11:00,2014-04-01,19,10,0.012948718,0.016332394204367526,0.016332394204367526,35.56,29.1,17.78,15.61854524980964,540.3068461812001,1.0
Baseline AR,2014-04-01T09:00:00+00:00,2014-04-01T20:00:00+11:00,2014-04-01,20,11,0.000192308,0.0006240963436169014,0.0006240963436169014,35.79,29.8,17.895,0.4382866718707335,536.9532405498001,1.0
Baseline AR,2014-04-01T22:00:00+00:00,2014-04-02T09:00:00+11:00,2014-04-02,9,0,0.226666667,0.32893980629306663,0.32893980629306663,34.910000000000004,32.230000000000004,17.455000000000002,290.94332973991436,642.34400017455,1.0
Baseline AR,2014-04-01T23:00:00+00:00,2014-04-02T10:00:00+11:00,2014-04-02,10,1,0.535961538,0.49981461465459853,0.49981461465459853,31.47000000000001,29.94,15.735000000000005,504.3421442442462,725.0506440129003,1.0
Baseline AR,2014-04-02T00:00:00+00:00,2014-04-02T11:00:00+11:00,2014-04-02,11,2,0.677948718,0.5932363418693689,0.5932363418693689,27.69,30.19,13.845,569.5254282523974,696.9360000213001,1.0
Baseline AR,2014-04-02T01:00:00+00:00,2014-04-02T12:00:00+11:00,2014-04-02,12,3,0.753525641,0.5285815918944986,0.5285815918944986,26.57,28.47,13.285,613.4570992401135,698.8676442205499,1.0
Baseline AR,2014-04-02T02:00:00+00:00,2014-04-02T13:00:00+11:00,2014-04-02,13,4,0.764615385,0.6909550832139789,0.6909550832139789,26.2,27.47,13.1,603.7941501080473,693.493846305,1.0
Baseline AR,2014-04-02T03:00:00+00:00,2014-04-02T14:00:00+11:00,2014-04-02,14,5,0.715897436,0.6172479283627811,0.6172479283627811,25.96,27.37,12.98,561.7137973298544,668.1704615784,1.0
Baseline AR,2014-04-02T04:00:00+00:00,2014-04-02T15:00:00+11:00,2014-04-02,15,6,0.606987179,0.45553155605350837,0.45553155605350837,27.4,30.28,13.7,512.0292269605768,660.4717305689999,1.0
Baseline AR,2014-04-02T05:00:00+00:00,2014-04-02T16:00:00+11:00,2014-04-02,16,7,0.439935897,0.3861261825493112,0.3861261825493112,37.12,64.23,18.56,533.6760556619453,847.7124799293001,0.0
Baseline AR,2014-04-02T06:00:00+00:00,2014-04-02T17:00:00+11:00,2014-04-02,17,8,0.243205128,0.21395596799748637,0.21395596799748637,48.27,128.06,24.135,422.1990601548169,934.3454607504,0.0
Baseline AR,2014-04-02T07:00:00+00:00,2014-04-02T18:00:00+11:00,2014-04-02,18,9,0.066153846,0.05345707501446295,0.05345707501446295,46.83,55.2,23.415,96.12769743986834,748.9197691227,1.0
Baseline AR,2014-04-02T08:00:00+00:00,2014-04-02T19:00:00+11:00,2014-04-02,19,10,0.022564103,0.00974743768079097,0.00974743768079097,44.07,268.68,22.035,116.1945364967262,675.96600028815,1.0
Baseline AR,2014-04-02T09:00:00+00:00,2014-04-02T20:00:00+11:00,2014-04-02,20,11,0.000128205,0.00036432637537670823,0.00036432637537670823,43.92,38.97,21.96,0.32447967009817535,658.8844614540001,1.0
Baseline AR,2014-04-02T22:00:00+00:00,2014-04-03T09:00:00+11:00,2014-04-03,9,0,0.191730769,0.3057227340435904,0.3057227340435904,29.76,32.730000000000004,14.88,222.06324375865876,531.9886152816,1.0
Baseline AR,2014-04-02T23:00:00+00:00,2014-04-03T10:00:00+11:00,2014-04-03,10,1,0.5,0.5835110179601688,0.5835110179601688,25.68,47.41,12.84,417.368444118257,711.15,0.0
Baseline AR,2014-04-03T00:00:00+00:00,2014-04-03T11:00:00+11:00,2014-04-03,11,2,0.378846154,0.7344940065829753,0.7344940065829753,24.65,17.72,12.325,411.65752437555506,509.82836544149995,1.0
Baseline AR,2014-04-03T01:00:00+00:00,2014-04-03T12:00:00+11:00,2014-04-03,12,3,0.35474359,0.7150464772758897,0.7150464772758897,22.23,18.48,11.115,356.72149793314543,451.7392500855,1.0
Baseline AR,2014-04-03T02:00:00+00:00,2014-04-03T13:00:00+11:00,2014-04-03,13,4,0.223205128,0.7531477370689588,0.7531477370689588,21.16,18.86,10.58,309.89439937288745,388.2453076272,1.0
Baseline AR,2014-04-03T03:00:00+00:00,2014-04-03T14:00:00+11:00,2014-04-03,14,5,0.196730769,0.6612776796214426,0.6612776796214426,20.82,22.91,10.41,267.9560385044765,373.7390191587,1.0
Baseline AR,2014-04-03T04:00:00+00:00,2014-04-03T15:00:00+11:00,2014-04-03,15,6,0.285769231,0.5202975641008208,0.5202975641008208,23.24,24.34,11.62,280.9948847721461,448.2191539266,1.0
Baseline AR,2014-04-03T05:00:00+00:00,2014-04-03T16:00:00+11:00,2014-04-03,16,7,0.237820513,0.4089528417635628,0.4089528417635628,32.4,36.1,16.2,314.3318504150915,601.580769318,1.0
Baseline AR,2014-04-03T06:00:00+00:00,2014-04-03T17:00:00+11:00,2014-04-03,17,8,0.055320513,0.21687196447459786,0.21687196447459786,40.38,44.79,20.19,164.8669836063639,639.2076347241,1.0
Baseline AR,2014-04-03T07:00:00+00:00,2014-04-03T18:00:00+11:00,2014-04-03,18,9,0.031474359,0.05499278791833752,0.05499278791833752,39.78,40.13,19.89,51.594946566172005,615.4807500152999,1.0
Baseline AR,2014-04-03T08:00:00+00:00,2014-04-03T19:00:00+11:00,2014-04-03,19,10,0.003846154,0.01614759326950543,0.01614759326950543,39.64,45.5,19.82,11.88828212644793,596.8869231684,1.0
Baseline AR,2014-04-03T09:00:00+00:00,2014-04-03T20:00:00+11:00,2014-04-03,20,11,0.0,0.0004430601798102448,0.0004430601798102448,39.62,53.08,19.81,0.26331066486122845,594.3,1.0
Baseline AR,2014-04-03T22:00:00+00:00,2014-04-04T09:00:00+11:00,2014-04-04,9,0,0.009423077,0.22246966139620875,0.22246966139620875,28.5,31.31,14.25,99.13414566437925,431.5283654175,1.0
Baseline AR,2014-04-03T23:00:00+00:00,2014-04-04T10:00:00+11:00,2014-04-04,10,1,0.015064103,0.41774114841329324,0.41774114841329324,24.37,28.7,12.185,158.21195965412932,371.05668285165007,1.0
Baseline AR,2014-04-04T00:00:00+00:00,2014-04-04T11:00:00+11:00,2014-04-04,11,2,0.045705128,0.6546182915002116,0.6546182915002116,23.67,36.49,11.835,248.64983009355015,371.2776056964001,1.0
Baseline AR,2014-04-04T01:00:00+00:00,2014-04-04T12:00:00+11:00,2014-04-04,12,3,0.125128205,0.6280067843422786,0.6280067843422786,21.49,26.39,10.745,242.77306381448346,362.68507688175,1.0
Baseline AR,2014-04-04T02:00:00+00:00,2014-04-04T13:00:00+11:00,2014-04-04,13,4,0.151987179,0.5368631656938255,0.5368631656938255,20.48,26.96,10.24,211.6148258899432,353.8904613888,1.0
Baseline AR,2014-04-04T03:00:00+00:00,2014-04-04T14:00:00+11:00,2014-04-04,14,5,0.129487179,0.47283092386893705,0.47283092386893705,19.96,24.32,9.98,180.33403999895978,338.1684613926,1.0
Baseline AR,2014-04-04T04:00:00+00:00,2014-04-04T15:00:00+11:00,2014-04-04,15,6,0.103269231,0.3239181544749928,0.3239181544749928,21.88,24.36,10.94,140.20289991289266,362.09296161419996,1.0
Baseline AR,2014-04-04T05:00:00+00:00,2014-04-04T16:00:00+11:00,2014-04-04,16,7,0.082307692,0.18338361080047696,0.18338361080047696,29.76,30.9,14.88,118.60459757013291,483.1421537088,1.0
Baseline AR,2014-04-04T06:00:00+00:00,2014-04-04T17:00:00+11:00,2014-04-04,17,8,0.088141026,0.056230422768435824,0.056230422768435824,38.72,46.71,19.36,110.03358739620593,631.9923079007999,1.0
Baseline AR,2014-04-04T07:00:00+00:00,2014-04-04T18:00:00+11:00,2014-04-04,18,9,0.039679487,0.01584420619894227,0.01584420619894227,39.17,38.77,19.585,46.34134180408731,610.86368258685,1.0
Baseline AR,2014-04-04T08:00:00+00:00,2014-04-04T19:00:00+11:00,2014-04-04,19,10,0.008974359,0.0029919466350229176,0.0029919466350229176,38.81,39.93,19.405,10.64985523916323,587.3744230918501,1.0
Baseline AR,2014-04-04T09:00:00+00:00,2014-04-04T20:00:00+11:00,2014-04-04,20,11,6.41e-05,5.526337936203222e-05,5.526337936203222e-05,39.38,42.45,19.69,0.07654159276075682,590.7378638700001,1.0
Baseline AR,2014-04-04T22:00:00+00:00,2014-04-05T09:00:00+11:00,2014-04-05,9,0,0.042435897,0.11994489078342337,0.11994489078342337,33.92,34.4,16.96,82.61934482420581,530.3913843936001,1.0
Baseline AR,2014-04-04T23:00:00+00:00,2014-04-05T10:00:00+11:00,2014-04-05,10,1,0.125128205,0.2899741983804985,0.2899741983804985,30.94,30.74,15.47,192.64902540888934,522.1719999405,1.0
Baseline AR,2014-04-05T00:00:00+00:00,2014-04-05T11:00:00+11:00,2014-04-05,11,2,0.1125,0.4711145473206357,0.4711145473206357,32.14,29.77,16.07,281.36057326327847,536.3362500000001,1.0
Baseline AR,2014-04-05T01:00:00+00:00,2014-04-05T12:00:00+11:00,2014-04-05,12,3,0.216346154,0.38014998847119613,0.38014998847119613,31.34,28.36,15.67,280.4128365757093,571.8043269954001,1.0
Baseline AR,2014-04-05T02:00:00+00:00,2014-04-05T13:00:00+11:00,2014-04-05,13,4,0.256474359,0.5029512467574238,0.5029512467574238,29.96,27.56,14.98,341.28586722738623,564.6595769346,1.0
Baseline AR,2014-04-05T03:00:00+00:00,2014-04-05T14:00:00+11:00,2014-04-05,14,5,0.353525641,0.4477361292957834,0.4477361292957834,29.92,27.65,14.96,359.60628250874765,607.4623076808001,1.0
Baseline AR,2014-04-05T04:00:00+00:00,2014-04-05T15:00:00+11:00,2014-04-05,15,6,0.313205128,0.27974834711156127,0.27974834711156127,29.99,27.37,14.995,279.16095068376865,590.7453268308,1.0
Baseline AR,2014-04-05T05:00:00+00:00,2014-04-05T16:00:00+11:00,2014-04-05,16,7,0.228269231,0.20214413961537045,0.20214413961537045,32.58,28.21,16.29,219.68534689887505,600.2551731896999,1.0
Baseline AR,2014-04-05T06:00:00+00:00,2014-04-05T17:00:00+11:00,2014-04-05,17,8,0.187371795,0.09239505493245932,0.09239505493245932,38.41,28.99,19.205,189.068092635413,684.10425968925,1.0
Baseline AR,2014-04-05T07:00:00+00:00,2014-04-05T18:00:00+11:00,2014-04-05,18,9,0.064807692,0.02591301573321604,0.02591301573321604,43.16,30.83,21.58,69.52585885051661,689.3564998008,1.0
Baseline AR,2014-04-05T08:00:00+00:00,2014-04-05T19:00:00+11:00,2014-04-05,19,10,0.005128205,0.00660617330371546,0.00660617330371546,47.21,32.81,23.605,8.309699995776102,711.78153837075,1.0
Baseline AR,2014-04-05T09:00:00+00:00,2014-04-05T20:00:00+11:00,2014-04-05,20,11,6.41e-05,0.0001883697433056997,0.0001883697433056997,48.53,30.07,24.265,0.18378534963938412,727.9966615950001,1.0
Baseline AR,2014-04-05T23:00:00+00:00,2014-04-06T09:00:00+10:00,2014-04-06,9,0,0.559166667,0.19776983346477875,0.19776983346477875,25.84,18.74,12.92,356.4884747153979,604.3330001292,1.0
Baseline AR,2014-04-06T00:00:00+00:00,2014-04-06T10:00:00+10:00,2014-04-06,10,1,0.580448718,0.35970707919295747,0.35970707919295747,24.0,19.46,12.0,387.8580657544808,568.9615384800001,1.0
Baseline AR,2014-04-06T01:00:00+00:00,2014-04-06T11:00:00+10:00,2014-04-06,11,2,0.445320513,0.5655827114949787,0.5655827114949787,22.58,19.61,11.29,342.39292213644933,489.5300577530999,1.0
Baseline AR,2014-04-06T02:00:00+00:00,2014-04-06T12:00:00+10:00,2014-04-06,12,3,0.565833333,0.5212474443274068,0.5212474443274068,23.04,18.48,11.52,385.00465019918926,541.1519998847999,1.0
Baseline AR,2014-04-06T03:00:00+00:00,2014-04-06T13:00:00+10:00,2014-04-06,13,4,0.358269231,0.6204784468997468,0.6204784468997468,21.99,20.02,10.995,322.8399215552315,448.02510584534997,1.0
Baseline AR,2014-04-06T04:00:00+00:00,2014-04-06T14:00:00+10:00,2014-04-06,14,5,0.45275641,0.5454742439578946,0.5454742439578946,23.02,18.06,11.51,344.68904481166095,501.63678837300006,1.0
Baseline AR,2014-04-06T05:00:00+00:00,2014-04-06T15:00:00+10:00,2014-04-06,15,6,0.290192308,0.3684696666118893,0.3684696666118893,23.88,18.9,11.94,235.93271930597874,462.1468847256,1.0
Baseline AR,2014-04-06T06:00:00+00:00,2014-04-06T16:00:00+10:00,2014-04-06,16,7,0.16525641,0.3192630211109776,0.3192630211109776,27.09,23.73,13.545,196.88447083194578,473.5019422035,1.0
Baseline AR,2014-04-06T07:00:00+00:00,2014-04-06T17:00:00+10:00,2014-04-06,17,8,0.065192308,0.17756597747174807,0.17756597747174807,30.14,25.83,15.07,109.75102086177729,481.5734424468001,1.0
Baseline AR,2014-04-06T08:00:00+00:00,2014-04-06T18:00:00+10:00,2014-04-06,18,9,0.010192308,0.04233672440209739,0.04233672440209739,33.45,27.8,16.725,26.356442007752367,506.86399053900004,1.0
Baseline AR,2014-04-06T09:00:00+00:00,2014-04-06T19:00:00+10:00,2014-04-06,19,10,6.41e-05,0.004299538419122319,0.004299538419122319,34.64,28.27,17.32,2.2673465225759575,519.63330636,1.0
Baseline AR,2014-04-06T10:00:00+00:00,2014-04-06T20:00:00+10:00,2014-04-06,20,11,0.0,0.0001331063639436675,0.0001331063639436675,34.910000000000004,28.41,17.455000000000002,0.06970114747910149,523.6500000000001,1.0
Baseline AR,2014-04-06T23:00:00+00:00,2014-04-07T09:00:00+10:00,2014-04-07,9,0,0.581282051,0.5212105987584781,0.5212105987584781,29.37,27.62,14.685,509.01386389342014,696.63380756805,1.0
Baseline AR,2014-04-07T00:00:00+00:00,2014-04-07T10:00:00+10:00,2014-04-07,10,1,0.743269231,0.599191596378655,0.599191596378655,27.54,27.13,13.77,612.3168837463575,720.1445193261,1.0
Baseline AR,2014-04-07T01:00:00+00:00,2014-04-07T11:00:00+10:00,2014-04-07,11,2,0.789102564,0.6830777137956096,0.6830777137956096,27.0,26.28,13.5,636.8829400755851,724.58653842,1.0
Baseline AR,2014-04-07T02:00:00+00:00,2014-04-07T12:00:00+10:00,2014-04-07,12,3,0.606730769,0.6892458122945997,0.6892458122945997,26.54,26.41,13.27,515.92827701338,639.6395191389,1.0
Baseline AR,2014-04-07T03:00:00+00:00,2014-04-07T13:00:00+10:00,2014-04-07,13,4,0.656923077,0.6579542505465371,0.6579542505465371,26.79,26.5,13.395,528.3834540745759,665.83453849245,1.0
Baseline AR,2014-04-07T04:00:00+00:00,2014-04-07T14:00:00+10:00,2014-04-07,14,5,0.455961538,0.5426821159655777,0.5426821159655777,28.14,28.28,14.07,421.52748633887035,614.5613651898,1.0
Baseline AR,2014-04-07T05:00:00+00:00,2014-04-07T15:00:00+10:00,2014-04-07,15,6,0.432884615,0.3908790437037644,0.3908790437037644,35.84,37.76,17.92,467.85705895466316,770.3187690240001,1.0
Baseline AR,2014-04-07T06:00:00+00:00,2014-04-07T16:00:00+10:00,2014-04-07,16,7,0.201153846,0.20579175829537122,0.20579175829537122,44.08,56.02,22.04,269.07243356009946,794.2029229752,1.0
Baseline AR,2014-04-07T07:00:00+00:00,2014-04-07T17:00:00+10:00,2014-04-07,17,8,0.08974359,0.06827558660819744,0.06827558660819744,48.02,41.13,24.01,124.84717945291442,784.9423078770001,1.0
Baseline AR,2014-04-07T08:00:00+00:00,2014-04-07T18:00:00+10:00,2014-04-07,18,9,0.0175,0.010626878981971363,0.010626878981971363,48.66,41.21,24.33,24.0103574524706,742.6732499999999,1.0
Baseline AR,2014-04-07T09:00:00+00:00,2014-04-07T19:00:00+10:00,2014-04-07,19,10,0.0,0.00015272714294336582,0.00015272714294336582,47.84,91.62,23.92,0.10959699777615932,717.6,1.0
Baseline AR,2014-04-07T10:00:00+00:00,2014-04-07T20:00:00+10:00,2014-04-07,20,11,0.0,9.210194436068512e-07,9.210194436068512e-07,47.24,44.68,23.62,0.0006526343777398148,708.6,1.0
Baseline AR,2014-04-07T23:00:00+00:00,2014-04-08T09:00:00+10:00,2014-04-08,9,0,0.451666667,0.5368422172733975,0.5368422172733975,24.62,20.16,12.31,365.0563309621657,536.1005001231,1.0
Baseline AR,2014-04-08T00:00:00+00:00,2014-04-08T10:00:00+10:00,2014-04-08,10,1,0.301730769,0.694012598633577,0.694012598633577,24.52,21.27,12.26,366.2344106156296,478.77657683819996,1.0
Baseline AR,2014-04-08T01:00:00+00:00,2014-04-08T11:00:00+10:00,2014-04-08,11,2,0.530705128,0.7409908765504696,0.7409908765504696,23.32,20.59,11.66,444.8392623917543,535.4406537744001,1.0
Baseline AR,2014-04-08T02:00:00+00:00,2014-04-08T12:00:00+10:00,2014-04-08,12,3,0.667564103,0.7314624674551609,0.7314624674551609,22.8,18.75,11.4,478.4670870956651,570.306923226,1.0
Baseline AR,2014-04-08T03:00:00+00:00,2014-04-08T13:00:00+10:00,2014-04-08,13,4,0.333974359,0.6652137603145021,0.6652137603145021,22.74,21.38,11.37,340.82306749817667,455.0186538548999,1.0
Baseline AR,2014-04-08T04:00:00+00:00,2014-04-08T14:00:00+10:00,2014-04-08,14,5,0.370384615,0.5890308879058451,0.5890308879058451,24.92,24.68,12.46,358.6295149862049,512.249769087,1.0
Baseline AR,2014-04-08T05:00:00+00:00,2014-04-08T15:00:00+10:00,2014-04-08,15,6,0.420128205,0.39883784626272223,0.39883784626272223,33.37,40.23,16.685,424.9719018536317,710.8451730127499,1.0
Baseline AR,2014-04-08T06:00:00+00:00,2014-04-08T16:00:00+10:00,2014-04-08,16,7,0.225769231,0.2577732053523833,0.2577732053523833,41.3,52.55,20.65,299.55453932030144,759.3640386044999,1.0
Baseline AR,2014-04-08T07:00:00+00:00,2014-04-08T17:00:00+10:00,2014-04-08,17,8,0.068141026,0.0891039798679588,0.0891039798679588,43.41,35.27,21.705,102.39008557092137,695.5200290798999,1.0
Baseline AR,2014-04-08T08:00:00+00:00,2014-04-08T18:00:00+10:00,2014-04-08,18,9,0.010961538,0.01387971093893637,0.01387971093893637,44.71,32.77,22.355,16.65978360089768,678.0013554597,1.0
Baseline AR,2014-04-08T09:00:00+00:00,2014-04-08T19:00:00+10:00,2014-04-08,19,10,0.0,0.0001954974352034403,0.0001954974352034403,43.09,28.11,21.545,0.12635976724374365,646.35,1.0
Baseline AR,2014-04-08T10:00:00+00:00,2014-04-08T20:00:00+10:00,2014-04-08,20,11,0.0,0.0,0.0,41.79,28.93,20.895,0.0,626.85,1.0
Baseline AR,2014-04-08T23:00:00+00:00,2014-04-09T09:00:00+10:00,2014-04-09,9,0,0.072307692,0.5176876519849435,0.5176876519849435,30.7,27.37,15.35,271.6928559050665,493.79769216599993,1.0
Baseline AR,2014-04-09T00:00:00+00:00,2014-04-09T10:00:00+10:00,2014-04-09,10,1,0.121346154,0.5500089396631611,0.5500089396631611,25.91,24.47,12.955,260.92215715218754,435.8111827521,1.0
Baseline AR,2014-04-09T01:00:00+00:00,2014-04-09T11:00:00+10:00,2014-04-09,11,2,0.175064103,0.6214935052875189,0.6214935052875189,25.08,23.83,12.54,299.6649722377646,442.0591155486,1.0
Baseline AR,2014-04-09T02:00:00+00:00,2014-04-09T12:00:00+10:00,2014-04-09,12,3,0.273012821,0.5839659088027641,0.5839659088027641,24.28,23.92,12.14,312.11165339416675,463.6312694082,1.0
Baseline AR,2014-04-09T03:00:00+00:00,2014-04-09T13:00:00+10:00,2014-04-09,13,4,0.305705128,0.6024486904249197,0.6024486904249197,23.77,23.35,11.885,323.8022439594051,465.54916338839996,1.0
Baseline AR,2014-04-09T04:00:00+00:00,2014-04-09T14:00:00+10:00,2014-04-09,14,5,0.217115385,0.5076251097042849,0.5076251097042849,24.52,24.9,12.26,266.55955395223594,447.655038603,1.0
Baseline AR,2014-04-09T05:00:00+00:00,2014-04-09T15:00:00+10:00,2014-04-09,15,6,0.207820513,0.38027115066499817,0.38027115066499817,34.64,55.08,17.32,305.57242844033306,627.5835385548,1.0
Baseline AR,2014-04-09T06:00:00+00:00,2014-04-09T16:00:00+10:00,2014-04-09,16,7,0.084935897,0.21848197320853086,0.21848197320853086,43.59,43.47,21.795,198.3897744358479,709.3853362534501,1.0
Baseline AR,2014-04-09T07:00:00+00:00,2014-04-09T17:00:00+10:00,2014-04-09,17,8,0.060064103,0.06632638211843597,0.06632638211843597,42.11,37.77,21.055,79.83454992506007,669.58949065995,1.0
Baseline AR,2014-04-09T08:00:00+00:00,2014-04-09T18:00:00+10:00,2014-04-09,18,9,0.016025641,0.009951131784018607,0.009951131784018607,41.14,38.44,20.57,19.286810875705505,626.9894230611,1.0
Baseline AR,2014-04-09T09:00:00+00:00,2014-04-09T19:00:00+10:00,2014-04-09,19,10,0.0,0.0001200828220519095,0.0001200828220519095,39.41,32.19,19.705,0.07098696025598629,591.15,1.0
Baseline AR,2014-04-09T10:00:00+00:00,2014-04-09T20:00:00+10:00,2014-04-09,20,11,0.0,0.0,0.0,37.64,29.09,18.82,0.0,564.6,1.0
Baseline AR,2014-04-09T23:00:00+00:00,2014-04-10T09:00:00+10:00,2014-04-10,9,0,0.032628205,0.14946040583501494,0.14946040583501494,21.32,21.01,10.66,58.23193774503778,330.234499959,1.0
Baseline AR,2014-04-10T00:00:00+00:00,2014-04-10T10:00:00+10:00,2014-04-10,10,1,0.045897436,0.3379691908083494,0.3379691908083494,19.4,8.59,9.7,111.70518840122968,304.35615387599995,1.0
Baseline AR,2014-04-10T01:00:00+00:00,2014-04-10T11:00:00+10:00,2014-04-10,11,2,0.091923077,0.523628719980983,0.523628719980983,18.76,5.54,9.38,173.21627567044865,307.26715386780006,1.0
Baseline AR,2014-04-10T02:00:00+00:00,2014-04-10T12:00:00+10:00,2014-04-10,12,3,0.074871795,0.44106289097579005,0.44106289097579005,18.94,9.11,9.47,146.57704428572197,305.3710769595,1.0
Baseline AR,2014-04-10T03:00:00+00:00,2014-04-10T13:00:00+10:00,2014-04-10,13,4,0.142371795,0.5141321560959836,0.5141321560959836,19.29,9.7,9.645,189.95941824962281,330.54527888325,1.0
Baseline AR,2014-04-10T04:00:00+00:00,2014-04-10T14:00:00+10:00,2014-04-10,14,5,0.081282051,0.4389073589892182,0.4389073589892182,20.82,13.01,10.41,162.4551527396328,337.6843845273,1.0
Baseline AR,2014-04-10T05:00:00+00:00,2014-04-10T15:00:00+10:00,2014-04-10,15,6,0.099807692,0.2626791944707836,0.2626791944707836,33.72,24.16,16.86,183.3458671769223,556.2827306135999,1.0
Baseline AR,2014-04-10T06:00:00+00:00,2014-04-10T16:00:00+10:00,2014-04-10,16,7,0.046474359,0.17879299577751145,0.17879299577751145,40.39,39.74,20.195,136.4782268919553,634.00649040015,1.0
Baseline AR,2014-04-10T07:00:00+00:00,2014-04-10T17:00:00+10:00,2014-04-10,17,8,0.018974359,0.0632124131689452,0.0632124131689452,40.43,38.82,20.215,49.84216798185682,617.95700001555,1.0
Baseline AR,2014-04-10T08:00:00+00:00,2014-04-10T18:00:00+10:00,2014-04-10,18,9,0.001602564,0.011069690386338439,0.011069690386338439,40.21,37.12,20.105,7.643270233120028,604.1165864766,1.0
Baseline AR,2014-04-10T09:00:00+00:00,2014-04-10T19:00:00+10:00,2014-04-10,19,10,0.0,0.00019398575348183222,0.00019398575348183222,39.5,33.09,19.75,0.11493655893798559,592.5,1.0
Baseline AR,2014-04-10T10:00:00+00:00,2014-04-10T20:00:00+10:00,2014-04-10,20,11,0.0,0.0,0.0,39.11,30.89,19.555,0.0,586.65,1.0
Baseline AR,2014-04-10T23:00:00+00:00,2014-04-11T09:00:00+10:00,2014-04-11,9,0,0.283846154,0.09273524954365764,0.09273524954365764,30.93,28.46,15.465,249.21952827638503,595.6404231483,1.0
Baseline AR,2014-04-11T00:00:00+00:00,2014-04-11T10:00:00+10:00,2014-04-11,10,1,0.283717949,0.3040335750808555,0.3040335750808555,27.39,26.43,13.695,241.47771366861946,527.41551934665,1.0
Baseline AR,2014-04-11T01:00:00+00:00,2014-04-11T11:00:00+10:00,2014-04-11,11,2,0.251410256,0.49447015721617155,0.49447015721617155,26.16,25.47,13.08,292.6834741460257,491.05338445440003,1.0
Baseline AR,2014-04-11T02:00:00+00:00,2014-04-11T12:00:00+10:00,2014-04-11,12,3,0.288910256,0.4117963242323729,0.4117963242323729,25.22,23.47,12.61,265.07729930190663,487.59474984479994,1.0
Baseline AR,2014-04-11T03:00:00+00:00,2014-04-11T13:00:00+10:00,2014-04-11,13,4,0.148653846,0.4503537262541095,0.4503537262541095,24.03,31.39,12.015,215.91227941899376,414.03227879070005,1.0
Baseline AR,2014-04-11T04:00:00+00:00,2014-04-11T14:00:00+10:00,2014-04-11,14,5,0.147051282,0.41588144581591086,0.41588144581591086,25.98,25.04,12.99,219.37488402986048,447.00588459540006,1.0
Baseline AR,2014-04-11T05:00:00+00:00,2014-04-11T15:00:00+10:00,2014-04-11,15,6,0.241346154,0.24187051370708867,0.24187051370708867,36.7,27.48,18.35,266.0107755727523,683.361057777,1.0
Baseline AR,2014-04-11T06:00:00+00:00,2014-04-11T16:00:00+10:00,2014-04-11,16,7,0.194294872,0.12977874494489874,0.12977874494489874,42.92,33.55,21.46,232.03859387201103,768.8870385936,1.0
Baseline AR,2014-04-11T07:00:00+00:00,2014-04-11T17:00:00+10:00,2014-04-11,17,8,0.035384615,0.027707495305872392,0.027707495305872392,43.29,39.98,21.645,45.19166151487313,672.3269997502499,1.0
Baseline AR,2014-04-11T08:00:00+00:00,2014-04-11T18:00:00+10:00,2014-04-11,18,9,0.006282051,0.001982581144816351,0.001982581144816351,45.77,40.94,22.885,8.00289104608389,690.86294211405,1.0
Baseline AR,2014-04-11T09:00:00+00:00,2014-04-11T19:00:00+10:00,2014-04-11,19,10,0.0,1.9236791647550614e-05,1.9236791647550614e-05,46.18,41.99,23.09,0.01332532557425831,692.7,1.0
Baseline AR,2014-04-11T10:00:00+00:00,2014-04-11T20:00:00+10:00,2014-04-11,20,11,0.0,0.0,0.0,46.03,38.57,23.015,0.0,690.45,1.0
Baseline AR,2014-04-11T23:00:00+00:00,2014-04-12T09:00:00+10:00,2014-04-12,9,0,0.239551282,0.30771627174360966,0.30771627174360966,24.82,18.54,12.41,203.74771025874588,461.4849422886,1.0
Baseline AR,2014-04-12T00:00:00+00:00,2014-04-12T10:00:00+10:00,2014-04-12,10,1,0.705961538,0.4000250602020542,0.4000250602020542,19.4,10.95,9.7,333.31471799422076,496.43480755799993,1.0
Baseline AR,2014-04-12T01:00:00+00:00,2014-04-12T11:00:00+10:00,2014-04-12,11,2,0.837564103,0.5994344053545377,0.5994344053545377,16.080000000000002,15.84,8.040000000000001,402.32638946415267,443.22046164360006,1.0
Baseline AR,2014-04-12T02:00:00+00:00,2014-04-12T12:00:00+10:00,2014-04-12,12,3,0.821538462,0.5460607048866108,0.5460607048866108,15.95,5.55,7.975,307.15709384762255,435.80307703349996,1.0
Baseline AR,2014-04-12T03:00:00+00:00,2014-04-12T13:00:00+10:00,2014-04-12,13,4,0.754551282,0.5056231162790893,0.5056231162790893,14.88,15.49,7.44,341.3870777174927,391.6158461424,1.0
Baseline AR,2014-04-12T04:00:00+00:00,2014-04-12T14:00:00+10:00,2014-04-12,14,5,0.633910256,0.4561326358397326,0.4561326358397326,15.05,17.900000000000002,7.525,301.41046710770286,368.855240292,1.0
Baseline AR,2014-04-12T05:00:00+00:00,2014-04-12T15:00:00+10:00,2014-04-12,15,6,0.461474359,0.3122815645786982,0.3122815645786982,16.1,15.26,8.05,219.13245697758322,352.94605769850006,1.0
Baseline AR,2014-04-12T06:00:00+00:00,2014-04-12T16:00:00+10:00,2014-04-12,16,7,0.23275641,0.16367012937963799,0.16367012937963799,19.67,15.18,9.835,128.04363554143725,363.72477877050005,1.0
Baseline AR,2014-04-12T07:00:00+00:00,2014-04-12T17:00:00+10:00,2014-04-12,17,8,0.063461538,0.03927581477248278,0.03927581477248278,26.34,25.1,13.17,49.24759842353636,420.1736536638,1.0
Baseline AR,2014-04-12T08:00:00+00:00,2014-04-12T18:00:00+10:00,2014-04-12,18,9,0.010384615,0.004870827235642718,0.004870827235642718,30.49,27.82,15.245,9.057152940574982,462.09940367024996,1.0
Baseline AR,2014-04-12T09:00:00+00:00,2014-04-12T19:00:00+10:00,2014-04-12,19,10,0.0,6.835855130985546e-05,6.835855130985546e-05,33.17,29.37,16.585,0.03401179720421858,497.55,1.0
Baseline AR,2014-04-12T10:00:00+00:00,2014-04-12T20:00:00+10:00,2014-04-12,20,11,0.0,0.0,0.0,33.92,30.41,16.96,0.0,508.8,1.0
Baseline AR,2014-04-12T23:00:00+00:00,2014-04-13T09:00:00+10:00,2014-04-13,9,0,0.626730769,0.24103498985489838,0.24103498985489838,26.72,24.33,13.36,474.7329970656962,651.9936922152,1.0
Baseline AR,2014-04-13T00:00:00+00:00,2014-04-13T10:00:00+10:00,2014-04-13,10,1,0.749358974,0.634482499411551,0.634482499411551,21.39,19.31,10.695,473.6953616014808,561.2818268079001,1.0
Baseline AR,2014-04-13T01:00:00+00:00,2014-04-13T11:00:00+10:00,2014-04-13,11,2,0.798910256,0.7454118929817414,0.7454118929817414,19.71,20.6,9.855,473.82404066538754,531.8478171864,1.0
Baseline AR,2014-04-13T02:00:00+00:00,2014-04-13T12:00:00+10:00,2014-04-13,12,3,0.779551282,0.7550468129083726,0.7550468129083726,19.18,20.81,9.59,449.75207620138053,511.97690383139997,1.0
Baseline AR,2014-04-13T03:00:00+00:00,2014-04-13T13:00:00+10:00,2014-04-13,13,4,0.722051282,0.6847640972413963,0.6847640972413963,17.61,20.2,8.805,384.3569065363435,454.87984614029995,1.0
Baseline AR,2014-04-13T04:00:00+00:00,2014-04-13T14:00:00+10:00,2014-04-13,14,5,0.596602564,0.5546590766018474,0.5546590766018474,17.84,15.95,8.92,316.92349651732474,427.2508461264,1.0
Baseline AR,2014-04-13T05:00:00+00:00,2014-04-13T15:00:00+10:00,2014-04-13,15,6,0.434615385,0.3945126346759364,0.3945126346759364,18.1,13.86,9.05,230.89508421377914,389.4980770275001,1.0
Baseline AR,2014-04-13T06:00:00+00:00,2014-04-13T16:00:00+10:00,2014-04-13,16,7,0.196474359,0.20562542563620703,0.20562542563620703,20.27,14.81,10.135,122.25843951863874,363.78802885395,1.0
Baseline AR,2014-04-13T07:00:00+00:00,2014-04-13T17:00:00+10:00,2014-04-13,17,8,0.051730769,0.0557295513626413,0.0557295513626413,22.47,19.3,11.235,36.21950097822825,354.48585569145,1.0
Baseline AR,2014-04-13T08:00:00+00:00,2014-04-13T18:00:00+10:00,2014-04-13,18,9,0.007435897,0.007906221629117879,0.007906221629117879,24.49,23.13,12.245,5.635927278406452,370.08157676294996,1.0
Baseline AR,2014-04-13T09:00:00+00:00,2014-04-13T19:00:00+10:00,2014-04-13,19,10,0.0,0.00012017383897216056,0.00012017383897216056,25.89,26.04,12.945,0.04666951036483855,388.35,1.0
Baseline AR,2014-04-13T10:00:00+00:00,2014-04-13T20:00:00+10:00,2014-04-13,20,11,0.0,0.0,0.0,26.88,27.83,13.44,0.0,403.2,1.0
Baseline AR,2014-04-13T23:00:00+00:00,2014-04-14T09:00:00+10:00,2014-04-14,9,0,0.642435897,0.5592551118563338,0.5592551118563338,20.07,19.92,10.035,386.4363400505535,494.45532679185004,1.0
Baseline AR,2014-04-14T00:00:00+00:00,2014-04-14T10:00:00+10:00,2014-04-14,10,1,0.769102564,0.7229313313677069,0.7229313313677069,19.39,16.580000000000002,9.695,443.4947265678977,514.5434807393999,1.0
Baseline AR,2014-04-14T01:00:00+00:00,2014-04-14T11:00:00+10:00,2014-04-14,11,2,0.80974359,0.7481496435529815,0.7481496435529815,17.61,14.05,8.805,421.2093051164584,478.04376929849997,1.0
Baseline AR,2014-04-14T02:00:00+00:00,2014-04-14T12:00:00+10:00,2014-04-14,12,3,0.807628205,0.7564937023222885,0.7564937023222885,17.21,12.61,8.605,409.9218808719759,466.63922112075005,1.0
Baseline AR,2014-04-14T03:00:00+00:00,2014-04-14T13:00:00+10:00,2014-04-14,13,4,0.73525641,0.6961372234113375,0.6961372234113375,18.02,13.5,9.01,392.17505354457734,469.039807623,1.0
Baseline AR,2014-04-14T04:00:00+00:00,2014-04-14T14:00:00+10:00,2014-04-14,14,5,0.467692308,0.5735939104797549,0.5735939104797549,21.04,21.71,10.52,328.6299305522106,463.2036924048,1.0
Baseline AR,2014-04-14T05:00:00+00:00,2014-04-14T15:00:00+10:00,2014-04-14,15,6,0.479935897,0.4036081095061215,0.4036081095061215,30.54,44.27,15.27,471.15668450012856,677.9586344157001,1.0
Baseline AR,2014-04-14T06:00:00+00:00,2014-04-14T16:00:00+10:00,2014-04-14,16,7,0.193910256,0.2104045772733346,0.2104045772733346,34.38,44.63,17.19,208.50515951905868,615.6995190192001,1.0
Baseline AR,2014-04-14T07:00:00+00:00,2014-04-14T17:00:00+10:00,2014-04-14,17,8,0.0625,0.05542484297460269,0.05542484297460269,36.86,43.11,18.43,70.439091942262,587.45625,1.0
Baseline AR,2014-04-14T08:00:00+00:00,2014-04-14T18:00:00+10:00,2014-04-14,18,9,0.004294872,0.006917796808998126,0.006917796808998126,39.34,58.1,19.67,6.616595864189795,592.6344039672,1.0
Baseline AR,2014-04-14T09:00:00+00:00,2014-04-14T19:00:00+10:00,2014-04-14,19,10,0.0,7.572520345768108e-05,7.572520345768108e-05,39.69,32.8,19.845,0.04508299987853043,595.3499999999999,1.0
Baseline AR,2014-04-14T10:00:00+00:00,2014-04-14T20:00:00+10:00,2014-04-14,20,11,0.0,0.0,0.0,40.74,37.2,20.37,0.0,611.1,1.0
Baseline AR,2014-04-14T23:00:00+00:00,2014-04-15T09:00:00+10:00,2014-04-15,9,0,0.614679487,0.5736460660500736,0.5736460660500736,33.11,33.0,16.555,610.4257241479652,801.93056721855,1.0
Baseline AR,2014-04-15T00:00:00+00:00,2014-04-15T10:00:00+10:00,2014-04-15,10,1,0.756730769,0.671712412837378,0.671712412837378,32.12,51.39,16.06,778.3348807060119,1166.6518265673,0.0
Baseline AR,2014-04-15T01:00:00+00:00,2014-04-15T11:00:00+10:00,2014-04-15,11,2,0.775192308,0.7375676197615614,0.7375676197615614,30.65,28.27,15.325,710.1029244657755,816.1446636029999,1.0
Baseline AR,2014-04-15T02:00:00+00:00,2014-04-15T12:00:00+10:00,2014-04-15,12,3,0.537307692,0.7023185585349615,0.7023185585349615,30.49,26.48,15.245,566.9430656821645,703.0876729361999,1.0
Baseline AR,2014-04-15T03:00:00+00:00,2014-04-15T13:00:00+10:00,2014-04-15,13,4,0.463141026,0.6471602683342217,0.6471602683342217,30.72,28.31,15.36,511.62683642920933,674.2153847808,1.0
Baseline AR,2014-04-15T04:00:00+00:00,2014-04-15T14:00:00+10:00,2014-04-15,14,5,0.231538462,0.5380581940166371,0.5380581940166371,33.160000000000004,28.57,16.580000000000002,382.7973767026754,612.5672309988,1.0
Baseline AR,2014-04-15T05:00:00+00:00,2014-04-15T15:00:00+10:00,2014-04-15,15,6,0.288589744,0.3645696241835879,0.3645696241835879,48.41,46.64,24.205,474.29167520651225,935.7094426056,1.0
Baseline AR,2014-04-15T06:00:00+00:00,2014-04-15T16:00:00+10:00,2014-04-15,16,7,0.114423077,0.22832056205041562,0.22832056205041562,65.35,93.7,32.675,335.97445217916993,1092.41322122925,1.0
Baseline AR,2014-04-15T07:00:00+00:00,2014-04-15T17:00:00+10:00,2014-04-15,17,8,0.050641026,0.06245258828565943,0.06245258828565943,60.12,129.01,30.06,101.98782136280767,947.4680772468,1.0
Baseline AR,2014-04-15T08:00:00+00:00,2014-04-15T18:00:00+10:00,2014-04-15,18,9,0.008525641,0.007125915396475422,0.007125915396475422,55.65,53.04,27.825,14.123959134744025,841.86677882475,1.0
Baseline AR,2014-04-15T09:00:00+00:00,2014-04-15T19:00:00+10:00,2014-04-15,19,10,0.0,3.189842804641135e-05,3.189842804641135e-05,51.96,52.95,25.98,0.024861634819373007,779.4,1.0
Baseline AR,2014-04-15T10:00:00+00:00,2014-04-15T20:00:00+10:00,2014-04-15,20,11,0.0,0.0,0.0,50.39,46.11,25.195,0.0,755.85,1.0
Baseline AR,2014-04-15T23:00:00+00:00,2014-04-16T09:00:00+10:00,2014-04-16,9,0,0.597820513,0.5553360537128822,0.5553360537128822,23.5,28.74,11.75,428.142018664935,563.2317308325,1.0
Baseline AR,2014-04-16T00:00:00+00:00,2014-04-16T10:00:00+10:00,2014-04-16,10,1,0.717179487,0.6677376433561726,0.6677376433561726,25.87,31.28,12.935,564.6274110840932,673.0012306008,0.0
Baseline AR,2014-04-16T01:00:00+00:00,2014-04-16T11:00:00+10:00,2014-04-16,11,2,0.773205128,0.695936163015766,0.695936163015766,24.29,56.81,12.145,638.8181790122187,1317.7734996504,0.0
Baseline AR,2014-04-16T02:00:00+00:00,2014-04-16T12:00:00+10:00,2014-04-16,12,3,0.762179487,0.6642284620801274,0.6642284620801274,23.59,24.63,11.795,542.4504949274001,623.54721147495,1.0
Baseline AR,2014-04-16T03:00:00+00:00,2014-04-16T13:00:00+10:00,2014-04-16,13,4,0.706666667,0.599009350214397,0.599009350214397,23.71,20.15,11.855,491.1541988043976,606.97600011855,1.0
Baseline AR,2014-04-16T04:00:00+00:00,2014-04-16T14:00:00+10:00,2014-04-16,14,5,0.601410256,0.5425230043167771,0.5425230043167771,25.88,20.66,12.94,457.71317914480727,621.6674613792,1.0
Baseline AR,2014-04-16T05:00:00+00:00,2014-04-16T15:00:00+10:00,2014-04-16,15,6,0.38775641,0.3606678331908977,0.3606678331908977,40.24,52.02,20.12,477.67264119633677,837.6497690760001,1.0
Baseline AR,2014-04-16T06:00:00+00:00,2014-04-16T16:00:00+10:00,2014-04-16,16,7,0.212884615,0.2133939284886703,0.2133939284886703,62.12,47.28,31.06,397.206346822743,1130.165884257,1.0
Baseline AR,2014-04-16T07:00:00+00:00,2014-04-16T17:00:00+10:00,2014-04-16,17,8,0.062948718,0.05471119357285508,0.05471119357285508,54.81,40.87,27.405,100.06164429196801,873.9032885037001,1.0
Baseline AR,2014-04-16T08:00:00+00:00,2014-04-16T18:00:00+10:00,2014-04-16,18,9,0.00775641,0.007456069348681271,0.007456069348681271,50.62,34.77,25.31,11.636072246297942,765.1894421129999,1.0
Baseline AR,2014-04-16T09:00:00+00:00,2014-04-16T19:00:00+10:00,2014-04-16,19,10,0.0,8.883967429290617e-05,8.883967429290617e-05,45.96,38.75,22.98,0.06124607145752952,689.4,1.0
Baseline AR,2014-04-16T10:00:00+00:00,2014-04-16T20:00:00+10:00,2014-04-16,20,11,0.0,0.0,0.0,43.68,32.11,21.84,0.0,655.2,1.0
Baseline AR,2014-04-16T23:00:00+00:00,2014-04-17T09:00:00+10:00,2014-04-17,9,0,0.59525641,0.5348411288214981,0.5348411288214981,27.09,18.94,13.545,468.9933481588563,648.2324422034999,1.0
Baseline AR,2014-04-17T00:00:00+00:00,2014-04-17T10:00:00+10:00,2014-04-17,10,1,0.710961538,0.7176706864280583,0.7176706864280583,22.95,13.37,11.475,491.8066432593591,588.9985094565,1.0
Baseline AR,2014-04-17T01:00:00+00:00,2014-04-17T11:00:00+10:00,2014-04-17,11,2,0.759294872,0.7443248241171706,0.7443248241171706,22.19,19.75,11.095,504.36678878537685,585.5812981452001,1.0
Baseline AR,2014-04-17T02:00:00+00:00,2014-04-17T12:00:00+10:00,2014-04-17,12,3,0.764038462,0.7485953140184233,0.7485953140184233,22.97,17.84,11.485,524.1222036898353,607.7994520821,1.0
Baseline AR,2014-04-17T03:00:00+00:00,2014-04-17T13:00:00+10:00,2014-04-17,13,4,0.654166667,0.7127795980326542,0.7127795980326542,24.43,21.34,12.215,500.9174588212161,606.1693751221501,1.0
Baseline AR,2014-04-17T04:00:00+00:00,2014-04-17T14:00:00+10:00,2014-04-17,14,5,0.586794872,0.5900381128351772,0.5900381128351772,26.51,25.83,13.255,467.9676364197082,630.9889808508,1.0
Baseline AR,2014-04-17T05:00:00+00:00,2014-04-17T15:00:00+10:00,2014-04-17,15,6,0.392628205,0.4257692529027247,0.4257692529027247,36.7,27.52,18.35,450.52780057544993,766.6418268525001,1.0
Baseline AR,2014-04-17T06:00:00+00:00,2014-04-17T16:00:00+10:00,2014-04-17,16,7,0.229615385,0.2183278340612848,0.2183278340612848,45.51,44.44,22.755,313.13155475536723,839.39694257025,1.0
Baseline AR,2014-04-17T07:00:00+00:00,2014-04-17T17:00:00+10:00,2014-04-17,17,8,0.049551282,0.06381975771335997,0.06381975771335997,46.93,40.64,23.465,79.80754340621975,738.8316249639,1.0
Baseline AR,2014-04-17T08:00:00+00:00,2014-04-17T18:00:00+10:00,2014-04-17,18,9,0.008333333,0.008372361938851335,0.008372361938851335,45.99,46.27,22.995,11.524423653566595,695.5987497700501,1.0
Baseline AR,2014-04-17T09:00:00+00:00,2014-04-17T19:00:00+10:00,2014-04-17,19,10,0.0,7.78390046617067e-05,7.78390046617067e-05,45.62,40.36,22.81,0.0532652308900059,684.3,1.0
Baseline AR,2014-04-17T10:00:00+00:00,2014-04-17T20:00:00+10:00,2014-04-17,20,11,0.0,0.0,0.0,46.42,41.16,23.21,0.0,696.3000000000001,1.0
Baseline AR,2014-04-17T23:00:00+00:00,2014-04-18T09:00:00+10:00,2014-04-18,9,0,0.205448718,0.5362508750209107,0.5362508750209107,31.77,25.1,15.885,353.456941054115,574.4565865629,1.0
Baseline AR,2014-04-18T00:00:00+00:00,2014-04-18T10:00:00+10:00,2014-04-18,10,1,0.354807692,0.7080406402991515,0.7080406402991515,28.1,23.26,14.05,447.9905720640924,571.0514421780001,1.0
Baseline AR,2014-04-18T01:00:00+00:00,2014-04-18T11:00:00+10:00,2014-04-18,11,2,0.774230769,0.7462295921080532,0.7462295921080532,26.61,24.63,13.305,616.4051529853182,708.18421144635,1.0
Baseline AR,2014-04-18T02:00:00+00:00,2014-04-18T12:00:00+10:00,2014-04-18,12,3,0.729551282,0.7576753342680087,0.7576753342680087,26.29,23.64,13.145,586.4878161252892,682.0485480567,1.0
Baseline AR,2014-04-18T03:00:00+00:00,2014-04-18T13:00:00+10:00,2014-04-18,13,4,0.667692308,0.7017519747519269,0.7017519747519269,25.95,23.38,12.975,533.0561870611874,649.149230889,1.0
Baseline AR,2014-04-18T04:00:00+00:00,2014-04-18T14:00:00+10:00,2014-04-18,14,5,0.451730769,0.5780565226787869,0.5780565226787869,26.93,25.4,13.465,415.982576473646,586.4266441375499,1.0
Baseline AR,2014-04-18T05:00:00+00:00,2014-04-18T15:00:00+10:00,2014-04-18,15,6,0.303333333,0.42291920416183737,0.42291920416183737,32.92,27.74,16.46,358.62350285051525,643.5859998354001,1.0
Baseline AR,2014-04-18T06:00:00+00:00,2014-04-18T16:00:00+10:00,2014-04-18,16,7,0.218589744,0.2024610635627865,0.2024610635627865,39.16,32.230000000000004,19.58,253.44607858830332,715.7996156255999,1.0
Baseline AR,2014-04-18T07:00:00+00:00,2014-04-18T17:00:00+10:00,2014-04-18,17,8,0.039551282,0.052072887767594986,0.052072887767594986,43.23,41.89,21.615,59.413692885796955,674.0970288129,1.0
Baseline AR,2014-04-18T08:00:00+00:00,2014-04-18T18:00:00+10:00,2014-04-18,18,9,0.006089744,0.006917798331463767,0.006917798331463767,43.24,41.63,21.62,8.436691956187401,652.5498079584,1.0
Baseline AR,2014-04-18T09:00:00+00:00,2014-04-18T19:00:00+10:00,2014-04-18,19,10,0.0,8.783136522038797e-05,8.783136522038797e-05,43.0,38.63,21.5,0.05665123056715024,645.0,1.0
Baseline AR,2014-04-18T10:00:00+00:00,2014-04-18T20:00:00+10:00,2014-04-18,20,11,0.0,0.0,0.0,41.04,33.0,20.52,0.0,615.6,1.0
Baseline AR,2014-04-18T23:00:00+00:00,2014-04-19T09:00:00+10:00,2014-04-19,9,0,0.622692308,0.2544512779169378,0.2544512779169378,22.87,15.02,11.435,340.5084299342388,556.6645962594,1.0
Baseline AR,2014-04-19T00:00:00+00:00,2014-04-19T10:00:00+10:00,2014-04-19,10,1,0.760576923,0.5827978793314068,0.5827978793314068,21.58,15.49,10.79,459.917268671948,569.8987499750999,1.0
Baseline AR,2014-04-19T01:00:00+00:00,2014-04-19T11:00:00+10:00,2014-04-19,11,2,0.802628205,0.6351876734084166,0.6351876734084166,18.47,9.19,9.235,398.12084439540314,499.41814419524997,1.0
Baseline AR,2014-04-19T02:00:00+00:00,2014-04-19T12:00:00+10:00,2014-04-19,12,3,0.782307692,0.575379007208225,0.575379007208225,16.77,11.81,8.385,362.7880115481839,448.3394999226,1.0
Baseline AR,2014-04-19T03:00:00+00:00,2014-04-19T13:00:00+10:00,2014-04-19,13,4,0.718910256,0.6345111176869018,0.6345111176869018,16.7,14.22,8.35,353.8947423655055,430.587019128,1.0
Baseline AR,2014-04-19T04:00:00+00:00,2014-04-19T14:00:00+10:00,2014-04-19,14,5,0.605769231,0.5325959859426308,0.5325959859426308,16.490000000000002,13.97,8.245000000000001,294.14214124936296,397.18701928785003,1.0
Baseline AR,2014-04-19T05:00:00+00:00,2014-04-19T15:00:00+10:00,2014-04-19,15,6,0.434615385,0.3897288557467069,0.3897288557467069,18.64,16.94,9.32,240.74771030008208,401.118461646,1.0
Baseline AR,2014-04-19T06:00:00+00:00,2014-04-19T16:00:00+10:00,2014-04-19,16,7,0.215512821,0.1779315898005493,0.1779315898005493,22.31,18.05,11.155,139.4398497480102,406.77136554764996,1.0
Baseline AR,2014-04-19T07:00:00+00:00,2014-04-19T17:00:00+10:00,2014-04-19,17,8,0.044423077,0.035759577047397184,0.035759577047397184,24.96,19.7,12.48,31.896899765079276,391.03200002880004,1.0
Baseline AR,2014-04-19T08:00:00+00:00,2014-04-19T18:00:00+10:00,2014-04-19,18,9,0.00525641,0.004006867803535386,0.004006867803535386,28.52,22.34,14.26,4.265719272775461,430.048692198,1.0
Baseline AR,2014-04-19T09:00:00+00:00,2014-04-19T19:00:00+10:00,2014-04-19,19,10,0.0,6.946402525030475e-05,6.946402525030475e-05,30.13,25.3,15.065,0.03139426621187523,451.95,1.0
Baseline AR,2014-04-19T10:00:00+00:00,2014-04-19T20:00:00+10:00,2014-04-19,20,11,0.0,0.0,0.0,29.64,22.07,14.82,0.0,444.6,1.0
Baseline AR,2014-04-19T23:00:00+00:00,2014-04-20T09:00:00+10:00,2014-04-20,9,0,0.581025641,0.548225574251829,0.548225574251829,26.45,15.72,13.225,450.4855046472637,627.27192306675,1.0
Baseline AR,2014-04-20T00:00:00+00:00,2014-04-20T10:00:00+10:00,2014-04-20,10,1,0.682371795,0.7241620251671363,0.7241620251671363,22.61,13.56,11.305,477.02594510968424,570.57639427425,1.0
Baseline AR,2014-04-20T01:00:00+00:00,2014-04-20T11:00:00+10:00,2014-04-20,11,2,0.793910256,0.7587774887848118,0.7587774887848118,22.03,13.67,11.015,515.8839901728309,592.7976440952001,1.0
Baseline AR,2014-04-20T02:00:00+00:00,2014-04-20T12:00:00+10:00,2014-04-20,12,3,0.78224359,0.7721612353277086,0.7721612353277086,20.86,13.64,10.43,487.34420059998166,557.6640193110001,1.0
Baseline AR,2014-04-20T03:00:00+00:00,2014-04-20T13:00:00+10:00,2014-04-20,13,4,0.727628205,0.6964709034001204,0.6964709034001204,21.03,15.610000000000005,10.515,453.9944572943597,544.98031726725,1.0
Baseline AR,2014-04-20T04:00:00+00:00,2014-04-20T14:00:00+10:00,2014-04-20,14,5,0.613846154,0.5743805606869725,0.5743805606869725,21.41,19.14,10.705,391.58577780958285,518.2866923570999,1.0
Baseline AR,2014-04-20T05:00:00+00:00,2014-04-20T15:00:00+10:00,2014-04-20,15,6,0.439358974,0.40944138469398145,0.40944138469398145,22.73,21.64,11.365,298.62057920029326,490.7494421853,1.0
Baseline AR,2014-04-20T06:00:00+00:00,2014-04-20T16:00:00+10:00,2014-04-20,16,7,0.226602564,0.20145944697510482,0.20145944697510482,24.39,20.56,12.195,162.91615193263956,448.75254803940004,1.0
Baseline AR,2014-04-20T07:00:00+00:00,2014-04-20T17:00:00+10:00,2014-04-20,17,8,0.047692308,0.048249294507238964,0.048249294507238964,28.31,25.44,14.155,40.74160150469903,444.90253859219996,1.0
Baseline AR,2014-04-20T08:00:00+00:00,2014-04-20T18:00:00+10:00,2014-04-20,18,9,0.004935897,0.005266258335731103,0.005266258335731103,30.68,28.16,15.34,4.695031885503454,462.47149979939996,1.0
Baseline AR,2014-04-20T09:00:00+00:00,2014-04-20T19:00:00+10:00,2014-04-20,19,10,0.0,4.9319695620940664e-05,4.9319695620940664e-05,31.21,28.86,15.605,0.023089015504943373,468.15000000000003,1.0
Baseline AR,2014-04-20T10:00:00+00:00,2014-04-20T20:00:00+10:00,2014-04-20,20,11,0.0,0.0,0.0,31.33,33.08,15.665,0.0,469.95,1.0
Baseline AR,2014-04-20T23:00:00+00:00,2014-04-21T09:00:00+10:00,2014-04-21,9,0,0.100512821,0.5258183120345963,0.5258183120345963,27.7,20.05,13.85,260.24058577587476,457.2630771255,1.0
Baseline AR,2014-04-21T00:00:00+00:00,2014-04-21T10:00:00+10:00,2014-04-21,10,1,0.312692308,0.7119815819998754,0.7119815819998754,25.45,21.73,12.725,391.16925750745236,501.120288579,1.0
Baseline AR,2014-04-21T01:00:00+00:00,2014-04-21T11:00:00+10:00,2014-04-21,11,2,0.589487179,0.7435751305083221,0.7435751305083221,24.16,22.36,12.08,483.1017809658159,576.0301536696,1.0
Baseline AR,2014-04-21T02:00:00+00:00,2014-04-21T12:00:00+10:00,2014-04-21,12,3,0.658397436,0.7493437086257759,0.7493437086257759,23.19,22.01,11.595,489.68275715807624,576.8735481126,1.0
Baseline AR,2014-04-21T03:00:00+00:00,2014-04-21T13:00:00+10:00,2014-04-21,13,4,0.705576923,0.6950696498403327,0.6950696498403327,23.06,21.97,11.53,487.7745274990788,589.9590576656999,1.0
Baseline AR,2014-04-21T04:00:00+00:00,2014-04-21T14:00:00+10:00,2014-04-21,14,5,0.549551282,0.5751380316379893,0.5751380316379893,24.74,23.28,12.37,417.3722042910578,575.0384807501999,1.0
Baseline AR,2014-04-21T05:00:00+00:00,2014-04-21T15:00:00+10:00,2014-04-21,15,6,0.355192308,0.41356114832377094,0.41356114832377094,31.75,28.48,15.875,366.1188335741959,645.4103366850001,1.0
Baseline AR,2014-04-21T06:00:00+00:00,2014-04-21T16:00:00+10:00,2014-04-21,16,7,0.219871795,0.20401653357502728,0.20401653357502728,40.33,36.71,20.165,264.30100337974795,737.9614423852499,1.0
Baseline AR,2014-04-21T07:00:00+00:00,2014-04-21T17:00:00+10:00,2014-04-21,17,8,0.0525,0.050361734233246934,0.050361734233246934,41.96,39.69,20.98,65.94138410128411,662.4435,1.0
Baseline AR,2014-04-21T08:00:00+00:00,2014-04-21T18:00:00+10:00,2014-04-21,18,9,0.005576923,0.005356234692834767,0.005356234692834767,43.99,49.09,21.995,7.393630594096281,663.52993264155,1.0
Baseline AR,2014-04-21T09:00:00+00:00,2014-04-21T19:00:00+10:00,2014-04-21,19,10,0.0,4.53656562036777e-05,4.53656562036777e-05,45.5,44.9,22.75,0.030962060359010037,682.5,1.0
Baseline AR,2014-04-21T10:00:00+00:00,2014-04-21T20:00:00+10:00,2014-04-21,20,11,0.0,0.0,0.0,45.09,50.56,22.545,0.0,676.35,1.0
Baseline AR,2014-04-21T23:00:00+00:00,2014-04-22T09:00:00+10:00,2014-04-22,9,0,0.357179487,0.14643719271777791,0.14643719271777791,26.62,22.27,13.31,257.74166891437,541.9217691591,1.0
Baseline AR,2014-04-22T00:00:00+00:00,2014-04-22T10:00:00+10:00,2014-04-22,10,1,0.601089744,0.509818310827525,0.509818310827525,25.1,20.63,12.55,440.38107804357116,602.810288616,1.0
Baseline AR,2014-04-22T01:00:00+00:00,2014-04-22T11:00:00+10:00,2014-04-22,11,2,0.749487179,0.6386505237410353,0.6386505237410353,23.87,21.63,11.935,529.2595456484976,626.40388444095,1.0
Baseline AR,2014-04-22T02:00:00+00:00,2014-04-22T12:00:00+10:00,2014-04-22,12,3,0.771602564,0.5905931790177468,0.5905931790177468,23.6,20.79,11.8,531.0355241579962,627.1473076560001,1.0
Baseline AR,2014-04-22T03:00:00+00:00,2014-04-22T13:00:00+10:00,2014-04-22,13,4,0.718846154,0.6325370545935072,0.6325370545935072,24.36,23.8,12.18,523.8827764731709,628.0663846716,1.0
Baseline AR,2014-04-22T04:00:00+00:00,2014-04-22T14:00:00+10:00,2014-04-22,14,5,0.558012821,0.517267361751886,0.517267361751886,26.71,26.03,13.355,446.3044660986385,624.2178367336501,1.0
Baseline AR,2014-04-22T05:00:00+00:00,2014-04-22T15:00:00+10:00,2014-04-22,15,6,0.355769231,0.36159898824843967,0.36159898824843967,35.21,33.31,17.605,378.87802499606346,716.04951935265,1.0
Baseline AR,2014-04-22T06:00:00+00:00,2014-04-22T16:00:00+10:00,2014-04-22,16,7,0.143269231,0.18103426257732722,0.18103426257732722,41.8,37.44,20.9,203.33829047298414,716.829807837,1.0
Baseline AR,2014-04-22T07:00:00+00:00,2014-04-22T17:00:00+10:00,2014-04-22,17,8,0.054358974,0.04805815438778535,0.04805815438778535,47.66,40.87,23.83,76.43898407019186,753.7612305126,1.0
Baseline AR,2014-04-22T08:00:00+00:00,2014-04-22T18:00:00+10:00,2014-04-22,18,9,0.012179487,0.005386566857238565,0.005386566857238565,48.47,47.7,24.235,17.553275591402212,735.90509602335,1.0
Baseline AR,2014-04-22T09:00:00+00:00,2014-04-22T19:00:00+10:00,2014-04-22,19,10,0.0,6.267059878955423e-05,6.267059878955423e-05,48.63,40.35,24.315,0.045715068287040334,729.45,1.0
Baseline AR,2014-04-22T10:00:00+00:00,2014-04-22T20:00:00+10:00,2014-04-22,20,11,0.0,0.0,0.0,49.01,41.64,24.505,0.0,735.15,1.0
Baseline AR,2014-04-22T23:00:00+00:00,2014-04-23T09:00:00+10:00,2014-04-23,9,0,0.193461538,0.35234824430104894,0.35234824430104894,26.74,0.0,13.37,218.92430368095071,478.69742289179993,1.0
Baseline AR,2014-04-23T00:00:00+00:00,2014-04-23T10:00:00+10:00,2014-04-23,10,1,0.585448718,0.633650878104941,0.633650878104941,24.31,21.8,12.155,444.54466771966673,578.1338750187,1.0
Baseline AR,2014-04-23T01:00:00+00:00,2014-04-23T11:00:00+10:00,2014-04-23,11,2,0.581217949,0.6812979768600357,0.6812979768600357,22.48,21.19,11.24,425.720370200004,533.1866924028,1.0
Baseline AR,2014-04-23T02:00:00+00:00,2014-04-23T12:00:00+10:00,2014-04-23,12,3,0.4775,0.6615709306042372,0.6615709306042372,20.98,20.43,10.49,358.46562186115347,464.96925000000005,1.0
Baseline AR,2014-04-23T03:00:00+00:00,2014-04-23T13:00:00+10:00,2014-04-23,13,4,0.440384615,0.6743385435541502,0.6743385435541502,20.54,18.65,10.27,343.4462051505337,443.7824998815,1.0
Baseline AR,2014-04-23T04:00:00+00:00,2014-04-23T14:00:00+10:00,2014-04-23,14,5,0.376282051,0.5393965004502334,0.5393965004502334,23.33,21.36,11.665,320.4417090800091,481.62990374744993,1.0
Baseline AR,2014-04-23T05:00:00+00:00,2014-04-23T15:00:00+10:00,2014-04-23,15,6,0.250512821,0.36935176510240353,0.36935176510240353,32.92,25.58,16.46,306.0891326173669,617.5032310098001,1.0
Baseline AR,2014-04-23T06:00:00+00:00,2014-04-23T16:00:00+10:00,2014-04-23,16,7,0.194230769,0.19690658578032302,0.19690658578032302,39.84,37.06,19.92,233.74368321672105,713.6723075544,1.0
Baseline AR,2014-04-23T07:00:00+00:00,2014-04-23T17:00:00+10:00,2014-04-23,17,8,0.050192308,0.05426993646540013,0.05426993646540013,41.13,40.54,20.565,64.44798172292862,647.9161444206,1.0
Baseline AR,2014-04-23T08:00:00+00:00,2014-04-23T18:00:00+10:00,2014-04-23,18,9,0.004294872,0.008645119853136932,0.008645119853136932,40.13,35.71,20.065,7.789228095995776,604.5352982004,1.0
Baseline AR,2014-04-23T09:00:00+00:00,2014-04-23T19:00:00+10:00,2014-04-23,19,10,0.0,0.0001426235068540236,0.0001426235068540236,41.43,35.99,20.715,0.08863337833443297,621.45,1.0
Baseline AR,2014-04-23T10:00:00+00:00,2014-04-23T20:00:00+10:00,2014-04-23,20,11,0.0,0.0,0.0,41.36,38.66,20.68,0.0,620.4,1.0
Baseline AR,2014-04-23T23:00:00+00:00,2014-04-24T09:00:00+10:00,2014-04-24,9,0,0.454807692,0.1824717061529766,0.1824717061529766,24.56,19.75,12.28,295.8042247078745,535.9511537327999,1.0
Baseline AR,2014-04-24T00:00:00+00:00,2014-04-24T10:00:00+10:00,2014-04-24,10,1,0.682435897,0.5363137135889845,0.5363137135889845,20.93,17.88,10.465,415.13131994419206,528.20074986315,1.0
Baseline AR,2014-04-24T01:00:00+00:00,2014-04-24T11:00:00+10:00,2014-04-24,11,2,0.742628205,0.6912963442269225,0.6912963442269225,19.89,20.64,9.945,444.2812167908943,519.91312496175,1.0
Baseline AR,2014-04-24T02:00:00+00:00,2014-04-24T12:00:00+10:00,2014-04-24,12,3,0.483076923,0.6812283180984374,0.6812283180984374,19.75,20.01,9.875,344.9254276754121,439.36153843875,1.0
Baseline AR,2014-04-24T03:00:00+00:00,2014-04-24T13:00:00+10:00,2014-04-24,13,4,0.341217949,0.609723189611031,0.609723189611031,20.66,21.07,10.33,294.6966588555585,415.6434423951,1.0
Baseline AR,2014-04-24T04:00:00+00:00,2014-04-24T14:00:00+10:00,2014-04-24,14,5,0.51275641,0.5324479290830134,0.5324479290830134,23.21,26.18,11.605,363.88789065175115,526.6661441415,1.0
Baseline AR,2014-04-24T05:00:00+00:00,2014-04-24T15:00:00+10:00,2014-04-24,15,6,0.416923077,0.37449215913996187,0.37449215913996187,31.56,40.27,15.78,405.8299681404279,670.7713846518,1.0
Baseline AR,2014-04-24T06:00:00+00:00,2014-04-24T16:00:00+10:00,2014-04-24,16,7,0.203653846,0.1794282750419197,0.1794282750419197,38.26,64.81,19.13,253.04955170691096,690.7769422194,1.0
Baseline AR,2014-04-24T07:00:00+00:00,2014-04-24T17:00:00+10:00,2014-04-24,17,8,0.037051282,0.04569403140503051,0.04569403140503051,39.47,52.01,19.735,48.98936280144831,613.9862115081,1.0
Baseline AR,2014-04-24T08:00:00+00:00,2014-04-24T18:00:00+10:00,2014-04-24,18,9,0.003717949,0.005215801818443317,0.005215801818443317,41.62,187.37,20.81,5.577340635954163,626.6211155607,1.0
Baseline AR,2014-04-24T09:00:00+00:00,2014-04-24T19:00:00+10:00,2014-04-24,19,10,0.0,4.45037379092474e-05,4.45037379092474e-05,44.28,49.64,22.14,0.029559382719322125,664.2,1.0
Baseline AR,2014-04-24T10:00:00+00:00,2014-04-24T20:00:00+10:00,2014-04-24,20,11,0.0,0.0,0.0,43.02,44.52,21.51,0.0,645.3000000000001,1.0
Baseline AR,2014-04-24T23:00:00+00:00,2014-04-25T09:00:00+10:00,2014-04-25,9,0,0.258269231,0.43912018319273977,0.43912018319273977,28.18,30.5,14.09,294.78650537927115,531.8704039437,1.0
Baseline AR,2014-04-25T00:00:00+00:00,2014-04-25T10:00:00+10:00,2014-04-25,10,1,0.213205128,0.715631344541648,0.715631344541648,27.91,26.87,13.955,388.85738922956097,507.90832683720004,1.0
Baseline AR,2014-04-25T01:00:00+00:00,2014-04-25T11:00:00+10:00,2014-04-25,11,2,0.145,0.7500056173986347,0.7500056173986347,26.78,26.26,13.39,359.5237565090316,459.9465,1.0
Baseline AR,2014-04-25T02:00:00+00:00,2014-04-25T12:00:00+10:00,2014-04-25,12,3,0.133717949,0.8335453180635853,0.8335453180635853,25.72,25.15,12.86,373.1701684331312,437.3883847242,1.0
Baseline AR,2014-04-25T03:00:00+00:00,2014-04-25T13:00:00+10:00,2014-04-25,13,4,0.103461538,0.6453339600800004,0.6453339600800004,25.78,23.4,12.89,289.55921910753614,426.7085767446,1.0
Baseline AR,2014-04-25T04:00:00+00:00,2014-04-25T14:00:00+10:00,2014-04-25,14,5,0.082435897,0.5895121939113636,0.5895121939113636,26.97,27.95,13.485,271.83660017819216,437.89944213135,1.0
Baseline AR,2014-04-25T05:00:00+00:00,2014-04-25T15:00:00+10:00,2014-04-25,15,6,0.079615385,0.43089778015161206,0.43089778015161206,36.11,35.06,18.055,276.51945590437066,584.77367328525,1.0
Baseline AR,2014-04-25T06:00:00+00:00,2014-04-25T16:00:00+10:00,2014-04-25,16,7,0.075448718,0.1898149791701128,0.1898149791701128,41.27,33.42,20.635,164.21149173315834,665.7565288779001,1.0
Baseline AR,2014-04-25T07:00:00+00:00,2014-04-25T17:00:00+10:00,2014-04-25,17,8,0.019230769,0.04071819695690637,0.04071819695690637,44.18,36.15,22.09,39.72817973964186,675.4442306162999,1.0
Baseline AR,2014-04-25T08:00:00+00:00,2014-04-25T18:00:00+10:00,2014-04-25,18,9,0.001282051,0.003158536546278105,0.003158536546278105,48.78,66.18,24.39,3.24917790761169,732.6380767167,1.0
Baseline AR,2014-04-25T09:00:00+00:00,2014-04-25T19:00:00+10:00,2014-04-25,19,10,0.0,3.639890817324571e-05,3.639890817324571e-05,52.01,45.38,26.005,0.02839660821135764,780.15,1.0
Baseline AR,2014-04-25T10:00:00+00:00,2014-04-25T20:00:00+10:00,2014-04-25,20,11,0.0,0.0,0.0,52.56,50.58,26.28,0.0,788.4000000000001,1.0
Baseline AR,2014-04-25T23:00:00+00:00,2014-04-26T09:00:00+10:00,2014-04-26,9,0,0.144871795,0.26524559621617605,0.26524559621617605,27.88,27.25,13.94,171.51109300660482,478.785384669,1.0
Baseline AR,2014-04-26T00:00:00+00:00,2014-04-26T10:00:00+10:00,2014-04-26,10,1,0.228910256,0.3816291037716144,0.3816291037716144,27.16,20.97,13.58,248.73373517095575,500.6580382944,1.0
Baseline AR,2014-04-26T01:00:00+00:00,2014-04-26T11:00:00+10:00,2014-04-26,11,2,0.241217949,0.5433793666742432,0.5433793666742432,25.13,20.86,12.565,295.753958143406,467.87710587554994,1.0
Baseline AR,2014-04-26T02:00:00+00:00,2014-04-26T12:00:00+10:00,2014-04-26,12,3,0.330320513,0.47780826054001924,0.47780826054001924,23.9,19.17,11.95,289.7141653140969,476.9199039105,1.0
Baseline AR,2014-04-26T03:00:00+00:00,2014-04-26T13:00:00+10:00,2014-04-26,13,4,0.330769231,0.4875174374677373,0.4875174374677373,23.63,20.99,11.815,290.0417096383894,471.69115392795,1.0
Baseline AR,2014-04-26T04:00:00+00:00,2014-04-26T14:00:00+10:00,2014-04-26,14,5,0.437179487,0.4461403545393833,0.4461403545393833,23.68,22.69,11.84,313.7552077147889,510.4861537824,1.0
Baseline AR,2014-04-26T05:00:00+00:00,2014-04-26T15:00:00+10:00,2014-04-26,15,6,0.154423077,0.2825296056404938,0.2825296056404938,24.28,23.68,12.14,159.13816701766785,420.4408846434,1.0
Baseline AR,2014-04-26T06:00:00+00:00,2014-04-26T16:00:00+10:00,2014-04-26,16,7,0.093653846,0.13801075248595304,0.13801075248595304,27.98,24.31,13.99,97.2296319845545,459.0065191662,1.0
Baseline AR,2014-04-26T07:00:00+00:00,2014-04-26T17:00:00+10:00,2014-04-26,17,8,0.021730769,0.029318624294813588,0.029318624294813588,31.27,29.97,15.635,23.94471792493231,479.24281719945003,1.0
Baseline AR,2014-04-26T08:00:00+00:00,2014-04-26T18:00:00+10:00,2014-04-26,18,9,0.002435897,0.0024812093933459568,0.0024812093933459568,35.58,32.46,17.79,2.6242596821287365,535.0000382289,1.0
Baseline AR,2014-04-26T09:00:00+00:00,2014-04-26T19:00:00+10:00,2014-04-26,19,10,0.0,9.618029901065075e-06,9.618029901065075e-06,38.0,40.0,19.0,0.0054822770436070934,570.0,1.0
Baseline AR,2014-04-26T10:00:00+00:00,2014-04-26T20:00:00+10:00,2014-04-26,20,11,0.0,0.0,0.0,37.23,33.85,18.615,0.0,558.4499999999999,1.0
Baseline AR,2014-04-26T23:00:00+00:00,2014-04-27T09:00:00+10:00,2014-04-27,9,0,0.042307692,0.1671959974007491,0.1671959974007491,21.37,23.55,10.685,67.15640763741013,334.1117306706,1.0
Baseline AR,2014-04-27T00:00:00+00:00,2014-04-27T10:00:00+10:00,2014-04-27,10,1,0.073525641,0.4568056067652373,0.4568056067652373,20.07,21.7,10.035,159.6562221397247,323.18489422305004,1.0
Baseline AR,2014-04-27T01:00:00+00:00,2014-04-27T11:00:00+10:00,2014-04-27,11,2,0.159358974,0.5808382526307756,0.5808382526307756,18.73,19.13,9.365,207.95841082191637,325.7219037453,1.0
Baseline AR,2014-04-27T02:00:00+00:00,2014-04-27T12:00:00+10:00,2014-04-27,12,3,0.161794872,0.5707548904214488,0.5707548904214488,17.75,18.79,8.875,195.0413742447107,309.32788467,1.0
Baseline AR,2014-04-27T03:00:00+00:00,2014-04-27T13:00:00+10:00,2014-04-27,13,4,0.168717949,0.5911992291862008,0.5911992291862008,17.59,19.59,8.795,200.5041474644291,308.36623084365,1.0
Baseline AR,2014-04-27T04:00:00+00:00,2014-04-27T14:00:00+10:00,2014-04-27,14,5,0.307371795,0.49078309814957893,0.49078309814957893,18.42,18.58,9.21,220.53019697722868,361.22682695850006,1.0
Baseline AR,2014-04-27T05:00:00+00:00,2014-04-27T15:00:00+10:00,2014-04-27,15,6,0.16974359,0.32986173190321205,0.32986173190321205,19.1,38.77,9.55,143.13692472527026,335.131538535,1.0
Baseline AR,2014-04-27T06:00:00+00:00,2014-04-27T16:00:00+10:00,2014-04-27,16,7,0.161217949,0.13159215759958726,0.13159215759958726,20.5,18.59,10.25,97.45148078775635,357.0745193175,1.0
Baseline AR,2014-04-27T07:00:00+00:00,2014-04-27T17:00:00+10:00,2014-04-27,17,8,0.066282051,0.029825456899337886,0.029825456899337886,24.25,22.04,12.125,45.8031199136261,387.86009605124997,1.0
Baseline AR,2014-04-27T08:00:00+00:00,2014-04-27T18:00:00+10:00,2014-04-27,18,9,0.004166667,0.0027430487942524816,0.0027430487942524816,27.59,28.14,13.795,3.472239976294834,415.57437513794997,1.0
Baseline AR,2014-04-27T09:00:00+00:00,2014-04-27T19:00:00+10:00,2014-04-27,19,10,0.0,2.9434500709651736e-05,2.9434500709651736e-05,30.1,30.13,15.05,0.01328967707040776,451.5,1.0
Baseline AR,2014-04-27T10:00:00+00:00,2014-04-27T20:00:00+10:00,2014-04-27,20,11,0.0,0.0,0.0,31.25,30.44,15.625,0.0,468.75,1.0
Baseline AR,2014-04-27T23:00:00+00:00,2014-04-28T09:00:00+10:00,2014-04-28,9,0,0.135961538,0.11860091093434301,0.11860091093434301,20.78,21.94,10.39,85.36257261108486,354.0792113946,1.0
Baseline AR,2014-04-28T00:00:00+00:00,2014-04-28T10:00:00+10:00,2014-04-28,10,1,0.442820513,0.39313174935527984,0.39313174935527984,20.21,18.96,10.105,266.618748395223,437.39103851595,1.0
Baseline AR,2014-04-28T01:00:00+00:00,2014-04-28T11:00:00+10:00,2014-04-28,11,2,0.763782051,0.5599675181411303,0.5599675181411303,19.1,20.65,9.55,447.12449100093744,505.32355761150006,1.0
Baseline AR,2014-04-28T02:00:00+00:00,2014-04-28T12:00:00+10:00,2014-04-28,12,3,0.725897436,0.5301974724567153,0.5301974724567153,18.88,21.3,9.44,425.35612510364246,488.7741538752,1.0
Baseline AR,2014-04-28T03:00:00+00:00,2014-04-28T13:00:00+10:00,2014-04-28,13,4,0.671089744,0.5555514961233835,0.5555514961233835,18.79,21.48,9.395,387.61722529644294,470.9966443464,1.0
Baseline AR,2014-04-28T04:00:00+00:00,2014-04-28T14:00:00+10:00,2014-04-28,14,5,0.570128205,0.5084562287239335,0.5084562287239335,20.28,23.51,10.14,352.84201442315094,477.632999961,1.0
Baseline AR,2014-04-28T05:00:00+00:00,2014-04-28T15:00:00+10:00,2014-04-28,15,6,0.399551282,0.35500891658256145,0.35500891658256145,28.45,35.6,14.225,350.57135656904063,597.2585095935,1.0
Baseline AR,2014-04-28T06:00:00+00:00,2014-04-28T16:00:00+10:00,2014-04-28,16,7,0.186730769,0.1816726840159608,0.1816726840159608,35.26,70.19,17.63,202.82417470297466,627.6619037240998,1.0
Baseline AR,2014-04-28T07:00:00+00:00,2014-04-28T17:00:00+10:00,2014-04-28,17,8,0.046217949,0.0647667178216454,0.0647667178216454,37.52,41.0,18.76,62.46217048722204,588.8114616972,1.0
Baseline AR,2014-04-28T08:00:00+00:00,2014-04-28T18:00:00+10:00,2014-04-28,18,9,0.003782051,0.007628532648700014,0.007628532648700014,39.34,43.71,19.67,6.7333854110978795,592.3317882951001,1.0
Baseline AR,2014-04-28T09:00:00+00:00,2014-04-28T19:00:00+10:00,2014-04-28,19,10,0.0,4.252130031410792e-05,4.252130031410792e-05,41.07,43.84,20.535,0.026195247058506184,616.05,1.0
Baseline AR,2014-04-28T10:00:00+00:00,2014-04-28T20:00:00+10:00,2014-04-28,20,11,0.0,0.0,0.0,43.22,43.25,21.61,0.0,648.3,1.0
Baseline AR,2014-04-28T23:00:00+00:00,2014-04-29T09:00:00+10:00,2014-04-29,9,0,0.249807692,0.18673911627382386,0.18673911627382386,26.48,29.7,13.24,204.5396549399486,496.4236152624,1.0
Baseline AR,2014-04-29T00:00:00+00:00,2014-04-29T10:00:00+10:00,2014-04-29,10,1,0.343589744,0.59127675216538,0.59127675216538,25.73,26.82,12.865,360.81172419502843,518.5584616968,1.0
Baseline AR,2014-04-29T01:00:00+00:00,2014-04-29T11:00:00+10:00,2014-04-29,11,2,0.649551282,0.6650795459006515,0.6650795459006515,23.97,23.91,11.985,472.6755141716792,593.0961634431,1.0
Baseline AR,2014-04-29T02:00:00+00:00,2014-04-29T12:00:00+10:00,2014-04-29,12,3,0.366346154,0.6531505924721605,0.6531505924721605,23.31,23.33,11.655,356.4670374039909,477.74293274609994,1.0
Baseline AR,2014-04-29T03:00:00+00:00,2014-04-29T13:00:00+10:00,2014-04-29,13,4,0.388141026,0.6433512828300999,0.6433512828300999,23.24,22.83,11.62,359.5782188581728,483.9059616636,1.0
Baseline AR,2014-04-29T04:00:00+00:00,2014-04-29T14:00:00+10:00,2014-04-29,14,5,0.401794872,0.5331939856974406,0.5331939856974406,25.04,25.41,12.52,351.18181495115874,526.5141539232,1.0
Baseline AR,2014-04-29T05:00:00+00:00,2014-04-29T15:00:00+10:00,2014-04-29,15,6,0.202051282,0.37761904028074544,0.37761904028074544,34.2,58.87,17.1,297.37087533002244,616.6523076660001,1.0
Baseline AR,2014-04-29T06:00:00+00:00,2014-04-29T16:00:00+10:00,2014-04-29,16,7,0.108461538,0.18270344964641258,0.18270344964641258,43.17,103.27,21.585,188.5438877504345,717.7842689319001,1.0
Baseline AR,2014-04-29T07:00:00+00:00,2014-04-29T17:00:00+10:00,2014-04-29,17,8,0.023846154,0.0412639171883587,0.0412639171883587,46.12,55.61,23.06,45.04314724810655,708.2967693372,1.0
Baseline AR,2014-04-29T08:00:00+00:00,2014-04-29T18:00:00+10:00,2014-04-29,18,9,0.000448718,0.00392325658036607,0.00392325658036607,46.72,51.32,23.36,3.063879785920542,701.1144615744,1.0
Baseline AR,2014-04-29T09:00:00+00:00,2014-04-29T19:00:00+10:00,2014-04-29,19,10,0.0,4.245336943989846e-05,4.245336943989846e-05,47.62,41.33,23.81,0.03032444179091947,714.3,1.0
Baseline AR,2014-04-29T10:00:00+00:00,2014-04-29T20:00:00+10:00,2014-04-29,20,11,0.0,0.0,0.0,47.45,48.21,23.725,0.0,711.75,1.0
Baseline AR,2014-04-29T23:00:00+00:00,2014-04-30T09:00:00+10:00,2014-04-30,9,0,0.515833333,0.28218944374244126,0.28218944374244126,27.49,28.26,13.745,430.8049235669496,625.05387486255,1.0
Baseline AR,2014-04-30T00:00:00+00:00,2014-04-30T10:00:00+10:00,2014-04-30,10,1,0.699294872,0.6327231752028691,0.6327231752028691,26.35,24.72,13.175,549.5372403426203,671.646298158,1.0
Baseline AR,2014-04-30T01:00:00+00:00,2014-04-30T11:00:00+10:00,2014-04-30,11,2,0.796987179,0.6212396042908565,0.6212396042908565,24.2,26.55,12.1,591.0028959709946,652.306345977,1.0
Baseline AR,2014-04-30T02:00:00+00:00,2014-04-30T12:00:00+10:00,2014-04-30,12,3,0.754871795,0.6300948727706034,0.6300948727706034,23.86,27.29,11.93,553.1767761584049,628.0686154305,1.0
Baseline AR,2014-04-30T03:00:00+00:00,2014-04-30T13:00:00+10:00,2014-04-30,13,4,0.711666667,0.6111503875825229,0.6111503875825229,24.16,27.04,12.08,524.5006067832701,620.3080001208,1.0
Baseline AR,2014-04-30T04:00:00+00:00,2014-04-30T14:00:00+10:00,2014-04-30,14,5,0.590064103,0.5645796840498338,0.5645796840498338,26.75,28.29,13.375,474.7038228129977,638.01322132875,1.0
Baseline AR,2014-04-30T05:00:00+00:00,2014-04-30T15:00:00+10:00,2014-04-30,15,6,0.420448718,0.39699498958268914,0.39699498958268914,37.73,34.22,18.865,473.4362263018571,803.9029519520999,1.0
Baseline AR,2014-04-30T06:00:00+00:00,2014-04-30T16:00:00+10:00,2014-04-30,16,7,0.194358974,0.16137965565201445,0.16137965565201445,44.06,44.24,22.03,257.0817801522791,789.3518459166,1.0
Baseline AR,2014-04-30T07:00:00+00:00,2014-04-30T17:00:00+10:00,2014-04-30,17,8,0.035833333,0.029728256507988507,0.029728256507988507,46.92,64.72,23.46,53.69911037753415,729.0194997654,1.0
Baseline AR,2014-04-30T08:00:00+00:00,2014-04-30T18:00:00+10:00,2014-04-30,18,9,0.002435897,0.0010624617095751408,0.0010624617095751408,48.07,93.57,24.035,5.387546235129933,722.80640353185,1.0
Baseline AR,2014-04-30T09:00:00+00:00,2014-04-30T19:00:00+10:00,2014-04-30,19,10,0.0,1.9207890571270044e-06,1.9207890571270044e-06,46.79,61.24,23.395,0.0013481057997445879,701.85,1.0
Baseline AR,2014-04-30T10:00:00+00:00,2014-04-30T20:00:00+10:00,2014-04-30,20,11,0.0,0.0,0.0,47.44,38.69,23.72,0.0,711.5999999999999,1.0
Baseline MLR,2014-01-20T22:00:00+00:00,2014-01-21T09:00:00+11:00,2014-01-21,9,0,0.079487179,0.2951967417601854,0.2951967417601854,34.28,25.67,17.14,192.66247205488736,555.0723074418,1.0
Baseline MLR,2014-01-20T23:00:00+00:00,2014-01-21T10:00:00+11:00,2014-01-21,10,1,0.164166667,0.5214692871232464,0.5214692871232464,32.410000000000004,23.69,16.205000000000002,333.32191909701623,565.9596251620501,1.0
Baseline MLR,2014-01-21T00:00:00+00:00,2014-01-21T11:00:00+11:00,2014-01-21,11,2,0.241025641,0.5784431376099757,0.5784431376099757,31.59,24.22,15.795,388.305280744337,588.05999998785,1.0
Baseline MLR,2014-01-21T01:00:00+00:00,2014-01-21T12:00:00+11:00,2014-01-21,12,3,0.576217949,0.6866901788202882,0.6866901788202882,31.33,26.6,15.665,593.5036746691444,740.7436251325499,1.0
Baseline MLR,2014-01-21T02:00:00+00:00,2014-01-21T13:00:00+11:00,2014-01-21,13,4,0.811794872,0.6507586945621113,0.6507586945621113,30.37,27.34,15.185,724.988119350096,825.3631539396,1.0
Baseline MLR,2014-01-21T03:00:00+00:00,2014-01-21T14:00:00+11:00,2014-01-21,14,5,0.706858974,0.7418408221528091,0.7418408221528091,31.06,28.24,15.53,674.9492350275937,795.2255959866,1.0
Baseline MLR,2014-01-21T04:00:00+00:00,2014-01-21T15:00:00+11:00,2014-01-21,15,6,0.564294872,0.5591873599068343,0.5591873599068343,32.64,25.85,16.32,551.5171384490222,765.8787693311999,1.0
Baseline MLR,2014-01-21T05:00:00+00:00,2014-01-21T16:00:00+11:00,2014-01-21,16,7,0.403461538,0.43148649143210493,0.43148649143210493,38.32,25.01,19.16,479.9281273175739,806.7096920424,1.0
Baseline MLR,2014-01-21T06:00:00+00:00,2014-01-21T17:00:00+11:00,2014-01-21,17,8,0.282435897,0.27353818752101533,0.27353818752101533,45.79,50.49,22.895,389.2367687454368,880.84109585445,1.0
Baseline MLR,2014-01-21T07:00:00+00:00,2014-01-21T18:00:00+11:00,2014-01-21,18,9,0.153782051,0.19554494804952044,0.19554494804952044,71.35000000000001,39.76,35.675000000000004,373.8672207327493,1234.8352400827503,1.0
Baseline MLR,2014-01-21T08:00:00+00:00,2014-01-21T19:00:00+11:00,2014-01-21,19,10,0.090512821,0.10124787354469106,0.10124787354469106,73.72,38.31,36.86,212.04897602751936,1205.8890774618,1.0
Baseline MLR,2014-01-21T09:00:00+00:00,2014-01-21T20:00:00+11:00,2014-01-21,20,11,0.029487179,0.029664286081929697,0.029664286081929697,69.35000000000001,39.25,34.675000000000004,61.53231155147738,1070.92403795475,1.0
Baseline MLR,2014-01-21T22:00:00+00:00,2014-01-22T09:00:00+11:00,2014-01-22,9,0,0.055192308,0.32179998318393066,0.32179998318393066,49.13,37.73,24.565,277.82446898799776,777.6239713806,1.0
Baseline MLR,2014-01-21T23:00:00+00:00,2014-01-22T10:00:00+11:00,2014-01-22,10,1,0.468076923,0.5801218140177595,0.5801218140177595,41.18,27.28,20.59,647.47235985587,906.8311153371,1.0
Baseline MLR,2014-01-22T00:00:00+00:00,2014-01-22T11:00:00+11:00,2014-01-22,11,2,0.504423077,0.7382659418463663,0.7382659418463663,44.68,50.44,22.34,832.8501804308346,1008.2643462054,1.0
Baseline MLR,2014-01-22T01:00:00+00:00,2014-01-22T12:00:00+11:00,2014-01-22,12,3,0.263525641,0.6218371126417597,0.6218371126417597,42.56,28.18,21.28,565.2155819248994,806.6347692144001,1.0
Baseline MLR,2014-01-22T02:00:00+00:00,2014-01-22T13:00:00+11:00,2014-01-22,13,4,0.511410256,0.741576226293734,0.741576226293734,41.31,31.41,20.655,776.4130737533122,936.5453651304,1.0
Baseline MLR,2014-01-22T03:00:00+00:00,2014-01-22T14:00:00+11:00,2014-01-22,14,5,0.469102564,0.6688829463379761,0.6688829463379761,40.88,27.42,20.44,697.8127149392469,900.8536922448,1.0
Baseline MLR,2014-01-22T04:00:00+00:00,2014-01-22T15:00:00+11:00,2014-01-22,15,6,0.428076923,0.5673049365466857,0.5673049365466857,41.18,26.91,20.59,614.8473746419878,882.1231153371,1.0
Baseline MLR,2014-01-22T05:00:00+00:00,2014-01-22T16:00:00+11:00,2014-01-22,16,7,0.342820513,0.43599383192757507,0.43599383192757507,44.0,40.33,22.0,514.0174676521996,886.26153858,1.0
Baseline MLR,2014-01-22T06:00:00+00:00,2014-01-22T17:00:00+11:00,2014-01-22,17,8,0.288269231,0.3283673215078604,0.3283673215078604,60.5,53.65,30.25,559.5976714008833,1169.1043271325,1.0
Baseline MLR,2014-01-22T07:00:00+00:00,2014-01-22T18:00:00+11:00,2014-01-22,18,9,0.153717949,0.22343496394998028,0.22343496394998028,98.23,76.29,49.115,555.7159595861484,1699.94571195405,1.0
Baseline MLR,2014-01-22T08:00:00+00:00,2014-01-22T19:00:00+11:00,2014-01-22,19,10,0.043076923,0.1335479041536472,0.1335479041536472,92.07,46.67,46.035,243.92771754054445,1440.5413845091498,1.0
Baseline MLR,2014-01-22T09:00:00+00:00,2014-01-22T20:00:00+11:00,2014-01-22,20,11,0.019038462,0.039224528132056985,0.039224528132056985,78.23,35.12,39.115,68.36870577046227,1195.7906832339,1.0
Baseline MLR,2014-01-22T22:00:00+00:00,2014-01-23T09:00:00+11:00,2014-01-23,9,0,0.158782051,0.3222943021518656,0.3222943021518656,52.78,31.52,26.39,380.868148790332,917.4077497767,1.0
Baseline MLR,2014-01-22T23:00:00+00:00,2014-01-23T10:00:00+11:00,2014-01-23,10,1,0.190128205,0.5968219373235387,0.5968219373235387,45.35,27.25,22.675,535.3228343155872,809.58471145125,1.0
Baseline MLR,2014-01-23T00:00:00+00:00,2014-01-23T11:00:00+11:00,2014-01-23,11,2,0.250448718,0.6962994668418663,0.6962994668418663,47.05,25.43,23.525,668.167531452147,882.5041827284999,1.0
Baseline MLR,2014-01-23T01:00:00+00:00,2014-01-23T12:00:00+11:00,2014-01-23,12,3,0.456858974,0.7905416752712453,0.7905416752712453,45.59,27.32,22.795,853.0349340041411,996.2730093699,1.0
Baseline MLR,2014-01-23T02:00:00+00:00,2014-01-23T13:00:00+11:00,2014-01-23,13,4,0.755641026,0.8129352633208048,0.8129352633208048,44.73,26.88,22.365,1052.436261319794,1177.9473463947,1.0
Baseline MLR,2014-01-23T03:00:00+00:00,2014-01-23T14:00:00+11:00,2014-01-23,14,5,0.751282051,0.7565527884124301,0.7565527884124301,44.57,26.07,22.285,1008.06298188918,1170.8196151960499,1.0
Baseline MLR,2014-01-23T04:00:00+00:00,2014-01-23T15:00:00+11:00,2014-01-23,15,6,0.559807692,0.6391422541508447,0.6391422541508447,46.13,28.86,23.065,829.6134152390771,1079.3089324794003,1.0
Baseline MLR,2014-01-23T05:00:00+00:00,2014-01-23T16:00:00+11:00,2014-01-23,16,7,0.342820513,0.47403355069290076,0.47403355069290076,51.39,27.67,25.695,629.6719549976726,1035.11319244605,1.0
Baseline MLR,2014-01-23T06:00:00+00:00,2014-01-23T17:00:00+11:00,2014-01-23,17,8,0.288269231,0.3345359386856418,0.3345359386856418,69.9,31.97000000000001,34.95,653.0112204153955,1350.7502887035,1.0
Baseline MLR,2014-01-23T07:00:00+00:00,2014-01-23T18:00:00+11:00,2014-01-23,18,9,0.064294872,0.23934926752642632,0.23934926752642632,104.01,56.07,52.005,473.730404282154,1660.4596445508,1.0
Baseline MLR,2014-01-23T08:00:00+00:00,2014-01-23T19:00:00+11:00,2014-01-23,19,10,0.037115385,0.13662905383867952,0.13662905383867952,105.8,22.25,52.9,275.7324244369844,1645.902115995,1.0
Baseline MLR,2014-01-23T09:00:00+00:00,2014-01-23T20:00:00+11:00,2014-01-23,20,11,0.023397436,0.039899753980356584,0.039899753980356584,93.19,60.02,46.595,88.47997701404145,1430.5561059125998,1.0
Baseline MLR,2014-01-23T22:00:00+00:00,2014-01-24T09:00:00+11:00,2014-01-24,9,0,0.1075,0.2808068635812192,0.2808068635812192,59.51,36.34,29.755,346.6221217757753,988.609875,1.0
Baseline MLR,2014-01-23T23:00:00+00:00,2014-01-24T10:00:00+11:00,2014-01-24,10,1,0.169423077,0.49830319014295843,0.49830319014295843,50.39,33.25,25.195,504.7008990200051,883.9084327504501,1.0
Baseline MLR,2014-01-24T00:00:00+00:00,2014-01-24T11:00:00+11:00,2014-01-24,11,2,0.239230769,0.46245693839683344,0.46245693839683344,48.23,36.55,24.115,507.63597191623916,896.5214998330499,1.0
Baseline MLR,2014-01-24T01:00:00+00:00,2014-01-24T12:00:00+11:00,2014-01-24,12,3,0.382692308,0.5053853904053602,0.5053853904053602,47.06,51.63,23.53,626.8940473043438,976.0425002172,1.0
Baseline MLR,2014-01-24T02:00:00+00:00,2014-01-24T13:00:00+11:00,2014-01-24,13,4,0.306410256,0.46846304242818154,0.46846304242818154,44.73,49.5,22.365,519.9012395803884,876.5359612632,1.0
Baseline MLR,2014-01-24T03:00:00+00:00,2014-01-24T14:00:00+11:00,2014-01-24,14,5,0.269487179,0.32694641886823483,0.32694641886823483,42.68,44.34,21.34,381.836789355244,812.7256919958,1.0
Baseline MLR,2014-01-24T04:00:00+00:00,2014-01-24T15:00:00+11:00,2014-01-24,15,6,0.235064103,0.1984193774743575,0.1984193774743575,43.55,39.77,21.775,302.95573869489215,806.8056252847499,1.0
Baseline MLR,2014-01-24T05:00:00+00:00,2014-01-24T16:00:00+11:00,2014-01-24,16,7,0.176602564,0.054855083732197774,0.054855083732197774,50.95,54.03,25.475,281.1864862507449,899.218509537,1.0
Baseline MLR,2014-01-24T06:00:00+00:00,2014-01-24T17:00:00+11:00,2014-01-24,17,8,0.137115385,0.0121907780268308,0.0121907780268308,74.63,45.63,37.315,198.3032274098428,1272.94381773825,1.0
Baseline MLR,2014-01-24T07:00:00+00:00,2014-01-24T18:00:00+11:00,2014-01-24,18,9,0.094038462,-0.012022381749155042,0.0,114.33,65.6,57.165,185.06769321599998,1876.2212604069,1.0
Baseline MLR,2014-01-24T08:00:00+00:00,2014-01-24T19:00:00+11:00,2014-01-24,19,10,0.036730769,-0.0021369532324493345,0.0,105.08,70.36,52.54,77.53130720520001,1634.0950380978002,1.0
Baseline MLR,2014-01-24T09:00:00+00:00,2014-01-24T20:00:00+11:00,2014-01-24,20,11,0.011730769,0.00023847866822249153,0.00023847866822249153,88.82,55.14,44.41,19.645996926172007,1347.9289035386998,1.0
Baseline MLR,2014-01-24T22:00:00+00:00,2014-01-25T09:00:00+11:00,2014-01-25,9,0,0.511538462,0.3987127965886682,0.3987127965886682,43.58,44.46,21.79,671.7639827856591,988.0926926094,1.0
Baseline MLR,2014-01-24T23:00:00+00:00,2014-01-25T10:00:00+11:00,2014-01-25,10,1,0.684871795,0.665157728905945,0.665157728905945,36.63,41.66,18.315,755.580468099093,925.75280776275,1.0
Baseline MLR,2014-01-25T00:00:00+00:00,2014-01-25T11:00:00+11:00,2014-01-25,11,2,0.790384615,0.7630525424306847,0.7630525424306847,38.92,48.41,19.46,930.6345175344841,1147.8755763645,0.0
Baseline MLR,2014-01-25T01:00:00+00:00,2014-01-25T12:00:00+11:00,2014-01-25,12,3,0.830641026,0.8025300478909987,0.8025300478909987,34.0,26.92,17.0,841.2830747696481,933.62692326,1.0
Baseline MLR,2014-01-25T02:00:00+00:00,2014-01-25T13:00:00+11:00,2014-01-25,13,4,0.828333333,0.8169224881709559,0.8169224881709559,32.160000000000004,29.93,16.080000000000002,798.4126141593371,881.9879998392,1.0
Baseline MLR,2014-01-25T03:00:00+00:00,2014-01-25T14:00:00+11:00,2014-01-25,14,5,0.785576923,0.7614303131643343,0.7614303131643343,29.05,33.64,14.525,687.9552765688712,792.8042306916,0.0
Baseline MLR,2014-01-25T04:00:00+00:00,2014-01-25T15:00:00+11:00,2014-01-25,15,6,0.681858974,0.6412124380477529,0.6412124380477529,28.31,33.09,14.155,584.9315398737522,714.2014133091,1.0
Baseline MLR,2014-01-25T05:00:00+00:00,2014-01-25T16:00:00+11:00,2014-01-25,16,7,0.525961538,0.4721717700066199,0.4721717700066199,29.02,30.16,14.51,459.74172504817363,664.2510574914,1.0
Baseline MLR,2014-01-25T06:00:00+00:00,2014-01-25T17:00:00+11:00,2014-01-25,17,8,0.324679487,0.33675515111890886,0.33675515111890886,34.83,34.5,17.415,345.56652668522395,692.07879798315,1.0
Baseline MLR,2014-01-25T07:00:00+00:00,2014-01-25T18:00:00+11:00,2014-01-25,18,9,0.132371795,0.20485319433174964,0.20485319433174964,46.08,91.71,23.04,233.08991262610533,782.6953847039999,1.0
Baseline MLR,2014-01-25T08:00:00+00:00,2014-01-25T19:00:00+11:00,2014-01-25,19,10,0.053589744,0.11678186033062582,0.11678186033062582,55.51,29.65,27.755,141.85991634589558,877.2715003416,1.0
Baseline MLR,2014-01-25T09:00:00+00:00,2014-01-25T20:00:00+11:00,2014-01-25,20,11,0.030128205,0.027238120448862813,0.027238120448862813,59.56,65.63,29.78,54.359361090762086,920.316538347,1.0
Baseline MLR,2014-01-25T22:00:00+00:00,2014-01-26T09:00:00+11:00,2014-01-26,9,0,0.508012821,0.4093546801864996,0.4093546801864996,51.89,56.98,25.945,805.8886565529216,1173.76177922535,1.0
Baseline MLR,2014-01-25T23:00:00+00:00,2014-01-26T10:00:00+11:00,2014-01-26,10,1,0.640384615,0.666152975655224,0.666152975655224,46.02,51.4,23.01,901.9028988293013,1132.3574997345002,1.0
Baseline MLR,2014-01-26T00:00:00+00:00,2014-01-26T11:00:00+11:00,2014-01-26,11,2,0.809294872,0.7595207520655174,0.7595207520655174,59.15,31.72000000000001,29.575,1395.1346270699144,1605.2968751820001,1.0
Baseline MLR,2014-01-26T01:00:00+00:00,2014-01-26T12:00:00+11:00,2014-01-26,12,3,0.832692308,0.7962492801084107,0.7962492801084107,52.58,31.23,26.29,1290.147087274637,1445.4444233196,1.0
Baseline MLR,2014-01-26T02:00:00+00:00,2014-01-26T13:00:00+11:00,2014-01-26,13,4,0.818717949,0.8095983800360023,0.8095983800360023,44.74,23.24,22.37,1093.0011091660215,1220.5416155739001,1.0
Baseline MLR,2014-01-26T03:00:00+00:00,2014-01-26T14:00:00+11:00,2014-01-26,14,5,0.769230769,0.7526992313043763,0.7526992313043763,38.31,24.14,19.155,877.0493661372903,1016.6884614058501,1.0
Baseline MLR,2014-01-26T04:00:00+00:00,2014-01-26T15:00:00+11:00,2014-01-26,15,6,0.670448718,0.6360212292487445,0.6360212292487445,35.03,19.56,17.515,688.5967602167424,877.7372788731001,1.0
Baseline MLR,2014-01-26T05:00:00+00:00,2014-01-26T16:00:00+11:00,2014-01-26,16,7,0.520576923,0.47083019536928267,0.47083019536928267,37.15,21.44,18.575,556.7373479511429,847.3414903417499,1.0
Baseline MLR,2014-01-26T06:00:00+00:00,2014-01-26T17:00:00+11:00,2014-01-26,17,8,0.321153846,0.3385656930025689,0.3385656930025689,39.26,24.17,19.63,388.50883651861284,778.0274999094,1.0
Baseline MLR,2014-01-26T07:00:00+00:00,2014-01-26T18:00:00+11:00,2014-01-26,18,9,0.109935897,0.23693756849209585,0.23693756849209585,42.48,22.32,21.24,221.02777221156347,707.2511535683999,1.0
Baseline MLR,2014-01-26T08:00:00+00:00,2014-01-26T19:00:00+11:00,2014-01-26,19,10,0.038589744,0.13430284938754888,0.13430284938754888,45.77,22.32,22.885,118.69940999022171,713.0437887432,1.0
Baseline MLR,2014-01-26T09:00:00+00:00,2014-01-26T20:00:00+11:00,2014-01-26,20,11,0.021538462,0.03823030888085996,0.03823030888085996,46.66,35.33,23.33,41.83216273951389,714.9747695537999,1.0
Baseline MLR,2014-01-26T22:00:00+00:00,2014-01-27T09:00:00+11:00,2014-01-27,9,0,0.517692308,0.41097474262567396,0.41097474262567396,35.85,23.47,17.925,517.1431734739754,816.1390386270001,1.0
Baseline MLR,2014-01-26T23:00:00+00:00,2014-01-27T10:00:00+11:00,2014-01-27,10,1,0.678205128,0.6687070136432931,0.6687070136432931,31.53,22.36,15.765,638.90129931567,793.7071152876,1.0
Baseline MLR,2014-01-27T00:00:00+00:00,2014-01-27T11:00:00+11:00,2014-01-27,11,2,0.773461538,0.7620901116883383,0.7620901116883383,31.75,21.52,15.875,733.232224209951,844.6110574725,1.0
Baseline MLR,2014-01-27T01:00:00+00:00,2014-01-27T12:00:00+11:00,2014-01-27,12,3,0.816346154,0.801429239853688,0.801429239853688,30.8,20.8,15.4,749.8287720521064,839.151923148,1.0
Baseline MLR,2014-01-27T02:00:00+00:00,2014-01-27T13:00:00+11:00,2014-01-27,13,4,0.806730769,0.81604654740843,0.81604654740843,32.22,20.41,16.11,784.2882770201943,873.1929806576999,1.0
Baseline MLR,2014-01-27T03:00:00+00:00,2014-01-27T14:00:00+11:00,2014-01-27,14,5,0.761282051,0.7605425851104581,0.7605425851104581,31.62,20.52,15.81,721.9059114373825,835.3760767893,1.0
Baseline MLR,2014-01-27T04:00:00+00:00,2014-01-27T15:00:00+11:00,2014-01-27,15,6,0.662884615,0.6442616039987319,0.6442616039987319,33.1,25.69,16.55,654.104527349418,825.6222113475,1.0
Baseline MLR,2014-01-27T05:00:00+00:00,2014-01-27T16:00:00+11:00,2014-01-27,16,7,0.513589744,0.47861702303624937,0.47861702303624937,43.07,24.57,21.535,644.1994480875184,977.8546541112,1.0
Baseline MLR,2014-01-27T06:00:00+00:00,2014-01-27T17:00:00+11:00,2014-01-27,17,8,0.315448718,0.34407075678489896,0.34407075678489896,55.16,28.81,27.58,545.6864134370253,1088.4022692731999,1.0
Baseline MLR,2014-01-27T07:00:00+00:00,2014-01-27T18:00:00+11:00,2014-01-27,18,9,0.104551282,0.24061578312879256,0.24061578312879256,90.91,39.66,45.455,470.68706836287794,1506.2213556993,1.0
Baseline MLR,2014-01-27T08:00:00+00:00,2014-01-27T19:00:00+11:00,2014-01-27,19,10,0.035384615,0.13623872847464918,0.13623872847464918,109.41,44.65,54.705,281.6596501434205,1699.2214609072498,1.0
Baseline MLR,2014-01-27T09:00:00+00:00,2014-01-27T20:00:00+11:00,2014-01-27,20,11,0.02025641,0.03818970303063038,0.03818970303063038,113.03,37.12,56.515,99.09246233778228,1729.7937303345,1.0
Baseline MLR,2014-01-27T22:00:00+00:00,2014-01-28T09:00:00+11:00,2014-01-28,9,0,0.49724359,0.4061204179872072,0.4061204179872072,117.06,45.83,58.53,1551.4989330878632,2629.0100196810004,1.0
Baseline MLR,2014-01-27T23:00:00+00:00,2014-01-28T10:00:00+11:00,2014-01-28,10,1,0.653717949,0.662609131574414,0.662609131574414,84.75,43.98,42.375,1673.380801180224,2102.28894266625,1.0
Baseline MLR,2014-01-28T00:00:00+00:00,2014-01-28T11:00:00+11:00,2014-01-28,11,2,0.755384615,0.7548970411257238,0.7548970411257238,175.29,40.41,87.645,3970.3681559756287,4615.520537450249,1.0
Baseline MLR,2014-01-28T01:00:00+00:00,2014-01-28T12:00:00+11:00,2014-01-28,12,3,0.808397436,0.7932955033568823,0.7932955033568823,147.9,38.56,73.95,3537.3220640760455,4011.929711766,1.0
Baseline MLR,2014-01-28T02:00:00+00:00,2014-01-28T13:00:00+11:00,2014-01-28,13,4,0.796282051,0.8072054304127719,0.8072054304127719,112.45,32.47,56.225,2704.6825092729932,3029.87874952425,1.0
Baseline MLR,2014-01-28T03:00:00+00:00,2014-01-28T14:00:00+11:00,2014-01-28,14,5,0.739038462,0.7512626734956456,0.7512626734956456,109.61,30.32,54.805,2450.2786119251655,2859.2400872973,1.0
Baseline MLR,2014-01-28T04:00:00+00:00,2014-01-28T15:00:00+11:00,2014-01-28,15,6,0.649807692,0.6353946767322273,0.6353946767322273,115.28,29.19,57.64,2210.070427480724,2852.8474610064,1.0
Baseline MLR,2014-01-28T05:00:00+00:00,2014-01-28T16:00:00+11:00,2014-01-28,16,7,0.506346154,0.47126807138289145,0.47126807138289145,155.76,35.65,77.88,2239.657453316973,3519.4271542056,1.0
Baseline MLR,2014-01-28T06:00:00+00:00,2014-01-28T17:00:00+11:00,2014-01-28,17,8,0.312307692,0.3390773628797231,0.3390773628797231,201.0,58.88,100.5,1963.9259404623654,3956.60769138,1.0
Baseline MLR,2014-01-28T07:00:00+00:00,2014-01-28T18:00:00+11:00,2014-01-28,18,9,0.105064103,0.23748595536242117,0.23748595536242117,300.53000000000003,66.92,150.26500000000001,1544.198535594877,4981.573723118851,1.0
Baseline MLR,2014-01-28T08:00:00+00:00,2014-01-28T19:00:00+11:00,2014-01-28,19,10,0.035961538,0.13446047200140054,0.13446047200140054,302.62,98.95,151.31,773.5966299993574,4702.5402094434,1.0
Baseline MLR,2014-01-28T09:00:00+00:00,2014-01-28T20:00:00+11:00,2014-01-28,20,11,0.019935897,0.037281027238471515,0.037281027238471515,277.13,66.3,138.565,237.8478932131142,4239.82252703415,1.0
Baseline MLR,2014-01-28T22:00:00+00:00,2014-01-29T09:00:00+11:00,2014-01-29,9,0,0.465384615,0.4013060728213279,0.4013060728213279,216.95,49.72,108.475,2707.48012847132,4768.72788336375,1.0
Baseline MLR,2014-01-28T23:00:00+00:00,2014-01-29T10:00:00+11:00,2014-01-29,10,1,0.621538462,0.6564903165989717,0.6564903165989717,146.83,36.01,73.415,2814.7944834253053,3571.3573856319003,1.0
Baseline MLR,2014-01-29T00:00:00+00:00,2014-01-29T11:00:00+11:00,2014-01-29,11,2,0.71974359,0.7477692049256717,0.7477692049256717,61.85,38.05,30.925,1361.484995492292,1595.4921156225,1.0
Baseline MLR,2014-01-29T01:00:00+00:00,2014-01-29T12:00:00+11:00,2014-01-29,12,3,0.768717949,0.7846007191622517,0.7846007191622517,56.74,35.95,28.37,1322.0295184728925,1505.3558463939,1.0
Baseline MLR,2014-01-29T02:00:00+00:00,2014-01-29T13:00:00+11:00,2014-01-29,13,4,0.761410256,0.7979220631094168,0.7979220631094168,48.33,32.0,24.165,1130.4379647383716,1276.9343650872,1.0
Baseline MLR,2014-01-29T03:00:00+00:00,2014-01-29T14:00:00+11:00,2014-01-29,14,5,0.710576923,0.742256937910953,0.742256937910953,47.48,28.04,23.74,1034.7082757407807,1218.2728845605998,1.0
Baseline MLR,2014-01-29T04:00:00+00:00,2014-01-29T15:00:00+11:00,2014-01-29,15,6,0.624871795,0.6268658905905339,0.6268658905905339,45.93,31.15,22.965,862.3846784875983,1119.4554231652498,1.0
Baseline MLR,2014-01-29T05:00:00+00:00,2014-01-29T16:00:00+11:00,2014-01-29,16,7,0.486794872,0.4622719535024084,0.4622719535024084,54.82,33.64,27.41,785.0009840778304,1222.5914232455998,1.0
Baseline MLR,2014-01-29T06:00:00+00:00,2014-01-29T17:00:00+11:00,2014-01-29,17,8,0.310897436,0.326735951316017,0.326735951316017,74.73,41.56,37.365,714.7551455118894,1469.4504808842003,1.0
Baseline MLR,2014-01-29T07:00:00+00:00,2014-01-29T18:00:00+11:00,2014-01-29,18,9,0.121730769,0.17179709970290954,0.17179709970290954,155.44,76.59,77.72,684.3895786677039,2615.4274610004,1.0
Baseline MLR,2014-01-29T08:00:00+00:00,2014-01-29T19:00:00+11:00,2014-01-29,19,10,0.032115385,0.07979333596997001,0.07979333596997001,136.79,59.58,68.395,229.61990912223297,2117.7459527122496,1.0
Baseline MLR,2014-01-29T09:00:00+00:00,2014-01-29T20:00:00+11:00,2014-01-29,20,11,0.014551282,0.027975053304309605,0.027975053304309605,106.94,50.55,53.47,68.21649446164304,1627.4417114562,1.0
Baseline MLR,2014-01-29T22:00:00+00:00,2014-01-30T09:00:00+11:00,2014-01-30,9,0,0.458397436,0.3883604271761603,0.3883604271761603,52.4,29.93,26.2,673.3888217438496,1146.300384696,1.0
Baseline MLR,2014-01-29T23:00:00+00:00,2014-01-30T10:00:00+11:00,2014-01-30,10,1,0.636474359,0.6492478869354472,0.6492478869354472,43.18,34.07,21.59,832.7622986923892,1059.9444423242999,1.0
Baseline MLR,2014-01-30T00:00:00+00:00,2014-01-30T11:00:00+11:00,2014-01-30,11,2,0.733076923,0.7412164145087771,0.7412164145087771,36.16,37.73,18.08,799.6567062647606,940.0209230352,1.0
Baseline MLR,2014-01-30T01:00:00+00:00,2014-01-30T12:00:00+11:00,2014-01-30,12,3,0.774294872,0.7810310621386808,0.7810310621386808,33.14,30.62,16.57,773.1525218603382,882.0019808712001,1.0
Baseline MLR,2014-01-30T02:00:00+00:00,2014-01-30T13:00:00+11:00,2014-01-30,13,4,0.775,0.795373845813646,0.795373845813646,31.82,30.16,15.91,749.5394366068532,847.2075,1.0
Baseline MLR,2014-01-30T03:00:00+00:00,2014-01-30T14:00:00+11:00,2014-01-30,14,5,0.71775641,0.7403381736984331,0.7403381736984331,31.23,30.81,15.615,683.044407733531,804.6829902645001,1.0
Baseline MLR,2014-01-30T04:00:00+00:00,2014-01-30T15:00:00+11:00,2014-01-30,15,6,0.623974359,0.6249117582224739,0.6249117582224739,33.56,29.53,16.78,628.6892714097934,817.5086923206001,1.0
Baseline MLR,2014-01-30T05:00:00+00:00,2014-01-30T16:00:00+11:00,2014-01-30,16,7,0.486987179,0.45819530121829083,0.45819530121829083,36.16,30.94,18.08,523.7748837185843,806.5418458895999,1.0
Baseline MLR,2014-01-30T06:00:00+00:00,2014-01-30T17:00:00+11:00,2014-01-30,17,8,0.303910256,0.3271426230426913,0.3271426230426913,49.74,49.29,24.87,470.82855305375205,972.8474420016,1.0
Baseline MLR,2014-01-30T07:00:00+00:00,2014-01-30T18:00:00+11:00,2014-01-30,18,9,0.105,0.20453077790174523,0.20453077790174523,70.21000000000001,126.62,35.105000000000004,325.9823387472231,1163.7307500000002,1.0
Baseline MLR,2014-01-30T08:00:00+00:00,2014-01-30T19:00:00+11:00,2014-01-30,19,10,0.038910256,0.11805863095820629,0.11805863095820629,71.96000000000001,54.82,35.980000000000004,169.4322165826879,1121.3997303264002,1.0
Baseline MLR,2014-01-30T09:00:00+00:00,2014-01-30T20:00:00+11:00,2014-01-30,20,11,0.020769231,0.03105897049286363,0.03105897049286363,59.7,50.56,29.85,46.41215443685938,914.0988463605001,1.0
Baseline MLR,2014-01-30T22:00:00+00:00,2014-01-31T09:00:00+11:00,2014-01-31,9,0,0.455384615,0.3950704530733467,0.3950704530733467,40.45,34.02,20.225,540.9746284668486,883.05461515125,1.0
Baseline MLR,2014-01-30T23:00:00+00:00,2014-01-31T10:00:00+11:00,2014-01-31,10,1,0.608076923,0.6491084941417335,0.6491084941417335,32.67,30.71,16.335,616.0837136703066,788.0380961161501,1.0
Baseline MLR,2014-01-31T00:00:00+00:00,2014-01-31T11:00:00+11:00,2014-01-31,11,2,0.679166667,0.7400768195997531,0.7400768195997531,35.53,34.25,17.765,756.3858161833384,894.91187517765,1.0
Baseline MLR,2014-01-31T01:00:00+00:00,2014-01-31T12:00:00+11:00,2014-01-31,12,3,0.783589744,0.7773839002510596,0.7773839002510596,33.59,30.3,16.795,789.0108682507797,898.6616925144001,1.0
Baseline MLR,2014-01-31T02:00:00+00:00,2014-01-31T13:00:00+11:00,2014-01-31,13,4,0.61525641,0.788575920158914,0.788575920158914,33.53,29.21,16.765,706.0574704534258,812.3932114094999,1.0
Baseline MLR,2014-01-31T03:00:00+00:00,2014-01-31T14:00:00+11:00,2014-01-31,14,5,0.655961538,0.6383188135612664,0.6383188135612664,33.1,29.68,16.55,649.5596637065859,822.184903617,1.0
Baseline MLR,2014-01-31T04:00:00+00:00,2014-01-31T15:00:00+11:00,2014-01-31,15,6,0.241217949,0.49515995887324094,0.49515995887324094,31.66,29.22,15.83,349.70586844900214,589.4544039801,1.0
Baseline MLR,2014-01-31T05:00:00+00:00,2014-01-31T16:00:00+11:00,2014-01-31,16,7,0.083397436,0.3944140133155217,0.3944140133155217,35.28,29.29,17.64,252.8578189777741,573.3339231312001,1.0
Baseline MLR,2014-01-31T06:00:00+00:00,2014-01-31T17:00:00+11:00,2014-01-31,17,8,0.076410256,0.2804487495858296,0.2804487495858296,47.96,39.72,23.98,256.72436861844585,774.3695381663999,1.0
Baseline MLR,2014-01-31T07:00:00+00:00,2014-01-31T18:00:00+11:00,2014-01-31,18,9,0.156346154,0.17939410975982978,0.17939410975982978,67.61,191.44,33.805,340.4909884920314,1172.7084520791,1.0
Baseline MLR,2014-01-31T08:00:00+00:00,2014-01-31T19:00:00+11:00,2014-01-31,19,10,0.063910256,0.09049977320625019,0.09049977320625019,66.04,76.72,33.02,152.95857493171144,1053.9094995936002,1.0
Baseline MLR,2014-01-31T09:00:00+00:00,2014-01-31T20:00:00+11:00,2014-01-31,20,11,0.029230769,0.031763575323201704,0.031763575323201704,64.13,49.95,32.065,58.67350952170388,990.0685382395499,1.0
Baseline MLR,2014-01-31T22:00:00+00:00,2014-02-01T09:00:00+11:00,2014-02-01,9,0,0.453333333,0.39373480479168266,0.39373480479168266,46.81,36.03,23.405,617.3418355093302,1020.45799976595,1.0
Baseline MLR,2014-01-31T23:00:00+00:00,2014-02-01T10:00:00+11:00,2014-02-01,10,1,0.622371795,0.6489821204986604,0.6489821204986604,39.58,38.33,19.79,754.8028196315547,963.2021346914999,1.0
Baseline MLR,2014-02-01T00:00:00+00:00,2014-02-01T11:00:00+11:00,2014-02-01,11,2,0.72,0.7410042423058345,0.7410042423058345,38.58,39.39,19.29,845.4831550223864,995.3639999999998,1.0
Baseline MLR,2014-02-01T01:00:00+00:00,2014-02-01T12:00:00+11:00,2014-02-01,12,3,0.753397436,0.7783105011883709,0.7783105011883709,34.12,33.82,17.06,783.928122253008,897.3888077447999,1.0
Baseline MLR,2014-02-01T02:00:00+00:00,2014-02-01T13:00:00+11:00,2014-02-01,13,4,0.763717949,0.792803594923235,0.792803594923235,32.26,32.07,16.13,753.2007751044533,853.4631155210999,1.0
Baseline MLR,2014-02-01T03:00:00+00:00,2014-02-01T14:00:00+11:00,2014-02-01,14,5,0.714807692,0.737986082101055,0.737986082101055,29.9,29.19,14.95,651.5780076843231,769.091249862,1.0
Baseline MLR,2014-02-01T04:00:00+00:00,2014-02-01T15:00:00+11:00,2014-02-01,15,6,0.628012821,0.6200072483955281,0.6200072483955281,29.79,29.33,14.895,561.1445812257582,727.4775290638499,1.0
Baseline MLR,2014-02-01T05:00:00+00:00,2014-02-01T16:00:00+11:00,2014-02-01,16,7,0.486602564,0.4452198634937568,0.4452198634937568,30.96,30.27,15.48,451.0998395427208,690.3782307216001,1.0
Baseline MLR,2014-02-01T06:00:00+00:00,2014-02-01T17:00:00+11:00,2014-02-01,17,8,0.292115385,0.30251909641642005,0.30251909641642005,36.39,32.31,18.195,324.5812316811529,705.30118290225,1.0
Baseline MLR,2014-02-01T07:00:00+00:00,2014-02-01T18:00:00+11:00,2014-02-01,18,9,0.118846154,0.17576158087209443,0.17576158087209443,42.0,38.97,21.0,185.60287296941948,704.87307702,1.0
Baseline MLR,2014-02-01T08:00:00+00:00,2014-02-01T19:00:00+11:00,2014-02-01,19,10,0.079102564,0.08755556031118295,0.08755556031118295,47.02,37.27,23.51,117.54397507667734,761.0910383892,1.0
Baseline MLR,2014-02-01T09:00:00+00:00,2014-02-01T20:00:00+11:00,2014-02-01,20,11,0.021794872,0.0280173942275051,0.0280173942275051,49.37,42.26,24.685,36.8884737547789,756.6901924595999,1.0
Baseline MLR,2014-02-01T22:00:00+00:00,2014-02-02T09:00:00+11:00,2014-02-02,9,0,0.446666667,0.39170339723143766,0.39170339723143766,34.300000000000004,32.3,17.150000000000002,456.3222041568863,744.3100001715002,1.0
Baseline MLR,2014-02-01T23:00:00+00:00,2014-02-02T10:00:00+11:00,2014-02-02,10,1,0.616602564,0.6473206213636349,0.6473206213636349,29.47,36.17,14.735,558.7172440899948,714.6191634162001,1.0
Baseline MLR,2014-02-02T00:00:00+00:00,2014-02-02T11:00:00+11:00,2014-02-02,11,2,0.710576923,0.739229757072142,0.739229757072142,32.0,34.15,16.0,695.907206434628,821.07692304,1.0
Baseline MLR,2014-02-02T01:00:00+00:00,2014-02-02T12:00:00+11:00,2014-02-02,12,3,0.759487179,0.7765424274937719,0.7765424274937719,34.730000000000004,29.44,17.365000000000002,800.1946235029305,916.6048459000501,1.0
Baseline MLR,2014-02-02T02:00:00+00:00,2014-02-02T13:00:00+11:00,2014-02-02,13,4,0.760833333,0.7902863430783138,0.7902863430783138,30.78,38.47,15.39,716.1519544453574,878.0777496152999,0.0
Baseline MLR,2014-02-02T03:00:00+00:00,2014-02-02T14:00:00+11:00,2014-02-02,14,5,0.715064103,0.7344540878451888,0.7344540878451888,29.65,32.980000000000004,14.825,644.6732153783977,762.77475980925,1.0
Baseline MLR,2014-02-02T04:00:00+00:00,2014-02-02T15:00:00+11:00,2014-02-02,15,6,0.623461538,0.6189390230279124,0.6189390230279124,29.8,34.47,14.9,558.0082193195896,725.687307486,1.0
Baseline MLR,2014-02-02T05:00:00+00:00,2014-02-02T16:00:00+11:00,2014-02-02,16,7,0.486923077,0.4553136050515606,0.4553136050515606,28.74,27.57,14.37,418.7155845240097,641.0125384946999,1.0
Baseline MLR,2014-02-02T06:00:00+00:00,2014-02-02T17:00:00+11:00,2014-02-02,17,8,0.326410256,0.32249912266776093,0.32249912266776093,31.4,31.38,15.7,307.4761144720007,624.739230576,1.0
Baseline MLR,2014-02-02T07:00:00+00:00,2014-02-02T18:00:00+11:00,2014-02-02,18,9,0.134935897,0.20889349386631556,0.20889349386631556,35.07,43.17,17.535,180.8714510652253,597.03302861685,1.0
Baseline MLR,2014-02-02T08:00:00+00:00,2014-02-02T19:00:00+11:00,2014-02-02,19,10,0.040961538,0.11980431007160569,0.11980431007160569,37.11,40.13,18.555,89.49030932905931,579.4512401277,1.0
Baseline MLR,2014-02-02T09:00:00+00:00,2014-02-02T20:00:00+11:00,2014-02-02,20,11,0.019358974,0.03026634570293138,0.03026634570293138,41.16,63.73,20.58,30.638672384589828,629.3522305475999,1.0
Baseline MLR,2014-02-02T22:00:00+00:00,2014-02-03T09:00:00+11:00,2014-02-03,9,0,0.466858974,0.3932016222540973,0.3932016222540973,38.48,46.66,19.24,557.0175137040444,846.6709997928,1.0
Baseline MLR,2014-02-02T23:00:00+00:00,2014-02-03T10:00:00+11:00,2014-02-03,10,1,0.640961538,0.648725778556957,0.648725778556957,35.47,36.62,17.735,686.1781367741289,873.0735862929,1.0
Baseline MLR,2014-02-03T00:00:00+00:00,2014-02-03T11:00:00+11:00,2014-02-03,11,2,0.738910256,0.7401915816290701,0.7401915816290701,38.92,31.05,19.46,863.4996528078512,1015.1758074528,1.0
Baseline MLR,2014-02-03T01:00:00+00:00,2014-02-03T12:00:00+11:00,2014-02-03,12,3,0.785,0.7786849126548185,0.7786849126548185,36.94,30.73,18.47,868.7604992275926,989.0685,1.0
Baseline MLR,2014-02-03T02:00:00+00:00,2014-02-03T13:00:00+11:00,2014-02-03,13,4,0.785064103,0.7921880406841857,0.7921880406841857,36.08,32.27,18.04,853.6088601618812,966.0766925435998,1.0
Baseline MLR,2014-02-03T03:00:00+00:00,2014-02-03T14:00:00+11:00,2014-02-03,14,5,0.732628205,0.7376890215227757,0.7376890215227757,35.43,30.01,17.715,781.4000900355293,920.80525954725,1.0
Baseline MLR,2014-02-03T04:00:00+00:00,2014-02-03T15:00:00+11:00,2014-02-03,15,6,0.634551282,0.6233057549919594,0.6233057549919594,35.87,30.25,17.935,680.9446387066444,879.4703172801,1.0
Baseline MLR,2014-02-03T05:00:00+00:00,2014-02-03T16:00:00+11:00,2014-02-03,16,7,0.478717949,0.46078863591662783,0.46078863591662783,39.91,31.57,19.955,568.6830862042402,885.2345001688499,1.0
Baseline MLR,2014-02-03T06:00:00+00:00,2014-02-03T17:00:00+11:00,2014-02-03,17,8,0.259871795,0.32993868507374635,0.32993868507374635,55.06,45.59,27.53,487.1244754929071,1040.5281154904999,1.0
Baseline MLR,2014-02-03T07:00:00+00:00,2014-02-03T18:00:00+11:00,2014-02-03,18,9,0.120448718,0.22867601672936597,0.22867601672936597,68.17,92.61,34.085,356.99749749751317,1145.7148365909,1.0
Baseline MLR,2014-02-03T08:00:00+00:00,2014-02-03T19:00:00+11:00,2014-02-03,19,10,0.038846154,0.12483605076813803,0.12483605076813803,72.83,58.77,36.415,178.81462459895235,1134.8874809372999,1.0
Baseline MLR,2014-02-03T09:00:00+00:00,2014-02-03T20:00:00+11:00,2014-02-03,20,11,0.028012821,0.026051657039220494,0.026051657039220494,73.5,54.85,36.75,60.67099906894386,1133.3841351525002,1.0
Baseline MLR,2014-02-03T22:00:00+00:00,2014-02-04T09:00:00+11:00,2014-02-04,9,0,0.095064103,0.33011589335696623,0.33011589335696623,56.06,54.01,28.03,357.533858936573,920.8394042127001,1.0
Baseline MLR,2014-02-03T23:00:00+00:00,2014-02-04T10:00:00+11:00,2014-02-04,10,1,0.094871795,0.6142720289872043,0.6142720289872043,49.66,41.32,24.83,528.2412344880684,815.5700000955,1.0
Baseline MLR,2014-02-04T00:00:00+00:00,2014-02-04T11:00:00+11:00,2014-02-04,11,2,0.068910256,0.731684579102661,0.731684579102661,45.86,48.52,22.93,550.7291870671205,735.3033651024,1.0
Baseline MLR,2014-02-04T01:00:00+00:00,2014-02-04T12:00:00+11:00,2014-02-04,12,3,0.130064103,0.70359920294171,0.70359920294171,40.34,47.38,20.17,504.4496664253289,683.8017887253002,1.0
Baseline MLR,2014-02-04T02:00:00+00:00,2014-02-04T13:00:00+11:00,2014-02-04,13,4,0.208910256,0.7656701739428181,0.7656701739428181,38.0,43.54,19.0,555.5108450674063,689.0788459199999,1.0
Baseline MLR,2014-02-04T03:00:00+00:00,2014-02-04T14:00:00+11:00,2014-02-04,14,5,0.290448718,0.7267968761227526,0.7267968761227526,36.99,39.42,18.495,564.4187178990093,716.0054711823,1.0
Baseline MLR,2014-02-04T04:00:00+00:00,2014-02-04T15:00:00+11:00,2014-02-04,15,6,0.298910256,0.6080594520866435,0.6080594520866435,35.45,35.86,17.725,482.2811422750726,690.6955286280001,1.0
Baseline MLR,2014-02-04T05:00:00+00:00,2014-02-04T16:00:00+11:00,2014-02-04,16,7,0.421730769,0.418930516680941,0.418930516680941,43.04,44.81,21.52,544.687462330942,917.8693844664,1.0
Baseline MLR,2014-02-04T06:00:00+00:00,2014-02-04T17:00:00+11:00,2014-02-04,17,8,0.338141026,0.3108644396558604,0.3108644396558604,53.58,52.97,26.79,543.0287236623022,1075.4639425962,1.0
Baseline MLR,2014-02-04T07:00:00+00:00,2014-02-04T18:00:00+11:00,2014-02-04,18,9,0.197371795,0.22442308159352958,0.22442308159352958,72.05,84.35,36.025,455.8548128784571,1294.05956744625,1.0
Baseline MLR,2014-02-04T08:00:00+00:00,2014-02-04T19:00:00+11:00,2014-02-04,19,10,0.100384615,0.11989893927295531,0.11989893927295531,70.89,69.21000000000001,35.445,234.23851743614702,1170.09398036025,1.0
Baseline MLR,2014-02-04T09:00:00+00:00,2014-02-04T20:00:00+11:00,2014-02-04,20,11,0.022179487,0.030278113539810164,0.030278113539810164,67.9,64.39,33.95,53.428066149796656,1041.0898075095001,1.0
Baseline MLR,2014-02-04T22:00:00+00:00,2014-02-05T09:00:00+11:00,2014-02-05,9,0,0.131730769,0.3302186566389672,0.3302186566389672,44.64,73.53,22.32,309.3213354078524,757.8069229224,1.0
Baseline MLR,2014-02-04T23:00:00+00:00,2014-02-05T10:00:00+11:00,2014-02-05,10,1,0.261217949,0.5664477424520612,0.5664477424520612,39.7,34.01,19.85,492.8749192597025,751.0552886295001,1.0
Baseline MLR,2014-02-05T00:00:00+00:00,2014-02-05T11:00:00+11:00,2014-02-05,11,2,0.195,0.6203149240875101,0.6203149240875101,34.81,27.82,17.405,425.71668761229336,623.9692500000001,1.0
Baseline MLR,2014-02-05T01:00:00+00:00,2014-02-05T12:00:00+11:00,2014-02-05,12,3,0.270064103,0.7583223051347496,0.7583223051347496,30.86,29.76,15.43,476.0400683255756,587.9126732786999,1.0
Baseline MLR,2014-02-05T02:00:00+00:00,2014-02-05T13:00:00+11:00,2014-02-05,13,4,0.462371795,0.7617662675579306,0.7617662675579306,30.19,28.39,15.095,554.3509216293589,662.23506736575,1.0
Baseline MLR,2014-02-05T03:00:00+00:00,2014-02-05T14:00:00+11:00,2014-02-05,14,5,0.625576923,0.7276364761897065,0.7276364761897065,29.96,28.31,14.98,608.1341015958541,730.5342691962001,1.0
Baseline MLR,2014-02-05T04:00:00+00:00,2014-02-05T15:00:00+11:00,2014-02-05,15,6,0.649166667,0.6232453429355738,0.6232453429355738,29.56,31.17,14.78,576.9330002479118,731.2405001477999,1.0
Baseline MLR,2014-02-05T05:00:00+00:00,2014-02-05T16:00:00+11:00,2014-02-05,16,7,0.472371795,0.4693158806085629,0.4693158806085629,31.84,28.66,15.92,450.9180043510568,703.204769292,1.0
Baseline MLR,2014-02-05T06:00:00+00:00,2014-02-05T17:00:00+11:00,2014-02-05,17,8,0.337948718,0.33731618874610886,0.33731618874610886,41.38,59.76,20.69,419.8783151557956,830.4647692626,1.0
Baseline MLR,2014-02-05T07:00:00+00:00,2014-02-05T18:00:00+11:00,2014-02-05,18,9,0.114230769,0.23382543710027864,0.23382543710027864,60.26,55.79,30.13,314.6080046940418,1007.1531920990998,1.0
Baseline MLR,2014-02-05T08:00:00+00:00,2014-02-05T19:00:00+11:00,2014-02-05,19,10,0.038076923,0.12875796267124473,0.12875796267124473,62.7,46.61,31.35,156.90820997380567,976.3113460814999,1.0
Baseline MLR,2014-02-05T09:00:00+00:00,2014-02-05T20:00:00+11:00,2014-02-05,20,11,0.018910256,0.030780853582285078,0.030780853582285078,57.82,37.34,28.91,43.09709934071584,883.7008650288,1.0
Baseline MLR,2014-02-05T22:00:00+00:00,2014-02-06T09:00:00+11:00,2014-02-06,9,0,0.223653846,0.39305719343831214,0.39305719343831214,47.24,45.25,23.62,437.00144254598797,867.0811152756,1.0
Baseline MLR,2014-02-05T23:00:00+00:00,2014-02-06T10:00:00+11:00,2014-02-06,10,1,0.597692308,0.6397942067958069,0.6397942067958069,40.33,52.14,20.165,748.6174671257234,966.5239617245999,1.0
Baseline MLR,2014-02-06T00:00:00+00:00,2014-02-06T11:00:00+11:00,2014-02-06,11,2,0.774487179,0.7513095088132937,0.7513095088132937,58.27,44.82,29.135,1344.528847689564,1550.9905188049502,1.0
Baseline MLR,2014-02-06T01:00:00+00:00,2014-02-06T12:00:00+11:00,2014-02-06,12,3,0.816602564,0.7888306717310087,0.7888306717310087,52.67,49.0,26.335,1287.256026037584,1435.2068556882,1.0
Baseline MLR,2014-02-06T02:00:00+00:00,2014-02-06T13:00:00+11:00,2014-02-06,13,4,0.805833333,0.8032217227042457,0.8032217227042457,50.51,47.3,25.255,1220.827751423419,1368.1896247474501,1.0
Baseline MLR,2014-02-06T03:00:00+00:00,2014-02-06T14:00:00+11:00,2014-02-06,14,5,0.761858974,0.7477430312118368,0.7477430312118368,50.05,40.33,25.025,1139.8150405439717,1322.7156247304997,1.0
Baseline MLR,2014-02-06T04:00:00+00:00,2014-02-06T15:00:00+11:00,2014-02-06,15,6,0.660064103,0.6310026589877326,0.6310026589877326,50.75,41.95,25.375,997.2753755982613,1263.7237984087499,1.0
Baseline MLR,2014-02-06T05:00:00+00:00,2014-02-06T16:00:00+11:00,2014-02-06,16,7,0.509807692,0.46383375480868955,0.46383375480868955,55.08,48.98,27.54,833.9929997547902,1247.4031151304,1.0
Baseline MLR,2014-02-06T06:00:00+00:00,2014-02-06T17:00:00+11:00,2014-02-06,17,8,0.315512821,0.32538184293475925,0.32538184293475925,82.07,100.53,41.035,788.9733760368854,1619.4620582920497,1.0
Baseline MLR,2014-02-06T07:00:00+00:00,2014-02-06T18:00:00+11:00,2014-02-06,18,9,0.111410256,0.22609156156261215,0.22609156156261215,121.81,162.85,60.905,616.6664459595268,2030.7132492504,1.0
Baseline MLR,2014-02-06T08:00:00+00:00,2014-02-06T19:00:00+11:00,2014-02-06,19,10,0.039487179,0.12313318912952559,0.12313318912952559,124.26,91.01,62.13,303.10810415662274,1937.5001529380997,1.0
Baseline MLR,2014-02-06T09:00:00+00:00,2014-02-06T20:00:00+11:00,2014-02-06,20,11,0.017884615,0.02811460056413248,0.02811460056413248,102.09,178.29,51.045,70.44089875413428,1558.73760518025,1.0
Baseline MLR,2014-02-06T22:00:00+00:00,2014-02-07T09:00:00+11:00,2014-02-07,9,0,0.457051282,0.39101293322076747,0.39101293322076747,69.08,76.18,34.54,961.2592451067765,1509.7965384084,1.0
Baseline MLR,2014-02-06T23:00:00+00:00,2014-02-07T10:00:00+11:00,2014-02-07,10,1,0.6325,0.6487884642992034,0.6487884642992034,57.98,61.99,28.99,1114.3365774010172,1419.7852499999997,1.0
Baseline MLR,2014-02-07T00:00:00+00:00,2014-02-07T11:00:00+11:00,2014-02-07,11,2,0.738782051,0.7429377746730438,0.7429377746730438,61.75,57.54,30.875,1372.4429885296568,1610.5468747387501,1.0
Baseline MLR,2014-02-07T01:00:00+00:00,2014-02-07T12:00:00+11:00,2014-02-07,12,3,0.7925,0.7804726493380411,0.7804726493380411,56.7,53.98,28.35,1347.0610681859841,1524.52125,1.0
Baseline MLR,2014-02-07T02:00:00+00:00,2014-02-07T13:00:00+11:00,2014-02-07,13,4,0.79224359,0.7960988455610845,0.7960988455610845,54.52,50.58,27.26,1298.9464438018551,1465.6968079020003,1.0
Baseline MLR,2014-02-07T03:00:00+00:00,2014-02-07T14:00:00+11:00,2014-02-07,14,5,0.748205128,0.7416384651571449,0.7416384651571449,53.59,55.25,26.795,1203.2164040951743,1405.2946921428002,1.0
Baseline MLR,2014-02-07T04:00:00+00:00,2014-02-07T15:00:00+11:00,2014-02-07,15,6,0.644615385,0.6246256060392059,0.6246256060392059,54.22,53.74,27.11,1048.2435324239646,1337.5656926205,1.0
Baseline MLR,2014-02-07T05:00:00+00:00,2014-02-07T16:00:00+11:00,2014-02-07,16,7,0.503269231,0.45859883214887126,0.45859883214887126,62.1,59.95,31.05,934.7093366271022,1400.2952886765,1.0
Baseline MLR,2014-02-07T06:00:00+00:00,2014-02-07T17:00:00+11:00,2014-02-07,17,8,0.31224359,0.32438590095331843,0.32438590095331843,85.46,73.63,42.73,816.0953444530587,1682.1650580209998,1.0
Baseline MLR,2014-02-07T07:00:00+00:00,2014-02-07T18:00:00+11:00,2014-02-07,18,9,0.111538462,0.2187810909323331,0.2187810909323331,135.28,148.09,67.64,670.2844368102905,2255.5338470904,1.0
Baseline MLR,2014-02-07T08:00:00+00:00,2014-02-07T19:00:00+11:00,2014-02-07,19,10,0.043076923,0.12173206260115843,0.12173206260115843,125.92,90.57,62.96,311.29121200346805,1970.1636921624,1.0
Baseline MLR,2014-02-07T09:00:00+00:00,2014-02-07T20:00:00+11:00,2014-02-07,20,11,0.026602564,0.027439931225778758,0.027439931225778758,103.45,86.66,51.725,83.8604419666022,1593.030528687,1.0
Baseline MLR,2014-02-07T22:00:00+00:00,2014-02-08T09:00:00+11:00,2014-02-08,9,0,0.44025641,0.3855582420505492,0.3855582420505492,60.2,45.43,30.1,770.8663182415984,1300.55153823,1.0
Baseline MLR,2014-02-07T23:00:00+00:00,2014-02-08T10:00:00+11:00,2014-02-08,10,1,0.617692308,0.6413617082422338,0.6413617082422338,57.22,73.24,28.61,1080.646062140709,1388.4653079564,1.0
Baseline MLR,2014-02-08T00:00:00+00:00,2014-02-08T11:00:00+11:00,2014-02-08,11,2,0.706538462,0.7342383608638672,0.7342383608638672,58.74,71.64,29.37,1269.4684586253534,1518.4924625304002,0.0
Baseline MLR,2014-02-08T01:00:00+00:00,2014-02-08T12:00:00+11:00,2014-02-08,12,3,0.762051282,0.7745149528270872,0.7745149528270872,51.64,126.75,25.82,1190.2242054970616,2897.699999805,0.0
Baseline MLR,2014-02-08T02:00:00+00:00,2014-02-08T13:00:00+11:00,2014-02-08,13,4,0.772564103,0.789294656909532,0.789294656909532,52.2,96.49,26.1,1222.9354090091635,2236.3413089541,0.0
Baseline MLR,2014-02-08T03:00:00+00:00,2014-02-08T14:00:00+11:00,2014-02-08,14,5,0.724871795,0.7348601645133553,0.7348601645133553,49.64,82.37,24.82,1086.9164170536444,1791.2306926245,0.0
Baseline MLR,2014-02-08T04:00:00+00:00,2014-02-08T15:00:00+11:00,2014-02-08,15,6,0.636217949,0.5987034553499906,0.5987034553499906,48.17,61.86,24.085,934.8057606419587,1182.24927904995,1.0
Baseline MLR,2014-02-08T05:00:00+00:00,2014-02-08T16:00:00+11:00,2014-02-08,16,7,0.492884615,0.44378867389509136,0.44378867389509136,46.36,108.14,23.18,776.4983397858377,1599.016267983,0.0
Baseline MLR,2014-02-08T06:00:00+00:00,2014-02-08T17:00:00+11:00,2014-02-08,17,8,0.315512821,0.31830005736340744,0.31830005736340744,56.13,82.25,28.065,533.6387529380709,1107.59601964095,1.0
Baseline MLR,2014-02-08T07:00:00+00:00,2014-02-08T18:00:00+11:00,2014-02-08,18,9,0.110384615,0.2177735482383356,0.2177735482383356,66.51,109.11,33.255,327.38699155472557,1107.7752111547502,1.0
Baseline MLR,2014-02-08T08:00:00+00:00,2014-02-08T19:00:00+11:00,2014-02-08,19,10,0.039230769,0.11818162914441915,0.11818162914441915,75.69,94.94,37.845,178.71816623326632,1179.89065358415,1.0
Baseline MLR,2014-02-08T09:00:00+00:00,2014-02-08T20:00:00+11:00,2014-02-08,20,11,0.018012821,0.026174841269109433,0.026174841269109433,87.21,105.94,43.605,57.8040903973355,1331.71347179115,1.0
Baseline MLR,2014-02-08T22:00:00+00:00,2014-02-09T09:00:00+11:00,2014-02-09,9,0,0.436794872,0.38649356873738605,0.38649356873738605,53.44,44.27,26.72,686.4316502628549,1151.7347693952,1.0
Baseline MLR,2014-02-08T23:00:00+00:00,2014-02-09T10:00:00+11:00,2014-02-09,10,1,0.611474359,0.6437200670175193,0.6437200670175193,50.9,52.46,25.45,958.3409442643759,1230.3606730965,1.0
Baseline MLR,2014-02-09T00:00:00+00:00,2014-02-09T11:00:00+11:00,2014-02-09,11,2,0.719230769,0.7382930664095904,0.7382930664095904,58.15,63.82,29.075,1271.3251654360151,1499.5990382602502,1.0
Baseline MLR,2014-02-09T01:00:00+00:00,2014-02-09T12:00:00+11:00,2014-02-09,12,3,0.782371795,0.7808004354924216,0.7808004354924216,54.21,51.51,27.105,1272.243970088386,1449.3356251042499,1.0
Baseline MLR,2014-02-09T02:00:00+00:00,2014-02-09T13:00:00+11:00,2014-02-09,13,4,0.780897436,0.7979245817490226,0.7979245817490226,50.24,28.62,25.12,1189.8002725756635,1342.0843077696,1.0
Baseline MLR,2014-02-09T03:00:00+00:00,2014-02-09T14:00:00+11:00,2014-02-09,14,5,0.743012821,0.7445570056536037,0.7445570056536037,42.49,27.63,21.245,948.1026290176743,1110.9092214643501,1.0
Baseline MLR,2014-02-09T04:00:00+00:00,2014-02-09T15:00:00+11:00,2014-02-09,15,6,0.651089744,0.6287528060639627,0.6287528060639627,38.86,29.07,19.43,752.4800648833858,962.4202117776,1.0
Baseline MLR,2014-02-09T05:00:00+00:00,2014-02-09T16:00:00+11:00,2014-02-09,16,7,0.506858974,0.46290024883766423,0.46290024883766423,39.26,25.51,19.63,578.8455254477365,887.3892497886,1.0
Baseline MLR,2014-02-09T06:00:00+00:00,2014-02-09T17:00:00+11:00,2014-02-09,17,8,0.311153846,0.32930910956732384,0.32930910956732384,43.82,26.83,21.91,420.97630069440197,861.8214229758,1.0
Baseline MLR,2014-02-09T07:00:00+00:00,2014-02-09T18:00:00+11:00,2014-02-09,18,9,0.107628205,0.2259710600582721,0.2259710600582721,47.71,28.24,23.855,238.74031403895245,792.67412490825,1.0
Baseline MLR,2014-02-09T08:00:00+00:00,2014-02-09T19:00:00+11:00,2014-02-09,19,10,0.036602564,0.12219444211906716,0.12219444211906716,53.93,30.39,26.965,128.4588381000194,838.5596441478,1.0
Baseline MLR,2014-02-09T09:00:00+00:00,2014-02-09T20:00:00+11:00,2014-02-09,20,11,0.016923077,0.026257329915246597,0.026257329915246597,56.53,46.75,28.265,36.61482604378335,862.29992314215,1.0
Baseline MLR,2014-02-09T22:00:00+00:00,2014-02-10T09:00:00+11:00,2014-02-10,9,0,0.417179487,0.3830095873068998,0.3830095873068998,57.55,46.09,28.775,708.5127727910121,1223.38019215275,1.0
Baseline MLR,2014-02-09T23:00:00+00:00,2014-02-10T10:00:00+11:00,2014-02-10,10,1,0.631858974,0.6392497602259329,0.6392497602259329,53.28,31.84,26.64,1015.8701003933654,1304.1816920208,1.0
Baseline MLR,2014-02-10T00:00:00+00:00,2014-02-10T11:00:00+11:00,2014-02-10,11,2,0.735897436,0.7321341065942515,0.7321341065942515,49.11,31.7,24.555,1082.2321055101775,1278.7488462294,1.0
Baseline MLR,2014-02-10T01:00:00+00:00,2014-02-10T12:00:00+11:00,2014-02-10,12,3,0.781923077,0.770607959149519,0.770607959149519,45.96,57.49,22.98,1082.0294378320814,1348.5827309018998,0.0
Baseline MLR,2014-02-10T02:00:00+00:00,2014-02-10T13:00:00+11:00,2014-02-10,13,4,0.777115385,0.7850936103447187,0.7850936103447187,44.62,38.04,22.31,1045.58648058422,1189.4233271804999,1.0
Baseline MLR,2014-02-10T03:00:00+00:00,2014-02-10T14:00:00+11:00,2014-02-10,14,5,0.726474359,0.7298263563426365,0.7298263563426365,44.66,44.33,22.33,975.575849208032,1156.5651730941,1.0
Baseline MLR,2014-02-10T04:00:00+00:00,2014-02-10T15:00:00+11:00,2014-02-10,15,6,0.635769231,0.6136683813761228,0.6136683813761228,47.23,40.34,23.615,896.2531777866446,1158.8607117019499,1.0
Baseline MLR,2014-02-10T05:00:00+00:00,2014-02-10T16:00:00+11:00,2014-02-10,16,7,0.524038462,0.4487048297123944,0.4487048297123944,55.01,39.01,27.505,828.6605303405494,1257.5603369193,1.0
Baseline MLR,2014-02-10T06:00:00+00:00,2014-02-10T17:00:00+11:00,2014-02-10,17,8,0.330897436,0.31590808992374897,0.31590808992374897,78.34,72.49,39.17,775.0445238508179,1563.9375770436002,1.0
Baseline MLR,2014-02-10T07:00:00+00:00,2014-02-10T18:00:00+11:00,2014-02-10,18,9,0.099038462,0.21651853127228166,0.21651853127228166,129.67000000000002,168.59,64.83500000000001,613.7741297642515,2137.6847605131,1.0
Baseline MLR,2014-02-10T08:00:00+00:00,2014-02-10T19:00:00+11:00,2014-02-10,19,10,0.041025641,0.11402837508875285,0.11402837508875285,121.29,153.34,60.645,282.0975241710725,1893.9899999533502,1.0
Baseline MLR,2014-02-10T09:00:00+00:00,2014-02-10T20:00:00+11:00,2014-02-10,20,11,0.018012821,0.023468544361272964,0.023468544361272964,114.67,124.95,57.335,71.35002248965756,1751.03295276105,1.0
Baseline MLR,2014-02-10T22:00:00+00:00,2014-02-11T09:00:00+11:00,2014-02-11,9,0,0.072051282,0.33051051890200883,0.33051051890200883,85.68,372.79,42.84,517.3724265192617,1377.8003076264001,1.0
Baseline MLR,2014-02-10T23:00:00+00:00,2014-02-11T10:00:00+11:00,2014-02-11,10,1,0.116666667,0.5825869537662972,0.5825869537662972,74.51,88.04,37.255,781.5208092494522,1248.0425003725502,1.0
Baseline MLR,2014-02-11T00:00:00+00:00,2014-02-11T11:00:00+11:00,2014-02-11,11,2,0.280641026,0.7219119888965735,0.7219119888965735,94.55,127.14,47.275,1421.8708133770654,1816.2691351245,1.0
Baseline MLR,2014-02-11T01:00:00+00:00,2014-02-11T12:00:00+11:00,2014-02-11,12,3,0.773525641,0.7707626045605811,0.7707626045605811,83.46,56.44,41.73,1934.5137825980069,2220.2767499679,1.0
Baseline MLR,2014-02-11T02:00:00+00:00,2014-02-11T13:00:00+11:00,2014-02-11,13,4,0.796602564,0.7888025340785972,0.7888025340785972,76.5,61.36,38.25,1824.6601107896988,2061.60144219,1.0
Baseline MLR,2014-02-11T03:00:00+00:00,2014-02-11T14:00:00+11:00,2014-02-11,14,5,0.740705128,0.7357196775221713,0.7357196775221713,75.95,77.94,37.975,1687.9942655415264,1983.0983170740003,1.0
Baseline MLR,2014-02-11T04:00:00+00:00,2014-02-11T15:00:00+11:00,2014-02-11,15,6,0.645384615,0.6179024464371123,0.6179024464371123,73.10000000000001,106.71,36.550000000000004,1443.0387312569599,2066.0697679995,0.0
Baseline MLR,2014-02-11T05:00:00+00:00,2014-02-11T16:00:00+11:00,2014-02-11,16,7,0.500961538,0.4509920492739746,0.4509920492739746,84.34,97.71,42.17,1287.575645375609,1898.8664417238,1.0
Baseline MLR,2014-02-11T06:00:00+00:00,2014-02-11T17:00:00+11:00,2014-02-11,17,8,0.308974359,0.3187009510094386,0.3187009510094386,111.62,121.46,55.81,1050.916771548803,2191.6157692737,1.0
Baseline MLR,2014-02-11T07:00:00+00:00,2014-02-11T18:00:00+11:00,2014-02-11,18,9,0.105064103,0.21845156145598305,0.21845156145598305,149.77,675.6,74.885,726.7941159835889,2482.58176059465,1.0
Baseline MLR,2014-02-11T08:00:00+00:00,2014-02-11T19:00:00+11:00,2014-02-11,19,10,0.03775641,0.11681657512276827,0.11681657512276827,140.26,86.95,70.13,325.2061033997921,2183.3357109989997,1.0
Baseline MLR,2014-02-11T09:00:00+00:00,2014-02-11T20:00:00+11:00,2014-02-11,20,11,0.017435897,0.023370058826903767,0.023370058826903767,120.81,95.27,60.405,73.94651285172365,1843.7464607485501,1.0
Baseline MLR,2014-02-11T22:00:00+00:00,2014-02-12T09:00:00+11:00,2014-02-12,9,0,0.163269231,0.3278454151213735,0.3278454151213735,74.08,48.56,37.04,545.7265947700702,1292.6247694872,1.0
Baseline MLR,2014-02-11T23:00:00+00:00,2014-02-12T10:00:00+11:00,2014-02-12,10,1,0.233525641,0.5757703378950839,0.5757703378950839,61.56,43.29,30.78,747.3039069117206,1139.0375768994,1.0
Baseline MLR,2014-02-12T00:00:00+00:00,2014-02-12T11:00:00+11:00,2014-02-12,11,2,0.365961538,0.7179987318614892,0.7179987318614892,63.12,53.42,31.56,1026.293583504858,1293.2923841784,1.0
Baseline MLR,2014-02-12T01:00:00+00:00,2014-02-12T12:00:00+11:00,2014-02-12,12,3,0.702948718,0.7603950599048488,0.7603950599048488,61.17,53.84,30.585,1342.6910834165942,1562.5405962009002,1.0
Baseline MLR,2014-02-12T02:00:00+00:00,2014-02-12T13:00:00+11:00,2014-02-12,13,4,0.728846154,0.7676659153398948,0.7676659153398948,58.51,67.9,29.255,1313.4138176561585,1517.3218270580999,1.0
Baseline MLR,2014-02-12T03:00:00+00:00,2014-02-12T14:00:00+11:00,2014-02-12,14,5,0.721153846,0.6989005255561883,0.6989005255561883,57.53,74.17,28.765,1255.7482803769508,1604.6394227346,0.0
Baseline MLR,2014-02-12T04:00:00+00:00,2014-02-12T15:00:00+11:00,2014-02-12,15,6,0.632628205,0.5783250649196894,0.5783250649196894,59.1,65.55,29.55,1132.1574650705402,1447.3249037325002,1.0
Baseline MLR,2014-02-12T05:00:00+00:00,2014-02-12T16:00:00+11:00,2014-02-12,16,7,0.47025641,0.40069386404389984,0.40069386404389984,68.36,78.14,34.18,984.8114966115199,1507.6009228140001,1.0
Baseline MLR,2014-02-12T06:00:00+00:00,2014-02-12T17:00:00+11:00,2014-02-12,17,8,0.287307692,0.24560318132673992,0.24560318132673992,88.4,83.87,44.2,756.272356183504,1706.969999592,1.0
Baseline MLR,2014-02-12T07:00:00+00:00,2014-02-12T18:00:00+11:00,2014-02-12,18,9,0.133846154,0.13667555121897085,0.13667555121897085,135.06,98.05,67.53,548.049922603113,2297.0589233886003,1.0
Baseline MLR,2014-02-12T08:00:00+00:00,2014-02-12T19:00:00+11:00,2014-02-12,19,10,0.05775641,0.054933229268642636,0.054933229268642636,108.66,89.99,54.33,186.69308179036673,1724.037172659,1.0
Baseline MLR,2014-02-12T09:00:00+00:00,2014-02-12T20:00:00+11:00,2014-02-12,20,11,0.030705128,0.011497279476767763,0.011497279476767763,99.87,114.2,49.935,100.25308808093754,1544.0478170004,1.0
Baseline MLR,2014-02-12T22:00:00+00:00,2014-02-13T09:00:00+11:00,2014-02-13,9,0,0.129615385,0.3511779687663451,0.3511779687663451,67.74,37.37,33.87,488.5341267619833,1147.8021926985,1.0
Baseline MLR,2014-02-12T23:00:00+00:00,2014-02-13T10:00:00+11:00,2014-02-13,10,1,0.274230769,0.581180857569528,0.581180857569528,56.8,39.2,28.4,728.8107058372378,1085.644615188,1.0
Baseline MLR,2014-02-13T00:00:00+00:00,2014-02-13T11:00:00+11:00,2014-02-13,11,2,0.474358974,0.7122765463891312,0.7122765463891312,48.91,30.76,24.455,870.5751495334861,1081.6634612751,1.0
Baseline MLR,2014-02-13T01:00:00+00:00,2014-02-13T12:00:00+11:00,2014-02-13,12,3,0.517307692,0.6611440538602167,0.6611440538602167,44.95,44.95,22.475,794.5710896462512,1023.0447113310001,1.0
Baseline MLR,2014-02-13T02:00:00+00:00,2014-02-13T13:00:00+11:00,2014-02-13,13,4,0.589294872,0.63630832178564,0.63630832178564,44.04,36.92,22.02,809.6334698147938,1049.8881924431998,1.0
Baseline MLR,2014-02-13T03:00:00+00:00,2014-02-13T14:00:00+11:00,2014-02-13,14,5,0.386217949,0.5132196381340002,0.5132196381340002,43.16,76.97,21.58,582.2958939105517,897.4375001825999,1.0
Baseline MLR,2014-02-13T04:00:00+00:00,2014-02-13T15:00:00+11:00,2014-02-13,15,6,0.259166667,0.38983936966272387,0.38983936966272387,42.87,125.5,21.435,417.34333187596457,975.7625012550001,0.0
Baseline MLR,2014-02-13T05:00:00+00:00,2014-02-13T16:00:00+11:00,2014-02-13,16,7,0.182692308,0.16461214852617273,0.16461214852617273,48.1,35.24,24.05,256.64967491899745,853.312500222,1.0
Baseline MLR,2014-02-13T06:00:00+00:00,2014-02-13T17:00:00+11:00,2014-02-13,17,8,0.159487179,0.0806987767939394,0.0806987767939394,59.72,59.43,29.86,285.05177079720727,1038.6686149482,1.0
Baseline MLR,2014-02-13T07:00:00+00:00,2014-02-13T18:00:00+11:00,2014-02-13,18,9,0.108205128,0.07577114656941253,0.07577114656941253,94.54,109.97,47.27,321.90507403781896,1571.5456920168,1.0
Baseline MLR,2014-02-13T08:00:00+00:00,2014-02-13T19:00:00+11:00,2014-02-13,19,10,0.04224359,0.02620355344322209,0.02620355344322209,82.99,55.91,41.495,92.14294032427361,1297.4369330115,1.0
Baseline MLR,2014-02-13T09:00:00+00:00,2014-02-13T20:00:00+11:00,2014-02-13,20,11,0.006923077,0.0003233957866434767,0.0003233957866434767,69.68,40.17,34.84,8.62930238261547,1052.4360000804,1.0
Baseline MLR,2014-02-13T22:00:00+00:00,2014-02-14T09:00:00+11:00,2014-02-14,9,0,0.269102564,0.2841993242438289,0.2841993242438289,53.54,46.15,26.77,444.35674644861894,1019.2162691484,1.0
Baseline MLR,2014-02-13T23:00:00+00:00,2014-02-14T10:00:00+11:00,2014-02-14,10,1,0.569615385,0.5194737548406073,0.5194737548406073,42.14,29.28,21.07,700.7631288015064,992.1538848585,1.0
Baseline MLR,2014-02-14T00:00:00+00:00,2014-02-14T11:00:00+11:00,2014-02-14,11,2,0.63224359,0.5433144890643021,0.5433144890643021,40.7,28.44,20.35,739.2613000658504,996.4847116950001,1.0
Baseline MLR,2014-02-14T01:00:00+00:00,2014-02-14T12:00:00+11:00,2014-02-14,12,3,0.595961538,0.6138652391369779,0.6138652391369779,41.99,31.71,20.995,762.0093955797255,1005.2163747093001,1.0
Baseline MLR,2014-02-14T02:00:00+00:00,2014-02-14T13:00:00+11:00,2014-02-14,13,4,0.573012821,0.618858717650911,0.618858717650911,38.06,26.83,19.03,680.4394614158052,898.0330195089,1.0
Baseline MLR,2014-02-14T03:00:00+00:00,2014-02-14T14:00:00+11:00,2014-02-14,14,5,0.508461538,0.5103291400491556,0.5103291400491556,38.34,30.08,19.17,585.9065189460695,867.5162305038001,1.0
Baseline MLR,2014-02-14T04:00:00+00:00,2014-02-14T15:00:00+11:00,2014-02-14,15,6,0.409358974,0.35183000040769546,0.35183000040769546,41.1,30.11,20.55,485.7723123486172,868.8698074710001,1.0
Baseline MLR,2014-02-14T05:00:00+00:00,2014-02-14T16:00:00+11:00,2014-02-14,16,7,0.312115385,0.1652526305016253,0.1652526305016253,42.98,40.17,21.49,390.06104721478704,845.9207887094999,1.0
Baseline MLR,2014-02-14T06:00:00+00:00,2014-02-14T17:00:00+11:00,2014-02-14,17,8,0.203141026,0.06514204899926801,0.06514204899926801,54.55,51.67,27.275,320.51717743613676,984.4701445245,1.0
Baseline MLR,2014-02-14T07:00:00+00:00,2014-02-14T18:00:00+11:00,2014-02-14,18,9,0.10275641,0.06516749773678893,0.06516749773678893,75.26,272.45,37.63,454.3681507734778,1244.901711249,1.0
Baseline MLR,2014-02-14T08:00:00+00:00,2014-02-14T19:00:00+11:00,2014-02-14,19,10,0.043461538,0.04923548974162789,0.04923548974162789,68.55,52.07,34.275,95.31571877532888,1072.9393264485,1.0
Baseline MLR,2014-02-14T09:00:00+00:00,2014-02-14T20:00:00+11:00,2014-02-14,20,11,0.005833333,0.006556654357028957,0.006556654357028957,63.76,52.92,31.88,11.849783908262495,961.9789996812001,1.0
Baseline MLR,2014-02-14T22:00:00+00:00,2014-02-15T09:00:00+11:00,2014-02-15,9,0,0.04224359,0.21587493265937133,0.21587493265937133,55.04,33.64,27.52,213.10265230757696,860.476307904,1.0
Baseline MLR,2014-02-14T23:00:00+00:00,2014-02-15T10:00:00+11:00,2014-02-15,10,1,0.077307692,0.3695320213527393,0.3695320213527393,50.04,35.67,25.02,335.39788884256615,808.6271536152,1.0
Baseline MLR,2014-02-15T00:00:00+00:00,2014-02-15T11:00:00+11:00,2014-02-15,11,2,0.058910256,0.38172203602897586,0.38172203602897586,45.94,27.58,22.97,303.6397124371673,729.6950574095999,1.0
Baseline MLR,2014-02-15T01:00:00+00:00,2014-02-15T12:00:00+11:00,2014-02-15,12,3,0.124935897,0.365402527474051,0.365402527474051,40.14,28.12,20.07,295.23276537582615,677.3239035837,1.0
Baseline MLR,2014-02-15T02:00:00+00:00,2014-02-15T13:00:00+11:00,2014-02-15,13,4,0.209038462,0.3665785328576281,0.3665785328576281,37.02,30.05,18.51,319.64011724444094,671.3790579486001,1.0
Baseline MLR,2014-02-15T03:00:00+00:00,2014-02-15T14:00:00+11:00,2014-02-15,14,5,0.115576923,0.2957057996024929,0.2957057996024929,34.13,31.77,17.065,210.55618983634622,571.1196057298502,1.0
Baseline MLR,2014-02-15T04:00:00+00:00,2014-02-15T15:00:00+11:00,2014-02-15,15,6,0.07775641,0.40312558181322183,0.40312558181322183,33.86,31.38,16.93,244.23996364193533,547.392480639,1.0
Baseline MLR,2014-02-15T05:00:00+00:00,2014-02-15T16:00:00+11:00,2014-02-15,16,7,0.104679487,0.18482610086769358,0.18482610086769358,34.4,27.94,17.2,149.3848833397299,570.014615292,1.0
Baseline MLR,2014-02-15T06:00:00+00:00,2014-02-15T17:00:00+11:00,2014-02-15,17,8,0.056538462,0.008883285481643327,0.008883285481643327,38.25,32.18,19.125,56.19987750100724,606.1889425725,1.0
Baseline MLR,2014-02-15T07:00:00+00:00,2014-02-15T18:00:00+11:00,2014-02-15,18,9,0.056474359,0.0022291584224224392,0.0022291584224224392,47.94,37.25,23.97,63.824987288570874,759.7107115568999,1.0
Baseline MLR,2014-02-15T08:00:00+00:00,2014-02-15T19:00:00+11:00,2014-02-15,19,10,0.036794872,-0.0022901750163023538,0.0,57.65,46.52,28.825,51.3509233632,896.5683655619999,1.0
Baseline MLR,2014-02-15T09:00:00+00:00,2014-02-15T20:00:00+11:00,2014-02-15,20,11,0.005064103,-0.0018697033901543814,0.0,61.26,129.93,30.63,19.739367083700003,923.5534042467,1.0
Baseline MLR,2014-02-15T22:00:00+00:00,2014-02-16T09:00:00+11:00,2014-02-16,9,0,0.033974359,0.32977360442838705,0.32977360442838705,45.46,54.21,22.73,248.0397362618171,705.0671154021001,1.0
Baseline MLR,2014-02-15T23:00:00+00:00,2014-02-16T10:00:00+11:00,2014-02-16,10,1,0.169166667,0.495482645529715,0.495482645529715,41.29,68.4,20.645,411.650551715279,724.1233752064501,1.0
Baseline MLR,2014-02-16T00:00:00+00:00,2014-02-16T11:00:00+11:00,2014-02-16,11,2,0.532435897,0.5507823335900939,0.5507823335900939,38.42,30.54,19.21,624.2586662890711,883.1428074411001,1.0
Baseline MLR,2014-02-16T01:00:00+00:00,2014-02-16T12:00:00+11:00,2014-02-16,12,3,0.542564103,0.6388470693121315,0.6388470693121315,36.17,41.16,18.085,640.974631537947,836.9181540826501,1.0
Baseline MLR,2014-02-16T02:00:00+00:00,2014-02-16T13:00:00+11:00,2014-02-16,13,4,0.438782051,0.5969782058833419,0.5969782058833419,36.13,47.25,18.065,561.3302712179272,779.7479325394501,1.0
Baseline MLR,2014-02-16T03:00:00+00:00,2014-02-16T14:00:00+11:00,2014-02-16,14,5,0.217179487,0.4440655976907708,0.4440655976907708,34.82,32.63,17.41,345.3683077339896,635.7328460601,1.0
Baseline MLR,2014-02-16T04:00:00+00:00,2014-02-16T15:00:00+11:00,2014-02-16,15,6,0.319166667,0.4264980677164074,0.4264980677164074,35.67,51.49,17.835,398.96791631001383,705.8201251783499,1.0
Baseline MLR,2014-02-16T05:00:00+00:00,2014-02-16T16:00:00+11:00,2014-02-16,16,7,0.089551282,0.20210423732541327,0.20210423732541327,35.43,39.6,17.715,155.0003257454909,579.0420288188999,1.0
Baseline MLR,2014-02-16T06:00:00+00:00,2014-02-16T17:00:00+11:00,2014-02-16,17,8,0.155705128,0.1453628157314038,0.1453628157314038,37.06,51.45,18.53,177.577737516753,642.4564806552,1.0
Baseline MLR,2014-02-16T07:00:00+00:00,2014-02-16T18:00:00+11:00,2014-02-16,18,9,0.22724359,0.059847166463329604,0.059847166463329604,38.21,34.51,19.105,241.90832420442956,703.3946636085,1.0
Baseline MLR,2014-02-16T08:00:00+00:00,2014-02-16T19:00:00+11:00,2014-02-16,19,10,0.05974359,0.017983615923175406,0.017983615923175406,45.47,59.67,22.735,99.28598007572727,722.7981155594999,1.0
Baseline MLR,2014-02-16T09:00:00+00:00,2014-02-16T20:00:00+11:00,2014-02-16,20,11,0.001282051,0.009986544423987886,0.009986544423987886,53.69,98.31,26.845,9.075163324708644,806.38249977285,1.0
Baseline MLR,2014-02-16T22:00:00+00:00,2014-02-17T09:00:00+11:00,2014-02-17,9,0,0.443589744,0.3781631983626862,0.3781631983626862,38.86,33.63,19.43,506.8714985447055,841.4684617775999,1.0
Baseline MLR,2014-02-16T23:00:00+00:00,2014-02-17T10:00:00+11:00,2014-02-17,10,1,0.661666667,0.6369580369312078,0.6369580369312078,35.18,51.78,17.59,710.6278981260585,1027.8330005178,0.0
Baseline MLR,2014-02-17T00:00:00+00:00,2014-02-17T11:00:00+11:00,2014-02-17,11,2,0.759423077,0.7315012550240764,0.7315012550240764,34.67,47.33,17.335,800.4806503741557,1078.3048270323,0.0
Baseline MLR,2014-02-17T01:00:00+00:00,2014-02-17T12:00:00+11:00,2014-02-17,12,3,0.697435897,0.7468642845455875,0.7468642845455875,30.98,32.910000000000004,15.49,671.1662943642345,788.7984613359,1.0
Baseline MLR,2014-02-17T02:00:00+00:00,2014-02-17T13:00:00+11:00,2014-02-17,13,4,0.828653846,0.777163381529332,0.777163381529332,29.99,27.53,14.995,741.7398689682645,822.6199326231,1.0
Baseline MLR,2014-02-17T03:00:00+00:00,2014-02-17T14:00:00+11:00,2014-02-17,14,5,0.78025641,0.7155460432992387,0.7155460432992387,29.98,34.56,14.99,710.6538195386846,808.969845888,0.0
Baseline MLR,2014-02-17T04:00:00+00:00,2014-02-17T15:00:00+11:00,2014-02-17,15,6,0.659807692,0.5952987638729705,0.5952987638729705,31.59,31.05,15.795,624.2547050727421,786.4998748542,1.0
Baseline MLR,2014-02-17T05:00:00+00:00,2014-02-17T16:00:00+11:00,2014-02-17,16,7,0.534423077,0.4264984778464558,0.4264984778464558,34.89,46.57,17.445,597.1974142393019,803.04031734795,1.0
Baseline MLR,2014-02-17T06:00:00+00:00,2014-02-17T17:00:00+11:00,2014-02-17,17,8,0.281217949,0.3069158392926956,0.3069158392926956,43.62,61.52,21.81,384.8159376799107,838.3009040306999,1.0
Baseline MLR,2014-02-17T07:00:00+00:00,2014-02-17T18:00:00+11:00,2014-02-17,18,9,0.116153846,0.21161911437933728,0.21161911437933728,60.22,42.24,30.11,296.0773151106554,1008.2217690917998,1.0
Baseline MLR,2014-02-17T08:00:00+00:00,2014-02-17T19:00:00+11:00,2014-02-17,19,10,0.034230769,0.10807210671826195,0.10807210671826195,53.75,47.86,26.875,114.73169354784869,833.84855750625,1.0
Baseline MLR,2014-02-17T09:00:00+00:00,2014-02-17T20:00:00+11:00,2014-02-17,20,11,0.012692308,0.017183135900055768,0.017183135900055768,55.72,48.37,27.86,24.96989601166661,846.4082310263999,1.0
Baseline MLR,2014-02-17T22:00:00+00:00,2014-02-18T09:00:00+11:00,2014-02-18,9,0,0.398141026,0.3623238308626069,0.3623238308626069,47.01,58.36,23.505,573.6940439120824,985.8991444838999,1.0
Baseline MLR,2014-02-17T23:00:00+00:00,2014-02-18T10:00:00+11:00,2014-02-18,10,1,0.469551282,0.6253072877427557,0.6253072877427557,39.38,39.56,19.69,646.7329571470458,868.0639422774001,1.0
Baseline MLR,2014-02-18T00:00:00+00:00,2014-02-18T11:00:00+11:00,2014-02-18,11,2,0.718269231,0.7152110372095176,0.7152110372095176,34.11,25.76,17.055,734.2388265377841,879.1524520411499,1.0
Baseline MLR,2014-02-18T01:00:00+00:00,2014-02-18T12:00:00+11:00,2014-02-18,12,3,0.681858974,0.7521950649403897,0.7521950649403897,29.8,27.67,14.9,641.0221554063543,751.790961378,1.0
Baseline MLR,2014-02-18T02:00:00+00:00,2014-02-18T13:00:00+11:00,2014-02-18,13,4,0.797820513,0.735741190297363,0.735741190297363,26.99,30.2,13.495,651.9735081523639,727.84763468805,1.0
Baseline MLR,2014-02-18T03:00:00+00:00,2014-02-18T14:00:00+11:00,2014-02-18,14,5,0.560384615,0.5899912401220654,0.5899912401220654,26.49,28.39,13.245,457.1018460327527,620.01882677025,1.0
Baseline MLR,2014-02-18T04:00:00+00:00,2014-02-18T15:00:00+11:00,2014-02-18,15,6,0.452371795,0.46153553059073005,0.46153553059073005,26.05,23.79,13.025,357.1092874745778,567.5142788962501,1.0
Baseline MLR,2014-02-18T05:00:00+00:00,2014-02-18T16:00:00+11:00,2014-02-18,16,7,0.259038462,0.2756662417224777,0.2756662417224777,27.85,26.82,13.925,223.3728899800651,525.9633175005,1.0
Baseline MLR,2014-02-18T06:00:00+00:00,2014-02-18T17:00:00+11:00,2014-02-18,17,8,0.221730769,0.2856043336563189,0.2856043336563189,39.52,38.78,19.76,300.7482488546658,724.2419998632001,1.0
Baseline MLR,2014-02-18T07:00:00+00:00,2014-02-18T18:00:00+11:00,2014-02-18,18,9,0.131858974,0.19383143871720773,0.19383143871720773,60.03,69.15,30.015,293.2679321312097,1019.1824131383,1.0
Baseline MLR,2014-02-18T08:00:00+00:00,2014-02-18T19:00:00+11:00,2014-02-18,19,10,0.051025641,0.10073447098256555,0.10073447098256555,52.56,63.03,26.28,119.64767228705469,828.6286153643999,1.0
Baseline MLR,2014-02-18T09:00:00+00:00,2014-02-18T20:00:00+11:00,2014-02-18,20,11,0.013333333,0.015558641067580564,0.015558641067580564,51.89,36.0,25.945,22.488068015501334,788.72799974055,1.0
Baseline MLR,2014-02-18T22:00:00+00:00,2014-02-19T09:00:00+11:00,2014-02-19,9,0,0.375384615,0.3376405197873532,0.3376405197873532,35.81,21.51,17.905,387.0834750482745,738.78784594725,1.0
Baseline MLR,2014-02-18T23:00:00+00:00,2014-02-19T10:00:00+11:00,2014-02-19,10,1,0.610897436,0.569876071543783,0.569876071543783,31.64,24.31,15.82,570.8432482072778,764.5319231256001,1.0
Baseline MLR,2014-02-19T00:00:00+00:00,2014-02-19T11:00:00+11:00,2014-02-19,11,2,0.737371795,0.575891957625863,0.575891957625863,29.53,23.21,14.765,622.6210960243636,769.56883659525,1.0
Baseline MLR,2014-02-19T01:00:00+00:00,2014-02-19T12:00:00+11:00,2014-02-19,12,3,0.781217949,0.732405056444603,0.732405056444603,26.57,23.52,13.285,618.2424474790812,709.9044135739499,1.0
Baseline MLR,2014-02-19T02:00:00+00:00,2014-02-19T13:00:00+11:00,2014-02-19,13,4,0.476089744,0.7230221298730539,0.7230221298730539,26.12,22.87,13.06,469.8120321834626,578.3319616992001,1.0
Baseline MLR,2014-02-19T03:00:00+00:00,2014-02-19T14:00:00+11:00,2014-02-19,14,5,0.229230769,0.4739271892447867,0.4739271892447867,25.63,23.21,12.815,270.3290770472082,472.57776914204993,1.0
Baseline MLR,2014-02-19T04:00:00+00:00,2014-02-19T15:00:00+11:00,2014-02-19,15,6,0.153589744,0.3733558354547235,0.3733558354547235,27.6,24.92,13.8,218.15546989425553,477.586154016,1.0
Baseline MLR,2014-02-19T05:00:00+00:00,2014-02-19T16:00:00+11:00,2014-02-19,16,7,0.097628205,0.3036244232166802,0.3036244232166802,30.25,28.35,15.125,182.06838005331863,498.04879801875,1.0
Baseline MLR,2014-02-19T06:00:00+00:00,2014-02-19T17:00:00+11:00,2014-02-19,17,8,0.024487179,0.16072879468929485,0.16072879468929485,44.09,38.68,22.045,122.49258419941515,677.5445958316501,1.0
Baseline MLR,2014-02-19T07:00:00+00:00,2014-02-19T18:00:00+11:00,2014-02-19,18,9,0.13224359,0.15139386787705167,0.15139386787705167,63.0,52.55,31.5,268.03739769381383,1069.9701925499999,1.0
Baseline MLR,2014-02-19T08:00:00+00:00,2014-02-19T19:00:00+11:00,2014-02-19,19,10,0.047371795,0.04222006763728614,0.04222006763728614,56.96,39.18,28.48,78.20099192072843,894.874461648,1.0
Baseline MLR,2014-02-19T09:00:00+00:00,2014-02-19T20:00:00+11:00,2014-02-19,20,11,0.008269231,0.010181388106201616,0.010181388106201616,56.7,30.7,28.35,15.692251549824478,857.5329809655001,1.0
Baseline MLR,2014-02-19T22:00:00+00:00,2014-02-20T09:00:00+11:00,2014-02-20,9,0,0.463974359,0.36257602626795893,0.36257602626795893,39.77,20.94,19.885,496.28788956257006,873.3339038614502,1.0
Baseline MLR,2014-02-19T23:00:00+00:00,2014-02-20T10:00:00+11:00,2014-02-20,10,1,0.71525641,0.5590584273380216,0.5590584273380216,31.74,19.27,15.87,622.6334882881539,816.6335768009999,1.0
Baseline MLR,2014-02-20T00:00:00+00:00,2014-02-20T11:00:00+11:00,2014-02-20,11,2,0.798782051,0.6270370669804965,0.6270370669804965,26.5,17.240000000000002,13.25,587.3209739843819,715.0158652724999,1.0
Baseline MLR,2014-02-20T01:00:00+00:00,2014-02-20T12:00:00+11:00,2014-02-20,12,3,0.785512821,0.6448594803214596,0.6448594803214596,23.93,17.87,11.965,538.3488768605414,640.90982709795,1.0
Baseline MLR,2014-02-20T02:00:00+00:00,2014-02-20T13:00:00+11:00,2014-02-20,13,4,0.752179487,0.6067207551804452,0.6067207551804452,24.63,22.35,12.315,545.8360456878424,647.3427114721501,1.0
Baseline MLR,2014-02-20T03:00:00+00:00,2014-02-20T14:00:00+11:00,2014-02-20,14,5,0.680769231,0.5753064944355424,0.5753064944355424,26.0,22.7,13.0,520.5591892601187,655.50000009,1.0
Baseline MLR,2014-02-20T04:00:00+00:00,2014-02-20T15:00:00+11:00,2014-02-20,15,6,0.668910256,0.5700705811572997,0.5700705811572997,28.58,24.93,14.29,562.7007090991242,715.4618267472,1.0
Baseline MLR,2014-02-20T05:00:00+00:00,2014-02-20T16:00:00+11:00,2014-02-20,16,7,0.562820513,0.4462702373409608,0.4462702373409608,30.2,27.53,15.1,500.57970769771094,707.957692389,1.0
Baseline MLR,2014-02-20T06:00:00+00:00,2014-02-20T17:00:00+11:00,2014-02-20,17,8,0.338141026,0.3173225098156155,0.3173225098156155,43.2,33.85,21.6,432.3911759062802,867.1153848480001,1.0
Baseline MLR,2014-02-20T07:00:00+00:00,2014-02-20T18:00:00+11:00,2014-02-20,18,9,0.107179487,0.21469854640525735,0.21469854640525735,58.35,55.83,29.175,281.7237487379515,969.0588459967499,1.0
Baseline MLR,2014-02-20T08:00:00+00:00,2014-02-20T19:00:00+11:00,2014-02-20,19,10,0.0325,0.10838262246811758,0.10838262246811758,53.06,44.16,26.53,112.12847922237478,821.76675,1.0
Baseline MLR,2014-02-20T09:00:00+00:00,2014-02-20T20:00:00+11:00,2014-02-20,20,11,0.011153846,0.015476375629217054,0.015476375629217054,50.94,45.28,25.47,20.348152346884753,772.6226537286,1.0
Baseline MLR,2014-02-20T22:00:00+00:00,2014-02-21T09:00:00+11:00,2014-02-21,9,0,0.431153846,0.37700464981969634,0.37700464981969634,34.81,22.76,17.405,430.6790269586203,747.2769806889,1.0
Baseline MLR,2014-02-20T23:00:00+00:00,2014-02-21T10:00:00+11:00,2014-02-21,10,1,0.675512821,0.6380614859299782,0.6380614859299782,26.97,24.02,13.485,543.2429803174032,677.82871173555,1.0
Baseline MLR,2014-02-21T00:00:00+00:00,2014-02-21T11:00:00+11:00,2014-02-21,11,2,0.79,0.7349480729818669,0.7349480729818669,24.74,18.23,12.37,575.5863586533586,664.269,1.0
Baseline MLR,2014-02-21T01:00:00+00:00,2014-02-21T12:00:00+11:00,2014-02-21,12,3,0.832371795,0.7761735359312127,0.7761735359312127,23.94,14.96,11.97,582.6696121758687,658.0047115845,1.0
Baseline MLR,2014-02-21T02:00:00+00:00,2014-02-21T13:00:00+11:00,2014-02-21,13,4,0.816153846,0.7911773701769245,0.7911773701769245,22.6,16.36,11.3,548.6767113139202,615.676153794,1.0
Baseline MLR,2014-02-21T03:00:00+00:00,2014-02-21T14:00:00+11:00,2014-02-21,14,5,0.775448718,0.7341250310897625,0.7341250310897625,22.85,31.76,11.425,542.6159177001066,738.8475385104,0.0
Baseline MLR,2014-02-21T04:00:00+00:00,2014-02-21T15:00:00+11:00,2014-02-21,15,6,0.676730769,0.6148335005819963,0.6148335005819963,23.5,16.18,11.75,463.5025520004064,591.0475960725,1.0
Baseline MLR,2014-02-21T05:00:00+00:00,2014-02-21T16:00:00+11:00,2014-02-21,16,7,0.523910256,0.44596183428697994,0.44596183428697994,24.15,22.79,12.075,376.39268486610877,552.036490236,1.0
Baseline MLR,2014-02-21T06:00:00+00:00,2014-02-21T17:00:00+11:00,2014-02-21,17,8,0.320128205,0.3093859457953343,0.3093859457953343,37.0,29.84,18.5,353.03487027283785,732.671153775,1.0
Baseline MLR,2014-02-21T07:00:00+00:00,2014-02-21T18:00:00+11:00,2014-02-21,18,9,0.102820513,0.20479097230332213,0.20479097230332213,53.85,197.4,26.925,248.47317725375845,890.80326937575,1.0
Baseline MLR,2014-02-21T08:00:00+00:00,2014-02-21T19:00:00+11:00,2014-02-21,19,10,0.032371795,0.10115593490748492,0.10115593490748492,48.8,35.31,24.4,97.74229829227896,755.6961539399999,1.0
Baseline MLR,2014-02-21T09:00:00+00:00,2014-02-21T20:00:00+11:00,2014-02-21,20,11,0.010769231,0.013256110899568185,0.013256110899568185,48.16,30.85,24.08,17.355906988248055,730.1796924744,1.0
Baseline MLR,2014-02-21T22:00:00+00:00,2014-02-22T09:00:00+11:00,2014-02-22,9,0,0.155833333,0.2806325516633147,0.2806325516633147,37.11,29.66,18.555,242.95873469783413,643.39462481445,1.0
Baseline MLR,2014-02-21T23:00:00+00:00,2014-02-22T10:00:00+11:00,2014-02-22,10,1,0.349038462,0.47100074897639155,0.47100074897639155,32.83,63.72,16.415,403.828309445324,667.2219239591999,0.0
Baseline MLR,2014-02-22T00:00:00+00:00,2014-02-22T11:00:00+11:00,2014-02-22,11,2,0.723269231,0.538496291879064,0.538496291879064,34.54,26.7,17.27,705.9929818809559,892.8257885810999,1.0
Baseline MLR,2014-02-22T01:00:00+00:00,2014-02-22T12:00:00+11:00,2014-02-22,12,3,0.664358974,0.7545453728510687,0.7545453728510687,31.63,25.29,15.815,673.1991673634894,789.6551152142999,1.0
Baseline MLR,2014-02-22T02:00:00+00:00,2014-02-22T13:00:00+11:00,2014-02-22,13,4,0.764871795,0.7706921640530653,0.7706921640530653,30.65,26.33,15.325,705.9755301746467,811.3998077512499,1.0
Baseline MLR,2014-02-22T03:00:00+00:00,2014-02-22T14:00:00+11:00,2014-02-22,14,5,0.757948718,0.6990204307607218,0.6990204307607218,29.57,30.72,14.785,674.4093336475551,779.7381538689,1.0
Baseline MLR,2014-02-22T04:00:00+00:00,2014-02-22T15:00:00+11:00,2014-02-22,15,6,0.658076923,0.5942151579098752,0.5942151579098752,29.01,27.14,14.505,569.141701065344,721.51217304345,1.0
Baseline MLR,2014-02-22T05:00:00+00:00,2014-02-22T16:00:00+11:00,2014-02-22,16,7,0.508012821,0.3997593355103084,0.3997593355103084,30.97000000000001,36.78,15.485000000000005,490.8632945119534,700.5473559955501,1.0
Baseline MLR,2014-02-22T06:00:00+00:00,2014-02-22T17:00:00+11:00,2014-02-22,17,8,0.311602564,0.2073592681860057,0.2073592681860057,33.29,27.57,16.645,293.3093311051186,654.9487403334,1.0
Baseline MLR,2014-02-22T07:00:00+00:00,2014-02-22T18:00:00+11:00,2014-02-22,18,9,0.110641026,0.17561419355356206,0.17561419355356206,41.28,39.91,20.64,177.24923194756562,687.7089232992,1.0
Baseline MLR,2014-02-22T08:00:00+00:00,2014-02-22T19:00:00+11:00,2014-02-22,19,10,0.042371795,0.09403086684193596,0.09403086684193596,46.78,36.46,23.39,95.71374781448647,731.4322885515,1.0
Baseline MLR,2014-02-22T09:00:00+00:00,2014-02-22T20:00:00+11:00,2014-02-22,20,11,0.0125,0.011937603293053656,0.011937603293053656,52.18,40.06,26.09,19.363012557354313,792.4837499999999,1.0
Baseline MLR,2014-02-22T22:00:00+00:00,2014-02-23T09:00:00+11:00,2014-02-23,9,0,0.219102564,0.3203212072225535,0.3203212072225535,42.45,26.25,21.225,343.47808632596093,776.2635576270001,1.0
Baseline MLR,2014-02-22T23:00:00+00:00,2014-02-23T10:00:00+11:00,2014-02-23,10,1,0.249230769,0.52763463633829,0.52763463633829,35.83,23.7,17.915,417.52631209906394,671.3990767990499,1.0
Baseline MLR,2014-02-23T00:00:00+00:00,2014-02-23T11:00:00+11:00,2014-02-23,11,2,0.637948718,0.6958065954579584,0.6958065954579584,34.72,27.6,17.36,694.6197672489047,853.0436923344,1.0
Baseline MLR,2014-02-23T01:00:00+00:00,2014-02-23T12:00:00+11:00,2014-02-23,12,3,0.614679487,0.7100334267727734,0.7100334267727734,36.56,28.0,18.28,726.472561912989,885.4902306708001,1.0
Baseline MLR,2014-02-23T02:00:00+00:00,2014-02-23T13:00:00+11:00,2014-02-23,13,4,0.823589744,0.7703232652734513,0.7703232652734513,35.14,34.14,17.57,866.6303137630035,961.2141540624,1.0
Baseline MLR,2014-02-23T03:00:00+00:00,2014-02-23T14:00:00+11:00,2014-02-23,14,5,0.768141026,0.7209067717547735,0.7209067717547735,34.800000000000004,23.99,17.400000000000002,786.6211624922731,922.9696155720001,1.0
Baseline MLR,2014-02-23T04:00:00+00:00,2014-02-23T15:00:00+11:00,2014-02-23,15,6,0.66525641,0.6049501604713458,0.6049501604713458,34.67,29.96,17.335,683.4119189826013,866.0165960205001,1.0
Baseline MLR,2014-02-23T05:00:00+00:00,2014-02-23T16:00:00+11:00,2014-02-23,16,7,0.514230769,0.43935523270723037,0.43935523270723037,35.71,38.64,17.855,557.4769824698344,811.09771141485,1.0
Baseline MLR,2014-02-23T06:00:00+00:00,2014-02-23T17:00:00+11:00,2014-02-23,17,8,0.316410256,0.3048852333259883,0.3048852333259883,35.71,30.21,17.855,337.0686785115881,705.1351536263999,1.0
Baseline MLR,2014-02-23T07:00:00+00:00,2014-02-23T18:00:00+11:00,2014-02-23,18,9,0.109230769,0.20052110560037434,0.20052110560037434,35.97,25.9,17.985,167.126623940632,598.48546141395,1.0
Baseline MLR,2014-02-23T08:00:00+00:00,2014-02-23T19:00:00+11:00,2014-02-23,19,10,0.038974359,0.09674106125596671,0.09674106125596671,39.32,26.3,19.66,80.04495486696918,612.7870769382,1.0
Baseline MLR,2014-02-23T09:00:00+00:00,2014-02-23T20:00:00+11:00,2014-02-23,20,11,0.010769231,0.011206178191651511,0.011206178191651511,44.42,108.96,22.21,14.642215144397403,673.4755386153001,1.0
Baseline MLR,2014-02-23T22:00:00+00:00,2014-02-24T09:00:00+11:00,2014-02-24,9,0,0.345192308,0.36067087361815986,0.36067087361815986,53.81,49.74,26.905,569.7374670430977,1085.7719714022,1.0
Baseline MLR,2014-02-23T23:00:00+00:00,2014-02-24T10:00:00+11:00,2014-02-24,10,1,0.616858974,0.6163796070907279,0.6163796070907279,47.68,37.55,23.84,882.2093968058722,1156.3775382048,1.0
Baseline MLR,2014-02-24T00:00:00+00:00,2014-02-24T11:00:00+11:00,2014-02-24,11,2,0.741346154,0.7117544650840801,0.7117544650840801,35.96,22.42,17.98,787.7440868975534,939.2821154676001,1.0
Baseline MLR,2014-02-24T01:00:00+00:00,2014-02-24T12:00:00+11:00,2014-02-24,12,3,0.782179487,0.7511695786942432,0.7511695786942432,34.35,22.5,17.175,795.0119389508035,918.26798067675,1.0
Baseline MLR,2014-02-24T02:00:00+00:00,2014-02-24T13:00:00+11:00,2014-02-24,13,4,0.777628205,0.7656319338683951,0.7656319338683951,32.74,23.55,16.37,760.4790510000166,872.9932114755001,1.0
Baseline MLR,2014-02-24T03:00:00+00:00,2014-02-24T14:00:00+11:00,2014-02-24,14,5,0.730320513,0.7097298877974976,0.7097298877974976,34.46,24.25,17.23,748.6984378398736,894.4026731697,1.0
Baseline MLR,2014-02-24T04:00:00+00:00,2014-02-24T15:00:00+11:00,2014-02-24,15,6,0.636410256,0.5842012702815291,0.5842012702815291,36.91,35.53,18.455,702.5356244600553,905.9985382343999,1.0
Baseline MLR,2014-02-24T05:00:00+00:00,2014-02-24T16:00:00+11:00,2014-02-24,16,7,0.461153846,0.394877524128376,0.394877524128376,45.3,39.28,22.65,614.7385729839847,992.8540383569998,1.0
Baseline MLR,2014-02-24T06:00:00+00:00,2014-02-24T17:00:00+11:00,2014-02-24,17,8,0.320833333,0.25994275804360223,0.25994275804360223,62.31,83.12,31.155,637.7477353221791,1234.51687468845,1.0
Baseline MLR,2014-02-24T07:00:00+00:00,2014-02-24T18:00:00+11:00,2014-02-24,18,9,0.121346154,0.1428385626911226,0.1428385626911226,127.96,53.14,63.98,507.0761452169407,2152.3118079876,1.0
Baseline MLR,2014-02-24T08:00:00+00:00,2014-02-24T19:00:00+11:00,2014-02-24,19,10,0.045,0.06126208766387009,0.06126208766387009,102.82,64.23,51.41,163.88801780398683,1611.7035,1.0
Baseline MLR,2014-02-24T09:00:00+00:00,2014-02-24T20:00:00+11:00,2014-02-24,20,11,0.011923077,0.008486556714982801,0.008486556714982801,100.66,55.1,50.33,31.308271999038496,1527.9026539622998,1.0
Baseline MLR,2014-02-24T22:00:00+00:00,2014-02-25T09:00:00+11:00,2014-02-25,9,0,0.344230769,0.360694301134092,0.360694301134092,73.75,28.59,36.875,779.8233588358394,1487.05528820625,1.0
Baseline MLR,2014-02-24T23:00:00+00:00,2014-02-25T10:00:00+11:00,2014-02-25,10,1,0.619358974,0.6178700135415864,0.6178700135415864,57.62,34.09,28.81,1069.572865268806,1399.6119612282,1.0
Baseline MLR,2014-02-25T00:00:00+00:00,2014-02-25T11:00:00+11:00,2014-02-25,11,2,0.727371795,0.7118157476140101,0.7118157476140101,41.69,34.62,20.845,906.4244663559316,1080.21195200325,1.0
Baseline MLR,2014-02-25T01:00:00+00:00,2014-02-25T12:00:00+11:00,2014-02-25,12,3,0.781666667,0.7476245397659487,0.7476245397659487,37.13,32.36,18.565,865.8270719641073,992.2992501856502,1.0
Baseline MLR,2014-02-25T02:00:00+00:00,2014-02-25T13:00:00+11:00,2014-02-25,13,4,0.782051282,0.7578383113385743,0.7578383113385743,36.31,36.87,18.155,852.2952393897119,970.5942307413,1.0
Baseline MLR,2014-02-25T03:00:00+00:00,2014-02-25T14:00:00+11:00,2014-02-25,14,5,0.741858974,0.708417578720048,0.708417578720048,35.83,30.22,17.915,791.7960243269839,936.1621055763,1.0
Baseline MLR,2014-02-25T04:00:00+00:00,2014-02-25T15:00:00+11:00,2014-02-25,15,6,0.656025641,0.5871247803729711,0.5871247803729711,36.45,28.28,18.225,700.4764374938154,905.4320192167501,1.0
Baseline MLR,2014-02-25T05:00:00+00:00,2014-02-25T16:00:00+11:00,2014-02-25,16,7,0.515641026,0.422118493504344,0.422118493504344,40.2,33.75,20.1,603.7664673180906,913.931538678,1.0
Baseline MLR,2014-02-25T06:00:00+00:00,2014-02-25T17:00:00+11:00,2014-02-25,17,8,0.305,0.28967057480222813,0.28967057480222813,62.65,61.38,31.325,572.6634488999649,1226.37375,1.0
Baseline MLR,2014-02-25T07:00:00+00:00,2014-02-25T18:00:00+11:00,2014-02-25,18,9,0.100320513,0.1913994928357602,0.1913994928357602,87.12,33.89,43.56,381.21970362617145,1437.8988463884002,1.0
Baseline MLR,2014-02-25T08:00:00+00:00,2014-02-25T19:00:00+11:00,2014-02-25,19,10,0.033717949,0.09141048642696203,0.09141048642696203,75.72,30.19,37.86,142.12087695794344,1174.0968464742,1.0
Baseline MLR,2014-02-25T09:00:00+00:00,2014-02-25T20:00:00+11:00,2014-02-25,20,11,0.007371795,0.009235268308507932,0.009235268308507932,74.56,32.5,37.28,18.573339604235272,1126.644615528,1.0
Baseline MLR,2014-02-25T22:00:00+00:00,2014-02-26T09:00:00+11:00,2014-02-26,9,0,0.064230769,0.3265205004890192,0.3265205004890192,64.27,28.41,32.135,376.7037613508889,1025.9716728544502,1.0
Baseline MLR,2014-02-25T23:00:00+00:00,2014-02-26T10:00:00+11:00,2014-02-26,10,1,0.193717949,0.5504293641873241,0.5504293641873241,52.39,25.53,26.195,584.7881660682586,938.0832502216501,1.0
Baseline MLR,2014-02-26T00:00:00+00:00,2014-02-26T11:00:00+11:00,2014-02-26,11,2,0.273205128,0.5910491621843148,0.5910491621843148,37.08,25.64,18.54,480.6982362005159,708.1566921936001,1.0
Baseline MLR,2014-02-26T01:00:00+00:00,2014-02-26T12:00:00+11:00,2014-02-26,12,3,0.446666667,0.6530157914761959,0.6530157914761959,36.72,26.73,18.36,605.7050981286886,796.8240001835999,1.0
Baseline MLR,2014-02-26T02:00:00+00:00,2014-02-26T13:00:00+11:00,2014-02-26,13,4,0.539551282,0.6571089489440126,0.6571089489440126,39.28,26.24,19.64,705.0722080722123,907.1036153544001,1.0
Baseline MLR,2014-02-26T03:00:00+00:00,2014-02-26T14:00:00+11:00,2014-02-26,14,5,0.290705128,0.567112038849996,0.567112038849996,39.53,27.72,19.765,508.6426890837052,765.3236056476,1.0
Baseline MLR,2014-02-26T04:00:00+00:00,2014-02-26T15:00:00+11:00,2014-02-26,15,6,0.408846154,0.4200246667901981,0.4200246667901981,41.57,29.26,20.785,516.8424003037281,878.4860193267,1.0
Baseline MLR,2014-02-26T05:00:00+00:00,2014-02-26T16:00:00+11:00,2014-02-26,16,7,0.239358974,0.3017680555398906,0.3017680555398906,50.51,33.84,25.255,409.98489393089807,939.0003266510998,1.0
Baseline MLR,2014-02-26T06:00:00+00:00,2014-02-26T17:00:00+11:00,2014-02-26,17,8,0.152692308,0.1189572905831611,0.1189572905831611,72.52,62.89,36.26,322.4513387530752,1253.8986926424,1.0
Baseline MLR,2014-02-26T07:00:00+00:00,2014-02-26T18:00:00+11:00,2014-02-26,18,9,0.133974359,0.09389732881368823,0.09389732881368823,108.1,91.58,54.05,414.6166700766638,1838.7394231184999,1.0
Baseline MLR,2014-02-26T08:00:00+00:00,2014-02-26T19:00:00+11:00,2014-02-26,19,10,0.041538462,0.057783468128291715,0.057783468128291715,89.96,89.61,44.98,134.02501251511686,1405.4520006228,1.0
Baseline MLR,2014-02-26T09:00:00+00:00,2014-02-26T20:00:00+11:00,2014-02-26,20,11,0.00474359,0.003215034040649517,0.003215034040649517,83.75,73.42,41.875,11.444570383197284,1262.2091349375,1.0
Baseline MLR,2014-02-26T22:00:00+00:00,2014-02-27T09:00:00+11:00,2014-02-27,9,0,0.063141026,0.2628657416919332,0.2628657416919332,50.94,33.24,25.47,249.10177119340617,812.3460579666,1.0
Baseline MLR,2014-02-26T23:00:00+00:00,2014-02-27T10:00:00+11:00,2014-02-27,10,1,0.212179487,0.4302037343052951,0.4302037343052951,44.22,34.160000000000004,22.11,426.0927906918023,804.0386537270999,1.0
Baseline MLR,2014-02-27T00:00:00+00:00,2014-02-27T11:00:00+11:00,2014-02-27,11,2,0.316666667,0.45900652025800154,0.45900652025800154,31.19,27.13,15.595,362.8987006586561,616.0025001559501,1.0
Baseline MLR,2014-02-27T01:00:00+00:00,2014-02-27T12:00:00+11:00,2014-02-27,12,3,0.1425,0.4979397601895822,0.4979397601895822,29.56,32.12,14.78,283.9709896680607,506.58450000000005,1.0
Baseline MLR,2014-02-27T02:00:00+00:00,2014-02-27T13:00:00+11:00,2014-02-27,13,4,0.146538462,0.4782351690831297,0.4782351690831297,29.7,28.64,14.85,278.33665264753427,510.782884821,1.0
Baseline MLR,2014-02-27T03:00:00+00:00,2014-02-27T14:00:00+11:00,2014-02-27,14,5,0.170961538,0.41930330238723784,0.41930330238723784,30.05,37.98,15.025,266.0618768045474,527.8109132535001,1.0
Baseline MLR,2014-02-27T04:00:00+00:00,2014-02-27T15:00:00+11:00,2014-02-27,15,6,0.287692308,0.32349529811531685,0.32349529811531685,31.41,32.54,15.705,287.9610406212316,606.6962309142,1.0
Baseline MLR,2014-02-27T05:00:00+00:00,2014-02-27T16:00:00+11:00,2014-02-27,16,7,0.27474359,0.21628719338436916,0.21628719338436916,36.29,32.74,18.145,292.8877401934353,693.9066732164999,1.0
Baseline MLR,2014-02-27T06:00:00+00:00,2014-02-27T17:00:00+11:00,2014-02-27,17,8,0.233205128,0.13311366306152989,0.13311366306152989,62.26,42.56,31.13,376.4264822997642,1151.6902690392,1.0
Baseline MLR,2014-02-27T07:00:00+00:00,2014-02-27T18:00:00+11:00,2014-02-27,18,9,0.116346154,0.09487243555318914,0.09487243555318914,111.42,82.55,55.71,370.3002668136171,1865.7493271802,1.0
Baseline MLR,2014-02-27T08:00:00+00:00,2014-02-27T19:00:00+11:00,2014-02-27,19,10,0.0225,0.032492526896872875,0.032492526896872875,102.39,62.89,51.195,84.46027243456221,1570.406625,1.0
Baseline MLR,2014-02-27T09:00:00+00:00,2014-02-27T20:00:00+11:00,2014-02-27,20,11,0.002884615,0.0033883571480070873,0.0033883571480070873,99.53,60.34,49.765,9.365233768367181,1497.25658596425,1.0
Baseline MLR,2014-02-27T22:00:00+00:00,2014-02-28T09:00:00+11:00,2014-02-28,9,0,0.059935897,0.2920814538599523,0.2920814538599523,67.04,43.7,33.52,353.98864802476805,1065.8715380232002,1.0
Baseline MLR,2014-02-27T23:00:00+00:00,2014-02-28T10:00:00+11:00,2014-02-28,10,1,0.101666667,0.5282368805444537,0.5282368805444537,58.36,33.99,29.18,551.4175655204147,964.3990002918001,1.0
Baseline MLR,2014-02-28T00:00:00+00:00,2014-02-28T11:00:00+11:00,2014-02-28,11,2,0.104294872,0.62413076332119,0.62413076332119,63.46,46.6,31.73,693.3883622622407,1051.1782886568,1.0
Baseline MLR,2014-02-28T01:00:00+00:00,2014-02-28T12:00:00+11:00,2014-02-28,12,3,0.11275641,0.5006562253088656,0.5006562253088656,57.23,59.51,28.615,526.5840767808957,955.2457401644999,1.0
Baseline MLR,2014-02-28T02:00:00+00:00,2014-02-28T13:00:00+11:00,2014-02-28,13,4,0.142948718,0.48440317357710333,0.48440317357710333,45.35,42.32,22.675,426.75612424532454,777.4908654195,1.0
Baseline MLR,2014-02-28T03:00:00+00:00,2014-02-28T14:00:00+11:00,2014-02-28,14,5,0.136666667,0.4044165528547961,0.4044165528547961,43.24,51.9,21.62,350.94657639782076,737.2420002162,1.0
Baseline MLR,2014-02-28T04:00:00+00:00,2014-02-28T15:00:00+11:00,2014-02-28,15,6,0.176282051,0.306828147084483,0.306828147084483,43.24,89.0,21.62,313.3452744775957,762.9365382786001,1.0
Baseline MLR,2014-02-28T05:00:00+00:00,2014-02-28T16:00:00+11:00,2014-02-28,16,7,0.219038462,0.16682342668489492,0.16682342668489492,49.76,80.45,24.88,375.0549990882172,909.8903080368,1.0
Baseline MLR,2014-02-28T06:00:00+00:00,2014-02-28T17:00:00+11:00,2014-02-28,17,8,0.165897436,0.06451157938710017,0.06451157938710017,71.06,160.45000000000002,35.53,625.5466057436137,1242.7300770324,1.0
Baseline MLR,2014-02-28T07:00:00+00:00,2014-02-28T18:00:00+11:00,2014-02-28,18,9,0.058974359,0.03594848196505668,0.03594848196505668,107.75,190.44,53.875,247.75490862808388,1711.5673077337499,1.0
Baseline MLR,2014-02-28T08:00:00+00:00,2014-02-28T19:00:00+11:00,2014-02-28,19,10,0.018846154,0.022442780923988798,0.022442780923988798,80.04,112.76,40.02,49.57149526974096,1223.2266924924002,1.0
Baseline MLR,2014-02-28T09:00:00+00:00,2014-02-28T20:00:00+11:00,2014-02-28,20,11,0.001282051,0.002504206150505478,0.002504206150505478,72.71000000000001,44.19,36.355000000000004,4.1294813611988,1092.04826892315,1.0
Baseline MLR,2014-02-28T22:00:00+00:00,2014-03-01T09:00:00+11:00,2014-03-01,9,0,0.096282051,0.2216077462026211,0.2216077462026211,45.59,31.01,22.795,217.38893781701245,749.69248057635,1.0
Baseline MLR,2014-02-28T23:00:00+00:00,2014-03-01T10:00:00+11:00,2014-03-01,10,1,0.133589744,0.36615379737010634,0.36615379737010634,39.71,30.12,19.855,297.6722404171038,675.2227310136001,1.0
Baseline MLR,2014-03-01T00:00:00+00:00,2014-03-01T11:00:00+11:00,2014-03-01,11,2,0.121923077,0.4142489190496802,0.4142489190496802,40.41,44.88,20.205,325.0006554055136,680.05367312355,1.0
Baseline MLR,2014-03-01T01:00:00+00:00,2014-03-01T12:00:00+11:00,2014-03-01,12,3,0.270897436,0.5273481710674265,0.5273481710674265,34.76,42.86,17.38,416.2052595249562,662.6459231304001,1.0
Baseline MLR,2014-03-01T02:00:00+00:00,2014-03-01T13:00:00+11:00,2014-03-01,13,4,0.279038462,0.4529492430117713,0.4529492430117713,34.02,41.18,17.01,373.5333258675069,652.6933271585999,1.0
Baseline MLR,2014-03-01T03:00:00+00:00,2014-03-01T14:00:00+11:00,2014-03-01,14,5,0.158076923,0.39434620653431457,0.39434620653431457,33.0,39.0,16.5,273.4494491194857,573.2480768849999,1.0
Baseline MLR,2014-03-01T04:00:00+00:00,2014-03-01T15:00:00+11:00,2014-03-01,15,6,0.113782051,0.30003061843706924,0.30003061843706924,32.93,35.86,16.465,204.4027680684403,550.15264409145,1.0
Baseline MLR,2014-03-01T05:00:00+00:00,2014-03-01T16:00:00+11:00,2014-03-01,16,7,0.149358974,0.2071552727147636,0.2071552727147636,27.41,31.88,13.705,146.58083253677506,472.55894216009995,1.0
Baseline MLR,2014-03-01T06:00:00+00:00,2014-03-01T17:00:00+11:00,2014-03-01,17,8,0.114487179,0.05919064065870999,0.05919064065870999,32.27,48.09,16.135,137.07877508667622,539.4675189949501,1.0
Baseline MLR,2014-03-01T07:00:00+00:00,2014-03-01T18:00:00+11:00,2014-03-01,18,9,0.062371795,0.02217046157757324,0.02217046157757324,41.97,32.18,20.985,66.72519545833326,668.81616354225,1.0
Baseline MLR,2014-03-01T08:00:00+00:00,2014-03-01T19:00:00+11:00,2014-03-01,19,10,0.022115385,0.012270845582403406,0.012270845582403406,51.38,66.86,25.69,38.66045854453186,787.7443272195001,1.0
Baseline MLR,2014-03-01T09:00:00+00:00,2014-03-01T20:00:00+11:00,2014-03-01,20,11,0.004166667,0.0005372169022110074,0.0005372169022110074,58.27,53.13,29.135,6.724089377620937,877.69187529135,1.0
Baseline MLR,2014-03-01T22:00:00+00:00,2014-03-02T09:00:00+11:00,2014-03-02,9,0,0.355576923,0.32813045583671624,0.32813045583671624,47.93,37.35,23.965,502.5725489040737,974.5920287908499,1.0
Baseline MLR,2014-03-01T23:00:00+00:00,2014-03-02T10:00:00+11:00,2014-03-02,10,1,0.646858974,0.5496395304436499,0.5496395304436499,41.75,32.51,20.875,783.2416351811798,1031.3454324675001,1.0
Baseline MLR,2014-03-02T00:00:00+00:00,2014-03-02T11:00:00+11:00,2014-03-02,11,2,0.765769231,0.592818411083241,0.592818411083241,54.56,32.2,27.28,1137.395667300638,1445.1055386504,1.0
Baseline MLR,2014-03-02T01:00:00+00:00,2014-03-02T12:00:00+11:00,2014-03-02,12,3,0.491666667,0.5766583194064869,0.5766583194064869,50.42,30.29,25.21,807.9741872192261,1128.1475002521001,1.0
Baseline MLR,2014-03-02T02:00:00+00:00,2014-03-02T13:00:00+11:00,2014-03-02,13,4,0.577820513,0.49644053693253004,0.49644053693253004,44.69,47.4,22.345,781.3001538333853,1057.69198088955,1.0
Baseline MLR,2014-03-02T03:00:00+00:00,2014-03-02T14:00:00+11:00,2014-03-02,14,5,0.551602564,0.45419483300883073,0.45419483300883073,42.81,35.03,21.405,685.6882085318612,996.3615864725999,1.0
Baseline MLR,2014-03-02T04:00:00+00:00,2014-03-02T15:00:00+11:00,2014-03-02,15,6,0.673205128,0.38934889789579086,0.38934889789579086,42.7,28.47,21.35,741.1975443365131,1071.687884484,1.0
Baseline MLR,2014-03-02T05:00:00+00:00,2014-03-02T16:00:00+11:00,2014-03-02,16,7,0.346153846,0.3430031789120799,0.3430031789120799,41.58,26.29,20.79,430.34709650717105,839.5961537502,1.0
Baseline MLR,2014-03-02T06:00:00+00:00,2014-03-02T17:00:00+11:00,2014-03-02,17,8,0.204551282,0.24134011827139784,0.24134011827139784,43.06,27.27,21.53,288.0012554352959,778.0196730438,1.0
Baseline MLR,2014-03-02T07:00:00+00:00,2014-03-02T18:00:00+11:00,2014-03-02,18,9,0.121217949,0.13327285591541432,0.13327285591541432,47.59,33.7,23.795,181.66826108886852,800.3814328936501,1.0
Baseline MLR,2014-03-02T08:00:00+00:00,2014-03-02T19:00:00+11:00,2014-03-02,19,10,0.045,0.06777532004187681,0.06777532004187681,51.55,29.03,25.775,87.20351622238124,808.04625,1.0
Baseline MLR,2014-03-02T09:00:00+00:00,2014-03-02T20:00:00+11:00,2014-03-02,20,11,0.008717949,0.005403627721204868,0.005403627721204868,58.5,46.41,29.25,14.097896167181004,885.1500002475,1.0
Baseline MLR,2014-03-02T22:00:00+00:00,2014-03-03T09:00:00+11:00,2014-03-03,9,0,0.355320513,0.33721435224766705,0.33721435224766705,66.43,44.83,33.215,696.3854581901883,1350.5091251788501,1.0
Baseline MLR,2014-03-02T23:00:00+00:00,2014-03-03T10:00:00+11:00,2014-03-03,10,1,0.655384615,0.5855163857314145,0.5855163857314145,54.08,42.25,27.04,1038.4997648085791,1342.847999688,1.0
Baseline MLR,2014-03-03T00:00:00+00:00,2014-03-03T11:00:00+11:00,2014-03-03,11,2,0.748333333,0.6968311809598465,0.6968311809598465,59.82,37.83,29.91,1308.9830297009107,1568.7794997009,1.0
Baseline MLR,2014-03-03T01:00:00+00:00,2014-03-03T12:00:00+11:00,2014-03-03,12,3,0.819423077,0.7424942731930777,0.7424942731930777,60.65,36.14,30.325,1434.37453916227,1655.2201443007498,1.0
Baseline MLR,2014-03-03T02:00:00+00:00,2014-03-03T13:00:00+11:00,2014-03-03,13,4,0.850769231,0.7431116746856975,0.7431116746856975,60.76,36.12,30.38,1471.2016886392676,1686.7910771334,1.0
Baseline MLR,2014-03-03T03:00:00+00:00,2014-03-03T14:00:00+11:00,2014-03-03,14,5,0.757435897,0.6903218436704113,0.6903218436704113,58.96,39.32,29.48,1300.2090143918062,1554.2763073068002,1.0
Baseline MLR,2014-03-03T04:00:00+00:00,2014-03-03T15:00:00+11:00,2014-03-03,15,6,0.666602564,0.5809413590431323,0.5809413590431323,66.14,36.22,33.07,1245.7833099195154,1653.4364037443997,1.0
Baseline MLR,2014-03-03T05:00:00+00:00,2014-03-03T16:00:00+11:00,2014-03-03,16,7,0.52775641,0.4052312693927995,0.4052312693927995,76.9,42.97,38.45,1092.8156972459308,1762.2670189350001,1.0
Baseline MLR,2014-03-03T06:00:00+00:00,2014-03-03T17:00:00+11:00,2014-03-03,17,8,0.314679487,0.27088411549412794,0.27088411549412794,114.17,104.36,57.085,1064.9197330895217,2251.4543554618504,1.0
Baseline MLR,2014-03-03T07:00:00+00:00,2014-03-03T18:00:00+11:00,2014-03-03,18,9,0.096346154,0.17961362474989448,0.17961362474989448,179.18,121.65,89.59,741.6970973460915,2946.6495581057998,1.0
Baseline MLR,2014-03-03T08:00:00+00:00,2014-03-03T19:00:00+11:00,2014-03-03,19,10,0.032115385,0.076389782964568,0.076389782964568,154.07,181.14,77.035,250.76086842451485,2385.27026050425,1.0
Baseline MLR,2014-03-03T09:00:00+00:00,2014-03-03T20:00:00+11:00,2014-03-03,20,11,0.006089744,0.005847204241739595,0.005847204241739595,141.06,219.24,70.53,26.339431408223955,2128.7852893296,1.0
Baseline MLR,2014-03-03T22:00:00+00:00,2014-03-04T09:00:00+11:00,2014-03-04,9,0,0.073653846,0.2894112220907469,0.2894112220907469,89.99,140.5,44.995,490.0833821622946,1449.2716440231,1.0
Baseline MLR,2014-03-03T23:00:00+00:00,2014-03-04T10:00:00+11:00,2014-03-04,10,1,0.123653846,0.5331790894331909,0.5331790894331909,68.03,51.49,34.015,670.2651689627997,1146.6325671507,1.0
Baseline MLR,2014-03-04T00:00:00+00:00,2014-03-04T11:00:00+11:00,2014-03-04,11,2,0.29525641,0.6760577376582232,0.6760577376582232,86.26,117.97,43.13,1256.783375654975,1675.9322688990003,1.0
Baseline MLR,2014-03-04T01:00:00+00:00,2014-03-04T12:00:00+11:00,2014-03-04,12,3,0.662371795,0.6515067181159204,0.6515067181159204,80.27,57.8,40.135,1587.7333712119419,2001.57875976975,1.0
Baseline MLR,2014-03-04T02:00:00+00:00,2014-03-04T13:00:00+11:00,2014-03-04,13,4,0.802115385,0.7395095874594559,0.7395095874594559,78.8,60.6,39.4,1862.018004682863,2130.10038507,1.0
Baseline MLR,2014-03-04T03:00:00+00:00,2014-03-04T14:00:00+11:00,2014-03-04,14,5,0.781025641,0.6916122931666231,0.6916122931666231,76.31,61.32,38.155,1747.7928174206304,2038.65099997065,1.0
Baseline MLR,2014-03-04T04:00:00+00:00,2014-03-04T15:00:00+11:00,2014-03-04,15,6,0.599038462,0.583904988838235,0.583904988838235,79.01,59.77,39.505,1411.1658257696292,1895.1004332393,1.0
Baseline MLR,2014-03-04T05:00:00+00:00,2014-03-04T16:00:00+11:00,2014-03-04,16,7,0.418205128,0.4143160962930468,0.4143160962930468,96.28,53.75,48.14,1202.9816761602983,2048.1718458575997,1.0
Baseline MLR,2014-03-04T06:00:00+00:00,2014-03-04T17:00:00+11:00,2014-03-04,17,8,0.299807692,0.2829929548700172,0.2829929548700172,166.56,90.18,83.28,1459.5497867259576,3247.4395376927996,1.0
Baseline MLR,2014-03-04T07:00:00+00:00,2014-03-04T18:00:00+11:00,2014-03-04,18,9,0.086346154,0.1800760810276218,0.1800760810276218,275.21,160.03,137.605,1099.830949529277,4484.5998756351,1.0
Baseline MLR,2014-03-04T08:00:00+00:00,2014-03-04T19:00:00+11:00,2014-03-04,19,10,0.025320513,0.07795397080367639,0.07795397080367639,249.55,68.3,124.775,386.58221149811163,3838.0310102872504,1.0
Baseline MLR,2014-03-04T09:00:00+00:00,2014-03-04T20:00:00+11:00,2014-03-04,20,11,0.005384615,0.00550426046303501,0.00550426046303501,218.21,70.93,109.105,35.64092272183304,3290.77465258725,1.0
Baseline MLR,2014-03-04T22:00:00+00:00,2014-03-05T09:00:00+11:00,2014-03-05,9,0,0.257115385,0.3288233266155467,0.3288233266155467,117.12,49.44,58.56,1029.3771285661924,2208.5003083680003,1.0
Baseline MLR,2014-03-04T23:00:00+00:00,2014-03-05T10:00:00+11:00,2014-03-05,10,1,0.401666667,0.559336533842451,0.559336533842451,75.15,48.66,37.575,1083.2908581496529,1580.0287503757502,1.0
Baseline MLR,2014-03-05T00:00:00+00:00,2014-03-05T11:00:00+11:00,2014-03-05,11,2,0.258269231,0.5682527369214627,0.5682527369214627,59.73,46.74,29.865,740.5223571592344,1127.3463175144498,1.0
Baseline MLR,2014-03-05T01:00:00+00:00,2014-03-05T12:00:00+11:00,2014-03-05,12,3,0.569615385,0.5528534722915089,0.5528534722915089,57.23,44.16,28.615,971.4003085335005,1347.4363272532498,1.0
Baseline MLR,2014-03-05T02:00:00+00:00,2014-03-05T13:00:00+11:00,2014-03-05,13,4,0.060128205,0.6092266070016152,0.6092266070016152,55.41,46.11,27.705,556.3342519951425,881.1255575857499,1.0
Baseline MLR,2014-03-05T03:00:00+00:00,2014-03-05T14:00:00+11:00,2014-03-05,14,5,0.148846154,0.5097939113990639,0.5097939113990639,53.42,38.39,26.71,527.7682844042699,920.5704232002,1.0
Baseline MLR,2014-03-05T04:00:00+00:00,2014-03-05T15:00:00+11:00,2014-03-05,15,6,0.616602564,0.2944604999825206,0.2944604999825206,49.12,41.8,24.56,837.8831410521615,1191.1127691552,1.0
Baseline MLR,2014-03-05T05:00:00+00:00,2014-03-05T16:00:00+11:00,2014-03-05,16,7,0.481474359,0.2589361942597135,0.2589361942597135,54.65,38.32,27.325,680.3557646742337,1214.4386057902498,1.0
Baseline MLR,2014-03-05T06:00:00+00:00,2014-03-05T17:00:00+11:00,2014-03-05,17,8,0.326474359,0.19436319136781555,0.19436319136781555,76.83,61.59,38.415,692.0895242176651,1528.69537502955,1.0
Baseline MLR,2014-03-05T07:00:00+00:00,2014-03-05T18:00:00+11:00,2014-03-05,18,9,0.101474359,0.12682573675750292,0.12682573675750292,130.69,76.8,65.345,447.5480927182208,2159.27525966565,1.0
Baseline MLR,2014-03-05T08:00:00+00:00,2014-03-05T19:00:00+11:00,2014-03-05,19,10,0.024487179,0.05032530159946186,0.05032530159946186,109.66,64.21000000000001,54.83,123.05904933805482,1685.1789607371,1.0
Baseline MLR,2014-03-05T09:00:00+00:00,2014-03-05T20:00:00+11:00,2014-03-05,20,11,0.004358974,0.0038966524944244185,0.0038966524944244185,93.89,53.71,46.945,11.720639722979195,1414.4889610329,1.0
Baseline MLR,2014-03-05T22:00:00+00:00,2014-03-06T09:00:00+11:00,2014-03-06,9,0,0.056025641,0.2966811793717816,0.2966811793717816,56.21,40.88,28.105,297.38475559646776,890.38801920915,1.0
Baseline MLR,2014-03-05T23:00:00+00:00,2014-03-06T10:00:00+11:00,2014-03-06,10,1,0.087371795,0.5306082018885203,0.5306082018885203,51.75,42.59,25.875,479.7069725847139,844.07235586875,1.0
Baseline MLR,2014-03-06T00:00:00+00:00,2014-03-06T11:00:00+11:00,2014-03-06,11,2,0.16474359,0.661174007267397,0.661174007267397,44.84,27.75,22.42,555.5121759220513,783.4065386340001,1.0
Baseline MLR,2014-03-06T01:00:00+00:00,2014-03-06T12:00:00+11:00,2014-03-06,12,3,0.393333333,0.6628294847025782,0.6628294847025782,40.22,24.83,20.11,637.1830279199653,840.5979997988999,1.0
Baseline MLR,2014-03-06T02:00:00+00:00,2014-03-06T13:00:00+11:00,2014-03-06,13,4,0.366089744,0.6565797325787706,0.6565797325787706,37.17,27.51,18.585,570.1893666664935,761.6633367672,1.0
Baseline MLR,2014-03-06T03:00:00+00:00,2014-03-06T14:00:00+11:00,2014-03-06,14,5,0.482564103,0.47539021715007224,0.47539021715007224,36.31,25.51,18.155,523.3327383825234,807.47853869895,1.0
Baseline MLR,2014-03-06T04:00:00+00:00,2014-03-06T15:00:00+11:00,2014-03-06,15,6,0.555320513,0.3614212443499124,0.3614212443499124,35.64,29.47,17.82,557.8579378724687,831.4743462498,1.0
Baseline MLR,2014-03-06T05:00:00+00:00,2014-03-06T16:00:00+11:00,2014-03-06,16,7,0.346217949,0.33553566640772525,0.33553566640772525,39.8,33.32,19.9,411.3075953700618,803.6921155529999,1.0
Baseline MLR,2014-03-06T06:00:00+00:00,2014-03-06T17:00:00+11:00,2014-03-06,17,8,0.312820513,0.1716669621308988,0.1716669621308988,56.29,48.58,28.145,495.6111839870769,1108.48000015155,1.0
Baseline MLR,2014-03-06T07:00:00+00:00,2014-03-06T18:00:00+11:00,2014-03-06,18,9,0.095576923,0.1374166364366446,0.1374166364366446,73.82000000000001,55.18,36.910000000000004,257.99376836419657,1213.1323268379,1.0
Baseline MLR,2014-03-06T08:00:00+00:00,2014-03-06T19:00:00+11:00,2014-03-06,19,10,0.036666667,0.04651726311845872,0.04651726311845872,63.42,46.22,31.71,79.13287272168978,986.1810003171,1.0
Baseline MLR,2014-03-06T09:00:00+00:00,2014-03-06T20:00:00+11:00,2014-03-06,20,11,0.007307692,0.0028764048269276365,0.0028764048269276365,57.37,47.96,28.685,11.326316332241673,866.8386343506,1.0
Baseline MLR,2014-03-06T22:00:00+00:00,2014-03-07T09:00:00+11:00,2014-03-07,9,0,0.312564103,0.311173141012629,0.311173141012629,40.99,31.96,20.495,383.98326585672123,807.03003872955,1.0
Baseline MLR,2014-03-06T23:00:00+00:00,2014-03-07T10:00:00+11:00,2014-03-07,10,1,0.625320513,0.5368982014072261,0.5368982014072261,31.23,28.36,15.615,578.2496276015622,761.3813943148501,1.0
Baseline MLR,2014-03-07T00:00:00+00:00,2014-03-07T11:00:00+11:00,2014-03-07,11,2,0.752307692,0.6080994665296272,0.6080994665296272,34.11,21.93,17.055,717.1427756367258,896.5682306118001,1.0
Baseline MLR,2014-03-07T01:00:00+00:00,2014-03-07T12:00:00+11:00,2014-03-07,12,3,0.795064103,0.7172683994280213,0.7172683994280213,33.09,26.67,16.545,774.276682540137,890.9800675240501,1.0
Baseline MLR,2014-03-07T02:00:00+00:00,2014-03-07T13:00:00+11:00,2014-03-07,13,4,0.781282051,0.7209806636846647,0.7209806636846647,31.93,26.14,15.965,737.9157256762263,853.1450383264499,1.0
Baseline MLR,2014-03-07T03:00:00+00:00,2014-03-07T14:00:00+11:00,2014-03-07,14,5,0.744423077,0.6807828857773601,0.6807828857773601,32.26,30.54,16.13,717.1688200535117,844.1263269602999,1.0
Baseline MLR,2014-03-07T04:00:00+00:00,2014-03-07T15:00:00+11:00,2014-03-07,15,6,0.638589744,0.5520970435754873,0.5520970435754873,30.87,30.52,15.435,590.4897885639426,758.7489809592,1.0
Baseline MLR,2014-03-07T05:00:00+00:00,2014-03-07T16:00:00+11:00,2014-03-07,16,7,0.511410256,0.40458778304252724,0.40458778304252724,30.34,38.93,15.17,493.01376629234073,687.8428075055999,1.0
Baseline MLR,2014-03-07T06:00:00+00:00,2014-03-07T17:00:00+11:00,2014-03-07,17,8,0.305128205,0.2708089108590832,0.2708089108590832,45.07,46.89,22.535,414.437679440594,882.33192299025,1.0
Baseline MLR,2014-03-07T07:00:00+00:00,2014-03-07T18:00:00+11:00,2014-03-07,18,9,0.090128205,0.17118695451797541,0.17118695451797541,57.52,60.93,28.76,225.4627196321092,940.562615274,1.0
Baseline MLR,2014-03-07T08:00:00+00:00,2014-03-07T19:00:00+11:00,2014-03-07,19,10,0.027435897,0.07272205007488586,0.07272205007488586,51.36,45.95,25.68,77.16168242649206,791.5366150488001,1.0
Baseline MLR,2014-03-07T09:00:00+00:00,2014-03-07T20:00:00+11:00,2014-03-07,20,11,0.005064103,0.004720899125445183,0.004720899125445183,47.51,39.06,23.755,7.130863823700354,716.25893300295,1.0
Baseline MLR,2014-03-07T22:00:00+00:00,2014-03-08T09:00:00+11:00,2014-03-08,9,0,0.272884615,0.29344238763814456,0.29344238763814456,40.37,32.29,20.185,342.9393164475284,770.7952786132499,1.0
Baseline MLR,2014-03-07T23:00:00+00:00,2014-03-08T10:00:00+11:00,2014-03-08,10,1,0.561858974,0.47386858267156395,0.47386858267156395,38.9,27.23,19.45,624.8839866539145,911.3447113289999,1.0
Baseline MLR,2014-03-08T00:00:00+00:00,2014-03-08T11:00:00+11:00,2014-03-08,11,2,0.36775641,0.5580473716393424,0.5580473716393424,39.08,24.33,19.54,542.7061767969825,801.7788075419999,1.0
Baseline MLR,2014-03-08T01:00:00+00:00,2014-03-08T12:00:00+11:00,2014-03-08,12,3,0.319166667,0.6597984671749021,0.6597984671749021,34.24,27.12,17.12,502.79649291222967,677.5240001712,1.0
Baseline MLR,2014-03-08T02:00:00+00:00,2014-03-08T13:00:00+11:00,2014-03-08,13,4,0.456153846,0.6595624367980755,0.6595624367980755,31.8,24.56,15.9,532.196666894682,694.5853845419999,1.0
Baseline MLR,2014-03-08T03:00:00+00:00,2014-03-08T14:00:00+11:00,2014-03-08,14,5,0.325769231,0.6161977865278117,0.6161977865278117,31.32,28.93,15.66,442.5361048345659,622.8463847238,1.0
Baseline MLR,2014-03-08T04:00:00+00:00,2014-03-08T15:00:00+11:00,2014-03-08,15,6,0.3675,0.5268310268285502,0.5268310268285502,30.83,27.25,15.415,413.583383356863,632.4003749999999,1.0
Baseline MLR,2014-03-08T05:00:00+00:00,2014-03-08T16:00:00+11:00,2014-03-08,16,7,0.611538462,0.30735030089284227,0.30735030089284227,32.81,42.45,16.405,689.9085243387899,793.1186540733,1.0
Baseline MLR,2014-03-08T06:00:00+00:00,2014-03-08T17:00:00+11:00,2014-03-08,17,8,0.161858974,0.1672534599697034,0.1672534599697034,36.22,31.58,18.11,178.80678537573985,631.2379805742,1.0
Baseline MLR,2014-03-08T07:00:00+00:00,2014-03-08T18:00:00+11:00,2014-03-08,18,9,0.038910256,0.08403451503101173,0.08403451503101173,42.95,51.77,21.475,79.20716873672932,669.317932428,1.0
Baseline MLR,2014-03-08T08:00:00+00:00,2014-03-08T19:00:00+11:00,2014-03-08,19,10,0.007115385,0.04791957741654396,0.04791957741654396,49.05,75.8,24.525,40.49197359797222,740.9851445137499,1.0
Baseline MLR,2014-03-08T09:00:00+00:00,2014-03-08T20:00:00+11:00,2014-03-08,20,11,0.001794872,0.003344231375370932,0.003344231375370932,53.43,65.07000000000001,26.715,4.118734400191034,802.8885001643999,1.0
Baseline MLR,2014-03-08T22:00:00+00:00,2014-03-09T09:00:00+11:00,2014-03-09,9,0,0.028974359,0.3107560122868963,0.3107560122868963,44.11,35.18,22.055,224.78260016197493,680.8208846323499,1.0
Baseline MLR,2014-03-08T23:00:00+00:00,2014-03-09T10:00:00+11:00,2014-03-09,10,1,0.074294872,0.5575598604062171,0.5575598604062171,37.82,26.47,18.91,358.451189694047,609.4474808855999,1.0
Baseline MLR,2014-03-09T00:00:00+00:00,2014-03-09T11:00:00+11:00,2014-03-09,11,2,0.33974359,0.642761008909519,0.642761008909519,34.32,30.26,17.16,505.7933675186204,689.700000132,1.0
Baseline MLR,2014-03-09T01:00:00+00:00,2014-03-09T12:00:00+11:00,2014-03-09,12,3,0.388974359,0.7016412562644132,0.7016412562644132,33.9,26.69,16.95,554.5780403619541,706.2934615515001,1.0
Baseline MLR,2014-03-09T02:00:00+00:00,2014-03-09T13:00:00+11:00,2014-03-09,13,4,0.497628205,0.7224699538157779,0.7224699538157779,30.08,24.18,15.04,550.508289257679,675.729846096,1.0
Baseline MLR,2014-03-09T03:00:00+00:00,2014-03-09T14:00:00+11:00,2014-03-09,14,5,0.713012821,0.6624236260906589,0.6624236260906589,26.92,20.21,13.46,565.6455493043496,691.7145771198001,1.0
Baseline MLR,2014-03-09T04:00:00+00:00,2014-03-09T15:00:00+11:00,2014-03-09,15,6,0.652820513,0.5433484687002293,0.5433484687002293,26.15,22.88,13.075,501.3984849026925,648.31884622425,1.0
Baseline MLR,2014-03-09T05:00:00+00:00,2014-03-09T16:00:00+11:00,2014-03-09,16,7,0.5025,0.3843252467450923,0.3843252467450923,27.02,22.4,13.51,390.94747919886976,608.96325,1.0
Baseline MLR,2014-03-09T06:00:00+00:00,2014-03-09T17:00:00+11:00,2014-03-09,17,8,0.212435897,0.2283384856572569,0.2283384856572569,31.66,22.93,15.83,209.3237543239313,575.7858074853,1.0
Baseline MLR,2014-03-09T07:00:00+00:00,2014-03-09T18:00:00+11:00,2014-03-09,18,9,0.142371795,0.1467331890616833,0.1467331890616833,37.03,26.38,18.515,160.583363397062,634.53041353275,1.0
Baseline MLR,2014-03-09T08:00:00+00:00,2014-03-09T19:00:00+11:00,2014-03-09,19,10,0.061346154,0.033441640588037114,0.033441640588037114,37.8,25.77,18.9,59.49579974562259,601.783269318,1.0
Baseline MLR,2014-03-09T09:00:00+00:00,2014-03-09T20:00:00+11:00,2014-03-09,20,11,0.011282051,0.00335348509470898,0.00335348509470898,38.95,25.01,19.475,9.867350331907296,590.8415382967501,1.0
Baseline MLR,2014-03-09T22:00:00+00:00,2014-03-10T09:00:00+11:00,2014-03-10,9,0,0.322179487,0.33861582946080426,0.33861582946080426,31.23,25.99,15.615,309.54956599606373,619.3749806851499,1.0
Baseline MLR,2014-03-09T23:00:00+00:00,2014-03-10T10:00:00+11:00,2014-03-10,10,1,0.628012821,0.590604237473376,0.590604237473376,25.42,23.37,12.71,476.6219494077127,620.7612886473,1.0
Baseline MLR,2014-03-10T00:00:00+00:00,2014-03-10T11:00:00+11:00,2014-03-10,11,2,0.732628205,0.6832234673419624,0.6832234673419624,27.23,22.18,13.615,590.9991629093073,707.69199033225,1.0
Baseline MLR,2014-03-10T01:00:00+00:00,2014-03-10T12:00:00+11:00,2014-03-10,12,3,0.777628205,0.7176675824699463,0.7176675824699463,25.12,21.34,12.56,579.2210806930918,669.810307644,1.0
Baseline MLR,2014-03-10T02:00:00+00:00,2014-03-10T13:00:00+11:00,2014-03-10,13,4,0.781730769,0.7200290572118375,0.7200290572118375,24.36,22.37,12.18,567.6052537914468,651.0444229926001,1.0
Baseline MLR,2014-03-10T03:00:00+00:00,2014-03-10T14:00:00+11:00,2014-03-10,14,5,0.726346154,0.6077819358665137,0.6077819358665137,23.5,22.97,11.75,510.1888675016776,608.537019285,1.0
Baseline MLR,2014-03-10T04:00:00+00:00,2014-03-10T15:00:00+11:00,2014-03-10,15,6,0.444487179,0.4461252139479923,0.4461252139479923,29.67,25.49,14.835,396.367045481504,642.86901901395,1.0
Baseline MLR,2014-03-10T05:00:00+00:00,2014-03-10T16:00:00+11:00,2014-03-10,16,7,0.374871795,0.32162706645111283,0.32162706645111283,38.58,42.91,19.29,440.7931057715004,795.6383077664999,1.0
Baseline MLR,2014-03-10T06:00:00+00:00,2014-03-10T17:00:00+11:00,2014-03-10,17,8,0.276025641,0.19340970039914598,0.19340970039914598,51.52,153.87,25.76,680.2974763445222,1274.1619614201002,0.0
Baseline MLR,2014-03-10T07:00:00+00:00,2014-03-10T18:00:00+11:00,2014-03-10,18,9,0.157307692,0.15725118186278003,0.15725118186278003,58.17,73.76,29.085,274.54408310037775,1009.8088266546001,1.0
Baseline MLR,2014-03-10T08:00:00+00:00,2014-03-10T19:00:00+11:00,2014-03-10,19,10,0.066666667,0.05491663243431899,0.05491663243431899,54.07,44.81,27.035,104.87584093835382,865.12000027035,1.0
Baseline MLR,2014-03-10T09:00:00+00:00,2014-03-10T20:00:00+11:00,2014-03-10,20,11,0.006602564,0.003335677741795856,0.003335677741795856,52.21,63.18,26.105,11.416728260774983,788.3207979966,1.0
Baseline MLR,2014-03-10T22:00:00+00:00,2014-03-11T09:00:00+11:00,2014-03-11,9,0,0.311858974,0.3369920185309452,0.3369920185309452,38.98,25.38,19.49,379.3831753328436,767.0439420977999,1.0
Baseline MLR,2014-03-10T23:00:00+00:00,2014-03-11T10:00:00+11:00,2014-03-11,10,1,0.610641026,0.5900581505196076,0.5900581505196076,35.49,24.18,17.745,643.165730731703,857.4247501911001,1.0
Baseline MLR,2014-03-11T00:00:00+00:00,2014-03-11T11:00:00+11:00,2014-03-11,11,2,0.72,0.6804344632202738,0.6804344632202738,33.25,19.48,16.625,701.855476756295,857.8499999999999,1.0
Baseline MLR,2014-03-11T01:00:00+00:00,2014-03-11T12:00:00+11:00,2014-03-11,12,3,0.769166667,0.7062406095787617,0.7062406095787617,29.89,18.94,14.945,669.0405404360232,793.2058751494501,1.0
Baseline MLR,2014-03-11T02:00:00+00:00,2014-03-11T13:00:00+11:00,2014-03-11,13,4,0.753397436,0.7170526570884778,0.7170526570884778,27.77,17.490000000000002,13.885,616.4466741152866,730.3777019657999,1.0
Baseline MLR,2014-03-11T03:00:00+00:00,2014-03-11T14:00:00+11:00,2014-03-11,14,5,0.728910256,0.6562279657355814,0.6562279657355814,27.62,17.41,13.81,581.7124526136087,716.2875190608,1.0
Baseline MLR,2014-03-11T04:00:00+00:00,2014-03-11T15:00:00+11:00,2014-03-11,15,6,0.489551282,0.49518658592186027,0.49518658592186027,30.51,20.56,15.255,450.66528525443937,681.6931442073001,1.0
Baseline MLR,2014-03-11T05:00:00+00:00,2014-03-11T16:00:00+11:00,2014-03-11,16,7,0.103076923,0.3385543932644499,0.3385543932644499,38.56,30.52,19.28,255.43955332735788,638.0196922632001,1.0
Baseline MLR,2014-03-11T06:00:00+00:00,2014-03-11T17:00:00+11:00,2014-03-11,17,8,0.129423077,0.18423415023293707,0.18423415023293707,50.81,35.03,25.405,239.053855735583,860.7897981355501,1.0
Baseline MLR,2014-03-11T07:00:00+00:00,2014-03-11T18:00:00+11:00,2014-03-11,18,9,0.118653846,0.11077972451115276,0.11077972451115276,46.87,30.02,23.435,162.85880444798772,786.4695864303,1.0
Baseline MLR,2014-03-11T08:00:00+00:00,2014-03-11T19:00:00+11:00,2014-03-11,19,10,0.036282051,0.032952474164900436,0.032952474164900436,42.9,24.99,21.45,44.906018003501,666.8474998185001,1.0
Baseline MLR,2014-03-11T09:00:00+00:00,2014-03-11T20:00:00+11:00,2014-03-11,20,11,0.002820513,0.002392961358361978,0.002392961358361978,40.9,26.12,20.45,3.271193053097701,615.2303847254999,1.0
Baseline MLR,2014-03-11T22:00:00+00:00,2014-03-12T09:00:00+11:00,2014-03-12,9,0,0.009935897,0.23156850024466394,0.23156850024466394,29.91,21.9,14.955,108.35094782381849,453.10774018905,1.0
Baseline MLR,2014-03-11T23:00:00+00:00,2014-03-12T10:00:00+11:00,2014-03-12,10,1,0.191153846,0.38062243910168436,0.38062243910168436,26.75,17.78,13.375,229.42523439705084,477.9504807075,1.0
Baseline MLR,2014-03-12T00:00:00+00:00,2014-03-12T11:00:00+11:00,2014-03-12,11,2,0.496282051,0.5486733423231994,0.5486733423231994,21.53,12.77,10.765,337.46834427372727,483.22428837045,1.0
Baseline MLR,2014-03-12T01:00:00+00:00,2014-03-12T12:00:00+11:00,2014-03-12,12,3,0.36974359,0.5545240649928606,0.5545240649928606,18.86,10.34,9.43,261.4753195974802,387.500461611,1.0
Baseline MLR,2014-03-12T02:00:00+00:00,2014-03-12T13:00:00+11:00,2014-03-12,13,4,0.594871795,0.5834590163205917,0.5834590163205917,18.9,14.82,9.45,335.8953836546404,452.14615388249996,1.0
Baseline MLR,2014-03-12T03:00:00+00:00,2014-03-12T14:00:00+11:00,2014-03-12,14,5,0.601025641,0.6024514250660111,0.6024514250660111,19.33,17.900000000000002,9.665,348.94817530583987,464.21738460794995,1.0
Baseline MLR,2014-03-12T04:00:00+00:00,2014-03-12T15:00:00+11:00,2014-03-12,15,6,0.641410256,0.4846320364611101,0.4846320364611101,20.65,18.96,10.325,389.40499786137826,508.42682679599994,1.0
Baseline MLR,2014-03-12T05:00:00+00:00,2014-03-12T16:00:00+11:00,2014-03-12,16,7,0.320705128,0.2964891887401221,0.2964891887401221,28.65,78.17,14.325,311.6212568804747,752.0855956728,0.0
Baseline MLR,2014-03-12T06:00:00+00:00,2014-03-12T17:00:00+11:00,2014-03-12,17,8,0.281538462,0.20753431631510716,0.20753431631510716,43.81,33.85,21.905,347.9135618759541,842.1630003033,1.0
Baseline MLR,2014-03-12T07:00:00+00:00,2014-03-12T18:00:00+11:00,2014-03-12,18,9,0.117628205,0.12524956953849659,0.12524956953849659,42.51,36.06,21.255,154.87101293447233,712.6556249182499,1.0
Baseline MLR,2014-03-12T08:00:00+00:00,2014-03-12T19:00:00+11:00,2014-03-12,19,10,0.043589744,0.04778392750517002,0.04778392750517002,41.86,36.28,20.93,57.373528338096264,655.2700002576,1.0
Baseline MLR,2014-03-12T09:00:00+00:00,2014-03-12T20:00:00+11:00,2014-03-12,20,11,0.005641026,0.0019504389333855898,0.0019504389333855898,41.53,33.76,20.765,6.167878448172181,626.4640771467001,1.0
Baseline MLR,2014-03-12T22:00:00+00:00,2014-03-13T09:00:00+11:00,2014-03-13,9,0,0.066217949,0.2806863688628611,0.2806863688628611,36.66,31.34,18.33,190.76268439278726,586.3132501550999,1.0
Baseline MLR,2014-03-12T23:00:00+00:00,2014-03-13T10:00:00+11:00,2014-03-13,10,1,0.116153846,0.5234093814338265,0.5234093814338265,36.2,28.91,18.1,347.28283249656783,606.071538378,1.0
Baseline MLR,2014-03-13T00:00:00+00:00,2014-03-13T11:00:00+11:00,2014-03-13,11,2,0.176153846,0.5224748845489247,0.5224748845489247,33.0,26.99,16.5,345.82122162171765,582.19615377,1.0
Baseline MLR,2014-03-13T01:00:00+00:00,2014-03-13T12:00:00+11:00,2014-03-13,12,3,0.200192308,0.5107111613122204,0.5107111613122204,32.12,26.87,16.06,342.5132915146277,578.2526539944,1.0
Baseline MLR,2014-03-13T02:00:00+00:00,2014-03-13T13:00:00+11:00,2014-03-13,13,4,0.207371795,0.5680921562303437,0.5680921562303437,30.82,23.46,15.41,358.4969846537879,558.1679808285,1.0
Baseline MLR,2014-03-13T03:00:00+00:00,2014-03-13T14:00:00+11:00,2014-03-13,14,5,0.271730769,0.49615135791639625,0.49615135791639625,30.76,30.13,15.38,354.3008133592253,586.7765768165999,1.0
Baseline MLR,2014-03-13T04:00:00+00:00,2014-03-13T15:00:00+11:00,2014-03-13,15,6,0.309230769,0.37330090890559203,0.37330090890559203,32.29,32.59,16.145,330.5842181935735,634.1259229651499,1.0
Baseline MLR,2014-03-13T05:00:00+00:00,2014-03-13T16:00:00+11:00,2014-03-13,16,7,0.430448718,0.30111821906721287,0.30111821906721287,40.21,93.89,20.105,727.5241240047604,1212.4449039906,0.0
Baseline MLR,2014-03-13T06:00:00+00:00,2014-03-13T17:00:00+11:00,2014-03-13,17,8,0.301923077,0.21644914079098565,0.21644914079098565,71.56,112.85,35.78,754.045026485706,1397.4842308518,1.0
Baseline MLR,2014-03-13T07:00:00+00:00,2014-03-13T18:00:00+11:00,2014-03-13,18,9,0.087564103,0.10151923719235972,0.10151923719235972,69.05,56.26,34.525,195.8430696042366,1126.44451968225,1.0
Baseline MLR,2014-03-13T08:00:00+00:00,2014-03-13T19:00:00+11:00,2014-03-13,19,10,0.038141026,0.03447473623061181,0.03447473623061181,56.3,66.01,28.15,65.48818312382278,876.710096457,1.0
Baseline MLR,2014-03-13T09:00:00+00:00,2014-03-13T20:00:00+11:00,2014-03-13,20,11,0.002820513,0.0025018682259577707,0.0025018682259577707,52.14,91.17,26.07,4.7849476005260465,784.3059232173,1.0
Baseline MLR,2014-03-13T22:00:00+00:00,2014-03-14T09:00:00+11:00,2014-03-14,9,0,0.279038462,0.307447876569972,0.307447876569972,29.26,15.75,14.63,257.4088539983607,561.3699809718,1.0
Baseline MLR,2014-03-13T23:00:00+00:00,2014-03-14T10:00:00+11:00,2014-03-14,10,1,0.424166667,0.5722220630514971,0.5722220630514971,26.7,12.34,13.35,399.05368638562464,570.3787501334999,1.0
Baseline MLR,2014-03-14T00:00:00+00:00,2014-03-14T11:00:00+11:00,2014-03-14,11,2,0.699551282,0.6698517249509282,0.6698517249509282,22.29,7.91,11.145,454.9775533624304,568.2449711367,1.0
Baseline MLR,2014-03-14T01:00:00+00:00,2014-03-14T12:00:00+11:00,2014-03-14,12,3,0.785512821,0.6187320247671582,0.6187320247671582,20.46,19.5,10.23,477.3444825982942,547.9738847649,1.0
Baseline MLR,2014-03-14T02:00:00+00:00,2014-03-14T13:00:00+11:00,2014-03-14,13,4,0.702820513,0.6955520046903134,0.6955520046903134,20.27,35.7,10.135,430.749746451854,752.7207694230001,0.0
Baseline MLR,2014-03-14T03:00:00+00:00,2014-03-14T14:00:00+11:00,2014-03-14,14,5,0.625320513,0.5952756102397165,0.5952756102397165,19.92,24.69,9.96,377.9909641537966,485.64576928440005,1.0
Baseline MLR,2014-03-14T04:00:00+00:00,2014-03-14T15:00:00+11:00,2014-03-14,15,6,0.362820513,0.43051094519646615,0.43051094519646615,22.98,20.71,11.49,273.4613536403219,469.7642308311,1.0
Baseline MLR,2014-03-14T05:00:00+00:00,2014-03-14T16:00:00+11:00,2014-03-14,16,7,0.530448718,0.301862243704135,0.301862243704135,31.56,28.35,15.78,480.2159687277083,724.5144231011999,1.0
Baseline MLR,2014-03-14T06:00:00+00:00,2014-03-14T17:00:00+11:00,2014-03-14,17,8,0.337371795,0.19760939634959698,0.19760939634959698,48.06,55.44,24.03,517.3660490921991,964.1113270154999,1.0
Baseline MLR,2014-03-14T07:00:00+00:00,2014-03-14T18:00:00+11:00,2014-03-14,18,9,0.070320513,0.09877657793758271,0.09877657793758271,43.51,30.73,21.755,110.36121640041335,698.5446828094499,1.0
Baseline MLR,2014-03-14T08:00:00+00:00,2014-03-14T19:00:00+11:00,2014-03-14,19,10,0.036602564,0.032299596094150895,0.032299596094150895,38.33,27.19,19.165,40.651236469465225,595.9946441718,1.0
Baseline MLR,2014-03-14T09:00:00+00:00,2014-03-14T20:00:00+11:00,2014-03-14,20,11,0.004551282,0.001774023328491997,0.001774023328491997,36.88,24.4,18.44,3.995732758187404,555.7177692024001,1.0
Baseline MLR,2014-03-14T22:00:00+00:00,2014-03-15T09:00:00+11:00,2014-03-15,9,0,0.154871795,0.3226372779064884,0.3226372779064884,32.07,28.47,16.035,229.70573952166626,555.55107698475,1.0
Baseline MLR,2014-03-14T23:00:00+00:00,2014-03-15T10:00:00+11:00,2014-03-15,10,1,0.207051282,0.5094315375292383,0.5094315375292383,32.21,27.51,16.105,346.1686742555514,583.1868268983001,1.0
Baseline MLR,2014-03-15T00:00:00+00:00,2014-03-15T11:00:00+11:00,2014-03-15,11,2,0.621282051,0.5505686857432571,0.5505686857432571,28.63,24.7,14.315,525.2820478401301,696.25957680195,1.0
Baseline MLR,2014-03-15T01:00:00+00:00,2014-03-15T12:00:00+11:00,2014-03-15,12,3,0.793012821,0.6600740187186867,0.6600740187186867,28.02,26.18,14.01,659.2683554466714,753.6032886663,1.0
Baseline MLR,2014-03-15T02:00:00+00:00,2014-03-15T13:00:00+11:00,2014-03-15,13,4,0.5925,0.6663360965008152,0.6663360965008152,27.75,25.88,13.875,523.9905251684643,662.8781250000001,1.0
Baseline MLR,2014-03-15T03:00:00+00:00,2014-03-15T14:00:00+11:00,2014-03-15,14,5,0.391730769,0.5874866326488,0.5874866326488,27.62,25.72,13.81,405.6897695030978,576.5940575967,1.0
Baseline MLR,2014-03-15T04:00:00+00:00,2014-03-15T15:00:00+11:00,2014-03-15,15,6,0.442179487,0.306130885451676,0.306130885451676,27.67,25.53,13.835,358.31887193929765,598.57659607935,1.0
Baseline MLR,2014-03-15T05:00:00+00:00,2014-03-15T16:00:00+11:00,2014-03-15,16,7,0.401410256,0.15605342191303523,0.15605342191303523,28.81,26.26,14.405,328.1690864531472,605.6194421303999,1.0
Baseline MLR,2014-03-15T06:00:00+00:00,2014-03-15T17:00:00+11:00,2014-03-15,17,8,0.124615385,0.15838242688377735,0.15838242688377735,33.15,30.3,16.575,140.72066195920826,559.2150001912499,1.0
Baseline MLR,2014-03-15T07:00:00+00:00,2014-03-15T18:00:00+11:00,2014-03-15,18,9,0.09025641,0.0780001327926153,0.0780001327926153,36.74,33.58,18.37,98.31872002273992,600.840307551,1.0
Baseline MLR,2014-03-15T08:00:00+00:00,2014-03-15T19:00:00+11:00,2014-03-15,19,10,0.02525641,0.042399828180801014,0.042399828180801014,39.68,37.22,19.84,40.26899296521276,610.232615232,1.0
Baseline MLR,2014-03-15T09:00:00+00:00,2014-03-15T20:00:00+11:00,2014-03-15,20,11,0.001410256,0.0024857736336658665,0.0024857736336658665,41.85,39.28,20.925,2.445732602533748,628.6352882040001,1.0
Baseline MLR,2014-03-15T22:00:00+00:00,2014-03-16T09:00:00+11:00,2014-03-16,9,0,0.317884615,0.31748413473019316,0.31748413473019316,26.97,27.17,13.485,257.2028448781188,533.1502209982499,1.0
Baseline MLR,2014-03-15T23:00:00+00:00,2014-03-16T10:00:00+11:00,2014-03-16,10,1,0.600064103,0.5258453895359814,0.5258453895359814,24.52,25.43,12.26,443.4333250443677,588.5035770834,1.0
Baseline MLR,2014-03-16T00:00:00+00:00,2014-03-16T11:00:00+11:00,2014-03-16,11,2,0.751923077,0.48278315975065156,0.48278315975065156,24.32,23.96,12.16,545.696365872907,639.1015384896001,1.0
Baseline MLR,2014-03-16T01:00:00+00:00,2014-03-16T12:00:00+11:00,2014-03-16,12,3,0.771025641,0.6929250199614823,0.6929250199614823,23.68,23.48,11.84,547.2680116401689,629.0683076832,1.0
Baseline MLR,2014-03-16T02:00:00+00:00,2014-03-16T13:00:00+11:00,2014-03-16,13,4,0.601410256,0.7093789694857835,0.7093789694857835,23.26,22.66,11.63,457.33436077198985,558.7320383184,1.0
Baseline MLR,2014-03-16T03:00:00+00:00,2014-03-16T14:00:00+11:00,2014-03-16,14,5,0.614615385,0.4110512938300891,0.4110512938300891,23.47,24.13,11.735,436.7812615836642,568.42534628925,1.0
Baseline MLR,2014-03-16T04:00:00+00:00,2014-03-16T15:00:00+11:00,2014-03-16,15,6,0.696153846,0.513935652040825,0.513935652040825,25.18,35.78,12.59,583.8200009474176,747.2515382964,0.0
Baseline MLR,2014-03-16T05:00:00+00:00,2014-03-16T16:00:00+11:00,2014-03-16,16,7,0.424807692,0.2892081781034795,0.2892081781034795,26.64,48.39,13.32,427.9849902638797,616.6933264764001,0.0
Baseline MLR,2014-03-16T06:00:00+00:00,2014-03-16T17:00:00+11:00,2014-03-16,17,8,0.172371795,0.12827857352302174,0.12827857352302174,31.04,25.88,15.52,153.68698481936377,545.856307752,1.0
Baseline MLR,2014-03-16T07:00:00+00:00,2014-03-16T18:00:00+11:00,2014-03-16,18,9,0.081025641,0.1087943535363004,0.1087943535363004,35.84,25.63,17.92,102.0472290627151,581.1593846016,1.0
Baseline MLR,2014-03-16T08:00:00+00:00,2014-03-16T19:00:00+11:00,2014-03-16,19,10,0.036858974,0.04450109433520488,0.04450109433520488,37.72,34.26,18.86,46.033526664058925,586.6548074892,1.0
Baseline MLR,2014-03-16T09:00:00+00:00,2014-03-16T20:00:00+11:00,2014-03-16,20,11,0.002628205,0.0020394196879188475,0.0020394196879188475,41.97,40.22,20.985,3.2782616866157395,631.20458645775,1.0
Baseline MLR,2014-03-16T22:00:00+00:00,2014-03-17T09:00:00+11:00,2014-03-17,9,0,0.323012821,0.3365797609957233,0.3365797609957233,33.0,33.21,16.5,326.498328087883,654.891346395,1.0
Baseline MLR,2014-03-16T23:00:00+00:00,2014-03-17T10:00:00+11:00,2014-03-17,10,1,0.667371795,0.593839943132036,0.593839943132036,30.33,26.81,15.165,599.4766327132429,758.57079813525,1.0
Baseline MLR,2014-03-17T00:00:00+00:00,2014-03-17T11:00:00+11:00,2014-03-17,11,2,0.800961538,0.6856282363110184,0.6856282363110184,27.7,28.41,13.85,668.0556374039753,748.299519039,1.0
Baseline MLR,2014-03-17T01:00:00+00:00,2014-03-17T12:00:00+11:00,2014-03-17,12,3,0.662115385,0.7219230528762843,0.7219230528762843,26.0,24.06,13.0,539.7749907717509,648.2250001499999,1.0
Baseline MLR,2014-03-17T02:00:00+00:00,2014-03-17T13:00:00+11:00,2014-03-17,13,4,0.713141026,0.7326351786341747,0.7326351786341747,25.44,23.97,12.72,551.708199688401,653.7346155216001,1.0
Baseline MLR,2014-03-17T03:00:00+00:00,2014-03-17T14:00:00+11:00,2014-03-17,14,5,0.674871795,0.6491156952103863,0.6491156952103863,25.16,26.57,12.58,510.4827138871007,632.096615433,1.0
Baseline MLR,2014-03-17T04:00:00+00:00,2014-03-17T15:00:00+11:00,2014-03-17,15,6,0.520961538,0.5307588854488372,0.5307588854488372,29.45,27.83,14.725,464.59749705852386,671.8847594115,1.0
Baseline MLR,2014-03-17T05:00:00+00:00,2014-03-17T16:00:00+11:00,2014-03-17,16,7,0.46974359,0.35986854647290084,0.35986854647290084,37.27,35.59,18.635,519.6826057852342,821.6601539895,1.0
Baseline MLR,2014-03-17T06:00:00+00:00,2014-03-17T17:00:00+11:00,2014-03-17,17,8,0.308141026,0.24692260923487833,0.24692260923487833,60.08,43.57,30.04,525.0719034386352,1178.8966926311998,1.0
Baseline MLR,2014-03-17T07:00:00+00:00,2014-03-17T18:00:00+11:00,2014-03-17,18,9,0.089871795,0.14521381331130895,0.14521381331130895,61.7,40.91,30.85,217.57173049211647,1008.6763462725,1.0
Baseline MLR,2014-03-17T08:00:00+00:00,2014-03-17T19:00:00+11:00,2014-03-17,19,10,0.025,0.0510395142268989,0.0510395142268989,53.41,128.77,26.705,60.91905682288005,821.17875,1.0
Baseline MLR,2014-03-17T09:00:00+00:00,2014-03-17T20:00:00+11:00,2014-03-17,20,11,0.002435897,0.002346485126412612,0.002346485126412612,47.34,48.91,23.67,3.4636722186459656,711.8297304597,1.0
Baseline MLR,2014-03-17T22:00:00+00:00,2014-03-18T09:00:00+11:00,2014-03-18,9,0,0.23,0.3207551752768327,0.3207551752768327,30.56,23.24,15.28,252.4661723469001,563.832,1.0
Baseline MLR,2014-03-17T23:00:00+00:00,2014-03-18T10:00:00+11:00,2014-03-18,10,1,0.506217949,0.5735652635343707,0.5735652635343707,26.79,25.78,13.395,433.91088395693674,605.27368280565,1.0
Baseline MLR,2014-03-18T00:00:00+00:00,2014-03-18T11:00:00+11:00,2014-03-18,11,2,0.670448718,0.6593321849509741,0.6593321849509741,25.96,22.06,12.98,520.844827211664,650.4727307892001,1.0
Baseline MLR,2014-03-18T01:00:00+00:00,2014-03-18T12:00:00+11:00,2014-03-18,12,3,0.803910256,0.69211487186183,0.69211487186183,23.79,22.1,11.895,568.0827237313948,643.7253748536,1.0
Baseline MLR,2014-03-18T02:00:00+00:00,2014-03-18T13:00:00+11:00,2014-03-18,13,4,0.852628205,0.6569493588300352,0.6569493588300352,22.89,23.08,11.445,586.6151577966689,636.09989418675,1.0
Baseline MLR,2014-03-18T03:00:00+00:00,2014-03-18T14:00:00+11:00,2014-03-18,14,5,0.669423077,0.6354320426722417,0.6354320426722417,24.25,25.03,12.125,487.80067872076955,607.25264425875,1.0
Baseline MLR,2014-03-18T04:00:00+00:00,2014-03-18T15:00:00+11:00,2014-03-18,15,6,0.655128205,0.5217383563484548,0.5217383563484548,27.68,30.79,13.84,556.4637343111892,687.209230716,1.0
Baseline MLR,2014-03-18T05:00:00+00:00,2014-03-18T16:00:00+11:00,2014-03-18,16,7,0.466538462,0.35908560288328933,0.35908560288328933,34.74,39.17,17.37,500.5068700730109,764.2131925482,1.0
Baseline MLR,2014-03-18T06:00:00+00:00,2014-03-18T17:00:00+11:00,2014-03-18,17,8,0.276666667,0.2381567327682193,0.2381567327682193,54.72,253.84,27.36,684.218943674165,2106.8720025384,0.0
Baseline MLR,2014-03-18T07:00:00+00:00,2014-03-18T18:00:00+11:00,2014-03-18,18,9,0.072692308,0.138881300094577,0.138881300094577,59.57,89.46,29.785,189.05159751290927,958.5042118134,1.0
Baseline MLR,2014-03-18T08:00:00+00:00,2014-03-18T19:00:00+11:00,2014-03-18,19,10,0.019615385,0.04672079975073529,0.04672079975073529,46.25,40.08,23.125,46.02072817082261,707.3581733437501,1.0
Baseline MLR,2014-03-18T09:00:00+00:00,2014-03-18T20:00:00+11:00,2014-03-18,20,11,0.001858974,0.0021259168498651837,0.0021259168498651837,42.12,39.5,21.06,2.5176540389448228,632.9744997731999,1.0
Baseline MLR,2014-03-18T22:00:00+00:00,2014-03-19T09:00:00+11:00,2014-03-19,9,0,0.300769231,0.28855600768916245,0.28855600768916245,26.19,24.28,13.095,235.61456710098903,511.00719239835,1.0
Baseline MLR,2014-03-18T23:00:00+00:00,2014-03-19T10:00:00+11:00,2014-03-19,10,1,0.637435897,0.5493563919429021,0.5493563919429021,22.83,22.78,11.415,436.44772659771434,560.73992292765,1.0
Baseline MLR,2014-03-19T00:00:00+00:00,2014-03-19T11:00:00+11:00,2014-03-19,11,2,0.730448718,0.6546568967090816,0.6546568967090816,23.26,18.49,11.63,498.8613057936696,603.7535577102001,1.0
Baseline MLR,2014-03-19T01:00:00+00:00,2014-03-19T12:00:00+11:00,2014-03-19,12,3,0.780064103,0.7085091207956452,0.7085091207956452,20.38,19.65,10.19,475.3641384639246,544.1655962870999,1.0
Baseline MLR,2014-03-19T02:00:00+00:00,2014-03-19T13:00:00+11:00,2014-03-19,13,4,0.791089744,0.7117731424517421,0.7117731424517421,18.93,19.37,9.465,450.306844758037,508.5799328088,1.0
Baseline MLR,2014-03-19T03:00:00+00:00,2014-03-19T14:00:00+11:00,2014-03-19,14,5,0.545192308,0.627444905987163,0.627444905987163,18.82,22.05,9.41,331.03548550857613,436.2077885484,1.0
Baseline MLR,2014-03-19T04:00:00+00:00,2014-03-19T15:00:00+11:00,2014-03-19,15,6,0.567628205,0.5215826628530388,0.5215826628530388,21.58,20.1,10.79,365.4380778456749,507.44124995849995,1.0
Baseline MLR,2014-03-19T05:00:00+00:00,2014-03-19T16:00:00+11:00,2014-03-19,16,7,0.508782051,0.30082321989066524,0.30082321989066524,30.9,29.7,15.45,464.15444335706394,699.3204806384999,1.0
Baseline MLR,2014-03-19T06:00:00+00:00,2014-03-19T17:00:00+11:00,2014-03-19,17,8,0.290641026,0.20141187119909693,0.20141187119909693,43.15,41.77,21.575,372.54072114824265,835.3674040785,1.0
Baseline MLR,2014-03-19T07:00:00+00:00,2014-03-19T18:00:00+11:00,2014-03-19,18,9,0.105192308,0.1336731773167325,0.1336731773167325,44.66,27.57,22.33,160.0159886136791,740.3683271292,1.0
Baseline MLR,2014-03-19T08:00:00+00:00,2014-03-19T19:00:00+11:00,2014-03-19,19,10,0.034358974,0.041856998731812145,0.041856998731812145,39.33,32.06,19.665,44.963613113132574,610.2200767113,1.0
Baseline MLR,2014-03-19T09:00:00+00:00,2014-03-19T20:00:00+11:00,2014-03-19,20,11,0.001410256,0.0020028339700058073,0.0020028339700058073,37.39,31.34,18.695,1.9142315096777573,561.6409420776,1.0
Baseline MLR,2014-03-19T22:00:00+00:00,2014-03-20T09:00:00+11:00,2014-03-20,9,0,0.087371795,0.27044909946437956,0.27044909946437956,32.61,36.57,16.305,175.02809052725127,531.88791352425,1.0
Baseline MLR,2014-03-19T23:00:00+00:00,2014-03-20T10:00:00+11:00,2014-03-20,10,1,0.233974359,0.5019995597329191,0.5019995597329191,29.23,48.87,14.615,322.6877646684484,541.03605770355,1.0
Baseline MLR,2014-03-20T00:00:00+00:00,2014-03-20T11:00:00+11:00,2014-03-20,11,2,0.406858974,0.5692343815009936,0.5692343815009936,28.8,27.29,14.4,421.6723295764292,607.7630767679999,1.0
Baseline MLR,2014-03-20T01:00:00+00:00,2014-03-20T12:00:00+11:00,2014-03-20,12,3,0.584807692,0.7050253661005932,0.7050253661005932,26.65,28.95,13.325,515.6107649757122,633.526874877,1.0
Baseline MLR,2014-03-20T02:00:00+00:00,2014-03-20T13:00:00+11:00,2014-03-20,13,4,0.731217949,0.7177383801549886,0.7177383801549886,26.12,28.25,13.06,573.8437292855963,678.2911924182001,1.0
Baseline MLR,2014-03-20T03:00:00+00:00,2014-03-20T14:00:00+11:00,2014-03-20,14,5,0.727115385,0.6291048395609089,0.6291048395609089,26.83,28.83,13.415,591.1358061128453,695.0775866932499,1.0
Baseline MLR,2014-03-20T04:00:00+00:00,2014-03-20T15:00:00+11:00,2014-03-20,15,6,0.438717949,0.525276706499532,0.525276706499532,28.49,30.13,14.245,411.963116027725,614.83611550515,1.0
Baseline MLR,2014-03-20T05:00:00+00:00,2014-03-20T16:00:00+11:00,2014-03-20,16,7,0.255,0.35840252822310004,0.35840252822310004,38.23,38.91,19.115,351.7556798095367,719.6797499999999,1.0
Baseline MLR,2014-03-20T06:00:00+00:00,2014-03-20T17:00:00+11:00,2014-03-20,17,8,0.163974359,0.23519082409121125,0.23519082409121125,60.67,100.57,30.335,363.2602748721568,1059.27486540795,1.0
Baseline MLR,2014-03-20T07:00:00+00:00,2014-03-20T18:00:00+11:00,2014-03-20,18,9,0.077884615,0.13271184421076515,0.13271184421076515,51.82,55.08,25.91,163.69662774452775,837.8397112395,1.0
Baseline MLR,2014-03-20T08:00:00+00:00,2014-03-20T19:00:00+11:00,2014-03-20,19,10,0.022115385,0.04311777291314073,0.04311777291314073,47.24,96.62,23.62,46.22421569725152,724.270961811,1.0
Baseline MLR,2014-03-20T09:00:00+00:00,2014-03-20T20:00:00+11:00,2014-03-20,20,11,0.001602564,0.001875047255122303,0.001875047255122303,44.21,43.0,22.105,2.306177903834355,664.2127403166,1.0
Baseline MLR,2014-03-20T22:00:00+00:00,2014-03-21T09:00:00+11:00,2014-03-21,9,0,0.278461538,0.32218980087022475,0.32218980087022475,29.72,38.36,14.86,267.7703668683462,569.9381536403998,1.0
Baseline MLR,2014-03-20T23:00:00+00:00,2014-03-21T10:00:00+11:00,2014-03-21,10,1,0.596987179,0.5754125477276273,0.5754125477276273,26.96,26.59,13.48,482.60375196807666,645.8216151876001,1.0
Baseline MLR,2014-03-21T00:00:00+00:00,2014-03-21T11:00:00+11:00,2014-03-21,11,2,0.745961538,0.6650778174895995,0.6650778174895995,32.05,18.33,16.025,683.950279424919,839.3710093935,1.0
Baseline MLR,2014-03-21T01:00:00+00:00,2014-03-21T12:00:00+11:00,2014-03-21,12,3,0.558269231,0.6917343778229859,0.6917343778229859,27.73,16.92,13.865,519.939001089921,648.16208663445,1.0
Baseline MLR,2014-03-21T02:00:00+00:00,2014-03-21T13:00:00+11:00,2014-03-21,13,4,0.185064103,0.6728949363248092,0.6728949363248092,25.41,20.68,12.705,327.011087838651,451.68718285845,1.0
Baseline MLR,2014-03-21T03:00:00+00:00,2014-03-21T14:00:00+11:00,2014-03-21,14,5,0.537564103,0.6076387822196752,0.6076387822196752,24.57,19.17,12.285,422.0645233477113,566.66925016065,1.0
Baseline MLR,2014-03-21T04:00:00+00:00,2014-03-21T15:00:00+11:00,2014-03-21,15,6,0.623333333,0.4639755077707185,0.4639755077707185,26.74,20.54,13.37,470.39744423995364,651.1189998663,1.0
Baseline MLR,2014-03-21T05:00:00+00:00,2014-03-21T16:00:00+11:00,2014-03-21,16,7,0.45025641,0.3339030969825788,0.3339030969825788,34.76,47.98,17.38,515.6731082907093,756.163692174,1.0
Baseline MLR,2014-03-21T06:00:00+00:00,2014-03-21T17:00:00+11:00,2014-03-21,17,8,0.201474359,0.19131506631728357,0.19131506631728357,57.5,84.68,28.75,355.82715652848697,1036.2716346375,1.0
Baseline MLR,2014-03-21T07:00:00+00:00,2014-03-21T18:00:00+11:00,2014-03-21,18,9,0.106858974,0.1025308973429499,0.1025308973429499,46.52,33.63,23.26,147.45871687111872,772.3661920572,1.0
Baseline MLR,2014-03-21T08:00:00+00:00,2014-03-21T19:00:00+11:00,2014-03-21,19,10,0.035320513,0.03300218145644496,0.03300218145644496,42.28,34.33,21.14,44.247616616062125,656.6002693446001,1.0
Baseline MLR,2014-03-21T09:00:00+00:00,2014-03-21T20:00:00+11:00,2014-03-21,20,11,0.000769231,0.0016835435668877685,0.0016835435668877685,39.9,34.33,19.95,1.4679855782823295,598.9603847535,1.0
Baseline MLR,2014-03-21T22:00:00+00:00,2014-03-22T09:00:00+11:00,2014-03-22,9,0,0.273012821,0.3107169886318843,0.3107169886318843,25.86,43.65,12.93,226.42879315620792,493.80167326590004,1.0
Baseline MLR,2014-03-21T23:00:00+00:00,2014-03-22T10:00:00+11:00,2014-03-22,10,1,0.577628205,0.5669586309904138,0.5669586309904138,23.38,34.52,11.69,408.71419462100374,598.1917690980001,0.0
Baseline MLR,2014-03-22T00:00:00+00:00,2014-03-22T11:00:00+11:00,2014-03-22,11,2,0.723461538,0.6602621844768426,0.6602621844768426,21.2,15.3,10.6,448.9352525944011,548.060769084,1.0
Baseline MLR,2014-03-22T01:00:00+00:00,2014-03-22T12:00:00+11:00,2014-03-22,12,3,0.79025641,0.6861699855515391,0.6861699855515391,20.5,18.8,10.25,480.6992845031285,550.503846075,1.0
Baseline MLR,2014-03-22T02:00:00+00:00,2014-03-22T13:00:00+11:00,2014-03-22,13,4,0.789294872,0.6191829500824145,0.6191829500824145,20.5,19.79,10.25,481.79296234315547,550.20817314,1.0
Baseline MLR,2014-03-22T03:00:00+00:00,2014-03-22T14:00:00+11:00,2014-03-22,14,5,0.733717949,0.5711005774216436,0.5711005774216436,20.38,17.84,10.19,436.20371030432926,529.9975770093,1.0
Baseline MLR,2014-03-22T04:00:00+00:00,2014-03-22T15:00:00+11:00,2014-03-22,15,6,0.639230769,0.43288143452126254,0.43288143452126254,21.75,21.74,10.875,417.03617197215635,534.79903838625,1.0
Baseline MLR,2014-03-22T05:00:00+00:00,2014-03-22T16:00:00+11:00,2014-03-22,16,7,0.488589744,0.29024765556863885,0.29024765556863885,23.65,22.8,11.825,341.5967001130003,528.077211684,1.0
Baseline MLR,2014-03-22T06:00:00+00:00,2014-03-22T17:00:00+11:00,2014-03-22,17,8,0.260448718,0.19950140200560967,0.19950140200560967,29.65,24.0,14.825,221.33856459995084,560.5845673304999,1.0
Baseline MLR,2014-03-22T07:00:00+00:00,2014-03-22T18:00:00+11:00,2014-03-22,18,9,0.07525641,0.12640400069076313,0.12640400069076313,32.52,24.95,16.26,98.36994833495424,524.510076798,1.0
Baseline MLR,2014-03-22T08:00:00+00:00,2014-03-22T19:00:00+11:00,2014-03-22,19,10,0.019294872,0.040254792752553614,0.040254792752553614,37.0,29.04,18.5,33.05006393766726,565.70865396,1.0
Baseline MLR,2014-03-22T09:00:00+00:00,2014-03-22T20:00:00+11:00,2014-03-22,20,11,0.001217949,0.001731976922288908,0.001731976922288908,40.7,28.78,20.35,1.8009297755573785,611.2435578645001,1.0
Baseline MLR,2014-03-22T22:00:00+00:00,2014-03-23T09:00:00+11:00,2014-03-23,9,0,0.115833333,0.2766558230743107,0.2766558230743107,34.09,26.81,17.045,200.6993299585988,570.5813748295501,1.0
Baseline MLR,2014-03-22T23:00:00+00:00,2014-03-23T10:00:00+11:00,2014-03-23,10,1,0.275897436,0.515627479655727,0.515627479655727,32.28,28.37,16.14,383.25636416050304,617.7895385112,1.0
Baseline MLR,2014-03-23T00:00:00+00:00,2014-03-23T11:00:00+11:00,2014-03-23,11,2,0.669807692,0.5997988608180957,0.5997988608180957,31.76,30.41,15.88,635.357411274733,795.4963844688001,1.0
Baseline MLR,2014-03-23T01:00:00+00:00,2014-03-23T12:00:00+11:00,2014-03-23,12,3,0.698653846,0.6659105232575906,0.6659105232575906,31.22000000000001,31.94,15.610000000000005,655.0664479348362,795.4795960818003,1.0
Baseline MLR,2014-03-23T02:00:00+00:00,2014-03-23T13:00:00+11:00,2014-03-23,13,4,0.686538462,0.6102109658682163,0.6102109658682163,33.2,31.19,16.6,679.1897601352534,839.8961540760001,1.0
Baseline MLR,2014-03-23T03:00:00+00:00,2014-03-23T14:00:00+11:00,2014-03-23,14,5,0.618525641,0.5961774914566134,0.5961774914566134,32.92,30.8,16.46,609.4345807406406,799.2279615258001,1.0
Baseline MLR,2014-03-23T04:00:00+00:00,2014-03-23T15:00:00+11:00,2014-03-23,15,6,0.584166667,0.4628212240492735,0.4628212240492735,33.33,31.69,16.665,578.1380545401241,792.0041251666499,1.0
Baseline MLR,2014-03-23T05:00:00+00:00,2014-03-23T16:00:00+11:00,2014-03-23,16,7,0.364807692,0.33291662212214124,0.33291662212214124,35.65,34.0,17.825,388.583218635046,729.830913297,1.0
Baseline MLR,2014-03-23T06:00:00+00:00,2014-03-23T17:00:00+11:00,2014-03-23,17,8,0.251730769,0.1930542215699833,0.1930542215699833,38.83,35.36,19.415,287.1329442206353,729.0705864040499,1.0
Baseline MLR,2014-03-23T07:00:00+00:00,2014-03-23T18:00:00+11:00,2014-03-23,18,9,0.103076923,0.1071848565500979,0.1071848565500979,41.73,38.88,20.865,131.61336090938377,690.47099995185,1.0
Baseline MLR,2014-03-23T08:00:00+00:00,2014-03-23T19:00:00+11:00,2014-03-23,19,10,0.031217949,0.030885374444051705,0.030885374444051705,45.79,39.81,22.895,42.824432665962874,708.29204827065,1.0
Baseline MLR,2014-03-23T09:00:00+00:00,2014-03-23T20:00:00+11:00,2014-03-23,20,11,0.000576923,0.00158682163135343,0.00158682163135343,46.95,47.06,23.475,1.523817156630653,704.65629802275,1.0
Baseline MLR,2014-03-23T22:00:00+00:00,2014-03-24T09:00:00+11:00,2014-03-24,9,0,0.094358974,0.24006863349328605,0.24006863349328605,37.25,31.61,18.625,186.8614256868736,611.4730767225,1.0
Baseline MLR,2014-03-23T23:00:00+00:00,2014-03-24T10:00:00+11:00,2014-03-24,10,1,0.228012821,0.4603524951057784,0.4603524951057784,34.83,32.54,17.415,359.63645939946394,641.5752983314499,1.0
Baseline MLR,2014-03-24T00:00:00+00:00,2014-03-24T11:00:00+11:00,2014-03-24,11,2,0.125384615,0.4305227850094627,0.4305227850094627,32.75,35.53,16.375,273.0895102546486,552.84519211875,1.0
Baseline MLR,2014-03-24T01:00:00+00:00,2014-03-24T12:00:00+11:00,2014-03-24,12,3,0.074615385,0.4392262239574146,0.4392262239574146,30.35,33.19,15.175,233.92639247786303,489.2186540212501,1.0
Baseline MLR,2014-03-24T02:00:00+00:00,2014-03-24T13:00:00+11:00,2014-03-24,13,4,0.079615385,0.37513034889321245,0.37513034889321245,30.22,30.77,15.11,206.1362411737932,489.38965402049996,1.0
Baseline MLR,2014-03-24T03:00:00+00:00,2014-03-24T14:00:00+11:00,2014-03-24,14,5,0.077307692,0.2933484373121832,0.2933484373121832,29.83,31.19,14.915,165.85008506073635,482.0413267854,1.0
Baseline MLR,2014-03-24T04:00:00+00:00,2014-03-24T15:00:00+11:00,2014-03-24,15,6,0.082692308,0.17204541667474652,0.17204541667474652,35.52,42.07,17.76,135.72425970670497,576.8584617024001,1.0
Baseline MLR,2014-03-24T05:00:00+00:00,2014-03-24T16:00:00+11:00,2014-03-24,16,7,0.078012821,0.062186401563478544,0.062186401563478544,44.73,45.85,22.365,105.21717219296711,723.2927022499499,1.0
Baseline MLR,2014-03-24T06:00:00+00:00,2014-03-24T17:00:00+11:00,2014-03-24,17,8,0.081025641,0.03979061179290999,0.03979061179290999,79.33,42.4,39.665,147.14863415736497,1286.36646150795,1.0
Baseline MLR,2014-03-24T07:00:00+00:00,2014-03-24T18:00:00+11:00,2014-03-24,18,9,0.045320513,0.05053600799366714,0.05053600799366714,77.12,53.02,38.56,110.88682348547415,1209.2267694384002,1.0
Baseline MLR,2014-03-24T08:00:00+00:00,2014-03-24T19:00:00+11:00,2014-03-24,19,10,0.009230769,0.01785377906426347,0.01785377906426347,63.35,41.49,31.675,25.737091798066363,959.02153824225,1.0
Baseline MLR,2014-03-24T09:00:00+00:00,2014-03-24T20:00:00+11:00,2014-03-24,20,11,0.000128205,0.0014752369879892646,0.0014752369879892646,56.64,39.67,28.32,1.362284312995679,849.708922968,1.0
Baseline MLR,2014-03-24T22:00:00+00:00,2014-03-25T09:00:00+11:00,2014-03-25,9,0,0.015769231,0.27813562600809416,0.27813562600809416,32.72,27.07,16.36,144.24850381957262,498.5395385748,1.0
Baseline MLR,2014-03-24T23:00:00+00:00,2014-03-25T10:00:00+11:00,2014-03-25,10,1,0.09275641,0.4660223343864138,0.4660223343864138,27.12,26.17,13.56,227.3111932163931,444.533307588,1.0
Baseline MLR,2014-03-25T00:00:00+00:00,2014-03-25T11:00:00+11:00,2014-03-25,11,2,0.249551282,0.540892769480826,0.540892769480826,28.75,25.65,14.375,340.87899720110624,538.8689903625,1.0
Baseline MLR,2014-03-25T01:00:00+00:00,2014-03-25T12:00:00+11:00,2014-03-25,12,3,0.276474359,0.5267810745977871,0.5267810745977871,28.6,27.85,14.3,344.59658101345065,547.607500011,1.0
Baseline MLR,2014-03-25T02:00:00+00:00,2014-03-25T13:00:00+11:00,2014-03-25,13,4,0.400576923,0.5228225017816711,0.5228225017816711,28.28,24.28,14.14,391.7060359923849,594.1247307366,1.0
Baseline MLR,2014-03-25T03:00:00+00:00,2014-03-25T14:00:00+11:00,2014-03-25,14,5,0.219551282,0.43422483439237797,0.43422483439237797,27.51,22.11,13.755,269.7807144293148,503.2478365173001,1.0
Baseline MLR,2014-03-25T04:00:00+00:00,2014-03-25T15:00:00+11:00,2014-03-25,15,6,0.376217949,0.33411689369411796,0.33411689369411796,31.08,25.78,15.54,344.09154785396476,641.5928078238001,1.0
Baseline MLR,2014-03-25T05:00:00+00:00,2014-03-25T16:00:00+11:00,2014-03-25,16,7,0.228397436,0.16933702127396139,0.16933702127396139,40.52,32.49,20.26,263.4122692940973,746.6199616008001,1.0
Baseline MLR,2014-03-25T06:00:00+00:00,2014-03-25T17:00:00+11:00,2014-03-25,17,8,0.113910256,0.0715761865996134,0.0715761865996134,65.37,39.85,32.685,190.97843950866405,1092.2447015208,1.0
Baseline MLR,2014-03-25T07:00:00+00:00,2014-03-25T18:00:00+11:00,2014-03-25,18,9,0.083782051,0.04501693056806999,0.04501693056806999,63.96,37.97,31.98,130.53583505802416,1039.7804997294002,1.0
Baseline MLR,2014-03-25T08:00:00+00:00,2014-03-25T19:00:00+11:00,2014-03-25,19,10,0.029807692,0.02187249154622578,0.02187249154622578,52.81,39.65,26.405,44.09150929644994,815.7621632178,1.0
Baseline MLR,2014-03-25T09:00:00+00:00,2014-03-25T20:00:00+11:00,2014-03-25,20,11,0.000512821,0.001477882864931307,0.001477882864931307,49.33,42.55,24.665,1.4730213248559205,740.3294618989501,1.0
Baseline MLR,2014-03-25T22:00:00+00:00,2014-03-26T09:00:00+11:00,2014-03-26,9,0,0.030192308,0.2256847709214682,0.2256847709214682,45.22,41.79,22.61,173.56142263243188,698.7794425164,1.0
Baseline MLR,2014-03-25T23:00:00+00:00,2014-03-26T10:00:00+11:00,2014-03-26,10,1,0.06775641,0.3841167127636457,0.3841167127636457,37.58,34.68,18.79,254.72087930186703,601.8942883169999,1.0
Baseline MLR,2014-03-26T00:00:00+00:00,2014-03-26T11:00:00+11:00,2014-03-26,11,2,0.103461538,0.37822088968931744,0.37822088968931744,35.35,39.63,17.675,255.41210728226065,585.1104805245,1.0
Baseline MLR,2014-03-26T01:00:00+00:00,2014-03-26T12:00:00+11:00,2014-03-26,12,3,0.111794872,0.4487082502172303,0.4487082502172303,32.75,35.75,16.375,275.34715878921435,546.16923087,1.0
Baseline MLR,2014-03-26T02:00:00+00:00,2014-03-26T13:00:00+11:00,2014-03-26,13,4,0.097948718,0.4265145365114551,0.4265145365114551,32.21,30.44,16.105,253.39442141720954,530.4739231017002,1.0
Baseline MLR,2014-03-26T03:00:00+00:00,2014-03-26T14:00:00+11:00,2014-03-26,14,5,0.12974359,0.38807864991026125,0.38807864991026125,31.75,31.21,15.875,246.61284175726192,538.0403847375001,1.0
Baseline MLR,2014-03-26T04:00:00+00:00,2014-03-26T15:00:00+11:00,2014-03-26,15,6,0.110512821,0.2945124651759656,0.2945124651759656,34.980000000000004,55.33,17.490000000000002,212.51676765652914,582.6860771787001,1.0
Baseline MLR,2014-03-26T05:00:00+00:00,2014-03-26T16:00:00+11:00,2014-03-26,16,7,0.077692308,0.08707481339317719,0.08707481339317719,43.02,80.92,21.51,106.32422343501725,695.4348463524001,1.0
Baseline MLR,2014-03-26T06:00:00+00:00,2014-03-26T17:00:00+11:00,2014-03-26,17,8,0.07724359,0.005794871244923866,0.005794871244923866,67.37,52.05,33.685,123.27918860916701,1088.6085098745,1.0
Baseline MLR,2014-03-26T07:00:00+00:00,2014-03-26T18:00:00+11:00,2014-03-26,18,9,0.052051282,0.0270449718285512,0.0270449718285512,63.32,45.74,31.66,85.68828730277791,999.2383076435999,1.0
Baseline MLR,2014-03-26T08:00:00+00:00,2014-03-26T19:00:00+11:00,2014-03-26,19,10,0.014871795,0.002586982300161522,0.002586982300161522,49.19,37.19,24.595,17.523775309558147,748.82315394075,1.0
Baseline MLR,2014-03-26T09:00:00+00:00,2014-03-26T20:00:00+11:00,2014-03-26,20,11,0.000128205,0.001477882864931307,0.001477882864931307,44.91,38.45,22.455,1.0819410902109747,673.7363652982499,1.0
Baseline MLR,2014-03-26T22:00:00+00:00,2014-03-27T09:00:00+11:00,2014-03-27,9,0,0.053333333,0.2145447811329076,0.2145447811329076,27.14,24.09,13.57,109.05318026350668,428.8119998643,1.0
Baseline MLR,2014-03-26T23:00:00+00:00,2014-03-27T10:00:00+11:00,2014-03-27,10,1,0.086282051,0.38493886991513016,0.38493886991513016,25.44,21.5,12.72,179.81790342121366,414.5252306616,1.0
Baseline MLR,2014-03-27T00:00:00+00:00,2014-03-27T11:00:00+11:00,2014-03-27,11,2,0.123910256,0.40495020261744896,0.40495020261744896,25.45,15.81,12.725,201.89248007721113,429.052740228,1.0
Baseline MLR,2014-03-27T01:00:00+00:00,2014-03-27T12:00:00+11:00,2014-03-27,12,3,0.187820513,0.3978586985881508,0.3978586985881508,24.98,29.06,12.49,219.45400058208014,445.07634622110004,1.0
Baseline MLR,2014-03-27T02:00:00+00:00,2014-03-27T13:00:00+11:00,2014-03-27,13,4,0.207435897,0.41585310344646415,0.41585310344646415,24.15,19.71,12.075,225.78644041173166,437.39365368824997,1.0
Baseline MLR,2014-03-27T03:00:00+00:00,2014-03-27T14:00:00+11:00,2014-03-27,14,5,0.184807692,0.30876315065721816,0.30876315065721816,24.45,18.66,12.225,181.01710654453476,434.528221041,1.0
Baseline MLR,2014-03-27T04:00:00+00:00,2014-03-27T15:00:00+11:00,2014-03-27,15,6,0.186987179,0.24913023352787533,0.24913023352787533,26.88,23.4,13.44,175.84254073123932,478.5932305728,1.0
Baseline MLR,2014-03-27T05:00:00+00:00,2014-03-27T16:00:00+11:00,2014-03-27,16,7,0.150064103,0.07741358086930877,0.07741358086930877,35.58,31.78,17.79,151.8962640193012,613.7892117711,1.0
Baseline MLR,2014-03-27T06:00:00+00:00,2014-03-27T17:00:00+11:00,2014-03-27,17,8,0.061474359,0.030470511904782255,0.030470511904782255,47.96,37.96,23.98,79.14815360063467,763.6246538646,1.0
Baseline MLR,2014-03-27T07:00:00+00:00,2014-03-27T18:00:00+11:00,2014-03-27,18,9,0.044166667,0.01634507560713072,0.01634507560713072,46.4,37.8,23.2,54.30202988463972,726.740000232,1.0
Baseline MLR,2014-03-27T08:00:00+00:00,2014-03-27T19:00:00+11:00,2014-03-27,19,10,0.010641026,0.005279648674633763,0.005279648674633763,42.52,38.33,21.26,12.899767635801464,644.5868463828001,1.0
Baseline MLR,2014-03-27T09:00:00+00:00,2014-03-27T20:00:00+11:00,2014-03-27,20,11,0.000128205,0.001477882864931307,0.001477882864931307,40.97,52.33,20.485,0.9870212973935345,614.62878838275,1.0
Baseline MLR,2014-03-27T22:00:00+00:00,2014-03-28T09:00:00+11:00,2014-03-28,9,0,0.042371795,0.23777473728576434,0.23777473728576434,28.64,17.36,14.32,120.35095026996437,447.802923132,1.0
Baseline MLR,2014-03-27T23:00:00+00:00,2014-03-28T10:00:00+11:00,2014-03-28,10,1,0.079230769,0.4224673814432128,0.4224673814432128,25.64,16.18,12.82,192.95310866045966,415.07215375740003,1.0
Baseline MLR,2014-03-28T00:00:00+00:00,2014-03-28T11:00:00+11:00,2014-03-28,11,2,0.084038462,0.45817561746998164,0.45817561746998164,22.25,17.64,11.125,180.96394902310632,361.7978366925,1.0
Baseline MLR,2014-03-28T01:00:00+00:00,2014-03-28T12:00:00+11:00,2014-03-28,12,3,0.104358974,0.5203566580626188,0.5203566580626188,22.32,19.48,11.16,209.1547936145648,369.7393844952,1.0
Baseline MLR,2014-03-28T02:00:00+00:00,2014-03-28T13:00:00+11:00,2014-03-28,13,4,0.128525641,0.5553292765809799,0.5553292765809799,21.51,20.43,10.755,220.64578915750315,364.11879806865,1.0
Baseline MLR,2014-03-28T03:00:00+00:00,2014-03-28T14:00:00+11:00,2014-03-28,14,5,0.107115385,0.42880993263926714,0.42880993263926714,21.98,20.13,10.99,176.6945772256664,365.0159424345,1.0
Baseline MLR,2014-03-28T04:00:00+00:00,2014-03-28T15:00:00+11:00,2014-03-28,15,6,0.131858974,0.32966314349651876,0.32966314349651876,24.15,22.96,12.075,167.18638706311393,410.0159133315,1.0
Baseline MLR,2014-03-28T05:00:00+00:00,2014-03-28T16:00:00+11:00,2014-03-28,16,7,0.066410256,0.24713442228259733,0.24713442228259733,31.65,25.19,15.825,148.85533601466307,506.278269036,1.0
Baseline MLR,2014-03-28T06:00:00+00:00,2014-03-28T17:00:00+11:00,2014-03-28,17,8,0.053076923,0.11787275372917153,0.11787275372917153,42.5,37.86,21.25,108.98041891484685,671.3365384125,1.0
Baseline MLR,2014-03-28T07:00:00+00:00,2014-03-28T18:00:00+11:00,2014-03-28,18,9,0.052179487,0.03942763845573799,0.03942763845573799,43.54,38.6,21.77,66.26702196514037,687.1784229597,1.0
Baseline MLR,2014-03-28T08:00:00+00:00,2014-03-28T19:00:00+11:00,2014-03-28,19,10,0.015064103,0.014607489538400437,0.014607489538400437,42.29,45.06,21.145,19.149772054758923,643.90591373805,1.0
Baseline MLR,2014-03-28T09:00:00+00:00,2014-03-28T20:00:00+11:00,2014-03-28,20,11,0.000128205,0.001477882864931307,0.001477882864931307,43.48,45.72,21.74,1.0474905055081982,652.2836153009999,1.0
Baseline MLR,2014-03-28T22:00:00+00:00,2014-03-29T09:00:00+11:00,2014-03-29,9,0,0.083589744,0.25992040779039116,0.25992040779039116,34.75,30.59,17.375,179.05466662074136,564.82115406,1.0
Baseline MLR,2014-03-28T23:00:00+00:00,2014-03-29T10:00:00+11:00,2014-03-29,10,1,0.427179487,0.5343684339271971,0.5343684339271971,31.81,28.31,15.905,458.8025904704121,680.97869222205,1.0
Baseline MLR,2014-03-29T00:00:00+00:00,2014-03-29T11:00:00+11:00,2014-03-29,11,2,0.530320513,0.5847983645527661,0.5847983645527661,28.34,36.9,14.17,474.03703484768084,650.5392500763,1.0
Baseline MLR,2014-03-29T01:00:00+00:00,2014-03-29T12:00:00+11:00,2014-03-29,12,3,0.410769231,0.581712663886025,0.581712663886025,26.88,27.1,13.44,400.1687000180453,568.8221539392,1.0
Baseline MLR,2014-03-29T02:00:00+00:00,2014-03-29T13:00:00+11:00,2014-03-29,13,4,0.549294872,0.5976214018143287,0.5976214018143287,26.29,26.53,13.145,452.2864325786805,610.9644327732,1.0
Baseline MLR,2014-03-29T03:00:00+00:00,2014-03-29T14:00:00+11:00,2014-03-29,14,5,0.56974359,0.5536991180943645,0.5536991180943645,26.06,26.55,13.03,445.6613923990128,613.612769331,1.0
Baseline MLR,2014-03-29T04:00:00+00:00,2014-03-29T15:00:00+11:00,2014-03-29,15,6,0.362371795,0.34619097177575664,0.34619097177575664,26.28,26.88,13.14,285.9851779960364,537.046961589,1.0
Baseline MLR,2014-03-29T05:00:00+00:00,2014-03-29T16:00:00+11:00,2014-03-29,16,7,0.221025641,0.21333565785990136,0.21333565785990136,27.67,27.67,13.835,183.4733845941,506.7866922970501,1.0
Baseline MLR,2014-03-29T06:00:00+00:00,2014-03-29T17:00:00+11:00,2014-03-29,17,8,0.14775641,0.08147998958302846,0.08147998958302846,32.480000000000004,30.73,16.240000000000002,140.49433383210902,559.186922952,1.0
Baseline MLR,2014-03-29T07:00:00+00:00,2014-03-29T18:00:00+11:00,2014-03-29,18,9,0.071538462,0.04502982659176891,0.04502982659176891,36.6,32.56,18.3,75.33638466452238,588.2746156380001,1.0
Baseline MLR,2014-03-29T08:00:00+00:00,2014-03-29T19:00:00+11:00,2014-03-29,19,10,0.014935897,0.008883789779503132,0.008883789779503132,40.48,42.62,20.24,18.526698600355896,616.2690766584,1.0
Baseline MLR,2014-03-29T09:00:00+00:00,2014-03-29T20:00:00+11:00,2014-03-29,20,11,0.000320513,0.001477882864931307,0.001477882864931307,43.93,47.08,21.965,1.1850529551964848,659.1612020413501,1.0
Baseline MLR,2014-03-29T22:00:00+00:00,2014-03-30T09:00:00+11:00,2014-03-30,9,0,0.042179487,0.25008820578848534,0.25008820578848534,23.98,19.24,11.99,105.12868909601818,374.8719614739,1.0
Baseline MLR,2014-03-29T23:00:00+00:00,2014-03-30T10:00:00+11:00,2014-03-30,10,1,0.086987179,0.4762667228033241,0.4762667228033241,21.0,21.05,10.5,177.42497906804712,342.400961385,1.0
Baseline MLR,2014-03-30T00:00:00+00:00,2014-03-30T11:00:00+11:00,2014-03-30,11,2,0.154230769,0.566569740025691,0.566569740025691,20.03,28.5,10.015,216.56451293676886,346.78863454605005,1.0
Baseline MLR,2014-03-30T01:00:00+00:00,2014-03-30T12:00:00+11:00,2014-03-30,12,3,0.320448718,0.6072243378236389,0.6072243378236389,18.83,14.7,9.415,262.0212546173868,372.96074039909996,1.0
Baseline MLR,2014-03-30T02:00:00+00:00,2014-03-30T13:00:00+11:00,2014-03-30,13,4,0.512884615,0.653740058614531,0.653740058614531,18.73,16.43,9.365,327.76320205200244,425.04493258425003,1.0
Baseline MLR,2014-03-30T03:00:00+00:00,2014-03-30T14:00:00+11:00,2014-03-30,14,5,0.621089744,0.5155970014482805,0.5155970014482805,18.73,56.83,9.365,469.5685318902155,1058.8959045456002,0.0
Baseline MLR,2014-03-30T04:00:00+00:00,2014-03-30T15:00:00+11:00,2014-03-30,15,6,0.205512821,0.373763778323441,0.373763778323441,18.97,15.34,9.485,164.83315633748512,343.02867321554993,1.0
Baseline MLR,2014-03-30T05:00:00+00:00,2014-03-30T16:00:00+11:00,2014-03-30,16,7,0.097115385,0.1931413717188586,0.1931413717188586,20.21,16.53,10.105,87.99133579932199,332.59052896275,1.0
Baseline MLR,2014-03-30T06:00:00+00:00,2014-03-30T17:00:00+11:00,2014-03-30,17,8,0.090576923,0.05233870048344516,0.05233870048344516,23.68,25.81,11.84,66.78926851800786,387.3729230496,1.0
Baseline MLR,2014-03-30T07:00:00+00:00,2014-03-30T18:00:00+11:00,2014-03-30,18,9,0.044487179,0.06572452211110691,0.06572452211110691,29.01,56.18,14.505,47.958621738498174,454.50859594185,1.0
Baseline MLR,2014-03-30T08:00:00+00:00,2014-03-30T19:00:00+11:00,2014-03-30,19,10,0.019423077,0.018690825371804415,0.018690825371804415,32.82,41.55,16.41,19.315738315624426,501.86198080709994,1.0
Baseline MLR,2014-03-30T09:00:00+00:00,2014-03-30T20:00:00+11:00,2014-03-30,20,11,0.000192308,0.001477882864931307,0.001477882864931307,34.300000000000004,35.63,17.150000000000002,0.8593132000071575,514.598942466,1.0
Baseline MLR,2014-03-30T22:00:00+00:00,2014-03-31T09:00:00+11:00,2014-03-31,9,0,0.206089744,0.26777777616586346,0.26777777616586346,22.58,20.07,11.29,160.49892908017793,408.5025962928,1.0
Baseline MLR,2014-03-30T23:00:00+00:00,2014-03-31T10:00:00+11:00,2014-03-31,10,1,0.61025641,0.5304022545479177,0.5304022545479177,20.44,16.580000000000002,10.22,364.9621194106489,493.704615306,1.0
Baseline MLR,2014-03-31T00:00:00+00:00,2014-03-31T11:00:00+11:00,2014-03-31,11,2,0.711987179,0.598532636306379,0.598532636306379,18.34,7.77,9.17,355.75891039765276,470.9676729429,1.0
Baseline MLR,2014-03-31T01:00:00+00:00,2014-03-31T12:00:00+11:00,2014-03-31,12,3,0.749358974,0.641255761585855,0.641255761585855,17.48,4.93,8.74,352.26298649167444,458.68192298279996,1.0
Baseline MLR,2014-03-31T02:00:00+00:00,2014-03-31T13:00:00+11:00,2014-03-31,13,4,0.761987179,0.6851420845867962,0.6851420845867962,16.94,9.92,8.47,371.0583074843793,447.72094218390004,1.0
Baseline MLR,2014-03-31T03:00:00+00:00,2014-03-31T14:00:00+11:00,2014-03-31,14,5,0.712948718,0.6048763710287526,0.6048763710287526,17.17,11.43,8.585,348.62982649335123,441.1699423209001,1.0
Baseline MLR,2014-03-31T04:00:00+00:00,2014-03-31T15:00:00+11:00,2014-03-31,15,6,0.61,0.4468483179291972,0.4468483179291972,19.51,21.29,9.755,365.7452998225809,471.16650000000004,1.0
Baseline MLR,2014-03-31T05:00:00+00:00,2014-03-31T16:00:00+11:00,2014-03-31,16,7,0.454166667,0.2721450091980293,0.2721450091980293,29.43,52.26,14.715,525.6503837228697,712.0425005226,0.0
Baseline MLR,2014-03-31T06:00:00+00:00,2014-03-31T17:00:00+11:00,2014-03-31,17,8,0.221602564,0.16101216115262235,0.16101216115262235,40.69,47.8,20.345,283.4341828021456,745.6051249374,1.0
Baseline MLR,2014-03-31T07:00:00+00:00,2014-03-31T18:00:00+11:00,2014-03-31,18,9,0.061089744,0.09530714390388834,0.09530714390388834,38.36,26.33,19.18,89.99076929989735,610.5510386976,1.0
Baseline MLR,2014-03-31T08:00:00+00:00,2014-03-31T19:00:00+11:00,2014-03-31,19,10,0.02275641,0.020438384935890064,0.020438384935890064,37.0,27.34,18.5,24.58785143642094,567.6298075499999,1.0
Baseline MLR,2014-03-31T09:00:00+00:00,2014-03-31T20:00:00+11:00,2014-03-31,20,11,0.000320513,0.001477882864931307,0.001477882864931307,36.43,25.89,18.215,0.9827334203917129,546.6251443288501,1.0
Baseline MLR,2014-03-31T22:00:00+00:00,2014-04-01T09:00:00+11:00,2014-04-01,9,0,0.191923077,0.2964123710763945,0.2964123710763945,21.64,19.32,10.82,158.51368644559764,386.8982307942,1.0
Baseline MLR,2014-03-31T23:00:00+00:00,2014-04-01T10:00:00+11:00,2014-04-01,10,1,0.320512821,0.5364756360462009,0.5364756360462009,19.03,16.36,9.515,244.62735506383802,376.94038475445,1.0
Baseline MLR,2014-04-01T00:00:00+00:00,2014-04-01T11:00:00+11:00,2014-04-01,11,2,0.448653846,0.607192212036783,0.607192212036783,16.4,4.32,8.2,259.73813027704864,356.368846116,1.0
Baseline MLR,2014-04-01T01:00:00+00:00,2014-04-01T12:00:00+11:00,2014-04-01,12,3,0.455192308,0.5900691145487635,0.5900691145487635,13.76,0.35,6.88,215.7419576140648,300.3516923712,1.0
Baseline MLR,2014-04-01T02:00:00+00:00,2014-04-01T13:00:00+11:00,2014-04-01,13,4,0.386538462,0.5702919784405547,0.5702919784405547,13.58,16.080000000000002,6.79,194.906360717741,282.4378847094,1.0
Baseline MLR,2014-04-01T03:00:00+00:00,2014-04-01T14:00:00+11:00,2014-04-01,14,5,0.357884615,0.4655984615191594,0.4655984615191594,14.26,11.87,7.13,176.1430300674482,290.4515191485,1.0
Baseline MLR,2014-04-01T04:00:00+00:00,2014-04-01T15:00:00+11:00,2014-04-01,15,6,0.282884615,0.3560985743471331,0.3560985743471331,18.31,16.03,9.155,175.4967329541901,352.3442595097499,1.0
Baseline MLR,2014-04-01T05:00:00+00:00,2014-04-01T16:00:00+11:00,2014-04-01,16,7,0.238974359,0.18698093141084735,0.18698093141084735,28.96,24.88,14.48,201.25692756228773,538.2104615495999,1.0
Baseline MLR,2014-04-01T06:00:00+00:00,2014-04-01T17:00:00+11:00,2014-04-01,17,8,0.233717949,0.09483783652285185,0.09483783652285185,38.27,37.12,19.135,263.5402133664384,708.21578862345,1.0
Baseline MLR,2014-04-01T07:00:00+00:00,2014-04-01T18:00:00+11:00,2014-04-01,18,9,0.071666667,0.057533235288495466,0.057533235288495466,35.76,31.65,17.88,75.14134822757148,574.8420001788,1.0
Baseline MLR,2014-04-01T08:00:00+00:00,2014-04-01T19:00:00+11:00,2014-04-01,19,10,0.012948718,0.014131965802979402,0.014131965802979402,35.56,29.1,17.78,14.444836740509214,540.3068461812001,1.0
Baseline MLR,2014-04-01T09:00:00+00:00,2014-04-01T20:00:00+11:00,2014-04-01,20,11,0.000192308,0.001477882864931307,0.001477882864931307,35.79,29.8,17.895,0.896641965838372,536.9532405498001,1.0
Baseline MLR,2014-04-01T22:00:00+00:00,2014-04-02T09:00:00+11:00,2014-04-02,9,0,0.226666667,0.30468567956335746,0.30468567956335746,34.910000000000004,32.230000000000004,17.455000000000002,278.24265627790214,642.34400017455,1.0
Baseline MLR,2014-04-01T23:00:00+00:00,2014-04-02T10:00:00+11:00,2014-04-02,10,1,0.535961538,0.5512057260764018,0.5512057260764018,31.47000000000001,29.94,15.735000000000005,513.1973070072656,725.0506440129003,1.0
Baseline MLR,2014-04-02T00:00:00+00:00,2014-04-02T11:00:00+11:00,2014-04-02,11,2,0.677948718,0.6378423006406018,0.6378423006406018,27.69,30.19,13.845,566.1799813445548,696.9360000213001,1.0
Baseline MLR,2014-04-02T01:00:00+00:00,2014-04-02T12:00:00+11:00,2014-04-02,12,3,0.753525641,0.67220582292298,0.67220582292298,26.57,28.47,13.285,605.2705180714902,698.8676442205499,1.0
Baseline MLR,2014-04-02T02:00:00+00:00,2014-04-02T13:00:00+11:00,2014-04-02,13,4,0.764615385,0.6806227576921857,0.6806227576921857,26.2,27.47,13.1,604.1878117104277,693.493846305,1.0
Baseline MLR,2014-04-02T03:00:00+00:00,2014-04-02T14:00:00+11:00,2014-04-02,14,5,0.715897436,0.6202468913404461,0.6202468913404461,25.96,27.37,12.98,561.5869411958992,668.1704615784,1.0
Baseline MLR,2014-04-02T04:00:00+00:00,2014-04-02T15:00:00+11:00,2014-04-02,15,6,0.606987179,0.49698335573003755,0.49698335573003755,27.4,30.28,13.7,508.44779146852477,660.4717305689999,1.0
Baseline MLR,2014-04-02T05:00:00+00:00,2014-04-02T16:00:00+11:00,2014-04-02,16,7,0.439935897,0.32642313510941745,0.32642313510941745,37.12,64.23,18.56,582.2325441448108,847.7124799293001,0.0
Baseline MLR,2014-04-02T06:00:00+00:00,2014-04-02T17:00:00+11:00,2014-04-02,17,8,0.243205128,0.19693760657280035,0.19693760657280035,48.27,128.06,24.135,462.9359118970878,934.3454607504,0.0
Baseline MLR,2014-04-02T07:00:00+00:00,2014-04-02T18:00:00+11:00,2014-04-02,18,9,0.066153846,0.0955823584264271,0.0955823584264271,46.83,55.2,23.415,113.61159679934372,748.9197691227,1.0
Baseline MLR,2014-04-02T08:00:00+00:00,2014-04-02T19:00:00+11:00,2014-04-02,19,10,0.022564103,0.017790202437883318,0.017790202437883318,44.07,268.68,22.035,61.99997473401083,675.96600028815,1.0
Baseline MLR,2014-04-02T09:00:00+00:00,2014-04-02T20:00:00+11:00,2014-04-02,20,11,0.000128205,0.001477882864931307,0.001477882864931307,43.92,38.97,21.96,1.0580906854167451,658.8844614540001,1.0
Baseline MLR,2014-04-02T22:00:00+00:00,2014-04-03T09:00:00+11:00,2014-04-03,9,0,0.191730769,0.3006909846727023,0.3006909846727023,29.76,32.730000000000004,14.88,219.81707083949428,531.9886152816,1.0
Baseline MLR,2014-04-02T23:00:00+00:00,2014-04-03T10:00:00+11:00,2014-04-03,10,1,0.5,0.5255118009422266,0.5255118009422266,25.68,47.41,12.84,395.0271457229457,711.15,0.0
Baseline MLR,2014-04-03T00:00:00+00:00,2014-04-03T11:00:00+11:00,2014-04-03,11,2,0.378846154,0.6053355009182847,0.6053355009182847,24.65,17.72,12.325,363.90116690603577,509.82836544149995,1.0
Baseline MLR,2014-04-03T01:00:00+00:00,2014-04-03T12:00:00+11:00,2014-04-03,12,3,0.35474359,0.500005057150936,0.500005057150936,22.23,18.48,11.115,285.0159363924796,451.7392500855,1.0
Baseline MLR,2014-04-03T02:00:00+00:00,2014-04-03T13:00:00+11:00,2014-04-03,13,4,0.223205128,0.503432222778353,0.503432222778353,21.16,18.86,10.58,230.63469513704925,388.2453076272,1.0
Baseline MLR,2014-04-03T03:00:00+00:00,2014-04-03T14:00:00+11:00,2014-04-03,14,5,0.196730769,0.513526495663072,0.513526495663072,20.82,22.91,10.41,221.81334375427735,373.7390191587,1.0
Baseline MLR,2014-04-03T04:00:00+00:00,2014-04-03T15:00:00+11:00,2014-04-03,15,6,0.285769231,0.3143544296724483,0.3143544296724483,23.24,24.34,11.62,209.20310811041549,448.2191539266,1.0
Baseline MLR,2014-04-03T05:00:00+00:00,2014-04-03T16:00:00+11:00,2014-04-03,16,7,0.237820513,0.15443075470884282,0.15443075470884282,32.4,36.1,16.2,240.41780180631844,601.580769318,1.0
Baseline MLR,2014-04-03T06:00:00+00:00,2014-04-03T17:00:00+11:00,2014-04-03,17,8,0.055320513,0.1244025849885189,0.1244025849885189,40.38,44.79,20.19,108.8582804516459,639.2076347241,1.0
Baseline MLR,2014-04-03T07:00:00+00:00,2014-04-03T18:00:00+11:00,2014-04-03,18,9,0.031474359,0.05471415088833209,0.05471415088833209,39.78,40.13,19.89,51.42868385036776,615.4807500152999,1.0
Baseline MLR,2014-04-03T08:00:00+00:00,2014-04-03T19:00:00+11:00,2014-04-03,19,10,0.003846154,0.011296621184152339,0.011296621184152339,39.64,45.5,19.82,9.003894124496982,596.8869231684,1.0
Baseline MLR,2014-04-03T09:00:00+00:00,2014-04-03T20:00:00+11:00,2014-04-03,20,11,0.0,0.001477882864931307,0.001477882864931307,39.62,53.08,19.81,0.8783057866286756,594.3,1.0
Baseline MLR,2014-04-03T22:00:00+00:00,2014-04-04T09:00:00+11:00,2014-04-04,9,0,0.009423077,0.21625546223881922,0.21625546223881922,28.5,31.31,14.25,96.47757552459522,431.5283654175,1.0
Baseline MLR,2014-04-03T23:00:00+00:00,2014-04-04T10:00:00+11:00,2014-04-04,10,1,0.015064103,0.3670690442474107,0.3670690442474107,24.37,28.7,12.185,139.68877197629098,371.05668285165007,1.0
Baseline MLR,2014-04-04T00:00:00+00:00,2014-04-04T11:00:00+11:00,2014-04-04,11,2,0.045705128,0.36607345009120096,0.36607345009120096,23.67,36.49,11.835,146.2019841512809,371.2776056964001,1.0
Baseline MLR,2014-04-04T01:00:00+00:00,2014-04-04T12:00:00+11:00,2014-04-04,12,3,0.125128205,0.3473358461939528,0.3473358461939528,21.49,26.39,10.745,152.2987869023707,362.68507688175,1.0
Baseline MLR,2014-04-04T02:00:00+00:00,2014-04-04T13:00:00+11:00,2014-04-04,13,4,0.151987179,0.32910487661763216,0.32910487661763216,20.48,26.96,10.24,147.7914794857366,353.8904613888,1.0
Baseline MLR,2014-04-04T03:00:00+00:00,2014-04-04T14:00:00+11:00,2014-04-04,14,5,0.129487179,0.294348819745014,0.294348819745014,19.96,24.32,9.98,126.89649802425721,338.1684613926,1.0
Baseline MLR,2014-04-04T04:00:00+00:00,2014-04-04T15:00:00+11:00,2014-04-04,15,6,0.103269231,0.1851653102613796,0.1851653102613796,21.88,24.36,10.94,94.66421644198478,362.09296161419996,1.0
Baseline MLR,2014-04-04T05:00:00+00:00,2014-04-04T16:00:00+11:00,2014-04-04,16,7,0.082307692,0.05625447782805304,0.05625447782805304,29.76,30.9,14.88,74.37532734228058,483.1421537088,1.0
Baseline MLR,2014-04-04T06:00:00+00:00,2014-04-04T17:00:00+11:00,2014-04-04,17,8,0.088141026,0.01498105058802296,0.01498105058802296,38.72,46.71,19.36,119.92106190785088,631.9923079007999,1.0
Baseline MLR,2014-04-04T07:00:00+00:00,2014-04-04T18:00:00+11:00,2014-04-04,18,9,0.039679487,0.002822203273972368,0.002822203273972368,39.17,38.77,19.585,46.185077768987675,610.86368258685,1.0
Baseline MLR,2014-04-04T08:00:00+00:00,2014-04-04T19:00:00+11:00,2014-04-04,19,10,0.008974359,0.0033648934089959837,0.0033648934089959837,38.81,39.93,19.405,10.637324227557734,587.3744230918501,1.0
Baseline MLR,2014-04-04T09:00:00+00:00,2014-04-04T20:00:00+11:00,2014-04-04,20,11,6.41e-05,0.001477882864931307,0.001477882864931307,39.38,42.45,19.69,0.910849278314923,590.7378638700001,1.0
Baseline MLR,2014-04-04T22:00:00+00:00,2014-04-05T09:00:00+11:00,2014-04-05,9,0,0.042435897,0.2461321687105857,0.2461321687105857,33.92,34.4,16.96,146.82343183354598,530.3913843936001,1.0
Baseline MLR,2014-04-04T23:00:00+00:00,2014-04-05T10:00:00+11:00,2014-04-05,10,1,0.125128205,0.4411074974689365,0.4411074974689365,30.94,30.74,15.47,262.78998951583344,522.1719999405,1.0
Baseline MLR,2014-04-05T00:00:00+00:00,2014-04-05T11:00:00+11:00,2014-04-05,11,2,0.1125,0.47657389297981523,0.47657389297981523,32.14,29.77,16.07,283.99252380556896,536.3362500000001,1.0
Baseline MLR,2014-04-05T01:00:00+00:00,2014-04-05T12:00:00+11:00,2014-04-05,12,3,0.216346154,0.46725057622266153,0.46725057622266153,31.34,28.36,15.67,321.35882287767316,571.8043269954001,1.0
Baseline MLR,2014-04-05T02:00:00+00:00,2014-04-05T13:00:00+11:00,2014-04-05,13,4,0.256474359,0.36798769920627716,0.36798769920627716,29.96,27.56,14.98,280.633248957901,564.6595769346,1.0
Baseline MLR,2014-04-05T03:00:00+00:00,2014-04-05T14:00:00+11:00,2014-04-05,14,5,0.353525641,0.35015178769504807,0.35015178769504807,29.92,27.65,14.96,317.0948559515328,607.4623076808001,1.0
Baseline MLR,2014-04-05T04:00:00+00:00,2014-04-05T15:00:00+11:00,2014-04-05,15,6,0.313205128,0.2516019142466982,0.2516019142466982,29.99,27.37,14.995,276.9486410605905,590.7453268308,1.0
Baseline MLR,2014-04-05T05:00:00+00:00,2014-04-05T16:00:00+11:00,2014-04-05,16,7,0.228269231,0.20360494412606858,0.20360494412606858,32.58,28.21,16.29,219.87685837022758,600.2551731896999,1.0
Baseline MLR,2014-04-05T06:00:00+00:00,2014-04-05T17:00:00+11:00,2014-04-05,17,8,0.187371795,0.03501625050064733,0.03501625050064733,38.41,28.99,19.205,172.85284250298295,684.10425968925,1.0
Baseline MLR,2014-04-05T07:00:00+00:00,2014-04-05T18:00:00+11:00,2014-04-05,18,9,0.064807692,0.02951251716215897,0.02951251716215897,43.16,30.83,21.58,70.85731442908259,689.3564998008,1.0
Baseline MLR,2014-04-05T08:00:00+00:00,2014-04-05T19:00:00+11:00,2014-04-05,19,10,0.005128205,0.006313892054363696,0.006313892054363696,47.21,32.81,23.605,8.102721029047652,711.78153837075,1.0
Baseline MLR,2014-04-05T09:00:00+00:00,2014-04-05T20:00:00+11:00,2014-04-05,20,11,6.41e-05,0.001477882864931307,0.001477882864931307,48.53,30.07,24.265,1.1224864265267451,727.9966615950001,1.0
Baseline MLR,2014-04-05T23:00:00+00:00,2014-04-06T09:00:00+10:00,2014-04-06,9,0,0.559166667,0.3711994064875218,0.3711994064875218,25.84,18.74,12.92,393.42897376924213,604.3330001292,1.0
Baseline MLR,2014-04-06T00:00:00+00:00,2014-04-06T10:00:00+10:00,2014-04-06,10,1,0.580448718,0.6170092732938208,0.6170092732938208,24.0,19.46,12.0,431.08487686577547,568.9615384800001,1.0
Baseline MLR,2014-04-06T01:00:00+00:00,2014-04-06T11:00:00+10:00,2014-04-06,11,2,0.445320513,0.6188448742608956,0.6188448742608956,22.58,19.61,11.29,360.4328166652653,489.5300577530999,1.0
Baseline MLR,2014-04-06T02:00:00+00:00,2014-04-06T12:00:00+10:00,2014-04-06,12,3,0.565833333,0.5630259488699714,0.5630259488699714,23.04,18.48,11.52,390.7199496206121,541.1519998847999,1.0
Baseline MLR,2014-04-06T03:00:00+00:00,2014-04-06T13:00:00+10:00,2014-04-06,13,4,0.358269231,0.4892611285697914,0.4892611285697914,21.99,20.02,10.995,279.5578891040957,448.02510584534997,1.0
Baseline MLR,2014-04-06T04:00:00+00:00,2014-04-06T14:00:00+10:00,2014-04-06,14,5,0.45275641,0.5073737663469473,0.5073737663469473,23.02,18.06,11.51,331.53294989260087,501.63678837300006,1.0
Baseline MLR,2014-04-06T05:00:00+00:00,2014-04-06T15:00:00+10:00,2014-04-06,15,6,0.290192308,0.3957926612928652,0.3957926612928652,23.88,18.9,11.94,245.71981600070433,462.1468847256,1.0
Baseline MLR,2014-04-06T06:00:00+00:00,2014-04-06T16:00:00+10:00,2014-04-06,16,7,0.16525641,0.174383222684311,0.174383222684311,27.09,23.73,13.545,138.01256474126976,473.5019422035,1.0
Baseline MLR,2014-04-06T07:00:00+00:00,2014-04-06T17:00:00+10:00,2014-04-06,17,8,0.065192308,0.08234153705092967,0.08234153705092967,30.14,25.83,15.07,66.7000513475253,481.5734424468001,1.0
Baseline MLR,2014-04-06T08:00:00+00:00,2014-04-06T18:00:00+10:00,2014-04-06,18,9,0.010192308,0.01302225034160931,0.01302225034160931,33.45,27.8,16.725,11.647904647902472,506.86399053900004,1.0
Baseline MLR,2014-04-06T09:00:00+00:00,2014-04-06T19:00:00+10:00,2014-04-06,19,10,6.41e-05,0.0032316458150403182,0.0032316458150403182,34.64,28.27,17.32,1.7124695254949494,519.63330636,1.0
Baseline MLR,2014-04-06T10:00:00+00:00,2014-04-06T20:00:00+10:00,2014-04-06,20,11,0.0,0.001477882864931307,0.001477882864931307,34.910000000000004,28.41,17.455000000000002,0.7738933622212789,523.6500000000001,1.0
Baseline MLR,2014-04-06T23:00:00+00:00,2014-04-07T09:00:00+10:00,2014-04-07,9,0,0.581282051,0.40189499612801993,0.40189499612801993,29.37,27.62,14.685,502.74979475532103,696.63380756805,1.0
Baseline MLR,2014-04-07T00:00:00+00:00,2014-04-07T10:00:00+10:00,2014-04-07,10,1,0.743269231,0.6363130957201797,0.6363130957201797,27.54,27.13,13.77,612.7734781882581,720.1445193261,1.0
Baseline MLR,2014-04-07T01:00:00+00:00,2014-04-07T11:00:00+10:00,2014-04-07,11,2,0.789102564,0.7017802262058723,0.7017802262058723,27.0,26.28,13.5,637.2869143436469,724.58653842,1.0
Baseline MLR,2014-04-07T02:00:00+00:00,2014-04-07T12:00:00+10:00,2014-04-07,12,3,0.606730769,0.6685372636417759,0.6685372636417759,26.54,26.41,13.27,507.684203794691,639.6395191389,1.0
Baseline MLR,2014-04-07T03:00:00+00:00,2014-04-07T13:00:00+10:00,2014-04-07,13,4,0.656923077,0.6446888143284664,0.6446888143284664,26.79,26.5,13.395,527.8626388996576,665.83453849245,1.0
Baseline MLR,2014-04-07T04:00:00+00:00,2014-04-07T14:00:00+10:00,2014-04-07,14,5,0.455961538,0.5277088994729877,0.5277088994729877,28.14,28.28,14.07,415.2072916573481,614.5613651898,1.0
Baseline MLR,2014-04-07T05:00:00+00:00,2014-04-07T15:00:00+10:00,2014-04-07,15,6,0.432884615,0.34883542093186526,0.34883542093186526,35.84,37.76,17.92,470.27877162632456,770.3187690240001,1.0
Baseline MLR,2014-04-07T06:00:00+00:00,2014-04-07T16:00:00+10:00,2014-04-07,16,7,0.201153846,0.17436775289588027,0.17436775289588027,44.08,56.02,22.04,275.6006245002957,794.2029229752,1.0
Baseline MLR,2014-04-07T07:00:00+00:00,2014-04-07T17:00:00+10:00,2014-04-07,17,8,0.08974359,0.06492611099111964,0.06492611099111964,48.02,41.13,24.01,124.15484284286444,784.9423078770001,1.0
Baseline MLR,2014-04-07T08:00:00+00:00,2014-04-07T18:00:00+10:00,2014-04-07,18,9,0.0175,0.010360571358728365,0.010360571358728365,48.66,41.21,24.33,23.950837698675794,742.6732499999999,1.0
Baseline MLR,2014-04-07T09:00:00+00:00,2014-04-07T19:00:00+10:00,2014-04-07,19,10,0.0,0.0032316458150403182,0.0032316458150403182,47.84,91.62,23.92,2.3190290368729327,717.6,1.0
Baseline MLR,2014-04-07T10:00:00+00:00,2014-04-07T20:00:00+10:00,2014-04-07,20,11,0.0,0.001477882864931307,0.001477882864931307,47.24,44.68,23.62,1.047227798090324,708.6,1.0
Baseline MLR,2014-04-07T23:00:00+00:00,2014-04-08T09:00:00+10:00,2014-04-08,9,0,0.451666667,0.32544382219020024,0.32544382219020024,24.62,20.16,12.31,316.7123836106488,536.1005001231,1.0
Baseline MLR,2014-04-08T00:00:00+00:00,2014-04-08T10:00:00+10:00,2014-04-08,10,1,0.301730769,0.4968752081009033,0.4968752081009033,24.52,21.27,12.26,293.7272783777122,478.77657683819996,1.0
Baseline MLR,2014-04-08T01:00:00+00:00,2014-04-08T11:00:00+10:00,2014-04-08,11,2,0.530705128,0.6217647104252048,0.6217647104252048,23.32,20.59,11.66,403.13394948113665,535.4406537744001,1.0
Baseline MLR,2014-04-08T02:00:00+00:00,2014-04-08T12:00:00+10:00,2014-04-08,12,3,0.667564103,0.5832317667282971,0.5832317667282971,22.8,18.75,11.4,446.3674675949881,570.306923226,1.0
Baseline MLR,2014-04-08T03:00:00+00:00,2014-04-08T13:00:00+10:00,2014-04-08,13,4,0.333974359,0.5973252991934637,0.5973252991934637,22.74,21.38,11.37,317.6663134097904,455.0186538548999,1.0
Baseline MLR,2014-04-08T04:00:00+00:00,2014-04-08T14:00:00+10:00,2014-04-08,14,5,0.370384615,0.5396225955227422,0.5396225955227422,24.92,24.68,12.46,340.16069529340103,512.249769087,1.0
Baseline MLR,2014-04-08T05:00:00+00:00,2014-04-08T15:00:00+10:00,2014-04-08,15,6,0.420128205,0.41993264397055236,0.41993264397055236,33.37,40.23,16.685,420.63059248536024,710.8451730127499,1.0
Baseline MLR,2014-04-08T06:00:00+00:00,2014-04-08T16:00:00+10:00,2014-04-08,16,7,0.225769231,0.23589121389899256,0.23589121389899256,41.3,52.55,20.65,285.99864561492586,759.3640386044999,1.0
Baseline MLR,2014-04-08T07:00:00+00:00,2014-04-08T17:00:00+10:00,2014-04-08,17,8,0.068141026,0.08801931544911912,0.08801931544911912,43.41,35.27,21.705,101.68380633459391,695.5200290798999,1.0
Baseline MLR,2014-04-08T08:00:00+00:00,2014-04-08T18:00:00+10:00,2014-04-08,18,9,0.010961538,0.01192782075937937,0.01192782075937937,44.71,32.77,22.355,15.350748451977775,678.0013554597,1.0
Baseline MLR,2014-04-08T09:00:00+00:00,2014-04-08T19:00:00+10:00,2014-04-08,19,10,0.0,0.0032316458150403182,0.0032316458150403182,43.09,28.11,21.545,2.08877427255131,646.35,1.0
Baseline MLR,2014-04-08T10:00:00+00:00,2014-04-08T20:00:00+10:00,2014-04-08,20,11,0.0,0.001477882864931307,0.001477882864931307,41.79,28.93,20.895,0.9264108738821897,626.85,1.0
Baseline MLR,2014-04-08T23:00:00+00:00,2014-04-09T09:00:00+10:00,2014-04-09,9,0,0.072307692,0.2504513599145429,0.2504513599145429,30.7,27.37,15.35,148.630543406647,493.79769216599993,1.0
Baseline MLR,2014-04-09T00:00:00+00:00,2014-04-09T10:00:00+10:00,2014-04-09,10,1,0.121346154,0.4063187290078204,0.4063187290078204,25.91,24.47,12.955,205.0769567809894,435.8111827521,1.0
Baseline MLR,2014-04-09T01:00:00+00:00,2014-04-09T11:00:00+10:00,2014-04-09,11,2,0.175064103,0.3924106112996655,0.3924106112996655,25.08,23.83,12.54,213.48398751953414,442.0591155486,1.0
Baseline MLR,2014-04-09T02:00:00+00:00,2014-04-09T12:00:00+10:00,2014-04-09,12,3,0.273012821,0.3892118489790686,0.3892118489790686,24.28,23.92,12.14,241.18222480637678,463.6312694082,1.0
Baseline MLR,2014-04-09T03:00:00+00:00,2014-04-09T13:00:00+10:00,2014-04-09,13,4,0.305705128,0.40120458089801936,0.40120458089801936,23.77,23.35,11.885,252.0486567075888,465.54916338839996,1.0
Baseline MLR,2014-04-09T04:00:00+00:00,2014-04-09T14:00:00+10:00,2014-04-09,14,5,0.217115385,0.4141414680367764,0.4141414680367764,24.52,24.9,12.26,232.17627054692636,447.655038603,1.0
Baseline MLR,2014-04-09T05:00:00+00:00,2014-04-09T15:00:00+10:00,2014-04-09,15,6,0.207820513,0.22443339828221,0.22443339828221,34.64,55.08,17.32,224.59913230223634,627.5835385548,1.0
Baseline MLR,2014-04-09T06:00:00+00:00,2014-04-09T16:00:00+10:00,2014-04-09,16,7,0.084935897,0.09515604075083284,0.09515604075083284,43.59,43.47,21.795,117.75311349838206,709.3853362534501,1.0
Baseline MLR,2014-04-09T07:00:00+00:00,2014-04-09T17:00:00+10:00,2014-04-09,17,8,0.060064103,0.041097645549354744,0.041097645549354744,42.11,37.77,21.055,73.40954855982599,669.58949065995,1.0
Baseline MLR,2014-04-09T08:00:00+00:00,2014-04-09T18:00:00+10:00,2014-04-09,18,9,0.016025641,0.002927778015658744,0.002927778015658744,41.14,38.44,20.57,18.717919220468357,626.9894230611,1.0
Baseline MLR,2014-04-09T09:00:00+00:00,2014-04-09T19:00:00+10:00,2014-04-09,19,10,0.0,0.0032316458150403182,0.0032316458150403182,39.41,32.19,19.705,1.9103874235610838,591.15,1.0
Baseline MLR,2014-04-09T10:00:00+00:00,2014-04-09T20:00:00+10:00,2014-04-09,20,11,0.0,0.0014751133228882718,0.0014751133228882718,37.64,29.09,18.82,0.8328489821027183,564.6,1.0
Baseline MLR,2014-04-09T23:00:00+00:00,2014-04-10T09:00:00+10:00,2014-04-10,9,0,0.032628205,0.21593195087434466,0.21593195087434466,21.32,21.01,10.66,79.48953784861543,330.234499959,1.0
Baseline MLR,2014-04-10T00:00:00+00:00,2014-04-10T10:00:00+10:00,2014-04-10,10,1,0.045897436,0.37400419570899196,0.37400419570899196,19.4,8.59,9.7,122.19137482731665,304.35615387599995,1.0
Baseline MLR,2014-04-10T01:00:00+00:00,2014-04-10T11:00:00+10:00,2014-04-10,11,2,0.091923077,0.37000135219853236,0.37000135219853236,18.76,5.54,9.38,129.98553437646703,307.26715386780006,1.0
Baseline MLR,2014-04-10T02:00:00+00:00,2014-04-10T12:00:00+10:00,2014-04-10,12,3,0.074871795,0.3584872648446154,0.3584872648446154,18.94,9.11,9.47,123.11730890185525,305.3710769595,1.0
Baseline MLR,2014-04-10T03:00:00+00:00,2014-04-10T13:00:00+10:00,2014-04-10,13,4,0.142371795,0.3307197402232715,0.3307197402232715,19.29,9.7,9.645,136.8890357168536,330.54527888325,1.0
Baseline MLR,2014-04-10T04:00:00+00:00,2014-04-10T14:00:00+10:00,2014-04-10,14,5,0.081282051,0.27594767261142894,0.27594767261142894,20.82,13.01,10.41,111.56284268384924,337.6843845273,1.0
Baseline MLR,2014-04-10T05:00:00+00:00,2014-04-10T15:00:00+10:00,2014-04-10,15,6,0.099807692,0.18096290149812203,0.18096290149812203,33.72,24.16,16.86,142.01376619135013,556.2827306135999,1.0
Baseline MLR,2014-04-10T06:00:00+00:00,2014-04-10T16:00:00+10:00,2014-04-10,16,7,0.046474359,0.05796058164257928,0.05796058164257928,40.39,39.74,20.195,63.27190878830665,634.00649040015,1.0
Baseline MLR,2014-04-10T07:00:00+00:00,2014-04-10T17:00:00+10:00,2014-04-10,17,8,0.018974359,0.001191991010536575,0.001191991010536575,40.43,38.82,20.215,22.155111657208916,617.95700001555,1.0
Baseline MLR,2014-04-10T08:00:00+00:00,2014-04-10T18:00:00+10:00,2014-04-10,18,9,0.001602564,0.00022562064832210016,0.00022562064832210016,40.21,37.12,20.105,1.8055303044994584,604.1165864766,1.0
Baseline MLR,2014-04-10T09:00:00+00:00,2014-04-10T19:00:00+10:00,2014-04-10,19,10,0.0,0.0032316458150403182,0.0032316458150403182,39.5,33.09,19.75,1.9147501454113884,592.5,1.0
Baseline MLR,2014-04-10T10:00:00+00:00,2014-04-10T20:00:00+10:00,2014-04-10,20,11,0.0,0.0014557726876207877,0.0014557726876207877,39.11,30.89,19.555,0.8540290471927351,586.65,1.0
Baseline MLR,2014-04-10T23:00:00+00:00,2014-04-11T09:00:00+10:00,2014-04-11,9,0,0.283846154,0.26041013202874996,0.26041013202874996,30.93,28.46,15.465,261.6442370685304,595.6404231483,1.0
Baseline MLR,2014-04-11T00:00:00+00:00,2014-04-11T10:00:00+10:00,2014-04-11,10,1,0.283717949,0.3810211091286483,0.3810211091286483,27.39,26.43,13.695,273.10804203215514,527.41551934665,1.0
Baseline MLR,2014-04-11T01:00:00+00:00,2014-04-11T11:00:00+10:00,2014-04-11,11,2,0.251410256,0.47465530772008013,0.47465530772008013,26.16,25.47,13.08,284.9081272037595,491.05338445440003,1.0
Baseline MLR,2014-04-11T02:00:00+00:00,2014-04-11T12:00:00+10:00,2014-04-11,12,3,0.288910256,0.42820008693753375,0.42820008693753375,25.22,23.47,12.61,271.28284273326904,487.59474984479994,1.0
Baseline MLR,2014-04-11T03:00:00+00:00,2014-04-11T13:00:00+10:00,2014-04-11,13,4,0.148653846,0.4725099195196454,0.4725099195196454,24.03,31.39,12.015,223.89847928155618,414.03227879070005,1.0
Baseline MLR,2014-04-11T04:00:00+00:00,2014-04-11T14:00:00+10:00,2014-04-11,14,5,0.147051282,0.4745241053072268,0.4745241053072268,25.98,25.04,12.99,242.22792843362626,447.00588459540006,1.0
Baseline MLR,2014-04-11T05:00:00+00:00,2014-04-11T15:00:00+10:00,2014-04-11,15,6,0.241346154,0.3008592092595976,0.3008592092595976,36.7,27.48,18.35,298.48405247440854,683.361057777,1.0
Baseline MLR,2014-04-11T06:00:00+00:00,2014-04-11T16:00:00+10:00,2014-04-11,16,7,0.194294872,0.15098456147824796,0.15098456147824796,42.92,33.55,21.46,237.99954889953554,768.8870385936,1.0
Baseline MLR,2014-04-11T07:00:00+00:00,2014-04-11T17:00:00+10:00,2014-04-11,17,8,0.035384615,0.055371282709735375,0.055371282709735375,43.29,39.98,21.645,58.932342177816665,672.3269997502499,1.0
Baseline MLR,2014-04-11T08:00:00+00:00,2014-04-11T18:00:00+10:00,2014-04-11,18,9,0.006282051,0.005949872882601126,0.005949872882601126,45.77,40.94,22.885,8.577751618888904,690.86294211405,1.0
Baseline MLR,2014-04-11T09:00:00+00:00,2014-04-11T19:00:00+10:00,2014-04-11,19,10,0.0,0.0032316458150403182,0.0032316458150403182,46.18,41.99,23.09,2.2385610560784284,692.7,1.0
Baseline MLR,2014-04-11T10:00:00+00:00,2014-04-11T20:00:00+10:00,2014-04-11,20,11,0.0,0.0014866530814010293,0.0014866530814010293,46.03,38.57,23.015,1.0264596200533407,690.45,1.0
Baseline MLR,2014-04-11T23:00:00+00:00,2014-04-12T09:00:00+10:00,2014-04-12,9,0,0.239551282,0.38261450643905714,0.38261450643905714,24.82,18.54,12.41,231.63232303586096,461.4849422886,1.0
Baseline MLR,2014-04-12T00:00:00+00:00,2014-04-12T10:00:00+10:00,2014-04-12,10,1,0.705961538,0.6110775306890004,0.6110775306890004,19.4,10.95,9.7,386.8165192626616,496.43480755799993,1.0
Baseline MLR,2014-04-12T01:00:00+00:00,2014-04-12T11:00:00+10:00,2014-04-12,11,2,0.837564103,0.5115512864736986,0.5115512864736986,16.080000000000002,15.84,8.040000000000001,401.6936310082106,443.22046164360006,1.0
Baseline MLR,2014-04-12T02:00:00+00:00,2014-04-12T12:00:00+10:00,2014-04-12,12,3,0.821538462,0.546493819745703,0.546493819745703,15.95,5.55,7.975,307.2922256836593,435.80307703349996,1.0
Baseline MLR,2014-04-12T03:00:00+00:00,2014-04-12T13:00:00+10:00,2014-04-12,13,4,0.754551282,0.6463319033090252,0.6463319033090252,14.88,15.49,7.44,338.81210691484483,391.6158461424,1.0
Baseline MLR,2014-04-12T04:00:00+00:00,2014-04-12T14:00:00+10:00,2014-04-12,14,5,0.633910256,0.5562914102608956,0.5562914102608956,15.05,17.900000000000002,7.525,292.8468918946934,368.855240292,1.0
Baseline MLR,2014-04-12T05:00:00+00:00,2014-04-12T15:00:00+10:00,2014-04-12,15,6,0.461474359,0.4015065662797258,0.4015065662797258,16.1,15.26,8.05,221.3809270204491,352.94605769850006,1.0
Baseline MLR,2014-04-12T06:00:00+00:00,2014-04-12T16:00:00+10:00,2014-04-12,16,7,0.23275641,0.23400290281040106,0.23400290281040106,19.67,15.18,9.835,137.71733524470883,363.72477877050005,1.0
Baseline MLR,2014-04-12T07:00:00+00:00,2014-04-12T17:00:00+10:00,2014-04-12,17,8,0.063461538,0.08793004321020365,0.08793004321020365,26.34,25.1,13.17,59.81481373615146,420.1736536638,1.0
Baseline MLR,2014-04-12T08:00:00+00:00,2014-04-12T18:00:00+10:00,2014-04-12,18,9,0.010384615,0.009009269516739526,0.009009269516739526,30.49,27.82,15.245,9.388642167290834,462.09940367024996,1.0
Baseline MLR,2014-04-12T09:00:00+00:00,2014-04-12T19:00:00+10:00,2014-04-12,19,10,0.0,0.0032316458150403182,0.0032316458150403182,33.17,29.37,16.585,1.6079053752733103,497.55,1.0
Baseline MLR,2014-04-12T10:00:00+00:00,2014-04-12T20:00:00+10:00,2014-04-12,20,11,0.0,0.001477882864931307,0.001477882864931307,33.92,30.41,16.96,0.7519468016770491,508.8,1.0
Baseline MLR,2014-04-12T23:00:00+00:00,2014-04-13T09:00:00+10:00,2014-04-13,9,0,0.626730769,0.38501410252697965,0.38501410252697965,26.72,24.33,13.36,485.0562994442844,651.9936922152,1.0
Baseline MLR,2014-04-13T00:00:00+00:00,2014-04-13T10:00:00+10:00,2014-04-13,10,1,0.749358974,0.6229575989806065,0.6229575989806065,21.39,19.31,10.695,472.97620781458977,561.2818268079001,1.0
Baseline MLR,2014-04-13T01:00:00+00:00,2014-04-13T11:00:00+10:00,2014-04-13,11,2,0.798910256,0.6760393018642902,0.6760393018642902,19.71,20.6,9.855,475.67628884822346,531.8478171864,1.0
Baseline MLR,2014-04-13T02:00:00+00:00,2014-04-13T12:00:00+10:00,2014-04-13,12,3,0.779551282,0.6883282739615648,0.6883282739615648,19.18,20.81,9.59,453.01461275587945,511.97690383139997,1.0
Baseline MLR,2014-04-13T03:00:00+00:00,2014-04-13T13:00:00+10:00,2014-04-13,13,4,0.722051282,0.6453050013953,0.6453050013953,17.61,20.2,8.805,387.4228782835852,454.87984614029995,1.0
Baseline MLR,2014-04-13T04:00:00+00:00,2014-04-13T14:00:00+10:00,2014-04-13,14,5,0.596602564,0.48399592226887334,0.48399592226887334,17.84,15.95,8.92,312.91689566664513,427.2508461264,1.0
Baseline MLR,2014-04-13T05:00:00+00:00,2014-04-13T15:00:00+10:00,2014-04-13,15,6,0.434615385,0.3507862020695377,0.3507862020695377,18.1,13.86,9.05,225.3330819862452,389.4980770275001,1.0
Baseline MLR,2014-04-13T06:00:00+00:00,2014-04-13T16:00:00+10:00,2014-04-13,16,7,0.196474359,0.1768728640533307,0.1768728640533307,20.27,14.81,10.135,116.26533283563556,363.78802885395,1.0
Baseline MLR,2014-04-13T07:00:00+00:00,2014-04-13T17:00:00+10:00,2014-04-13,17,8,0.051730769,0.05855113045806448,0.05855113045806448,22.47,19.3,11.235,37.17051421234063,354.48585569145,1.0
Baseline MLR,2014-04-13T08:00:00+00:00,2014-04-13T18:00:00+10:00,2014-04-13,18,9,0.007435897,0.005623568367273513,0.005623568367273513,24.49,23.13,12.245,5.3892105176847585,370.08157676294996,1.0
Baseline MLR,2014-04-13T09:00:00+00:00,2014-04-13T19:00:00+10:00,2014-04-13,19,10,0.0,0.0032316458150403182,0.0032316458150403182,25.89,26.04,12.945,1.2550096522709075,388.35,1.0
Baseline MLR,2014-04-13T10:00:00+00:00,2014-04-13T20:00:00+10:00,2014-04-13,20,11,0.0,0.0014574344128466532,0.0014574344128466532,26.88,27.83,13.44,0.5876375552597705,403.2,1.0
Baseline MLR,2014-04-13T23:00:00+00:00,2014-04-14T09:00:00+10:00,2014-04-14,9,0,0.642435897,0.3814216248348169,0.3814216248348169,20.07,19.92,10.035,385.63608935895667,494.45532679185004,1.0
Baseline MLR,2014-04-14T00:00:00+00:00,2014-04-14T10:00:00+10:00,2014-04-14,10,1,0.769102564,0.6231752012458829,0.6231752012458829,19.39,16.580000000000002,9.695,435.0852847986279,514.5434807393999,1.0
Baseline MLR,2014-04-14T01:00:00+00:00,2014-04-14T11:00:00+10:00,2014-04-14,11,2,0.80974359,0.6611873498164564,0.6611873498164564,17.61,14.05,8.805,411.9217321453975,478.04376929849997,1.0
Baseline MLR,2014-04-14T02:00:00+00:00,2014-04-14T12:00:00+10:00,2014-04-14,12,3,0.807628205,0.6477977213789523,0.6477977213789523,17.21,12.61,8.605,394.9218355017954,466.63922112075005,1.0
Baseline MLR,2014-04-14T03:00:00+00:00,2014-04-14T13:00:00+10:00,2014-04-14,13,4,0.73525641,0.5023369523090364,0.5023369523090364,18.02,13.5,9.01,365.8957367831053,469.039807623,1.0
Baseline MLR,2014-04-14T04:00:00+00:00,2014-04-14T14:00:00+10:00,2014-04-14,14,5,0.467692308,0.3990732575900178,0.3990732575900178,21.04,21.71,10.52,296.58662772284066,463.2036924048,1.0
Baseline MLR,2014-04-14T05:00:00+00:00,2014-04-14T15:00:00+10:00,2014-04-14,15,6,0.479935897,0.2816126223415915,0.2816126223415915,30.54,44.27,15.27,521.4066256631984,677.9586344157001,1.0
Baseline MLR,2014-04-14T06:00:00+00:00,2014-04-14T16:00:00+10:00,2014-04-14,16,7,0.193910256,0.1439410661506917,0.1439410661506917,34.38,44.63,17.19,215.36456391706236,615.6995190192001,1.0
Baseline MLR,2014-04-14T07:00:00+00:00,2014-04-14T17:00:00+10:00,2014-04-14,17,8,0.0625,0.06405923592488871,0.06405923592488871,36.86,43.11,18.43,69.97460154287097,587.45625,1.0
Baseline MLR,2014-04-14T08:00:00+00:00,2014-04-14T18:00:00+10:00,2014-04-14,18,9,0.004294872,0.007935822724949415,0.007935822724949415,39.34,58.1,19.67,7.21733295719265,592.6344039672,1.0
Baseline MLR,2014-04-14T09:00:00+00:00,2014-04-14T19:00:00+10:00,2014-04-14,19,10,0.0,0.0032316458150403182,0.0032316458150403182,39.69,32.8,19.845,1.9239603359842532,595.3499999999999,1.0
Baseline MLR,2014-04-14T10:00:00+00:00,2014-04-14T20:00:00+10:00,2014-04-14,20,11,0.0,0.0014763596168076154,0.0014763596168076154,40.74,37.2,20.37,0.9022033618311338,611.1,1.0
Baseline MLR,2014-04-14T23:00:00+00:00,2014-04-15T09:00:00+10:00,2014-04-15,9,0,0.614679487,0.38317370201824047,0.38317370201824047,33.11,33.0,16.555,609.7971653466601,801.93056721855,1.0
Baseline MLR,2014-04-15T00:00:00+00:00,2014-04-15T10:00:00+10:00,2014-04-15,10,1,0.756730769,0.6188848935966476,0.6188848935966476,32.12,51.39,16.06,808.8744695790781,1166.6518265673,0.0
Baseline MLR,2014-04-15T01:00:00+00:00,2014-04-15T11:00:00+10:00,2014-04-15,11,2,0.775192308,0.6817295023528006,0.6817295023528006,30.65,28.27,15.325,706.1160828827899,816.1446636029999,1.0
Baseline MLR,2014-04-15T02:00:00+00:00,2014-04-15T12:00:00+10:00,2014-04-15,12,3,0.537307692,0.6857239562964842,0.6857239562964842,30.49,26.48,15.245,559.3535243483971,703.0876729361999,1.0
Baseline MLR,2014-04-15T03:00:00+00:00,2014-04-15T13:00:00+10:00,2014-04-15,13,4,0.463141026,0.5949036249742106,0.5949036249742106,30.72,28.31,15.36,487.5469751689162,674.2153847808,1.0
Baseline MLR,2014-04-15T04:00:00+00:00,2014-04-15T14:00:00+10:00,2014-04-15,14,5,0.231538462,0.46144408458568403,0.46144408458568403,33.160000000000004,28.57,16.580000000000002,344.68951867171927,612.5672309988,1.0
Baseline MLR,2014-04-15T05:00:00+00:00,2014-04-15T15:00:00+10:00,2014-04-15,15,6,0.288589744,0.287755762767283,0.287755762767283,48.41,46.64,24.205,419.0746008077427,935.7094426056,1.0
Baseline MLR,2014-04-15T06:00:00+00:00,2014-04-15T16:00:00+10:00,2014-04-15,16,7,0.114423077,0.1320355441771266,0.1320355441771266,65.35,93.7,32.675,241.5910634088783,1092.41322122925,1.0
Baseline MLR,2014-04-15T07:00:00+00:00,2014-04-15T17:00:00+10:00,2014-04-15,17,8,0.050641026,0.051601378108966284,0.051601378108966284,60.12,129.01,30.06,92.20220002546579,947.4680772468,1.0
Baseline MLR,2014-04-15T08:00:00+00:00,2014-04-15T18:00:00+10:00,2014-04-15,18,9,0.008525641,0.005832165938230549,0.005832165938230549,55.65,53.04,27.825,14.022658552163453,841.86677882475,1.0
Baseline MLR,2014-04-15T09:00:00+00:00,2014-04-15T19:00:00+10:00,2014-04-15,19,10,0.0,0.0032316458150403182,0.0032316458150403182,51.96,52.95,25.98,2.518744748242424,779.4,1.0
Baseline MLR,2014-04-15T10:00:00+00:00,2014-04-15T20:00:00+10:00,2014-04-15,20,11,0.0,0.001477882864931307,0.001477882864931307,50.39,46.11,25.195,1.1170577634583285,755.85,1.0
Baseline MLR,2014-04-15T23:00:00+00:00,2014-04-16T09:00:00+10:00,2014-04-16,9,0,0.597820513,0.3820293090219628,0.3820293090219628,23.5,28.74,11.75,455.38583893034746,563.2317308325,1.0
Baseline MLR,2014-04-16T00:00:00+00:00,2014-04-16T10:00:00+10:00,2014-04-16,10,1,0.717179487,0.6178638847795307,0.6178638847795307,25.87,31.28,12.935,572.7219221010821,673.0012306008,0.0
Baseline MLR,2014-04-16T01:00:00+00:00,2014-04-16T11:00:00+10:00,2014-04-16,11,2,0.773205128,0.6810314337795853,0.6810314337795853,24.29,56.81,12.145,653.3592328550366,1317.7734996504,0.0
Baseline MLR,2014-04-16T02:00:00+00:00,2014-04-16T12:00:00+10:00,2014-04-16,12,3,0.762179487,0.6832399517917563,0.6832399517917563,23.59,24.63,11.795,541.8573364483973,623.54721147495,1.0
Baseline MLR,2014-04-16T03:00:00+00:00,2014-04-16T13:00:00+10:00,2014-04-16,13,4,0.706666667,0.6347531800980561,0.6347531800980561,23.71,20.15,11.855,494.9716398359724,606.97600011855,1.0
Baseline MLR,2014-04-16T04:00:00+00:00,2014-04-16T14:00:00+10:00,2014-04-16,14,5,0.601410256,0.5160323268916815,0.5160323268916815,25.88,20.66,12.94,453.56473906003725,621.6674613792,1.0
Baseline MLR,2014-04-16T05:00:00+00:00,2014-04-16T15:00:00+10:00,2014-04-16,15,6,0.38775641,0.3533542802674094,0.3533542802674094,40.24,52.02,20.12,480.25725079949757,837.6497690760001,1.0
Baseline MLR,2014-04-16T06:00:00+00:00,2014-04-16T16:00:00+10:00,2014-04-16,16,7,0.212884615,0.1787754160166199,0.1787754160166199,62.12,47.28,31.06,381.5463531265992,1130.165884257,1.0
Baseline MLR,2014-04-16T07:00:00+00:00,2014-04-16T17:00:00+10:00,2014-04-16,17,8,0.062948718,0.06110888737773948,0.06110888737773948,54.81,40.87,27.405,102.73715984117065,873.9032885037001,1.0
Baseline MLR,2014-04-16T08:00:00+00:00,2014-04-16T18:00:00+10:00,2014-04-16,18,9,0.00775641,0.0047796560114222175,0.0047796560114222175,50.62,34.77,25.31,10.363437704431265,765.1894421129999,1.0
Baseline MLR,2014-04-16T09:00:00+00:00,2014-04-16T19:00:00+10:00,2014-04-16,19,10,0.0,0.0032316458150403182,0.0032316458150403182,45.96,38.75,22.98,2.2278966248887953,689.4,1.0
Baseline MLR,2014-04-16T10:00:00+00:00,2014-04-16T20:00:00+10:00,2014-04-16,20,11,0.0,0.0014846220839027924,0.0014846220839027924,43.68,32.11,21.84,0.9727243893731096,655.2,1.0
Baseline MLR,2014-04-16T23:00:00+00:00,2014-04-17T09:00:00+10:00,2014-04-17,9,0,0.59525641,0.37706073270236395,0.37706073270236395,27.09,18.94,13.545,430.41604130772794,648.2324422034999,1.0
Baseline MLR,2014-04-17T00:00:00+00:00,2014-04-17T10:00:00+10:00,2014-04-17,10,1,0.710961538,0.6111236658484639,0.6111236658484639,22.95,13.37,11.475,460.80361445664846,588.9985094565,1.0
Baseline MLR,2014-04-17T01:00:00+00:00,2014-04-17T11:00:00+10:00,2014-04-17,11,2,0.759294872,0.65328927698847,0.65328927698847,22.19,19.75,11.095,497.70298673555607,585.5812981452001,1.0
Baseline MLR,2014-04-17T02:00:00+00:00,2014-04-17T12:00:00+10:00,2014-04-17,12,3,0.764038462,0.6326651029493005,0.6326651029493005,22.97,17.84,11.485,506.28054420629735,607.7994520821,1.0
Baseline MLR,2014-04-17T03:00:00+00:00,2014-04-17T13:00:00+10:00,2014-04-17,13,4,0.654166667,0.5827899763926528,0.5827899763926528,24.43,21.34,12.215,472.822131024999,606.1693751221501,1.0
Baseline MLR,2014-04-17T04:00:00+00:00,2014-04-17T14:00:00+10:00,2014-04-17,14,5,0.586794872,0.4739534408577487,0.4739534408577487,26.51,25.83,13.255,464.3759965062981,630.9889808508,1.0
Baseline MLR,2014-04-17T05:00:00+00:00,2014-04-17T15:00:00+10:00,2014-04-17,15,6,0.392628205,0.35557796382304474,0.35557796382304474,36.7,27.52,18.35,422.0800172848665,766.6418268525001,1.0
Baseline MLR,2014-04-17T06:00:00+00:00,2014-04-17T16:00:00+10:00,2014-04-17,16,7,0.229615385,0.1664851021802526,0.1664851021802526,45.51,44.44,22.755,311.4674030619861,839.39694257025,1.0
Baseline MLR,2014-04-17T07:00:00+00:00,2014-04-17T17:00:00+10:00,2014-04-17,17,8,0.049551282,0.05707873829192389,0.05707873829192389,46.93,40.64,23.465,75.06220278449983,738.8316249639,1.0
Baseline MLR,2014-04-17T08:00:00+00:00,2014-04-17T18:00:00+10:00,2014-04-17,18,9,0.008333333,0.006097273175152462,0.006097273175152462,45.99,46.27,22.995,11.516282442628722,695.5987497700501,1.0
Baseline MLR,2014-04-17T09:00:00+00:00,2014-04-17T19:00:00+10:00,2014-04-17,19,10,0.0,0.0032316458150403182,0.0032316458150403182,45.62,40.36,22.81,2.2114152312320896,684.3,1.0
Baseline MLR,2014-04-17T10:00:00+00:00,2014-04-17T20:00:00+10:00,2014-04-17,20,11,0.0,0.0014711436459598215,0.0014711436459598215,46.42,41.16,23.21,1.0243573206818237,696.3000000000001,1.0
Baseline MLR,2014-04-17T23:00:00+00:00,2014-04-18T09:00:00+10:00,2014-04-18,9,0,0.205448718,0.3454684744638389,0.3454684744638389,31.77,25.1,15.885,262.5395880686424,574.4565865629,1.0
Baseline MLR,2014-04-18T00:00:00+00:00,2014-04-18T10:00:00+10:00,2014-04-18,10,1,0.354807692,0.5877004434050379,0.5877004434050379,28.1,23.26,14.05,397.2671790732235,571.0514421780001,1.0
Baseline MLR,2014-04-18T01:00:00+00:00,2014-04-18T11:00:00+10:00,2014-04-18,11,2,0.774230769,0.6675476405882069,0.6675476405882069,26.61,24.63,13.305,611.7314450650396,708.18421144635,1.0
Baseline MLR,2014-04-18T02:00:00+00:00,2014-04-18T12:00:00+10:00,2014-04-18,12,3,0.729551282,0.6269755188384996,0.6269755188384996,26.29,23.64,13.145,567.2423229420606,682.0485480567,1.0
Baseline MLR,2014-04-18T03:00:00+00:00,2014-04-18T13:00:00+10:00,2014-04-18,13,4,0.667692308,0.5877588080017687,0.5877588080017687,25.95,23.38,12.975,513.6355889281364,649.149230889,1.0
Baseline MLR,2014-04-18T04:00:00+00:00,2014-04-18T14:00:00+10:00,2014-04-18,14,5,0.451730769,0.44652253668016645,0.44652253668016645,26.93,25.4,13.465,364.71423041161955,586.4266441375499,1.0
Baseline MLR,2014-04-18T05:00:00+00:00,2014-04-18T15:00:00+10:00,2014-04-18,15,6,0.303333333,0.33537614549649897,0.33537614549649897,32.92,27.74,16.46,315.3947404815712,643.5859998354001,1.0
Baseline MLR,2014-04-18T06:00:00+00:00,2014-04-18T16:00:00+10:00,2014-04-18,16,7,0.218589744,0.14821434412316992,0.14821434412316992,39.16,32.230000000000004,19.58,242.16818561680702,715.7996156255999,1.0
Baseline MLR,2014-04-18T07:00:00+00:00,2014-04-18T17:00:00+10:00,2014-04-18,17,8,0.039551282,0.052019807759324604,0.052019807759324604,43.23,41.89,21.615,59.379273154434024,674.0970288129,1.0
Baseline MLR,2014-04-18T08:00:00+00:00,2014-04-18T18:00:00+10:00,2014-04-18,18,9,0.006089744,0.005302784677969796,0.005302784677969796,43.24,41.63,21.62,7.861605781545941,652.5498079584,1.0
Baseline MLR,2014-04-18T09:00:00+00:00,2014-04-18T19:00:00+10:00,2014-04-18,19,10,0.0,0.0032316458150403182,0.0032316458150403182,43.0,38.63,21.5,2.084411550701005,645.0,1.0
Baseline MLR,2014-04-18T10:00:00+00:00,2014-04-18T20:00:00+10:00,2014-04-18,20,11,0.0,0.001477882864931307,0.001477882864931307,41.04,33.0,20.52,0.9097846916517125,615.6,1.0
Baseline MLR,2014-04-18T23:00:00+00:00,2014-04-19T09:00:00+10:00,2014-04-19,9,0,0.622692308,0.3284894736836373,0.3284894736836373,22.87,15.02,11.435,357.9444250372966,556.6645962594,1.0
Baseline MLR,2014-04-19T00:00:00+00:00,2014-04-19T10:00:00+10:00,2014-04-19,10,1,0.760576923,0.5613005884104619,0.5613005884104619,21.58,15.49,10.79,455.9897136206914,569.8987499750999,1.0
Baseline MLR,2014-04-19T01:00:00+00:00,2014-04-19T11:00:00+10:00,2014-04-19,11,2,0.802628205,0.6293049859008818,0.6293049859008818,18.47,9.19,9.235,396.48310419330545,499.41814419524997,1.0
Baseline MLR,2014-04-19T02:00:00+00:00,2014-04-19T12:00:00+10:00,2014-04-19,12,3,0.782307692,0.6658737831394375,0.6658737831394375,16.77,11.81,8.385,376.2536342067483,448.3394999226,1.0
Baseline MLR,2014-04-19T03:00:00+00:00,2014-04-19T13:00:00+10:00,2014-04-19,13,4,0.718910256,0.6588886363780533,0.6588886363780533,16.7,14.22,8.35,355.7084297561272,430.587019128,1.0
Baseline MLR,2014-04-19T04:00:00+00:00,2014-04-19T14:00:00+10:00,2014-04-19,14,5,0.605769231,0.5613343624002585,0.5613343624002585,16.490000000000002,13.97,8.245000000000001,296.3147625095596,397.18701928785003,1.0
Baseline MLR,2014-04-19T05:00:00+00:00,2014-04-19T15:00:00+10:00,2014-04-19,15,6,0.434615385,0.41210183103870807,0.41210183103870807,18.64,16.94,9.32,241.88873203997414,401.118461646,1.0
Baseline MLR,2014-04-19T06:00:00+00:00,2014-04-19T16:00:00+10:00,2014-04-19,16,7,0.215512821,0.22142824580815537,0.22142824580815537,22.31,18.05,11.155,146.22232800734918,406.77136554764996,1.0
Baseline MLR,2014-04-19T07:00:00+00:00,2014-04-19T17:00:00+10:00,2014-04-19,17,8,0.044423077,0.07545858255684199,0.07545858255684199,24.96,19.7,12.48,44.88369333808164,391.03200002880004,1.0
Baseline MLR,2014-04-19T08:00:00+00:00,2014-04-19T18:00:00+10:00,2014-04-19,18,9,0.00525641,0.006206355534382868,0.006206355534382868,28.52,22.34,14.26,4.903771095608991,430.048692198,1.0
Baseline MLR,2014-04-19T09:00:00+00:00,2014-04-19T19:00:00+10:00,2014-04-19,19,10,0.0,0.0032316458150403182,0.0032316458150403182,30.13,25.3,15.065,1.4605423261074717,451.95,1.0
Baseline MLR,2014-04-19T10:00:00+00:00,2014-04-19T20:00:00+10:00,2014-04-19,20,11,0.0,0.0014768212071481213,0.0014768212071481213,29.64,22.07,14.82,0.6565947086980547,444.6,1.0
Baseline MLR,2014-04-19T23:00:00+00:00,2014-04-20T09:00:00+10:00,2014-04-20,9,0,0.581025641,0.375642361595528,0.375642361595528,26.45,15.72,13.225,394.9309684932004,627.27192306675,1.0
Baseline MLR,2014-04-20T00:00:00+00:00,2014-04-20T10:00:00+10:00,2014-04-20,10,1,0.682371795,0.6094181325268866,0.6094181325268866,22.61,13.56,11.305,443.04586918704973,570.57639427425,1.0
Baseline MLR,2014-04-20T01:00:00+00:00,2014-04-20T11:00:00+10:00,2014-04-20,11,2,0.793910256,0.6668597016214489,0.6668597016214489,22.03,13.67,11.015,492.83100915225936,592.7976440952001,1.0
Baseline MLR,2014-04-20T02:00:00+00:00,2014-04-20T12:00:00+10:00,2014-04-20,12,3,0.78224359,0.6797291498793903,0.6797291498793903,20.86,13.64,10.43,467.3234108918759,557.6640193110001,1.0
Baseline MLR,2014-04-20T03:00:00+00:00,2014-04-20T13:00:00+10:00,2014-04-20,13,4,0.727628205,0.651543350132224,0.651543350132224,21.03,15.610000000000005,10.515,446.68923713299966,544.98031726725,1.0
Baseline MLR,2014-04-20T04:00:00+00:00,2014-04-20T14:00:00+10:00,2014-04-20,14,5,0.613846154,0.5640619244893895,0.5640619244893895,21.41,19.14,10.705,390.88307868452745,518.2866923570999,1.0
Baseline MLR,2014-04-20T05:00:00+00:00,2014-04-20T15:00:00+10:00,2014-04-20,15,6,0.439358974,0.4159856029017574,0.4159856029017574,22.73,21.64,11.365,298.8345751356875,490.7494421853,1.0
Baseline MLR,2014-04-20T06:00:00+00:00,2014-04-20T16:00:00+10:00,2014-04-20,16,7,0.226602564,0.2208124614018752,0.2208124614018752,24.39,20.56,12.195,165.13981329027547,448.75254803940004,1.0
Baseline MLR,2014-04-20T07:00:00+00:00,2014-04-20T17:00:00+10:00,2014-04-20,17,8,0.047692308,0.07615609856185371,0.07615609856185371,28.31,25.44,14.155,52.592225846491175,444.90253859219996,1.0
Baseline MLR,2014-04-20T08:00:00+00:00,2014-04-20T18:00:00+10:00,2014-04-20,18,9,0.004935897,0.006012187621048715,0.006012187621048715,30.68,28.16,15.34,5.038308542606618,462.47149979939996,1.0
Baseline MLR,2014-04-20T09:00:00+00:00,2014-04-20T19:00:00+10:00,2014-04-20,19,10,0.0,0.0032316458150403182,0.0032316458150403182,31.21,28.86,15.605,1.512894988311125,468.15000000000003,1.0
Baseline MLR,2014-04-20T10:00:00+00:00,2014-04-20T20:00:00+10:00,2014-04-20,20,11,0.0,0.001477882864931307,0.001477882864931307,31.33,33.08,15.665,0.6945310523744677,469.95,1.0
Baseline MLR,2014-04-20T23:00:00+00:00,2014-04-21T09:00:00+10:00,2014-04-21,9,0,0.100512821,0.2950425733045198,0.2950425733045198,27.7,20.05,13.85,164.35326633352798,457.2630771255,1.0
Baseline MLR,2014-04-21T00:00:00+00:00,2014-04-21T10:00:00+10:00,2014-04-21,10,1,0.312692308,0.5187858920239812,0.5187858920239812,25.45,21.73,12.725,317.4168028591548,501.120288579,1.0
Baseline MLR,2014-04-21T01:00:00+00:00,2014-04-21T11:00:00+10:00,2014-04-21,11,2,0.589487179,0.6278955785372285,0.6278955785372285,24.16,22.36,12.08,441.1795113314916,576.0301536696,1.0
Baseline MLR,2014-04-21T02:00:00+00:00,2014-04-21T12:00:00+10:00,2014-04-21,12,3,0.658397436,0.5887125260185686,0.5887125260185686,23.19,22.01,11.595,455.5802504118574,576.8735481126,1.0
Baseline MLR,2014-04-21T03:00:00+00:00,2014-04-21T13:00:00+10:00,2014-04-21,13,4,0.705576923,0.6238906269889147,0.6238906269889147,23.06,21.97,11.53,485.44697345183744,589.9590576656999,1.0
Baseline MLR,2014-04-21T04:00:00+00:00,2014-04-21T14:00:00+10:00,2014-04-21,14,5,0.549551282,0.523741689808445,0.523741689808445,24.74,23.28,12.37,406.74650136240984,575.0384807501999,1.0
Baseline MLR,2014-04-21T05:00:00+00:00,2014-04-21T15:00:00+10:00,2014-04-21,15,6,0.355192308,0.37231777974250796,0.37231777974250796,31.75,28.48,15.875,346.4766792873694,645.4103366850001,1.0
Baseline MLR,2014-04-21T06:00:00+00:00,2014-04-21T16:00:00+10:00,2014-04-21,16,7,0.219871795,0.21116649528505355,0.21116649528505355,40.33,36.71,20.165,265.0774892214568,737.9614423852499,1.0
Baseline MLR,2014-04-21T07:00:00+00:00,2014-04-21T17:00:00+10:00,2014-04-21,17,8,0.0525,0.06885762868342929,0.06885762868342929,41.96,39.69,20.98,76.3824914933504,662.4435,1.0
Baseline MLR,2014-04-21T08:00:00+00:00,2014-04-21T18:00:00+10:00,2014-04-21,18,9,0.005576923,0.005400381549013067,0.005400381549013067,43.99,49.09,21.995,7.3868761251010016,663.52993264155,1.0
Baseline MLR,2014-04-21T09:00:00+00:00,2014-04-21T19:00:00+10:00,2014-04-21,19,10,0.0,0.0032316458150403182,0.0032316458150403182,45.5,44.9,22.75,2.205598268765017,682.5,1.0
Baseline MLR,2014-04-21T10:00:00+00:00,2014-04-21T20:00:00+10:00,2014-04-21,20,11,0.0,0.0014864222862308318,0.0014864222862308318,45.09,50.56,22.545,1.005341713292223,676.35,1.0
Baseline MLR,2014-04-21T23:00:00+00:00,2014-04-22T09:00:00+10:00,2014-04-22,9,0,0.357179487,0.34469032061997107,0.34469032061997107,26.62,22.27,13.31,283.61370210560625,541.9217691591,1.0
Baseline MLR,2014-04-22T00:00:00+00:00,2014-04-22T10:00:00+10:00,2014-04-22,10,1,0.601089744,0.5605652597637627,0.5605652597637627,25.1,20.63,12.55,447.18624389592065,602.810288616,1.0
Baseline MLR,2014-04-22T01:00:00+00:00,2014-04-22T11:00:00+10:00,2014-04-22,11,2,0.749487179,0.6396560592672215,0.6396560592672215,23.87,21.63,11.935,529.3271176358573,626.40388444095,1.0
Baseline MLR,2014-04-22T02:00:00+00:00,2014-04-22T12:00:00+10:00,2014-04-22,12,3,0.771602564,0.6429457363519848,0.6429457363519848,23.6,20.79,11.8,535.4488447412724,627.1473076560001,1.0
Baseline MLR,2014-04-22T03:00:00+00:00,2014-04-22T13:00:00+10:00,2014-04-22,13,4,0.718846154,0.6225375408462367,0.6225375408462367,24.36,23.8,12.18,523.7147846422167,628.0663846716,1.0
Baseline MLR,2014-04-22T04:00:00+00:00,2014-04-22T14:00:00+10:00,2014-04-22,14,5,0.558012821,0.530421572423369,0.530421572423369,26.71,26.03,13.355,446.57281199633684,624.2178367336501,1.0
Baseline MLR,2014-04-22T05:00:00+00:00,2014-04-22T15:00:00+10:00,2014-04-22,15,6,0.355769231,0.3604615870717444,0.3604615870717444,35.21,33.31,17.605,378.27730656459187,716.04951935265,1.0
Baseline MLR,2014-04-22T06:00:00+00:00,2014-04-22T16:00:00+10:00,2014-04-22,16,7,0.143269231,0.17359559367338706,0.17359559367338706,41.8,37.44,20.9,198.6742450702137,716.829807837,1.0
Baseline MLR,2014-04-22T07:00:00+00:00,2014-04-22T17:00:00+10:00,2014-04-22,17,8,0.054358974,0.05217502108025529,0.05217502108025529,47.66,40.87,23.83,77.277589815448,753.7612305126,1.0
Baseline MLR,2014-04-22T08:00:00+00:00,2014-04-22T18:00:00+10:00,2014-04-22,18,9,0.012179487,0.00486290522171845,0.00486290522171845,48.47,47.7,24.235,17.541179007621697,735.90509602335,1.0
Baseline MLR,2014-04-22T09:00:00+00:00,2014-04-22T19:00:00+10:00,2014-04-22,19,10,0.0,0.0032316458150403182,0.0032316458150403182,48.63,40.35,24.315,2.3573240397811603,729.45,1.0
Baseline MLR,2014-04-22T10:00:00+00:00,2014-04-22T20:00:00+10:00,2014-04-22,20,11,0.0,0.0014821756550980891,0.0014821756550980891,49.01,41.64,24.505,1.0896214328453602,735.15,1.0
Baseline MLR,2014-04-22T23:00:00+00:00,2014-04-23T09:00:00+10:00,2014-04-23,9,0,0.193461538,0.35165849928088033,0.35165849928088033,26.74,0.0,13.37,218.6476469533611,478.69742289179993,1.0
Baseline MLR,2014-04-23T00:00:00+00:00,2014-04-23T10:00:00+10:00,2014-04-23,10,1,0.585448718,0.5821806915198257,0.5821806915198257,24.31,21.8,12.155,426.72166764344286,578.1338750187,1.0
Baseline MLR,2014-04-23T01:00:00+00:00,2014-04-23T11:00:00+10:00,2014-04-23,11,2,0.581217949,0.6369945272691938,0.6369945272691938,22.48,21.19,11.24,410.7812469979722,533.1866924028,1.0
Baseline MLR,2014-04-23T02:00:00+00:00,2014-04-23T12:00:00+10:00,2014-04-23,12,3,0.4775,0.6096443293859087,0.6096443293859087,20.98,20.43,10.49,342.1243204577455,464.96925000000005,1.0
Baseline MLR,2014-04-23T03:00:00+00:00,2014-04-23T13:00:00+10:00,2014-04-23,13,4,0.440384615,0.580051933832104,0.580051933832104,20.54,18.65,10.27,314.39650069517126,443.7824998815,1.0
Baseline MLR,2014-04-23T04:00:00+00:00,2014-04-23T14:00:00+10:00,2014-04-23,14,5,0.376282051,0.5171125277566074,0.5171125277566074,23.33,21.36,11.665,312.64343283587476,481.62990374744993,1.0
Baseline MLR,2014-04-23T05:00:00+00:00,2014-04-23T15:00:00+10:00,2014-04-23,15,6,0.250512821,0.3800614334920076,0.3800614334920076,32.92,25.58,16.46,311.3775668681534,617.5032310098001,1.0
Baseline MLR,2014-04-23T06:00:00+00:00,2014-04-23T16:00:00+10:00,2014-04-23,16,7,0.194230769,0.20449310609901256,0.20449310609901256,39.84,37.06,19.92,238.27738775916993,713.6723075544,1.0
Baseline MLR,2014-04-23T07:00:00+00:00,2014-04-23T17:00:00+10:00,2014-04-23,17,8,0.050192308,0.06460602808012622,0.06460602808012622,41.13,40.54,20.565,70.82483344463387,647.9161444206,1.0
Baseline MLR,2014-04-23T08:00:00+00:00,2014-04-23T18:00:00+10:00,2014-04-23,18,9,0.004294872,0.00490899265927397,0.00490899265927397,40.13,35.71,20.065,5.540266331649967,604.5352982004,1.0
Baseline MLR,2014-04-23T09:00:00+00:00,2014-04-23T19:00:00+10:00,2014-04-23,19,10,0.0,0.0032316458150403182,0.0032316458150403182,41.43,35.99,20.715,2.008306291756806,621.45,1.0
Baseline MLR,2014-04-23T10:00:00+00:00,2014-04-23T20:00:00+10:00,2014-04-23,20,11,0.0,0.0014570651405742263,0.0014570651405742263,41.36,38.66,20.68,0.90396321321225,620.4,1.0
Baseline MLR,2014-04-23T23:00:00+00:00,2014-04-24T09:00:00+10:00,2014-04-24,9,0,0.454807692,0.3591703814368735,0.3591703814368735,24.56,19.75,12.28,321.3018435513408,535.9511537327999,1.0
Baseline MLR,2014-04-24T00:00:00+00:00,2014-04-24T10:00:00+10:00,2014-04-24,10,1,0.682435897,0.5919994539029512,0.5919994539029512,20.93,17.88,10.465,420.22656518292,528.20074986315,1.0
Baseline MLR,2014-04-24T01:00:00+00:00,2014-04-24T11:00:00+10:00,2014-04-24,11,2,0.742628205,0.6525065600050766,0.6525065600050766,19.89,20.64,9.945,445.15398693588577,519.91312496175,1.0
Baseline MLR,2014-04-24T02:00:00+00:00,2014-04-24T12:00:00+10:00,2014-04-24,12,3,0.483076923,0.6546889068669282,0.6546889068669282,19.75,20.01,9.875,337.0631270980775,439.36153843875,1.0
Baseline MLR,2014-04-24T03:00:00+00:00,2014-04-24T13:00:00+10:00,2014-04-24,13,4,0.341217949,0.6325521429470428,0.6325521429470428,20.66,21.07,10.33,301.77135149438857,415.6434423951,1.0
Baseline MLR,2014-04-24T04:00:00+00:00,2014-04-24T14:00:00+10:00,2014-04-24,14,5,0.51275641,0.5447137137456476,0.5447137137456476,23.21,26.18,11.605,368.1582235820473,526.6661441415,1.0
Baseline MLR,2014-04-24T05:00:00+00:00,2014-04-24T15:00:00+10:00,2014-04-24,15,6,0.416923077,0.40144657759424374,0.40144657759424374,31.56,40.27,15.78,398.7867785983241,670.7713846518,1.0
Baseline MLR,2014-04-24T06:00:00+00:00,2014-04-24T16:00:00+10:00,2014-04-24,16,7,0.203653846,0.21362800735590295,0.21362800735590295,38.26,64.81,19.13,239.47805564095268,690.7769422194,1.0
Baseline MLR,2014-04-24T07:00:00+00:00,2014-04-24T17:00:00+10:00,2014-04-24,17,8,0.037051282,0.06863963314753013,0.06863963314753013,39.47,52.01,19.735,62.57430631309522,613.9862115081,1.0
Baseline MLR,2014-04-24T08:00:00+00:00,2014-04-24T18:00:00+10:00,2014-04-24,18,9,0.003717949,0.004869980012232655,0.004869980012232655,41.62,187.37,20.81,5.361444082336846,626.6211155607,1.0
Baseline MLR,2014-04-24T09:00:00+00:00,2014-04-24T19:00:00+10:00,2014-04-24,19,10,0.0,0.0032316458150403182,0.0032316458150403182,44.28,49.64,22.14,2.1464591503497794,664.2,1.0
Baseline MLR,2014-04-24T10:00:00+00:00,2014-04-24T20:00:00+10:00,2014-04-24,20,11,0.0,0.0014637582005116723,0.0014637582005116723,43.02,44.52,21.51,0.944563166790182,645.3000000000001,1.0
Baseline MLR,2014-04-24T23:00:00+00:00,2014-04-25T09:00:00+10:00,2014-04-25,9,0,0.258269231,0.3192547576196619,0.3192547576196619,28.18,30.5,14.09,244.11938998953107,531.8704039437,1.0
Baseline MLR,2014-04-25T00:00:00+00:00,2014-04-25T10:00:00+10:00,2014-04-25,10,1,0.213205128,0.5512408831305877,0.5512408831305877,27.91,26.87,13.955,320.0353225598206,507.90832683720004,1.0
Baseline MLR,2014-04-25T01:00:00+00:00,2014-04-25T11:00:00+10:00,2014-04-25,11,2,0.145,0.6155145137001691,0.6155145137001691,26.78,26.26,13.39,305.4986801533579,459.9465,1.0
Baseline MLR,2014-04-25T02:00:00+00:00,2014-04-25T12:00:00+10:00,2014-04-25,12,3,0.133717949,0.5981045328017633,0.5981045328017633,25.72,25.15,12.86,282.33711347912026,437.3883847242,1.0
Baseline MLR,2014-04-25T03:00:00+00:00,2014-04-25T13:00:00+10:00,2014-04-25,13,4,0.103461538,0.5257630318266227,0.5257630318266227,25.78,23.4,12.89,243.32114115195498,426.7085767446,1.0
Baseline MLR,2014-04-25T04:00:00+00:00,2014-04-25T14:00:00+10:00,2014-04-25,14,5,0.082435897,0.39810614836032926,0.39810614836032926,26.97,27.95,13.485,194.4032844505212,437.89944213135,1.0
Baseline MLR,2014-04-25T05:00:00+00:00,2014-04-25T15:00:00+10:00,2014-04-25,15,6,0.079615385,0.27174885020986395,0.27174885020986395,36.11,35.06,18.055,190.3164380014228,584.77367328525,1.0
Baseline MLR,2014-04-25T06:00:00+00:00,2014-04-25T16:00:00+10:00,2014-04-25,16,7,0.075448718,0.10266425440302507,0.10266425440302507,41.27,33.42,20.635,110.26083556609268,665.7565288779001,1.0
Baseline MLR,2014-04-25T07:00:00+00:00,2014-04-25T17:00:00+10:00,2014-04-25,17,8,0.019230769,0.028829174162510046,0.028829174162510046,44.18,36.15,22.09,31.84932433379541,675.4442306162999,1.0
Baseline MLR,2014-04-25T08:00:00+00:00,2014-04-25T18:00:00+10:00,2014-04-25,18,9,0.001282051,0.0042483757666738065,0.0042483757666738065,48.78,66.18,24.39,4.046613265175225,732.6380767167,1.0
Baseline MLR,2014-04-25T09:00:00+00:00,2014-04-25T19:00:00+10:00,2014-04-25,19,10,0.0,0.0032316458150403182,0.0032316458150403182,52.01,45.38,26.005,2.521168482603704,780.15,1.0
Baseline MLR,2014-04-25T10:00:00+00:00,2014-04-25T20:00:00+10:00,2014-04-25,20,11,0.0,0.00147751359265888,0.00147751359265888,52.56,50.58,26.28,1.164871716452261,788.4000000000001,1.0
Baseline MLR,2014-04-25T23:00:00+00:00,2014-04-26T09:00:00+10:00,2014-04-26,9,0,0.144871795,0.34771141738743816,0.34771141738743816,27.88,27.25,13.94,205.99829942042663,478.785384669,1.0
Baseline MLR,2014-04-26T00:00:00+00:00,2014-04-26T10:00:00+10:00,2014-04-26,10,1,0.228910256,0.5077300864173265,0.5077300864173265,27.16,20.97,13.58,300.1072755008189,500.6580382944,1.0
Baseline MLR,2014-04-26T01:00:00+00:00,2014-04-26T11:00:00+10:00,2014-04-26,11,2,0.241217949,0.5394028794679142,0.5394028794679142,25.13,20.86,12.565,294.25502129098027,467.87710587554994,1.0
Baseline MLR,2014-04-26T02:00:00+00:00,2014-04-26T12:00:00+10:00,2014-04-26,12,3,0.330320513,0.5356657856353475,0.5356657856353475,23.9,19.17,11.95,310.45608806077206,476.9199039105,1.0
Baseline MLR,2014-04-26T03:00:00+00:00,2014-04-26T13:00:00+10:00,2014-04-26,13,4,0.330769231,0.5709091261597926,0.5709091261597926,23.63,20.99,11.815,319.5998936952885,471.69115392795,1.0
Baseline MLR,2014-04-26T04:00:00+00:00,2014-04-26T14:00:00+10:00,2014-04-26,14,5,0.437179487,0.47246981667404336,0.47246981667404336,23.68,22.69,11.84,323.1074326650202,510.4861537824,1.0
Baseline MLR,2014-04-26T05:00:00+00:00,2014-04-26T15:00:00+10:00,2014-04-26,15,6,0.154423077,0.3589735745754993,0.3589735745754993,24.28,23.68,12.14,186.97906050379683,420.4408846434,1.0
Baseline MLR,2014-04-26T06:00:00+00:00,2014-04-26T16:00:00+10:00,2014-04-26,16,7,0.093653846,0.18021694505903785,0.18021694505903785,27.98,24.31,13.99,114.94357100747817,459.0065191662,1.0
Baseline MLR,2014-04-26T07:00:00+00:00,2014-04-26T17:00:00+10:00,2014-04-26,17,8,0.021730769,0.03505178406755133,0.03505178406755133,31.27,29.97,15.635,26.633856516334948,479.24281719945003,1.0
Baseline MLR,2014-04-26T08:00:00+00:00,2014-04-26T18:00:00+10:00,2014-04-26,18,9,0.002435897,0.004050042213771365,0.004050042213771365,35.58,32.46,17.79,3.4615457583897773,535.0000382289,1.0
Baseline MLR,2014-04-26T09:00:00+00:00,2014-04-26T19:00:00+10:00,2014-04-26,19,10,0.0,0.0032316458150403182,0.0032316458150403182,38.0,40.0,19.0,1.8420381145729814,570.0,1.0
Baseline MLR,2014-04-26T10:00:00+00:00,2014-04-26T20:00:00+10:00,2014-04-26,20,11,0.0,0.0014736362337986197,0.0014736362337986197,37.23,33.85,18.615,0.8229521547648392,558.4499999999999,1.0
Baseline MLR,2014-04-26T23:00:00+00:00,2014-04-27T09:00:00+10:00,2014-04-27,9,0,0.042307692,0.24509953337939727,0.24509953337939727,21.37,23.55,10.685,92.1283860953658,334.1117306706,1.0
Baseline MLR,2014-04-27T00:00:00+00:00,2014-04-27T10:00:00+10:00,2014-04-27,10,1,0.073525641,0.41687330606349327,0.41687330606349327,20.07,21.7,10.035,147.63460301346467,323.18489422305004,1.0
Baseline MLR,2014-04-27T01:00:00+00:00,2014-04-27T11:00:00+10:00,2014-04-27,11,2,0.159358974,0.46041865697396916,0.46041865697396916,18.73,19.13,9.365,174.12652542213664,325.7219037453,1.0
Baseline MLR,2014-04-27T02:00:00+00:00,2014-04-27T12:00:00+10:00,2014-04-27,12,3,0.161794872,0.465452843538077,0.465452843538077,17.75,18.79,8.875,167.00470426201298,309.32788467,1.0
Baseline MLR,2014-04-27T03:00:00+00:00,2014-04-27T13:00:00+10:00,2014-04-27,13,4,0.168717949,0.48605580208035976,0.48605580208035976,17.59,19.59,8.795,172.76205422255293,308.36623084365,1.0
Baseline MLR,2014-04-27T04:00:00+00:00,2014-04-27T14:00:00+10:00,2014-04-27,14,5,0.307371795,0.45230770366155765,0.45230770366155765,18.42,18.58,9.21,209.8994454801884,361.22682695850006,1.0
Baseline MLR,2014-04-27T05:00:00+00:00,2014-04-27T15:00:00+10:00,2014-04-27,15,6,0.16974359,0.35126073601731417,0.35126073601731417,19.1,38.77,9.55,149.26773940396055,335.131538535,1.0
Baseline MLR,2014-04-27T06:00:00+00:00,2014-04-27T16:00:00+10:00,2014-04-27,16,7,0.161217949,0.16004114615353998,0.16004114615353998,20.5,18.59,10.25,99.08160783189784,357.0745193175,1.0
Baseline MLR,2014-04-27T07:00:00+00:00,2014-04-27T17:00:00+10:00,2014-04-27,17,8,0.066282051,0.045262808976784086,0.045262808976784086,24.25,22.04,12.125,46.82661635636078,387.86009605124997,1.0
Baseline MLR,2014-04-27T08:00:00+00:00,2014-04-27T18:00:00+10:00,2014-04-27,18,9,0.004166667,0.003741104393719885,0.003741104393719885,27.59,28.14,13.795,3.455772058903622,415.57437513794997,1.0
Baseline MLR,2014-04-27T09:00:00+00:00,2014-04-27T19:00:00+10:00,2014-04-27,19,10,0.0,0.0032316458150403182,0.0032316458150403182,30.1,30.13,15.05,1.4590880854907038,451.5,1.0
Baseline MLR,2014-04-27T10:00:00+00:00,2014-04-27T20:00:00+10:00,2014-04-27,20,11,0.0,0.001479221476918785,0.001479221476918785,31.25,30.44,15.625,0.6933850673056805,468.75,1.0
Baseline MLR,2014-04-27T23:00:00+00:00,2014-04-28T09:00:00+10:00,2014-04-28,9,0,0.135961538,0.3177486326001522,0.3177486326001522,20.78,21.94,10.39,141.42146017606743,354.0792113946,1.0
Baseline MLR,2014-04-28T00:00:00+00:00,2014-04-28T10:00:00+10:00,2014-04-28,10,1,0.442820513,0.5704079623361729,0.5704079623361729,20.21,18.96,10.105,307.16021229816084,437.39103851595,1.0
Baseline MLR,2014-04-28T01:00:00+00:00,2014-04-28T11:00:00+10:00,2014-04-28,11,2,0.763782051,0.5996482733398828,0.5996482733398828,19.1,20.65,9.55,445.27933588419546,505.32355761150006,1.0
Baseline MLR,2014-04-28T02:00:00+00:00,2014-04-28T12:00:00+10:00,2014-04-28,12,3,0.725897436,0.6465125840008583,0.6465125840008583,18.88,21.3,9.44,416.91164800553764,488.7741538752,1.0
Baseline MLR,2014-04-28T03:00:00+00:00,2014-04-28T13:00:00+10:00,2014-04-28,13,4,0.671089744,0.61428967465589,0.61428967465589,18.79,21.48,9.395,382.87705428886966,470.9966443464,1.0
Baseline MLR,2014-04-28T04:00:00+00:00,2014-04-28T14:00:00+10:00,2014-04-28,14,5,0.570128205,0.4851421499147724,0.4851421499147724,20.28,23.51,10.14,355.1011486597586,477.632999961,1.0
Baseline MLR,2014-04-28T05:00:00+00:00,2014-04-28T15:00:00+10:00,2014-04-28,15,6,0.399551282,0.33644687319072686,0.33644687319072686,28.45,35.6,14.225,354.55291487658906,597.2585095935,1.0
Baseline MLR,2014-04-28T06:00:00+00:00,2014-04-28T16:00:00+10:00,2014-04-28,16,7,0.186730769,0.17510199022471512,0.17510199022471512,35.26,70.19,17.63,209.709604726821,627.6619037240998,1.0
Baseline MLR,2014-04-28T07:00:00+00:00,2014-04-28T17:00:00+10:00,2014-04-28,17,8,0.046217949,0.050123652675735014,0.050123652675735014,37.52,41.0,18.76,54.221053423103676,588.8114616972,1.0
Baseline MLR,2014-04-28T08:00:00+00:00,2014-04-28T18:00:00+10:00,2014-04-28,18,9,0.003782051,0.004047315314324174,0.004047315314324174,39.34,43.71,19.67,4.620109062082696,592.3317882951001,1.0
Baseline MLR,2014-04-28T09:00:00+00:00,2014-04-28T19:00:00+10:00,2014-04-28,19,10,0.0,0.0032316458150403182,0.0032316458150403182,41.07,43.84,20.535,1.990855404355588,616.05,1.0
Baseline MLR,2014-04-28T10:00:00+00:00,2014-04-28T20:00:00+10:00,2014-04-28,20,11,0.0,0.0014804216118041447,0.0014804216118041447,43.22,43.25,21.61,0.959757330932627,648.3,1.0
Baseline MLR,2014-04-28T23:00:00+00:00,2014-04-29T09:00:00+10:00,2014-04-29,9,0,0.249807692,0.31257059284852734,0.31257059284852734,26.48,29.7,13.24,223.37665474183507,496.4236152624,1.0
Baseline MLR,2014-04-29T00:00:00+00:00,2014-04-29T10:00:00+10:00,2014-04-29,10,1,0.343589744,0.5436658030798485,0.5436658030798485,25.73,26.82,12.865,342.43627839546747,518.5584616968,1.0
Baseline MLR,2014-04-29T01:00:00+00:00,2014-04-29T11:00:00+10:00,2014-04-29,11,2,0.649551282,0.6163384625371041,0.6163384625371041,23.97,23.91,11.985,467.03254381116676,593.0961634431,1.0
Baseline MLR,2014-04-29T02:00:00+00:00,2014-04-29T12:00:00+10:00,2014-04-29,12,3,0.366346154,0.5603190827242299,0.5603190827242299,23.31,23.33,11.655,324.00850002062697,477.74293274609994,1.0
Baseline MLR,2014-04-29T03:00:00+00:00,2014-04-29T13:00:00+10:00,2014-04-29,13,4,0.388141026,0.4682585132497195,0.4682585132497195,23.24,22.83,11.62,298.5408793824522,483.9059616636,1.0
Baseline MLR,2014-04-29T04:00:00+00:00,2014-04-29T14:00:00+10:00,2014-04-29,14,5,0.401794872,0.4053163907394487,0.4053163907394487,25.04,25.41,12.52,303.15099028493694,526.5141539232,1.0
Baseline MLR,2014-04-29T05:00:00+00:00,2014-04-29T15:00:00+10:00,2014-04-29,15,6,0.202051282,0.2711476133462679,0.2711476133462679,34.2,58.87,17.1,242.75103331263546,616.6523076660001,1.0
Baseline MLR,2014-04-29T06:00:00+00:00,2014-04-29T16:00:00+10:00,2014-04-29,16,7,0.108461538,0.1386406141472089,0.1386406141472089,43.17,103.27,21.585,160.01099862292511,717.7842689319001,1.0
Baseline MLR,2014-04-29T07:00:00+00:00,2014-04-29T17:00:00+10:00,2014-04-29,17,8,0.023846154,0.025909060889293345,0.025909060889293345,46.12,55.61,23.06,34.420657660413134,708.2967693372,1.0
Baseline MLR,2014-04-29T08:00:00+00:00,2014-04-29T18:00:00+10:00,2014-04-29,18,9,0.000448718,0.0029149669626067354,0.0029149669626067354,46.72,51.32,23.36,2.3572704217948006,701.1144615744,1.0
Baseline MLR,2014-04-29T09:00:00+00:00,2014-04-29T19:00:00+10:00,2014-04-29,19,10,0.0,0.0032316458150403182,0.0032316458150403182,47.62,41.33,23.81,2.308364605683299,714.3,1.0
Baseline MLR,2014-04-29T10:00:00+00:00,2014-04-29T20:00:00+10:00,2014-04-29,20,11,0.0,0.001477882864931307,0.001477882864931307,47.45,48.21,23.725,1.0518831291148578,711.75,1.0
Baseline MLR,2014-04-29T23:00:00+00:00,2014-04-30T09:00:00+10:00,2014-04-30,9,0,0.515833333,0.336257711354763,0.336257711354763,27.49,28.26,13.745,429.55594658510495,625.05387486255,1.0
Baseline MLR,2014-04-30T00:00:00+00:00,2014-04-30T10:00:00+10:00,2014-04-30,10,1,0.699294872,0.5781039813846515,0.5781039813846515,26.35,24.72,13.175,546.8663617649095,671.646298158,1.0
Baseline MLR,2014-04-30T01:00:00+00:00,2014-04-30T11:00:00+10:00,2014-04-30,11,2,0.796987179,0.5982165229743537,0.5982165229743537,24.2,26.55,12.1,592.626023203808,652.306345977,1.0
Baseline MLR,2014-04-30T02:00:00+00:00,2014-04-30T12:00:00+10:00,2014-04-30,12,3,0.754871795,0.6197617140017796,0.6197617140017796,23.86,27.29,11.93,554.2400581957169,628.0686154305,1.0
Baseline MLR,2014-04-30T03:00:00+00:00,2014-04-30T13:00:00+10:00,2014-04-30,13,4,0.711666667,0.5687547279061286,0.5687547279061286,24.16,27.04,12.08,528.1635917793105,620.3080001208,1.0
Baseline MLR,2014-04-30T04:00:00+00:00,2014-04-30T14:00:00+10:00,2014-04-30,14,5,0.590064103,0.5250375576776951,0.5250375576776951,26.75,28.29,13.375,476.5306690513905,638.01322132875,1.0
Baseline MLR,2014-04-30T05:00:00+00:00,2014-04-30T15:00:00+10:00,2014-04-30,15,6,0.420448718,0.3730445841970326,0.3730445841970326,37.73,34.22,18.865,470.9142486147475,803.9029519520999,1.0
Baseline MLR,2014-04-30T06:00:00+00:00,2014-04-30T16:00:00+10:00,2014-04-30,16,7,0.194358974,0.17991644475877816,0.17991644475877816,44.06,44.24,22.03,256.98168149110256,789.3518459166,1.0
Baseline MLR,2014-04-30T07:00:00+00:00,2014-04-30T17:00:00+10:00,2014-04-30,17,8,0.035833333,0.04705848774189003,0.04705848774189003,46.92,64.72,23.46,58.33926343814221,729.0194997654,1.0
Baseline MLR,2014-04-30T08:00:00+00:00,2014-04-30T18:00:00+10:00,2014-04-30,18,9,0.002435897,0.003716551031030635,0.003716551031030635,48.07,93.57,24.035,4.43622265277464,722.80640353185,1.0
Baseline MLR,2014-04-30T09:00:00+00:00,2014-04-30T19:00:00+10:00,2014-04-30,19,10,0.0,0.0032316458150403182,0.0032316458150403182,46.79,61.24,23.395,2.268130615286047,701.85,1.0
Baseline MLR,2014-04-30T10:00:00+00:00,2014-04-30T20:00:00+10:00,2014-04-30,20,11,0.0,0.001477882864931307,0.001477882864931307,47.44,38.69,23.72,1.051661446685118,711.5999999999999,1.0
Paper-proposed AR,2014-01-20T22:00:00+00:00,2014-01-21T09:00:00+11:00,2014-01-21,9,0,0.079487179,0.1737671817156287,0.1737671817156287,34.28,25.67,17.14,130.22339227997628,555.0723074418,1.0
Paper-proposed AR,2014-01-20T23:00:00+00:00,2014-01-21T10:00:00+11:00,2014-01-21,10,1,0.164166667,0.320456776837531,0.320456776837531,32.410000000000004,23.69,16.205000000000002,235.59968722161574,565.9596251620501,1.0
Paper-proposed AR,2014-01-21T00:00:00+00:00,2014-01-21T11:00:00+11:00,2014-01-21,11,2,0.241025641,0.574988521081446,0.574988521081446,31.59,24.22,15.795,386.6683107022932,588.05999998785,1.0
Paper-proposed AR,2014-01-21T01:00:00+00:00,2014-01-21T12:00:00+11:00,2014-01-21,12,3,0.576217949,0.5739915969361802,0.5739915969361802,31.33,26.6,15.665,541.271330907244,740.7436251325499,1.0
Paper-proposed AR,2014-01-21T02:00:00+00:00,2014-01-21T13:00:00+11:00,2014-01-21,13,4,0.811794872,0.6433573002205589,0.6433573002205589,30.37,27.34,15.185,724.3153326044488,825.3631539396,1.0
Paper-proposed AR,2014-01-21T03:00:00+00:00,2014-01-21T14:00:00+11:00,2014-01-21,14,5,0.706858974,0.6637298807538947,0.6637298807538947,31.06,28.24,15.53,655.0024706845794,795.2255959866,1.0
Paper-proposed AR,2014-01-21T04:00:00+00:00,2014-01-21T15:00:00+11:00,2014-01-21,15,6,0.564294872,0.5903037480883184,0.5903037480883184,32.64,25.85,16.32,565.2914843952407,765.8787693311999,1.0
Paper-proposed AR,2014-01-21T05:00:00+00:00,2014-01-21T16:00:00+11:00,2014-01-21,16,7,0.403461538,0.48969531606208444,0.48969531606208444,38.32,25.01,19.16,513.3865597148862,806.7096920424,1.0
Paper-proposed AR,2014-01-21T06:00:00+00:00,2014-01-21T17:00:00+11:00,2014-01-21,17,8,0.282435897,0.3196517829367375,0.3196517829367375,45.79,50.49,22.895,413.54392296454813,880.84109585445,1.0
Paper-proposed AR,2014-01-21T07:00:00+00:00,2014-01-21T18:00:00+11:00,2014-01-21,18,9,0.153782051,0.11614878894064706,0.11614878894064706,71.35000000000001,39.76,35.675000000000004,293.5054377118513,1234.8352400827503,1.0
Paper-proposed AR,2014-01-21T08:00:00+00:00,2014-01-21T19:00:00+11:00,2014-01-21,19,10,0.090512821,0.05593207637268127,0.05593207637268127,73.72,38.31,36.86,163.4430299059993,1205.8890774618,1.0
Paper-proposed AR,2014-01-21T09:00:00+00:00,2014-01-21T20:00:00+11:00,2014-01-21,20,11,0.029487179,0.02694107000677477,0.02694107000677477,69.35000000000001,39.25,34.675000000000004,59.04893948861762,1070.92403795475,1.0
Paper-proposed AR,2014-01-21T22:00:00+00:00,2014-01-22T09:00:00+11:00,2014-01-22,9,0,0.055192308,0.1597671656392166,0.1597671656392166,49.13,37.73,24.565,158.4143840984207,777.6239713806,1.0
Paper-proposed AR,2014-01-21T23:00:00+00:00,2014-01-22T10:00:00+11:00,2014-01-22,10,1,0.468076923,0.3626731772556693,0.3626731772556693,41.18,27.28,20.59,534.3088686988141,906.8311153371,1.0
Paper-proposed AR,2014-01-22T00:00:00+00:00,2014-01-22T11:00:00+11:00,2014-01-22,11,2,0.504423077,0.5221695002343069,0.5221695002343069,44.68,50.44,22.34,688.0223452624325,1008.2643462054,1.0
Paper-proposed AR,2014-01-22T01:00:00+00:00,2014-01-22T12:00:00+11:00,2014-01-22,12,3,0.263525641,0.5353708268259835,0.5353708268259835,42.56,28.18,21.28,510.01550506010784,806.6347692144001,1.0
Paper-proposed AR,2014-01-22T02:00:00+00:00,2014-01-22T13:00:00+11:00,2014-01-22,13,4,0.511410256,0.6323744859588531,0.6323744859588531,41.31,31.41,20.655,708.7462153548034,936.5453651304,1.0
Paper-proposed AR,2014-01-22T03:00:00+00:00,2014-01-22T14:00:00+11:00,2014-01-22,14,5,0.469102564,0.6036399976934801,0.6036399976934801,40.88,27.42,20.44,657.805738830442,900.8536922448,1.0
Paper-proposed AR,2014-01-22T04:00:00+00:00,2014-01-22T15:00:00+11:00,2014-01-22,15,6,0.428076923,0.5296667670342233,0.5296667670342233,41.18,26.91,20.59,591.5982773341398,882.1231153371,1.0
Paper-proposed AR,2014-01-22T05:00:00+00:00,2014-01-22T16:00:00+11:00,2014-01-22,16,7,0.342820513,0.4569626227948839,0.4569626227948839,44.0,40.33,22.0,527.8568696246234,886.26153858,1.0
Paper-proposed AR,2014-01-22T06:00:00+00:00,2014-01-22T17:00:00+11:00,2014-01-22,17,8,0.288269231,0.31118635993808513,0.31118635993808513,60.5,53.65,30.25,544.0059487763123,1169.1043271325,1.0
Paper-proposed AR,2014-01-22T07:00:00+00:00,2014-01-22T18:00:00+11:00,2014-01-22,18,9,0.153717949,0.14392398395561762,0.14392398395561762,98.23,76.29,49.115,446.5450361158875,1699.94571195405,1.0
Paper-proposed AR,2014-01-22T08:00:00+00:00,2014-01-22T19:00:00+11:00,2014-01-22,19,10,0.043076923,0.08086207164621598,0.08086207164621598,92.07,46.67,46.035,171.16594855615656,1440.5413845091498,1.0
Paper-proposed AR,2014-01-22T09:00:00+00:00,2014-01-22T20:00:00+11:00,2014-01-22,20,11,0.019038462,0.02864364058936883,0.02864364058936883,78.23,35.12,39.115,55.952563283494854,1195.7906832339,1.0
Paper-proposed AR,2014-01-22T22:00:00+00:00,2014-01-23T09:00:00+11:00,2014-01-23,9,0,0.158782051,0.20998609271735594,0.20998609271735594,52.78,31.52,26.39,291.9537393810307,917.4077497767,1.0
Paper-proposed AR,2014-01-22T23:00:00+00:00,2014-01-23T10:00:00+11:00,2014-01-23,10,1,0.190128205,0.5133980192303973,0.5133980192303973,45.35,27.25,22.675,478.5737140327278,809.58471145125,1.0
Paper-proposed AR,2014-01-23T00:00:00+00:00,2014-01-23T11:00:00+11:00,2014-01-23,11,2,0.250448718,0.6346340206821107,0.6346340206821107,47.05,25.43,23.525,624.6471428248996,882.5041827284999,1.0
Paper-proposed AR,2014-01-23T01:00:00+00:00,2014-01-23T12:00:00+11:00,2014-01-23,12,3,0.456858974,0.6697847228427415,0.6697847228427415,45.59,27.32,22.795,770.4552920859088,996.2730093699,1.0
Paper-proposed AR,2014-01-23T02:00:00+00:00,2014-01-23T13:00:00+11:00,2014-01-23,13,4,0.755641026,0.6974969250589412,0.6974969250589412,44.73,26.88,22.365,982.8585267354631,1177.9473463947,1.0
Paper-proposed AR,2014-01-23T03:00:00+00:00,2014-01-23T14:00:00+11:00,2014-01-23,14,5,0.751282051,0.6854282947808908,0.6854282947808908,44.57,26.07,22.285,967.9903956904944,1170.8196151960499,1.0
Paper-proposed AR,2014-01-23T04:00:00+00:00,2014-01-23T15:00:00+11:00,2014-01-23,15,6,0.559807692,0.5246037057614106,0.5246037057614106,46.13,28.86,23.065,756.4786796885869,1079.3089324794003,1.0
Paper-proposed AR,2014-01-23T05:00:00+00:00,2014-01-23T16:00:00+11:00,2014-01-23,16,7,0.342820513,0.4751056497477851,0.4751056497477851,51.39,27.67,25.695,630.49838255413,1035.11319244605,1.0
Paper-proposed AR,2014-01-23T06:00:00+00:00,2014-01-23T17:00:00+11:00,2014-01-23,17,8,0.288269231,0.3058388445718772,0.3058388445718772,69.9,31.97000000000001,34.95,622.9223172371134,1350.7502887035,1.0
Paper-proposed AR,2014-01-23T07:00:00+00:00,2014-01-23T18:00:00+11:00,2014-01-23,18,9,0.064294872,0.10956180689780753,0.10956180689780753,104.01,56.07,52.005,271.2424975824144,1660.4596445508,1.0
Paper-proposed AR,2014-01-23T08:00:00+00:00,2014-01-23T19:00:00+11:00,2014-01-23,19,10,0.037115385,0.042549577584371244,0.042549577584371244,105.8,22.25,52.9,126.42829562139715,1645.902115995,1.0
Paper-proposed AR,2014-01-23T09:00:00+00:00,2014-01-23T20:00:00+11:00,2014-01-23,20,11,0.023397436,0.018269116995108366,0.018269116995108366,93.19,60.02,46.595,60.30902158343233,1430.5561059125998,1.0
Paper-proposed AR,2014-01-23T22:00:00+00:00,2014-01-24T09:00:00+11:00,2014-01-24,9,0,0.1075,0.21244494765536467,0.21244494765536467,59.51,36.34,29.755,285.59885752456125,988.609875,1.0
Paper-proposed AR,2014-01-23T23:00:00+00:00,2014-01-24T10:00:00+11:00,2014-01-24,10,1,0.169423077,0.44202593051207245,0.44202593051207245,50.39,33.25,25.195,462.163732328,883.9084327504501,1.0
Paper-proposed AR,2014-01-24T00:00:00+00:00,2014-01-24T11:00:00+11:00,2014-01-24,11,2,0.239230769,0.6249078583316358,0.6249078583316358,48.23,36.55,24.115,625.1610899430719,896.5214998330499,1.0
Paper-proposed AR,2014-01-24T01:00:00+00:00,2014-01-24T12:00:00+11:00,2014-01-24,12,3,0.382692308,0.6278397354834094,0.6278397354834094,47.06,51.63,23.53,713.3345694949387,976.0425002172,1.0
Paper-proposed AR,2014-01-24T02:00:00+00:00,2014-01-24T13:00:00+11:00,2014-01-24,13,4,0.306410256,0.7120741433298842,0.7120741433298842,44.73,49.5,22.365,683.3521077303858,876.5359612632,1.0
Paper-proposed AR,2014-01-24T03:00:00+00:00,2014-01-24T14:00:00+11:00,2014-01-24,14,5,0.269487179,0.6780289842631658,0.6780289842631658,42.68,44.34,21.34,606.5998477210787,812.7256919958,1.0
Paper-proposed AR,2014-01-24T04:00:00+00:00,2014-01-24T15:00:00+11:00,2014-01-24,15,6,0.235064103,0.5324405434516079,0.5324405434516079,43.55,39.77,21.775,501.3724102945128,806.8056252847499,1.0
Paper-proposed AR,2014-01-24T05:00:00+00:00,2014-01-24T16:00:00+11:00,2014-01-24,16,7,0.176602564,0.46680237423620485,0.46680237423620485,50.95,54.03,25.475,491.72222404701955,899.218509537,1.0
Paper-proposed AR,2014-01-24T06:00:00+00:00,2014-01-24T17:00:00+11:00,2014-01-24,17,8,0.137115385,0.2850322500680484,0.2850322500680484,74.63,45.63,37.315,472.5731700769267,1272.94381773825,1.0
Paper-proposed AR,2014-01-24T07:00:00+00:00,2014-01-24T18:00:00+11:00,2014-01-24,18,9,0.094038462,0.08421879646716196,0.08421879646716196,114.33,65.6,57.165,308.1871517713441,1876.2212604069,1.0
Paper-proposed AR,2014-01-24T08:00:00+00:00,2014-01-24T19:00:00+11:00,2014-01-24,19,10,0.036730769,0.039962765275894215,0.039962765275894215,105.08,70.36,52.54,120.88434872566447,1634.0950380978002,1.0
Paper-proposed AR,2014-01-24T09:00:00+00:00,2014-01-24T20:00:00+11:00,2014-01-24,20,11,0.011730769,0.02222048339759175,0.02222048339759175,88.82,55.14,44.41,45.23325356931148,1347.9289035386998,1.0
Paper-proposed AR,2014-01-24T22:00:00+00:00,2014-01-25T09:00:00+11:00,2014-01-25,9,0,0.511538462,0.22396374285569298,0.22396374285569298,43.58,44.46,21.79,676.3773578042096,988.0926926094,1.0
Paper-proposed AR,2014-01-24T23:00:00+00:00,2014-01-25T10:00:00+11:00,2014-01-25,10,1,0.684871795,0.3701340000483408,0.3701340000483408,36.63,41.66,18.315,800.0995487837054,925.75280776275,1.0
Paper-proposed AR,2014-01-25T00:00:00+00:00,2014-01-25T11:00:00+11:00,2014-01-25,11,2,0.790384615,0.49924051587314844,0.49924051587314844,38.92,48.41,19.46,1005.7418014954147,1147.8755763645,0.0
Paper-proposed AR,2014-01-25T01:00:00+00:00,2014-01-25T12:00:00+11:00,2014-01-25,12,3,0.830641026,0.4740673801657563,0.4740673801657563,34.0,26.92,17.0,771.5176041448066,933.62692326,1.0
Paper-proposed AR,2014-01-25T02:00:00+00:00,2014-01-25T13:00:00+11:00,2014-01-25,13,4,0.828333333,0.558791307122922,0.558791307122922,32.160000000000004,29.93,16.080000000000002,781.1436381472236,881.9879998392,1.0
Paper-proposed AR,2014-01-25T03:00:00+00:00,2014-01-25T14:00:00+11:00,2014-01-25,14,5,0.785576923,0.4959597826652442,0.4959597826652442,29.05,33.64,14.525,724.5105686185959,792.8042306916,0.0
Paper-proposed AR,2014-01-25T04:00:00+00:00,2014-01-25T15:00:00+11:00,2014-01-25,15,6,0.681858974,0.3854128557860542,0.3854128557860542,28.31,33.09,14.155,621.6131999700797,714.2014133091,1.0
Paper-proposed AR,2014-01-25T05:00:00+00:00,2014-01-25T16:00:00+11:00,2014-01-25,16,7,0.525961538,0.2784497510255114,0.2784497510255114,29.02,30.16,14.51,466.3670180973275,664.2510574914,1.0
Paper-proposed AR,2014-01-25T06:00:00+00:00,2014-01-25T17:00:00+11:00,2014-01-25,17,8,0.324679487,0.15980531211424662,0.15980531211424662,34.83,34.5,17.415,337.62534163493103,692.07879798315,1.0
Paper-proposed AR,2014-01-25T07:00:00+00:00,2014-01-25T18:00:00+11:00,2014-01-25,18,9,0.132371795,0.06992084924072096,0.06992084924072096,46.08,91.71,23.04,268.479869057877,782.6953847039999,1.0
Paper-proposed AR,2014-01-25T08:00:00+00:00,2014-01-25T19:00:00+11:00,2014-01-25,19,10,0.053589744,0.03309152636153722,0.03309152636153722,55.51,29.65,27.755,73.34048343928058,877.2715003416,1.0
Paper-proposed AR,2014-01-25T09:00:00+00:00,2014-01-25T20:00:00+11:00,2014-01-25,20,11,0.030128205,0.011405754061508332,0.011405754061508332,59.56,65.63,29.78,57.24243500989933,920.316538347,1.0
Paper-proposed AR,2014-01-25T22:00:00+00:00,2014-01-26T09:00:00+11:00,2014-01-26,9,0,0.508012821,0.5573017824358334,0.5573017824358334,51.89,56.98,25.945,829.1876215842809,1173.76177922535,1.0
Paper-proposed AR,2014-01-25T23:00:00+00:00,2014-01-26T10:00:00+11:00,2014-01-26,10,1,0.640384615,0.687440680044121,0.687440680044121,46.02,51.4,23.01,916.5978011689568,1132.3574997345002,1.0
Paper-proposed AR,2014-01-26T00:00:00+00:00,2014-01-26T11:00:00+11:00,2014-01-26,11,2,0.809294872,0.7490769655722576,0.7490769655722576,59.15,31.72000000000001,29.575,1386.5404351646107,1605.2968751820001,1.0
Paper-proposed AR,2014-01-26T01:00:00+00:00,2014-01-26T12:00:00+11:00,2014-01-26,12,3,0.832692308,0.8128872662915969,0.8128872662915969,52.58,31.23,26.29,1300.8037174249678,1445.4444233196,1.0
Paper-proposed AR,2014-01-26T02:00:00+00:00,2014-01-26T13:00:00+11:00,2014-01-26,13,4,0.818717949,0.8218170591942273,0.8218170591942273,44.74,23.24,22.37,1100.9630439991458,1220.5416155739001,1.0
Paper-proposed AR,2014-01-26T03:00:00+00:00,2014-01-26T14:00:00+11:00,2014-01-26,14,5,0.769230769,0.7694937286322631,0.7694937286322631,38.31,24.14,19.155,884.22803256438,1016.6884614058501,1.0
Paper-proposed AR,2014-01-26T04:00:00+00:00,2014-01-26T15:00:00+11:00,2014-01-26,15,6,0.670448718,0.6753752642786542,0.6753752642786542,35.03,19.56,17.515,707.163211488319,877.7372788731001,1.0
Paper-proposed AR,2014-01-26T05:00:00+00:00,2014-01-26T16:00:00+11:00,2014-01-26,16,7,0.520576923,0.540495071940475,0.540495071940475,37.15,21.44,18.575,591.2823691805797,847.3414903417499,1.0
Paper-proposed AR,2014-01-26T06:00:00+00:00,2014-01-26T17:00:00+11:00,2014-01-26,17,8,0.321153846,0.33611348390761275,0.33611348390761275,39.26,24.17,19.63,387.06473058259314,778.0274999094,1.0
Paper-proposed AR,2014-01-26T07:00:00+00:00,2014-01-26T18:00:00+11:00,2014-01-26,18,9,0.109935897,0.12031404579543731,0.12031404579543731,42.48,22.32,21.24,146.71526354925265,707.2511535683999,1.0
Paper-proposed AR,2014-01-26T08:00:00+00:00,2014-01-26T19:00:00+11:00,2014-01-26,19,10,0.038589744,0.05603351092080508,0.05603351092080508,45.77,22.32,22.885,64.96359566587873,713.0437887432,1.0
Paper-proposed AR,2014-01-26T09:00:00+00:00,2014-01-26T20:00:00+11:00,2014-01-26,20,11,0.021538462,0.028697474465720102,0.028697474465720102,46.66,35.33,23.33,35.160131932357494,714.9747695537999,1.0
Paper-proposed AR,2014-01-26T22:00:00+00:00,2014-01-27T09:00:00+11:00,2014-01-27,9,0,0.517692308,0.5697885903718468,0.5697885903718468,35.85,23.47,17.925,584.7928530994607,816.1390386270001,1.0
Paper-proposed AR,2014-01-26T23:00:00+00:00,2014-01-27T10:00:00+11:00,2014-01-27,10,1,0.678205128,0.701262968869151,0.701262968869151,31.53,22.36,15.765,652.419436414265,793.7071152876,1.0
Paper-proposed AR,2014-01-27T00:00:00+00:00,2014-01-27T11:00:00+11:00,2014-01-27,11,2,0.773461538,0.7603781730997875,0.7603781730997875,31.75,21.52,15.875,732.7068302571248,844.6110574725,1.0
Paper-proposed AR,2014-01-27T01:00:00+00:00,2014-01-27T12:00:00+11:00,2014-01-27,12,3,0.816346154,0.7962267934040453,0.7962267934040453,30.8,20.8,15.4,748.2680381172136,839.151923148,1.0
Paper-proposed AR,2014-01-27T02:00:00+00:00,2014-01-27T13:00:00+11:00,2014-01-27,13,4,0.806730769,0.8353363427084874,0.8353363427084874,32.22,20.41,16.11,793.6110350887119,873.1929806576999,1.0
Paper-proposed AR,2014-01-27T03:00:00+00:00,2014-01-27T14:00:00+11:00,2014-01-27,14,5,0.761282051,0.7728527572884499,0.7728527572884499,31.62,20.52,15.81,727.6401395712119,835.3760767893,1.0
Paper-proposed AR,2014-01-27T04:00:00+00:00,2014-01-27T15:00:00+11:00,2014-01-27,15,6,0.662884615,0.6604179876048926,0.6604179876048926,33.1,25.69,16.55,657.6960914250676,825.6222113475,1.0
Paper-proposed AR,2014-01-27T05:00:00+00:00,2014-01-27T16:00:00+11:00,2014-01-27,16,7,0.513589744,0.5313106588715306,0.5313106588715306,43.07,24.57,21.535,675.0579052751523,977.8546541112,1.0
Paper-proposed AR,2014-01-27T06:00:00+00:00,2014-01-27T17:00:00+11:00,2014-01-27,17,8,0.315448718,0.3171032123280782,0.3171032123280782,55.16,28.81,27.58,523.373467153452,1088.4022692731999,1.0
Paper-proposed AR,2014-01-27T07:00:00+00:00,2014-01-27T18:00:00+11:00,2014-01-27,18,9,0.104551282,0.09965110169915038,0.09965110169915038,90.91,39.66,45.455,277.60868418604366,1506.2213556993,1.0
Paper-proposed AR,2014-01-27T08:00:00+00:00,2014-01-27T19:00:00+11:00,2014-01-27,19,10,0.035384615,0.04042848584971451,0.04042848584971451,109.41,44.65,54.705,124.42067045950894,1699.2214609072498,1.0
Paper-proposed AR,2014-01-27T09:00:00+00:00,2014-01-27T20:00:00+11:00,2014-01-27,20,11,0.02025641,0.02051971951495783,0.02051971951495783,113.03,37.12,56.515,69.13388878613524,1729.7937303345,1.0
Paper-proposed AR,2014-01-27T22:00:00+00:00,2014-01-28T09:00:00+11:00,2014-01-28,9,0,0.49724359,0.5646247971648144,0.5646247971648144,117.06,45.83,58.53,1864.5347010226978,2629.0100196810004,1.0
Paper-proposed AR,2014-01-27T23:00:00+00:00,2014-01-28T10:00:00+11:00,2014-01-28,10,1,0.653717949,0.6883376368504234,0.6883376368504234,84.75,43.98,42.375,1706.0881635123508,2102.28894266625,1.0
Paper-proposed AR,2014-01-28T00:00:00+00:00,2014-01-28T11:00:00+11:00,2014-01-28,11,2,0.755384615,0.7725546895750346,0.7725546895750346,175.29,40.41,87.645,4017.487210484368,4615.520537450249,1.0
Paper-proposed AR,2014-01-28T01:00:00+00:00,2014-01-28T12:00:00+11:00,2014-01-28,12,3,0.808397436,0.808535520556418,0.808535520556418,147.9,38.56,73.95,3587.1657641204133,4011.929711766,1.0
Paper-proposed AR,2014-01-28T02:00:00+00:00,2014-01-28T13:00:00+11:00,2014-01-28,13,4,0.796282051,0.8319904529509937,0.8319904529509937,112.45,32.47,56.225,2746.488646039339,3029.87874952425,1.0
Paper-proposed AR,2014-01-28T03:00:00+00:00,2014-01-28T14:00:00+11:00,2014-01-28,14,5,0.739038462,0.7637701434684708,0.7637701434684708,109.61,30.32,54.805,2470.8427686809864,2859.2400872973,1.0
Paper-proposed AR,2014-01-28T04:00:00+00:00,2014-01-28T15:00:00+11:00,2014-01-28,15,6,0.649807692,0.6465108542836313,0.6465108542836313,115.28,29.19,57.64,2238.7801792427344,2852.8474610064,1.0
Paper-proposed AR,2014-01-28T05:00:00+00:00,2014-01-28T16:00:00+11:00,2014-01-28,16,7,0.506346154,0.5221996533471589,0.5221996533471589,155.76,35.65,77.88,2403.0944242859023,3519.4271542056,1.0
Paper-proposed AR,2014-01-28T06:00:00+00:00,2014-01-28T17:00:00+11:00,2014-01-28,17,8,0.312307692,0.31003251366807294,0.31003251366807294,201.0,58.88,100.5,1873.5149324239958,3956.60769138,1.0
Paper-proposed AR,2014-01-28T07:00:00+00:00,2014-01-28T18:00:00+11:00,2014-01-28,18,9,0.105064103,0.0950199957014179,0.0950199957014179,300.53000000000003,66.92,150.26500000000001,876.8553290570472,4981.573723118851,1.0
Paper-proposed AR,2014-01-28T08:00:00+00:00,2014-01-28T19:00:00+11:00,2014-01-28,19,10,0.035961538,0.03742098357962093,0.03742098357962093,302.62,98.95,151.31,333.1052802063733,4702.5402094434,1.0
Paper-proposed AR,2014-01-28T09:00:00+00:00,2014-01-28T20:00:00+11:00,2014-01-28,20,11,0.019935897,0.01928502393705479,0.01928502393705479,277.13,66.3,138.565,161.62834703247782,4239.82252703415,1.0
Paper-proposed AR,2014-01-28T22:00:00+00:00,2014-01-29T09:00:00+11:00,2014-01-29,9,0,0.465384615,0.5488520013050606,0.5488520013050606,216.95,49.72,108.475,3300.5795086107432,4768.72788336375,1.0
Paper-proposed AR,2014-01-28T23:00:00+00:00,2014-01-29T10:00:00+11:00,2014-01-29,10,1,0.621538462,0.6720349944039445,0.6720349944039445,146.83,36.01,73.415,2849.0308590568675,3571.3573856319003,1.0
Paper-proposed AR,2014-01-29T00:00:00+00:00,2014-01-29T11:00:00+11:00,2014-01-29,11,2,0.71974359,0.7607196372817564,0.7607196372817564,61.85,38.05,30.925,1373.4997591106496,1595.4921156225,1.0
Paper-proposed AR,2014-01-29T01:00:00+00:00,2014-01-29T12:00:00+11:00,2014-01-29,12,3,0.768717949,0.7898087518924815,0.7898087518924815,56.74,35.95,28.37,1326.4620751295909,1505.3558463939,1.0
Paper-proposed AR,2014-01-29T02:00:00+00:00,2014-01-29T13:00:00+11:00,2014-01-29,13,4,0.761410256,0.8212584767513619,0.8212584767513619,48.33,32.0,24.165,1147.3556978080999,1276.9343650872,1.0
Paper-proposed AR,2014-01-29T03:00:00+00:00,2014-01-29T14:00:00+11:00,2014-01-29,14,5,0.710576923,0.7534268142724835,0.7534268142724835,47.48,28.04,23.74,1042.6634616854626,1218.2728845605998,1.0
Paper-proposed AR,2014-01-29T04:00:00+00:00,2014-01-29T15:00:00+11:00,2014-01-29,15,6,0.624871795,0.6374897558846444,0.6374897558846444,45.93,31.15,22.965,869.7039904819758,1119.4554231652498,1.0
Paper-proposed AR,2014-01-29T05:00:00+00:00,2014-01-29T16:00:00+11:00,2014-01-29,16,7,0.486794872,0.5171000369844958,0.5171000369844958,54.82,33.64,27.41,825.5027836579509,1222.5914232455998,1.0
Paper-proposed AR,2014-01-29T06:00:00+00:00,2014-01-29T17:00:00+11:00,2014-01-29,17,8,0.310897436,0.3071494798694042,0.3071494798694042,74.73,41.56,37.365,693.2713706228442,1469.4504808842003,1.0
Paper-proposed AR,2014-01-29T07:00:00+00:00,2014-01-29T18:00:00+11:00,2014-01-29,18,9,0.121730769,0.0950122963002666,0.0950122963002666,155.44,76.59,77.72,504.4523748295807,2615.4274610004,1.0
Paper-proposed AR,2014-01-29T08:00:00+00:00,2014-01-29T19:00:00+11:00,2014-01-29,19,10,0.032115385,0.03762462106349396,0.03762462106349396,136.79,59.58,68.395,143.09603144138006,2117.7459527122496,1.0
Paper-proposed AR,2014-01-29T09:00:00+00:00,2014-01-29T20:00:00+11:00,2014-01-29,20,11,0.014551282,0.01899650902767455,0.01899650902767455,106.94,50.55,53.47,53.81401158749274,1627.4417114562,1.0
Paper-proposed AR,2014-01-29T22:00:00+00:00,2014-01-30T09:00:00+11:00,2014-01-30,9,0,0.458397436,0.5568542256830831,0.5568542256830831,52.4,29.93,26.2,797.9878060829033,1146.300384696,1.0
Paper-proposed AR,2014-01-29T23:00:00+00:00,2014-01-30T10:00:00+11:00,2014-01-30,10,1,0.636474359,0.6638114803989664,0.6638114803989664,43.18,34.07,21.59,842.1951381787105,1059.9444423242999,1.0
Paper-proposed AR,2014-01-30T00:00:00+00:00,2014-01-30T11:00:00+11:00,2014-01-30,11,2,0.733076923,0.7413519563044078,0.7413519563044078,36.16,37.73,18.08,799.7302241347107,940.0209230352,1.0
Paper-proposed AR,2014-01-30T01:00:00+00:00,2014-01-30T12:00:00+11:00,2014-01-30,12,3,0.774294872,0.7648571224072911,0.7648571224072911,33.14,30.62,16.57,769.0904678731913,882.0019808712001,1.0
Paper-proposed AR,2014-01-30T02:00:00+00:00,2014-01-30T13:00:00+11:00,2014-01-30,13,4,0.775,0.8235395430697413,0.8235395430697413,31.82,30.16,15.91,762.9829239071875,847.2075,1.0
Paper-proposed AR,2014-01-30T03:00:00+00:00,2014-01-30T14:00:00+11:00,2014-01-30,14,5,0.71775641,0.7388426936179755,0.7388426936179755,31.23,30.81,15.615,682.3438500898405,804.6829902645001,1.0
Paper-proposed AR,2014-01-30T04:00:00+00:00,2014-01-30T15:00:00+11:00,2014-01-30,15,6,0.623974359,0.6098438651392492,0.6098438651392492,33.56,29.53,16.78,626.5090079334353,817.5086923206001,1.0
Paper-proposed AR,2014-01-30T05:00:00+00:00,2014-01-30T16:00:00+11:00,2014-01-30,16,7,0.486987179,0.508585996583656,0.508585996583656,36.16,30.94,18.08,539.9988904365749,806.5418458895999,1.0
Paper-proposed AR,2014-01-30T06:00:00+00:00,2014-01-30T17:00:00+11:00,2014-01-30,17,8,0.303910256,0.3071898485282793,0.3071898485282793,49.74,49.29,24.87,455.9417879885492,972.8474420016,1.0
Paper-proposed AR,2014-01-30T07:00:00+00:00,2014-01-30T18:00:00+11:00,2014-01-30,18,9,0.105,0.09433056315132464,0.09433056315132464,70.21000000000001,126.62,35.105000000000004,239.2173879790133,1163.7307500000002,1.0
Paper-proposed AR,2014-01-30T08:00:00+00:00,2014-01-30T19:00:00+11:00,2014-01-30,19,10,0.038910256,0.032002576203072994,0.032002576203072994,71.96000000000001,54.82,35.980000000000004,80.44753170122014,1121.3997303264002,1.0
Paper-proposed AR,2014-01-30T09:00:00+00:00,2014-01-30T20:00:00+11:00,2014-01-30,20,11,0.020769231,0.013951434881404334,0.013951434881404334,59.7,50.56,29.85,35.328253025281064,914.0988463605001,1.0
Paper-proposed AR,2014-01-30T22:00:00+00:00,2014-01-31T09:00:00+11:00,2014-01-31,9,0,0.455384615,0.5078980174926955,0.5078980174926955,40.45,34.02,20.225,584.4717372649429,883.05461515125,1.0
Paper-proposed AR,2014-01-30T23:00:00+00:00,2014-01-31T10:00:00+11:00,2014-01-31,10,1,0.608076923,0.6539334958888149,0.6539334958888149,32.67,30.71,16.335,618.4482057764639,788.0380961161501,1.0
Paper-proposed AR,2014-01-31T00:00:00+00:00,2014-01-31T11:00:00+11:00,2014-01-31,11,2,0.679166667,0.7459596624077518,0.7459596624077518,35.53,34.25,17.765,759.5210772578613,894.91187517765,1.0
Paper-proposed AR,2014-01-31T01:00:00+00:00,2014-01-31T12:00:00+11:00,2014-01-31,12,3,0.783589744,0.7770005134312986,0.7770005134312986,33.59,30.3,16.795,788.9730279716692,898.6616925144001,1.0
Paper-proposed AR,2014-01-31T02:00:00+00:00,2014-01-31T13:00:00+11:00,2014-01-31,13,4,0.61525641,0.802981255559793,0.802981255559793,33.53,29.21,16.765,713.302633893298,812.3932114094999,1.0
Paper-proposed AR,2014-01-31T03:00:00+00:00,2014-01-31T14:00:00+11:00,2014-01-31,14,5,0.655961538,0.7425377714404151,0.7425377714404151,33.1,29.68,16.55,694.3549071371662,822.184903617,1.0
Paper-proposed AR,2014-01-31T04:00:00+00:00,2014-01-31T15:00:00+11:00,2014-01-31,15,6,0.241217949,0.6281071174647833,0.6281071174647833,31.66,29.22,15.83,412.8424740641256,589.4544039801,1.0
Paper-proposed AR,2014-01-31T05:00:00+00:00,2014-01-31T16:00:00+11:00,2014-01-31,16,7,0.083397436,0.5062484255115439,0.5062484255115439,35.28,29.29,17.64,312.0405899119091,573.3339231312001,1.0
Paper-proposed AR,2014-01-31T06:00:00+00:00,2014-01-31T17:00:00+11:00,2014-01-31,17,8,0.076410256,0.30115794850636457,0.30115794850636457,47.96,39.72,23.98,271.6225663218787,774.3695381663999,1.0
Paper-proposed AR,2014-01-31T07:00:00+00:00,2014-01-31T18:00:00+11:00,2014-01-31,18,9,0.156346154,0.09631817627009527,0.09631817627009527,67.61,191.44,33.805,540.114838627023,1172.7084520791,1.0
Paper-proposed AR,2014-01-31T08:00:00+00:00,2014-01-31T19:00:00+11:00,2014-01-31,19,10,0.063910256,0.04011922213643635,0.04011922213643635,66.04,76.72,33.02,134.2416464370858,1053.9094995936002,1.0
Paper-proposed AR,2014-01-31T09:00:00+00:00,2014-01-31T20:00:00+11:00,2014-01-31,20,11,0.029230769,0.019811719298070206,0.019811719298070206,64.13,49.95,32.065,52.23021273589906,990.0685382395499,1.0
Paper-proposed AR,2014-01-31T22:00:00+00:00,2014-02-01T09:00:00+11:00,2014-02-01,9,0,0.453333333,0.4946541895682208,0.4946541895682208,46.81,36.03,23.405,665.6294389712763,1020.45799976595,1.0
Paper-proposed AR,2014-01-31T23:00:00+00:00,2014-02-01T10:00:00+11:00,2014-02-01,10,1,0.622371795,0.6893262211776541,0.6893262211776541,39.58,38.33,19.79,778.7551122046732,963.2021346914999,1.0
Paper-proposed AR,2014-02-01T00:00:00+00:00,2014-02-01T11:00:00+11:00,2014-02-01,11,2,0.72,0.5383362223348317,0.5383362223348317,38.58,39.39,19.29,837.7424297972635,995.3639999999998,1.0
Paper-proposed AR,2014-02-01T01:00:00+00:00,2014-02-01T12:00:00+11:00,2014-02-01,12,3,0.753397436,0.6886435481034383,0.6886435481034383,34.12,33.82,17.06,770.5948304985309,897.3888077447999,1.0
Paper-proposed AR,2014-02-01T02:00:00+00:00,2014-02-01T13:00:00+11:00,2014-02-01,13,4,0.763717949,0.7005637602369477,0.7005637602369477,32.26,32.07,16.13,738.7662521662505,853.4631155210999,1.0
Paper-proposed AR,2014-02-01T03:00:00+00:00,2014-02-01T14:00:00+11:00,2014-02-01,14,5,0.714807692,0.5638288819080923,0.5638288819080923,29.9,29.19,14.95,637.9666510690424,769.091249862,1.0
Paper-proposed AR,2014-02-01T04:00:00+00:00,2014-02-01T15:00:00+11:00,2014-02-01,15,6,0.628012821,0.4721020834809851,0.4721020834809851,29.79,29.33,14.895,559.1034899499376,727.4775290638499,1.0
Paper-proposed AR,2014-02-01T05:00:00+00:00,2014-02-01T16:00:00+11:00,2014-02-01,16,7,0.486602564,0.2327424765447647,0.2327424765447647,30.96,30.27,15.48,446.70155763287664,690.3782307216001,1.0
Paper-proposed AR,2014-02-01T06:00:00+00:00,2014-02-01T17:00:00+11:00,2014-02-01,17,8,0.292115385,0.1539575632091216,0.1539575632091216,36.39,32.31,18.195,301.9918484172965,705.30118290225,1.0
Paper-proposed AR,2014-02-01T07:00:00+00:00,2014-02-01T18:00:00+11:00,2014-02-01,18,9,0.118846154,0.10804923852784323,0.10804923852784323,42.0,38.97,21.0,148.76471442358095,704.87307702,1.0
Paper-proposed AR,2014-02-01T08:00:00+00:00,2014-02-01T19:00:00+11:00,2014-02-01,19,10,0.079102564,0.06283819672398808,0.06283819672398808,47.02,37.27,23.51,106.82474935016651,761.0910383892,1.0
Paper-proposed AR,2014-02-01T09:00:00+00:00,2014-02-01T20:00:00+11:00,2014-02-01,20,11,0.021794872,0.028016962845576213,0.028016962845576213,49.37,42.26,24.685,36.888154294891464,756.6901924595999,1.0
Paper-proposed AR,2014-02-01T22:00:00+00:00,2014-02-02T09:00:00+11:00,2014-02-02,9,0,0.446666667,0.4527808886621022,0.4527808886621022,34.300000000000004,32.3,17.150000000000002,462.7657673881517,744.3100001715002,1.0
Paper-proposed AR,2014-02-01T23:00:00+00:00,2014-02-02T10:00:00+11:00,2014-02-02,10,1,0.616602564,0.6347755860184339,0.6347755860184339,29.47,36.17,14.735,553.1717112156488,714.6191634162001,1.0
Paper-proposed AR,2014-02-02T00:00:00+00:00,2014-02-02T11:00:00+11:00,2014-02-02,11,2,0.710576923,0.692653637094716,0.692653637094716,32.0,34.15,16.0,683.3098980208908,821.07692304,1.0
Paper-proposed AR,2014-02-02T01:00:00+00:00,2014-02-02T12:00:00+11:00,2014-02-02,12,3,0.759487179,0.7459466693907888,0.7459466693907888,34.730000000000004,29.44,17.365000000000002,789.1608129251183,916.6048459000501,1.0
Paper-proposed AR,2014-02-02T02:00:00+00:00,2014-02-02T13:00:00+11:00,2014-02-02,13,4,0.760833333,0.719837313369523,0.719837313369523,30.78,38.47,15.39,712.011281420951,878.0777496152999,0.0
Paper-proposed AR,2014-02-02T03:00:00+00:00,2014-02-02T14:00:00+11:00,2014-02-02,14,5,0.715064103,0.7149159051745095,0.7149159051745095,29.65,32.980000000000004,14.825,636.0643245812664,762.77475980925,1.0
Paper-proposed AR,2014-02-02T04:00:00+00:00,2014-02-02T15:00:00+11:00,2014-02-02,15,6,0.623461538,0.6420557090225804,0.6420557090225804,29.8,34.47,14.9,565.6862094190934,725.687307486,1.0
Paper-proposed AR,2014-02-02T05:00:00+00:00,2014-02-02T16:00:00+11:00,2014-02-02,16,7,0.486923077,0.493609694319688,0.493609694319688,28.74,27.57,14.37,422.70767771591744,641.0125384946999,1.0
Paper-proposed AR,2014-02-02T06:00:00+00:00,2014-02-02T17:00:00+11:00,2014-02-02,17,8,0.326410256,0.29625686404985774,0.29625686404985774,31.4,31.38,15.7,307.4603691168299,624.739230576,1.0
Paper-proposed AR,2014-02-02T07:00:00+00:00,2014-02-02T18:00:00+11:00,2014-02-02,18,9,0.134935897,0.12332226698652686,0.12332226698652686,35.07,43.17,17.535,144.78816932697399,597.03302861685,1.0
Paper-proposed AR,2014-02-02T08:00:00+00:00,2014-02-02T19:00:00+11:00,2014-02-02,19,10,0.040961538,0.06804256533527538,0.06804256533527538,37.11,40.13,18.555,60.67713412158103,579.4512401277,1.0
Paper-proposed AR,2014-02-02T09:00:00+00:00,2014-02-02T20:00:00+11:00,2014-02-02,20,11,0.019358974,0.021349862325524663,0.021349862325524663,41.16,63.73,20.58,25.133635547378923,629.3522305475999,1.0
Paper-proposed AR,2014-02-02T22:00:00+00:00,2014-02-03T09:00:00+11:00,2014-02-03,9,0,0.466858974,0.5408359730188451,0.5408359730188451,38.48,46.66,19.24,581.6415234192774,846.6709997928,1.0
Paper-proposed AR,2014-02-02T23:00:00+00:00,2014-02-03T10:00:00+11:00,2014-02-03,10,1,0.640961538,0.6555975271757145,0.6555975271757145,35.47,36.62,17.735,689.8342506267389,873.0735862929,1.0
Paper-proposed AR,2014-02-03T00:00:00+00:00,2014-02-03T11:00:00+11:00,2014-02-03,11,2,0.738910256,0.7260318325659739,0.7260318325659739,38.92,31.05,19.46,859.7110191328266,1015.1758074528,1.0
Paper-proposed AR,2014-02-03T01:00:00+00:00,2014-02-03T12:00:00+11:00,2014-02-03,12,3,0.785,0.7617295665910546,0.7617295665910546,36.94,30.73,18.47,865.6017182559134,989.0685,1.0
Paper-proposed AR,2014-02-03T02:00:00+00:00,2014-02-03T13:00:00+11:00,2014-02-03,13,4,0.785064103,0.8209907713701969,0.8209907713701969,36.08,32.27,18.04,869.1968980091506,966.0766925435998,1.0
Paper-proposed AR,2014-02-03T03:00:00+00:00,2014-02-03T14:00:00+11:00,2014-02-03,14,5,0.732628205,0.7471958243686115,0.7471958243686115,35.43,30.01,17.715,786.4524804079485,920.80525954725,1.0
Paper-proposed AR,2014-02-03T04:00:00+00:00,2014-02-03T15:00:00+11:00,2014-02-03,15,6,0.634551282,0.6266658534035986,0.6266658534035986,35.87,30.25,17.935,681.5111512988466,879.4703172801,1.0
Paper-proposed AR,2014-02-03T05:00:00+00:00,2014-02-03T16:00:00+11:00,2014-02-03,16,7,0.478717949,0.5287483537643942,0.5287483537643942,39.91,31.57,19.955,603.1197021499045,885.2345001688499,1.0
Paper-proposed AR,2014-02-03T06:00:00+00:00,2014-02-03T17:00:00+11:00,2014-02-03,17,8,0.259871795,0.3284531570167831,0.3284531570167831,55.06,45.59,27.53,485.89757787066117,1040.5281154904999,1.0
Paper-proposed AR,2014-02-03T07:00:00+00:00,2014-02-03T18:00:00+11:00,2014-02-03,18,9,0.120448718,0.1078666923848358,0.1078666923848358,68.17,92.61,34.085,255.55481436283839,1145.7148365909,1.0
Paper-proposed AR,2014-02-03T08:00:00+00:00,2014-02-03T19:00:00+11:00,2014-02-03,19,10,0.038846154,0.04104708883711935,0.04104708883711935,72.83,58.77,36.415,87.27937313741103,1134.8874809372999,1.0
Paper-proposed AR,2014-02-03T09:00:00+00:00,2014-02-03T20:00:00+11:00,2014-02-03,20,11,0.028012821,0.018535127920101892,0.018535127920101892,73.5,54.85,36.75,56.46550102679701,1133.3841351525002,1.0
Paper-proposed AR,2014-02-03T22:00:00+00:00,2014-02-04T09:00:00+11:00,2014-02-04,9,0,0.095064103,0.5207223060134571,0.5207223060134571,56.06,54.01,28.03,517.8147913394162,920.8394042127001,1.0
Paper-proposed AR,2014-02-03T23:00:00+00:00,2014-02-04T10:00:00+11:00,2014-02-04,10,1,0.094871795,0.6540236384460164,0.6540236384460164,49.66,41.32,24.83,557.8522083739375,815.5700000955,1.0
Paper-proposed AR,2014-02-04T00:00:00+00:00,2014-02-04T11:00:00+11:00,2014-02-04,11,2,0.068910256,0.7393670646580676,0.7393670646580676,45.86,48.52,22.93,556.0139688806846,735.3033651024,1.0
Paper-proposed AR,2014-02-04T01:00:00+00:00,2014-02-04T12:00:00+11:00,2014-02-04,12,3,0.130064103,0.7915684200300799,0.7915684200300799,40.34,47.38,20.17,557.6798396855013,683.8017887253002,1.0
Paper-proposed AR,2014-02-04T02:00:00+00:00,2014-02-04T13:00:00+11:00,2014-02-04,13,4,0.208910256,0.7914496348413201,0.7914496348413201,38.0,43.54,19.0,570.2051377795524,689.0788459199999,1.0
Paper-proposed AR,2014-02-04T03:00:00+00:00,2014-02-04T14:00:00+11:00,2014-02-04,14,5,0.290448718,0.7143288941264054,0.7143288941264054,36.99,39.42,18.495,557.5008580883361,716.0054711823,1.0
Paper-proposed AR,2014-02-04T04:00:00+00:00,2014-02-04T15:00:00+11:00,2014-02-04,15,6,0.298910256,0.61013392161474,0.61013392161474,35.45,35.86,17.725,483.38424144663804,690.6955286280001,1.0
Paper-proposed AR,2014-02-04T05:00:00+00:00,2014-02-04T16:00:00+11:00,2014-02-04,16,7,0.421730769,0.46200562426264846,0.46200562426264846,43.04,44.81,21.52,570.5402154903659,917.8693844664,1.0
Paper-proposed AR,2014-02-04T06:00:00+00:00,2014-02-04T17:00:00+11:00,2014-02-04,17,8,0.338141026,0.27994233249141404,0.27994233249141404,53.58,52.97,26.79,542.4628491011929,1075.4639425962,1.0
Paper-proposed AR,2014-02-04T07:00:00+00:00,2014-02-04T18:00:00+11:00,2014-02-04,18,9,0.197371795,0.09974151260240173,0.09974151260240173,72.05,84.35,36.025,462.6447090972137,1294.05956744625,1.0
Paper-proposed AR,2014-02-04T08:00:00+00:00,2014-02-04T19:00:00+11:00,2014-02-04,19,10,0.100384615,0.044665325234524975,0.044665325234524975,70.89,69.21000000000001,35.445,210.67970851632006,1170.09398036025,1.0
Paper-proposed AR,2014-02-04T09:00:00+00:00,2014-02-04T20:00:00+11:00,2014-02-04,20,11,0.022179487,0.02652192844349813,0.02652192844349813,67.9,64.39,33.95,49.602391629202856,1041.0898075095001,1.0
Paper-proposed AR,2014-02-04T22:00:00+00:00,2014-02-05T09:00:00+11:00,2014-02-05,9,0,0.131730769,0.24523560414017756,0.24523560414017756,44.64,73.53,22.32,252.41668345466292,757.8069229224,1.0
Paper-proposed AR,2014-02-04T23:00:00+00:00,2014-02-05T10:00:00+11:00,2014-02-05,10,1,0.261217949,0.32064320325745743,0.32064320325745743,39.7,34.01,19.85,346.4983161693159,751.0552886295001,1.0
Paper-proposed AR,2014-02-05T00:00:00+00:00,2014-02-05T11:00:00+11:00,2014-02-05,11,2,0.195,0.46547071442503507,0.46547071442503507,34.81,27.82,17.405,344.8647835370321,623.9692500000001,1.0
Paper-proposed AR,2014-02-05T01:00:00+00:00,2014-02-05T12:00:00+11:00,2014-02-05,12,3,0.270064103,0.48629370882682305,0.48629370882682305,30.86,29.76,15.43,350.1180310946364,587.9126732786999,1.0
Paper-proposed AR,2014-02-05T02:00:00+00:00,2014-02-05T13:00:00+11:00,2014-02-05,13,4,0.462371795,0.5827621465230101,0.5827621465230101,30.19,28.39,15.095,473.2889054186951,662.23506736575,1.0
Paper-proposed AR,2014-02-05T03:00:00+00:00,2014-02-05T14:00:00+11:00,2014-02-05,14,5,0.625576923,0.6341526167657451,0.6341526167657451,29.96,28.31,14.98,566.1224551707259,730.5342691962001,1.0
Paper-proposed AR,2014-02-05T04:00:00+00:00,2014-02-05T15:00:00+11:00,2014-02-05,15,6,0.649166667,0.5798695007244311,0.5798695007244311,29.56,31.17,14.78,579.02805342671,731.2405001477999,1.0
Paper-proposed AR,2014-02-05T05:00:00+00:00,2014-02-05T16:00:00+11:00,2014-02-05,16,7,0.472371795,0.5148095529719985,0.5148095529719985,31.84,28.66,15.92,471.47781179142646,703.204769292,1.0
Paper-proposed AR,2014-02-05T06:00:00+00:00,2014-02-05T17:00:00+11:00,2014-02-05,17,8,0.337948718,0.3625004853096131,0.3625004853096131,41.38,59.76,20.69,434.76882049427684,830.4647692626,1.0
Paper-proposed AR,2014-02-05T07:00:00+00:00,2014-02-05T18:00:00+11:00,2014-02-05,18,9,0.114230769,0.16477545192566387,0.16477545192566387,60.26,55.79,30.13,252.1937230947076,1007.1531920990998,1.0
Paper-proposed AR,2014-02-05T08:00:00+00:00,2014-02-05T19:00:00+11:00,2014-02-05,19,10,0.038076923,0.08367743251614665,0.08367743251614665,62.7,46.61,31.35,114.50997136293593,976.3113460814999,1.0
Paper-proposed AR,2014-02-05T09:00:00+00:00,2014-02-05T20:00:00+11:00,2014-02-05,20,11,0.018910256,0.02201749823587581,0.02201749823587581,57.82,37.34,28.91,35.496641248775084,883.7008650288,1.0
Paper-proposed AR,2014-02-05T22:00:00+00:00,2014-02-06T09:00:00+11:00,2014-02-06,9,0,0.223653846,0.27145035008950236,0.27145035008950236,47.24,45.25,23.62,350.83083334902136,867.0811152756,1.0
Paper-proposed AR,2014-02-05T23:00:00+00:00,2014-02-06T10:00:00+11:00,2014-02-06,10,1,0.597692308,0.4165465828311103,0.4165465828311103,40.33,52.14,20.165,787.3278538765375,966.5239617245999,1.0
Paper-proposed AR,2014-02-06T00:00:00+00:00,2014-02-06T11:00:00+11:00,2014-02-06,11,2,0.774487179,0.6653856563921866,0.6653856563921866,58.27,44.82,29.135,1309.8585732376473,1550.9905188049502,1.0
Paper-proposed AR,2014-02-06T01:00:00+00:00,2014-02-06T12:00:00+11:00,2014-02-06,12,3,0.816602564,0.6904587133911765,0.6904587133911765,52.67,49.0,26.335,1276.4252734243685,1435.2068556882,1.0
Paper-proposed AR,2014-02-06T02:00:00+00:00,2014-02-06T13:00:00+11:00,2014-02-06,13,4,0.805833333,0.7023772070150223,0.7023772070150223,50.51,47.3,25.255,1211.1164245625466,1368.1896247474501,1.0
Paper-proposed AR,2014-02-06T03:00:00+00:00,2014-02-06T14:00:00+11:00,2014-02-06,14,5,0.761858974,0.6947042678429205,0.6947042678429205,50.05,40.33,25.025,1124.3489371455955,1322.7156247304997,1.0
Paper-proposed AR,2014-02-06T04:00:00+00:00,2014-02-06T15:00:00+11:00,2014-02-06,15,6,0.660064103,0.5606520477920327,0.5606520477920327,50.75,41.95,25.375,978.7028142425967,1263.7237984087499,1.0
Paper-proposed AR,2014-02-06T05:00:00+00:00,2014-02-06T16:00:00+11:00,2014-02-06,16,7,0.509807692,0.5227081325877224,0.5227081325877224,55.08,48.98,27.54,853.0645742743762,1247.4031151304,1.0
Paper-proposed AR,2014-02-06T06:00:00+00:00,2014-02-06T17:00:00+11:00,2014-02-06,17,8,0.315512821,0.33500114756019556,0.33500114756019556,82.07,100.53,41.035,800.8152209960286,1619.4620582920497,1.0
Paper-proposed AR,2014-02-06T07:00:00+00:00,2014-02-06T18:00:00+11:00,2014-02-06,18,9,0.111410256,0.10091337808024159,0.10091337808024159,121.81,162.85,60.905,420.05025459560653,2030.7132492504,1.0
Paper-proposed AR,2014-02-06T08:00:00+00:00,2014-02-06T19:00:00+11:00,2014-02-06,19,10,0.039487179,0.03855693168486803,0.03855693168486803,124.26,91.01,62.13,146.27238417935587,1937.5001529380997,1.0
Paper-proposed AR,2014-02-06T09:00:00+00:00,2014-02-06T20:00:00+11:00,2014-02-06,20,11,0.017884615,0.01807719991673047,0.01807719991673047,102.09,178.29,51.045,55.07012527273521,1558.73760518025,1.0
Paper-proposed AR,2014-02-06T22:00:00+00:00,2014-02-07T09:00:00+11:00,2014-02-07,9,0,0.457051282,0.33118759663092245,0.33118759663092245,69.08,76.18,34.54,974.0020418004135,1509.7965384084,1.0
Paper-proposed AR,2014-02-06T23:00:00+00:00,2014-02-07T10:00:00+11:00,2014-02-07,10,1,0.6325,0.612664147492408,0.612664147492408,57.98,61.99,28.99,1102.5567530566634,1419.7852499999997,1.0
Paper-proposed AR,2014-02-07T00:00:00+00:00,2014-02-07T11:00:00+11:00,2014-02-07,11,2,0.738782051,0.7381938915444376,0.7381938915444376,61.75,57.54,30.875,1368.5194649382627,1610.5468747387501,1.0
Paper-proposed AR,2014-02-07T01:00:00+00:00,2014-02-07T12:00:00+11:00,2014-02-07,12,3,0.7925,0.7657354166186239,0.7657354166186239,56.7,53.98,28.35,1345.8585099960796,1524.52125,1.0
Paper-proposed AR,2014-02-07T02:00:00+00:00,2014-02-07T13:00:00+11:00,2014-02-07,13,4,0.79224359,0.8021526907109087,0.8021526907109087,54.52,50.58,27.26,1303.8972783653812,1465.6968079020003,1.0
Paper-proposed AR,2014-02-07T03:00:00+00:00,2014-02-07T14:00:00+11:00,2014-02-07,14,5,0.748205128,0.7370252095930667,0.7370252095930667,53.59,55.25,26.795,1203.4461442222655,1405.2946921428002,1.0
Paper-proposed AR,2014-02-07T04:00:00+00:00,2014-02-07T15:00:00+11:00,2014-02-07,15,6,0.644615385,0.6206529491695472,0.6206529491695472,54.22,53.74,27.11,1048.1863261650412,1337.5656926205,1.0
Paper-proposed AR,2014-02-07T05:00:00+00:00,2014-02-07T16:00:00+11:00,2014-02-07,16,7,0.503269231,0.5084393549789484,0.5084393549789484,62.1,59.95,31.05,942.4065478393904,1400.2952886765,1.0
Paper-proposed AR,2014-02-07T06:00:00+00:00,2014-02-07T17:00:00+11:00,2014-02-07,17,8,0.31224359,0.3039224261516844,0.3039224261516844,85.46,73.63,42.73,797.5769349922327,1682.1650580209998,1.0
Paper-proposed AR,2014-02-07T07:00:00+00:00,2014-02-07T18:00:00+11:00,2014-02-07,18,9,0.111538462,0.09725941723752887,0.09725941723752887,135.28,148.09,67.64,458.1551310830177,2255.5338470904,1.0
Paper-proposed AR,2014-02-07T08:00:00+00:00,2014-02-07T19:00:00+11:00,2014-02-07,19,10,0.043076923,0.03885621825655139,0.03885621825655139,125.92,90.57,62.96,158.25132694437278,1970.1636921624,1.0
Paper-proposed AR,2014-02-07T09:00:00+00:00,2014-02-07T20:00:00+11:00,2014-02-07,20,11,0.026602564,0.01714757689572009,0.01714757689572009,103.45,86.66,51.725,77.79858036957421,1593.030528687,1.0
Paper-proposed AR,2014-02-07T22:00:00+00:00,2014-02-08T09:00:00+11:00,2014-02-08,9,0,0.44025641,0.5060660656598887,0.5060660656598887,60.2,45.43,30.1,854.5291955208795,1300.55153823,1.0
Paper-proposed AR,2014-02-07T23:00:00+00:00,2014-02-08T10:00:00+11:00,2014-02-08,10,1,0.617692308,0.6541149972596974,0.6541149972596974,57.22,73.24,28.61,1091.5922101043984,1388.4653079564,1.0
Paper-proposed AR,2014-02-08T00:00:00+00:00,2014-02-08T11:00:00+11:00,2014-02-08,11,2,0.706538462,0.7456608039164772,0.7456608039164772,58.74,71.64,29.37,1279.5327731990078,1518.4924625304002,0.0
Paper-proposed AR,2014-02-08T01:00:00+00:00,2014-02-08T12:00:00+11:00,2014-02-08,12,3,0.762051282,0.7894872510165224,0.7894872510165224,51.64,126.75,25.82,1201.8217476745983,2897.699999805,0.0
Paper-proposed AR,2014-02-08T02:00:00+00:00,2014-02-08T13:00:00+11:00,2014-02-08,13,4,0.772564103,0.8106124597368954,0.8106124597368954,52.2,96.49,26.1,1239.627248622989,2236.3413089541,0.0
Paper-proposed AR,2014-02-08T03:00:00+00:00,2014-02-08T14:00:00+11:00,2014-02-08,14,5,0.724871795,0.7541654774851961,0.7541654774851961,49.64,82.37,24.82,1101.291153092477,1791.2306926245,0.0
Paper-proposed AR,2014-02-08T04:00:00+00:00,2014-02-08T15:00:00+11:00,2014-02-08,15,6,0.636217949,0.6496588896719915,0.6496588896719915,48.17,61.86,24.085,929.1103097824473,1182.24927904995,1.0
Paper-proposed AR,2014-02-08T05:00:00+00:00,2014-02-08T16:00:00+11:00,2014-02-08,16,7,0.492884615,0.5200149912807133,0.5200149912807133,46.36,108.14,23.18,704.3703862076079,1599.016267983,0.0
Paper-proposed AR,2014-02-08T06:00:00+00:00,2014-02-08T17:00:00+11:00,2014-02-08,17,8,0.315512821,0.3155091033582347,0.3155091033582347,56.13,82.25,28.065,531.2949524259873,1107.59601964095,1.0
Paper-proposed AR,2014-02-08T07:00:00+00:00,2014-02-08T18:00:00+11:00,2014-02-08,18,9,0.110384615,0.1048335276965335,0.1048335276965335,66.51,109.11,33.255,227.3447118833302,1107.7752111547502,1.0
Paper-proposed AR,2014-02-08T08:00:00+00:00,2014-02-08T19:00:00+11:00,2014-02-08,19,10,0.039230769,0.04653787115235346,0.04653787115235346,75.69,94.94,37.845,97.37742559697449,1179.89065358415,1.0
Paper-proposed AR,2014-02-08T09:00:00+00:00,2014-02-08T20:00:00+11:00,2014-02-08,20,11,0.018012821,0.025277216385354545,0.025277216385354545,87.21,105.94,43.605,56.629862405651544,1331.71347179115,1.0
Paper-proposed AR,2014-02-08T22:00:00+00:00,2014-02-09T09:00:00+11:00,2014-02-09,9,0,0.436794872,0.5044048988155507,0.5044048988155507,53.44,44.27,26.72,754.4657362857454,1151.7347693952,1.0
Paper-proposed AR,2014-02-08T23:00:00+00:00,2014-02-09T10:00:00+11:00,2014-02-09,10,1,0.611474359,0.6450833375837028,0.6450833375837028,50.9,52.46,25.45,959.381801341657,1230.3606730965,1.0
Paper-proposed AR,2014-02-09T00:00:00+00:00,2014-02-09T11:00:00+11:00,2014-02-09,11,2,0.719230769,0.7414996100238127,0.7414996100238127,58.15,63.82,29.075,1274.1220731035205,1499.5990382602502,1.0
Paper-proposed AR,2014-02-09T01:00:00+00:00,2014-02-09T12:00:00+11:00,2014-02-09,12,3,0.782371795,0.7688835114262224,0.7688835114262224,54.21,51.51,27.105,1271.2786992390238,1449.3356251042499,1.0
Paper-proposed AR,2014-02-09T02:00:00+00:00,2014-02-09T13:00:00+11:00,2014-02-09,13,4,0.780897436,0.8058264300415299,0.8058264300415299,50.24,28.62,25.12,1195.755105448897,1342.0843077696,1.0
Paper-proposed AR,2014-02-09T03:00:00+00:00,2014-02-09T14:00:00+11:00,2014-02-09,14,5,0.743012821,0.7427904621945548,0.7427904621945548,42.49,27.63,21.245,947.0193153732325,1110.9092214643501,1.0
Paper-proposed AR,2014-02-09T04:00:00+00:00,2014-02-09T15:00:00+11:00,2014-02-09,15,6,0.651089744,0.6238660930320469,0.6238660930320469,38.86,29.07,19.43,751.0448372659121,962.4202117776,1.0
Paper-proposed AR,2014-02-09T05:00:00+00:00,2014-02-09T16:00:00+11:00,2014-02-09,16,7,0.506858974,0.5157198138544298,0.5157198138544298,39.26,25.51,19.63,602.1966481674738,887.3892497886,1.0
Paper-proposed AR,2014-02-09T06:00:00+00:00,2014-02-09T17:00:00+11:00,2014-02-09,17,8,0.311153846,0.3095779118570803,0.3095779118570803,43.82,26.83,21.91,408.2395923189539,861.8214229758,1.0
Paper-proposed AR,2014-02-09T07:00:00+00:00,2014-02-09T18:00:00+11:00,2014-02-09,18,9,0.107628205,0.09774342286485366,0.09774342286485366,47.71,28.24,23.855,148.274548571361,792.67412490825,1.0
Paper-proposed AR,2014-02-09T08:00:00+00:00,2014-02-09T19:00:00+11:00,2014-02-09,19,10,0.036602564,0.03874100313869209,0.03874100313869209,53.93,30.39,26.965,60.94917863684495,838.5596441478,1.0
Paper-proposed AR,2014-02-09T09:00:00+00:00,2014-02-09T20:00:00+11:00,2014-02-09,20,11,0.016923077,0.01726260855311593,0.01726260855311593,56.53,46.75,28.265,28.987752064764656,862.29992314215,1.0
Paper-proposed AR,2014-02-09T22:00:00+00:00,2014-02-10T09:00:00+11:00,2014-02-10,9,0,0.417179487,0.506064953641684,0.506064953641684,57.55,46.09,28.775,796.9907633839338,1223.38019215275,1.0
Paper-proposed AR,2014-02-09T23:00:00+00:00,2014-02-10T10:00:00+11:00,2014-02-10,10,1,0.631858974,0.6496555063597509,0.6496555063597509,53.28,31.84,26.64,1024.1863727035131,1304.1816920208,1.0
Paper-proposed AR,2014-02-10T00:00:00+00:00,2014-02-10T11:00:00+11:00,2014-02-10,11,2,0.735897436,0.7489443913938482,0.7489443913938482,49.11,31.7,24.555,1093.8087321496782,1278.7488462294,1.0
Paper-proposed AR,2014-02-10T01:00:00+00:00,2014-02-10T12:00:00+11:00,2014-02-10,12,3,0.781923077,0.7752640767570007,0.7752640767570007,45.96,57.49,22.98,1080.4188867516532,1348.5827309018998,0.0
Paper-proposed AR,2014-02-10T02:00:00+00:00,2014-02-10T13:00:00+11:00,2014-02-10,13,4,0.777115385,0.811916301472312,0.811916301472312,44.62,38.04,22.31,1063.5389077559184,1189.4233271804999,1.0
Paper-proposed AR,2014-02-10T03:00:00+00:00,2014-02-10T14:00:00+11:00,2014-02-10,14,5,0.726474359,0.7431832515067929,0.7431832515067929,44.66,44.33,22.33,984.5236332785004,1156.5651730941,1.0
Paper-proposed AR,2014-02-10T04:00:00+00:00,2014-02-10T15:00:00+11:00,2014-02-10,15,6,0.635769231,0.6249934888552297,0.6249934888552297,47.23,40.34,23.615,898.5940775025759,1158.8607117019499,1.0
Paper-proposed AR,2014-02-10T05:00:00+00:00,2014-02-10T16:00:00+11:00,2014-02-10,16,7,0.524038462,0.509857097807743,0.509857097807743,55.01,39.01,27.505,858.0136190263167,1257.5603369193,1.0
Paper-proposed AR,2014-02-10T06:00:00+00:00,2014-02-10T17:00:00+11:00,2014-02-10,17,8,0.330897436,0.3036587649559341,0.3036587649559341,78.34,72.49,39.17,772.8947673189665,1563.9375770436002,1.0
Paper-proposed AR,2014-02-10T07:00:00+00:00,2014-02-10T18:00:00+11:00,2014-02-10,18,9,0.099038462,0.09413694769308918,0.09413694769308918,129.67000000000002,168.59,64.83500000000001,390.9925291309491,2137.6847605131,1.0
Paper-proposed AR,2014-02-10T08:00:00+00:00,2014-02-10T19:00:00+11:00,2014-02-10,19,10,0.041025641,0.03627405887363943,0.03627405887363943,121.29,153.34,60.645,153.84864612119569,1893.9899999533502,1.0
Paper-proposed AR,2014-02-10T09:00:00+00:00,2014-02-10T20:00:00+11:00,2014-02-10,20,11,0.018012821,0.016214523949651435,0.016214523949651435,114.67,124.95,57.335,62.52050033242749,1751.03295276105,1.0
Paper-proposed AR,2014-02-10T22:00:00+00:00,2014-02-11T09:00:00+11:00,2014-02-11,9,0,0.072051282,0.468487160385924,0.468487160385924,85.68,372.79,42.84,694.7000061543896,1377.8003076264001,1.0
Paper-proposed AR,2014-02-10T23:00:00+00:00,2014-02-11T10:00:00+11:00,2014-02-11,10,1,0.116666667,0.6415865349893516,0.6415865349893516,74.51,88.04,37.255,847.4616912033988,1248.0425003725502,1.0
Paper-proposed AR,2014-02-11T00:00:00+00:00,2014-02-11T11:00:00+11:00,2014-02-11,11,2,0.280641026,0.7561988416987303,0.7561988416987303,94.55,127.14,47.275,1470.4981423637241,1816.2691351245,1.0
Paper-proposed AR,2014-02-11T01:00:00+00:00,2014-02-11T12:00:00+11:00,2014-02-11,12,3,0.773525641,0.7780348551015388,0.7780348551015388,83.46,56.44,41.73,1942.398585069516,2220.2767499679,1.0
Paper-proposed AR,2014-02-11T02:00:00+00:00,2014-02-11T13:00:00+11:00,2014-02-11,13,4,0.796602564,0.8100223152083723,0.8100223152083723,76.5,61.36,38.25,1843.6020488916072,2061.60144219,1.0
Paper-proposed AR,2014-02-11T03:00:00+00:00,2014-02-11T14:00:00+11:00,2014-02-11,14,5,0.740705128,0.7608613362747915,0.7608613362747915,75.95,77.94,37.975,1710.6595944250562,1983.0983170740003,1.0
Paper-proposed AR,2014-02-11T04:00:00+00:00,2014-02-11T15:00:00+11:00,2014-02-11,15,6,0.645384615,0.6490797876369263,0.6490797876369263,73.10000000000001,106.71,36.550000000000004,1419.3802174913897,2066.0697679995,0.0
Paper-proposed AR,2014-02-11T05:00:00+00:00,2014-02-11T16:00:00+11:00,2014-02-11,16,7,0.500961538,0.5331873517949802,0.5331873517949802,84.34,97.71,42.17,1308.3017604796296,1898.8664417238,1.0
Paper-proposed AR,2014-02-11T06:00:00+00:00,2014-02-11T17:00:00+11:00,2014-02-11,17,8,0.308974359,0.3154555184153668,0.3154555184153668,111.62,121.46,55.81,1045.4829437565486,2191.6157692737,1.0
Paper-proposed AR,2014-02-11T07:00:00+00:00,2014-02-11T18:00:00+11:00,2014-02-11,18,9,0.105064103,0.09709136918257344,0.09709136918257344,149.77,675.6,74.885,597.8325998858223,2482.58176059465,1.0
Paper-proposed AR,2014-02-11T08:00:00+00:00,2014-02-11T19:00:00+11:00,2014-02-11,19,10,0.03775641,0.03979716327603054,0.03979716327603054,140.26,86.95,70.13,163.16496281544065,2183.3357109989997,1.0
Paper-proposed AR,2014-02-11T09:00:00+00:00,2014-02-11T20:00:00+11:00,2014-02-11,20,11,0.017435897,0.017288862115781112,0.017288862115781112,120.81,95.27,60.405,63.08026336881149,1843.7464607485501,1.0
Paper-proposed AR,2014-02-11T22:00:00+00:00,2014-02-12T09:00:00+11:00,2014-02-12,9,0,0.163269231,0.2270572241680396,0.2270572241680396,74.08,48.56,37.04,433.7307569827256,1292.6247694872,1.0
Paper-proposed AR,2014-02-11T23:00:00+00:00,2014-02-12T10:00:00+11:00,2014-02-12,10,1,0.233525641,0.3637693536162606,0.3637693536162606,61.56,43.29,30.78,551.5421980286551,1139.0375768994,1.0
Paper-proposed AR,2014-02-12T00:00:00+00:00,2014-02-12T11:00:00+11:00,2014-02-12,11,2,0.365961538,0.6097686641483748,0.6097686641483748,63.12,53.42,31.56,923.8213553940813,1293.2923841784,1.0
Paper-proposed AR,2014-02-12T01:00:00+00:00,2014-02-12T12:00:00+11:00,2014-02-12,12,3,0.702948718,0.5614395715344068,0.5614395715344068,61.17,53.84,30.585,1258.8633310940163,1562.5405962009002,1.0
Paper-proposed AR,2014-02-12T02:00:00+00:00,2014-02-12T13:00:00+11:00,2014-02-12,13,4,0.728846154,0.7352255996553035,0.7352255996553035,58.51,67.9,29.255,1284.942574595577,1517.3218270580999,1.0
Paper-proposed AR,2014-02-12T03:00:00+00:00,2014-02-12T14:00:00+11:00,2014-02-12,14,5,0.721153846,0.630390188874054,0.630390188874054,57.53,74.17,28.765,1289.9486404486724,1604.6394227346,0.0
Paper-proposed AR,2014-02-12T04:00:00+00:00,2014-02-12T15:00:00+11:00,2014-02-12,15,6,0.632628205,0.534453876957226,0.534453876957226,59.1,65.55,29.55,1140.6465399412768,1447.3249037325002,1.0
Paper-proposed AR,2014-02-12T05:00:00+00:00,2014-02-12T16:00:00+11:00,2014-02-12,16,7,0.47025641,0.4737955404744014,0.4737955404744014,68.36,78.14,34.18,968.0308700164513,1507.6009228140001,1.0
Paper-proposed AR,2014-02-12T06:00:00+00:00,2014-02-12T17:00:00+11:00,2014-02-12,17,8,0.287307692,0.29931052289869436,0.29931052289869436,88.4,83.87,44.2,777.8557529556688,1706.969999592,1.0
Paper-proposed AR,2014-02-12T07:00:00+00:00,2014-02-12T18:00:00+11:00,2014-02-12,18,9,0.133846154,0.09445413102387114,0.09445413102387114,135.06,98.05,67.53,498.58088366680414,2297.0589233886003,1.0
Paper-proposed AR,2014-02-12T08:00:00+00:00,2014-02-12T19:00:00+11:00,2014-02-12,19,10,0.05775641,0.037335780711007426,0.037335780711007426,108.66,89.99,54.33,176.83675085323526,1724.037172659,1.0
Paper-proposed AR,2014-02-12T09:00:00+00:00,2014-02-12T20:00:00+11:00,2014-02-12,20,11,0.030705128,0.016706526178454292,0.016706526178454292,99.87,114.2,49.935,98.01363292388251,1544.0478170004,1.0
Paper-proposed AR,2014-02-12T22:00:00+00:00,2014-02-13T09:00:00+11:00,2014-02-13,9,0,0.129615385,0.2865910870452801,0.2865910870452801,67.74,37.37,33.87,422.907396245209,1147.8021926985,1.0
Paper-proposed AR,2014-02-12T23:00:00+00:00,2014-02-13T10:00:00+11:00,2014-02-13,10,1,0.274230769,0.4270190215262599,0.4270190215262599,56.8,39.2,28.4,597.4648215283735,1085.644615188,1.0
Paper-proposed AR,2014-02-13T00:00:00+00:00,2014-02-13T11:00:00+11:00,2014-02-13,11,2,0.474358974,0.6031556281577408,0.6031556281577408,48.91,30.76,24.455,790.5185878730265,1081.6634612751,1.0
Paper-proposed AR,2014-02-13T01:00:00+00:00,2014-02-13T12:00:00+11:00,2014-02-13,12,3,0.517307692,0.6197767736752159,0.6197767736752159,44.95,44.95,22.475,766.6792009815143,1023.0447113310001,1.0
Paper-proposed AR,2014-02-13T02:00:00+00:00,2014-02-13T13:00:00+11:00,2014-02-13,13,4,0.589294872,0.7102800013741648,0.7102800013741648,44.04,36.92,22.02,858.4991613509732,1049.8881924431998,1.0
Paper-proposed AR,2014-02-13T03:00:00+00:00,2014-02-13T14:00:00+11:00,2014-02-13,14,5,0.386217949,0.6427840629885313,0.6427840629885313,43.16,76.97,21.58,666.1759025613751,897.4375001825999,1.0
Paper-proposed AR,2014-02-13T04:00:00+00:00,2014-02-13T15:00:00+11:00,2014-02-13,15,6,0.259166667,0.5680677258753281,0.5680677258753281,42.87,125.5,21.435,531.9530763384796,975.7625012550001,0.0
Paper-proposed AR,2014-02-13T05:00:00+00:00,2014-02-13T16:00:00+11:00,2014-02-13,16,7,0.182692308,0.4684494594215745,0.4684494594215745,48.1,35.24,24.05,469.79878519466604,853.312500222,1.0
Paper-proposed AR,2014-02-13T06:00:00+00:00,2014-02-13T17:00:00+11:00,2014-02-13,17,8,0.159487179,0.3073285880141414,0.3073285880141414,59.72,59.43,29.86,418.17356409126785,1038.6686149482,1.0
Paper-proposed AR,2014-02-13T07:00:00+00:00,2014-02-13T18:00:00+11:00,2014-02-13,18,9,0.108205128,0.1196697917191126,0.1196697917191126,94.54,109.97,47.27,323.1494236536736,1571.5456920168,1.0
Paper-proposed AR,2014-02-13T08:00:00+00:00,2014-02-13T19:00:00+11:00,2014-02-13,19,10,0.04224359,0.05922859125312044,0.05922859125312044,82.99,55.91,41.495,126.317644832947,1297.4369330115,1.0
Paper-proposed AR,2014-02-13T09:00:00+00:00,2014-02-13T20:00:00+11:00,2014-02-13,20,11,0.006923077,0.029292936243257968,0.029292936243257968,69.68,40.17,34.84,37.85297704185322,1052.4360000804,1.0
Paper-proposed AR,2014-02-13T22:00:00+00:00,2014-02-14T09:00:00+11:00,2014-02-14,9,0,0.269102564,0.23896396977689063,0.23896396977689063,53.54,46.15,26.77,425.5508119575366,1019.2162691484,1.0
Paper-proposed AR,2014-02-13T23:00:00+00:00,2014-02-14T10:00:00+11:00,2014-02-14,10,1,0.569615385,0.47584711610346336,0.47584711610346336,42.14,29.28,21.07,683.9319715767161,992.1538848585,1.0
Paper-proposed AR,2014-02-14T00:00:00+00:00,2014-02-14T11:00:00+11:00,2014-02-14,11,2,0.63224359,0.5197837300009657,0.5197837300009657,40.7,28.44,20.35,730.6066868823552,996.4847116950001,1.0
Paper-proposed AR,2014-02-14T01:00:00+00:00,2014-02-14T12:00:00+11:00,2014-02-14,12,3,0.595961538,0.48441614088294793,0.48441614088294793,41.99,31.71,20.995,716.3321489477012,1005.2163747093001,1.0
Paper-proposed AR,2014-02-14T02:00:00+00:00,2014-02-14T13:00:00+11:00,2014-02-14,13,4,0.573012821,0.6169950348006222,0.6169950348006222,38.06,26.83,19.03,679.3754848765752,898.0330195089,1.0
Paper-proposed AR,2014-02-14T03:00:00+00:00,2014-02-14T14:00:00+11:00,2014-02-14,14,5,0.508461538,0.5428732985503072,0.5428732985503072,38.34,30.08,19.17,604.6226645000818,867.5162305038001,1.0
Paper-proposed AR,2014-02-14T04:00:00+00:00,2014-02-14T15:00:00+11:00,2014-02-14,15,6,0.409358974,0.4049172688100415,0.4049172688100415,41.1,30.11,20.55,503.27518474087066,868.8698074710001,1.0
Paper-proposed AR,2014-02-14T05:00:00+00:00,2014-02-14T16:00:00+11:00,2014-02-14,16,7,0.312115385,0.31018801547591424,0.31018801547591424,42.98,40.17,21.49,402.2791001681196,845.9207887094999,1.0
Paper-proposed AR,2014-02-14T06:00:00+00:00,2014-02-14T17:00:00+11:00,2014-02-14,17,8,0.203141026,0.17636897164959545,0.17636897164959545,54.55,51.67,27.275,330.12718355312506,984.4701445245,1.0
Paper-proposed AR,2014-02-14T07:00:00+00:00,2014-02-14T18:00:00+11:00,2014-02-14,18,9,0.10275641,0.07649136340734125,0.07649136340734125,75.26,272.45,37.63,387.37955862619145,1244.901711249,1.0
Paper-proposed AR,2014-02-14T08:00:00+00:00,2014-02-14T19:00:00+11:00,2014-02-14,19,10,0.043461538,0.034092463325430956,0.034092463325430956,68.55,52.07,34.275,84.74658237789306,1072.9393264485,1.0
Paper-proposed AR,2014-02-14T09:00:00+00:00,2014-02-14T20:00:00+11:00,2014-02-14,20,11,0.005833333,0.00703208949487827,0.00703208949487827,63.76,52.92,31.88,12.304490074101578,961.9789996812001,1.0
Paper-proposed AR,2014-02-14T22:00:00+00:00,2014-02-15T09:00:00+11:00,2014-02-15,9,0,0.04224359,0.3349275006585445,0.3349275006585445,55.04,33.64,27.52,311.3924524476944,860.476307904,1.0
Paper-proposed AR,2014-02-14T23:00:00+00:00,2014-02-15T10:00:00+11:00,2014-02-15,10,1,0.077307692,0.5769756895584109,0.5769756895584109,50.04,35.67,25.02,491.10510619774317,808.6271536152,1.0
Paper-proposed AR,2014-02-15T00:00:00+00:00,2014-02-15T11:00:00+11:00,2014-02-15,11,2,0.058910256,0.6493167487561371,0.6493167487561371,45.94,27.58,22.97,488.03922897745406,729.6950574095999,1.0
Paper-proposed AR,2014-02-15T01:00:00+00:00,2014-02-15T12:00:00+11:00,2014-02-15,12,3,0.124935897,0.6680887336925637,0.6680887336925637,40.14,28.12,20.07,477.48013013999264,677.3239035837,1.0
Paper-proposed AR,2014-02-15T02:00:00+00:00,2014-02-15T13:00:00+11:00,2014-02-15,13,4,0.209038462,0.6796254652821679,0.6796254652821679,37.02,30.05,18.51,493.47507881978794,671.3790579486001,1.0
Paper-proposed AR,2014-02-15T03:00:00+00:00,2014-02-15T14:00:00+11:00,2014-02-15,14,5,0.115576923,0.6213847956284316,0.6213847956284316,34.13,31.77,17.065,377.2875518518255,571.1196057298502,1.0
Paper-proposed AR,2014-02-15T04:00:00+00:00,2014-02-15T15:00:00+11:00,2014-02-15,15,6,0.07775641,0.49394902097488297,0.49394902097488297,33.86,31.38,16.93,290.3691883921431,547.392480639,1.0
Paper-proposed AR,2014-02-15T05:00:00+00:00,2014-02-15T16:00:00+11:00,2014-02-15,16,7,0.104679487,0.368354522101763,0.368354522101763,34.4,27.94,17.2,244.0855486965097,570.014615292,1.0
Paper-proposed AR,2014-02-15T06:00:00+00:00,2014-02-15T17:00:00+11:00,2014-02-15,17,8,0.056538462,0.20539105292317764,0.20539105292317764,38.25,32.18,19.125,150.28205918717313,606.1889425725,1.0
Paper-proposed AR,2014-02-15T07:00:00+00:00,2014-02-15T18:00:00+11:00,2014-02-15,18,9,0.056474359,0.07916456024822872,0.07916456024822872,47.94,37.25,23.97,97.53794683140127,759.7107115568999,1.0
Paper-proposed AR,2014-02-15T08:00:00+00:00,2014-02-15T19:00:00+11:00,2014-02-15,19,10,0.036794872,0.034170339866593596,0.034170339866593596,57.65,46.52,28.825,62.7603998446556,896.5683655619999,1.0
Paper-proposed AR,2014-02-15T09:00:00+00:00,2014-02-15T20:00:00+11:00,2014-02-15,20,11,0.005064103,0.006040262506890186,0.006040262506890186,61.26,129.93,30.63,10.203801464281392,923.5534042467,1.0
Paper-proposed AR,2014-02-15T22:00:00+00:00,2014-02-16T09:00:00+11:00,2014-02-16,9,0,0.033974359,0.08749770253703831,0.08749770253703831,45.46,54.21,22.73,82.83179876210643,705.0671154021001,1.0
Paper-proposed AR,2014-02-15T23:00:00+00:00,2014-02-16T10:00:00+11:00,2014-02-16,10,1,0.169166667,0.2781054731392177,0.2781054731392177,41.29,68.4,20.645,277.0179999952245,724.1233752064501,1.0
Paper-proposed AR,2014-02-16T00:00:00+00:00,2014-02-16T11:00:00+11:00,2014-02-16,11,2,0.532435897,0.4646630322383816,0.4646630322383816,38.42,30.54,19.21,597.6641096525535,883.1428074411001,1.0
Paper-proposed AR,2014-02-16T01:00:00+00:00,2014-02-16T12:00:00+11:00,2014-02-16,12,3,0.542564103,0.40743111973105806,0.40743111973105806,36.17,41.16,18.085,608.9657157606607,836.9181540826501,1.0
Paper-proposed AR,2014-02-16T02:00:00+00:00,2014-02-16T13:00:00+11:00,2014-02-16,13,4,0.438782051,0.44996824263688723,0.44996824263688723,36.13,47.25,18.065,481.65822163651103,779.7479325394501,1.0
Paper-proposed AR,2014-02-16T03:00:00+00:00,2014-02-16T14:00:00+11:00,2014-02-16,14,5,0.217179487,0.42317867149753113,0.42317867149753113,34.82,32.63,17.41,334.4590661832606,635.7328460601,1.0
Paper-proposed AR,2014-02-16T04:00:00+00:00,2014-02-16T15:00:00+11:00,2014-02-16,15,6,0.319166667,0.30331291406416666,0.30331291406416666,35.67,51.49,17.835,349.06444150004654,705.8201251783499,1.0
Paper-proposed AR,2014-02-16T05:00:00+00:00,2014-02-16T16:00:00+11:00,2014-02-16,16,7,0.089551282,0.17878876009141384,0.17878876009141384,35.43,39.6,17.715,142.6093153694819,579.0420288188999,1.0
Paper-proposed AR,2014-02-16T06:00:00+00:00,2014-02-16T17:00:00+11:00,2014-02-16,17,8,0.155705128,0.07949923192747439,0.07949923192747439,37.06,51.45,18.53,206.01104664490933,642.4564806552,1.0
Paper-proposed AR,2014-02-16T07:00:00+00:00,2014-02-16T18:00:00+11:00,2014-02-16,18,9,0.22724359,0.04667934954335957,0.04667934954335957,38.21,34.51,19.105,240.44669652631293,703.3946636085,1.0
Paper-proposed AR,2014-02-16T08:00:00+00:00,2014-02-16T19:00:00+11:00,2014-02-16,19,10,0.05974359,0.028625447064549926,0.028625447064549926,45.47,59.67,22.735,94.75256000950172,722.7981155594999,1.0
Paper-proposed AR,2014-02-16T09:00:00+00:00,2014-02-16T20:00:00+11:00,2014-02-16,20,11,0.001282051,0.005230061880983629,0.005230061880983629,53.69,98.31,26.845,5.244530108700166,806.38249977285,1.0
Paper-proposed AR,2014-02-16T22:00:00+00:00,2014-02-17T09:00:00+11:00,2014-02-17,9,0,0.443589744,0.35113709427012146,0.35113709427012146,38.86,33.63,19.43,502.6311028125821,841.4684617775999,1.0
Paper-proposed AR,2014-02-16T23:00:00+00:00,2014-02-17T10:00:00+11:00,2014-02-17,10,1,0.661666667,0.4760715992963858,0.4760715992963858,35.18,51.78,17.59,790.7493440681999,1027.8330005178,0.0
Paper-proposed AR,2014-02-17T00:00:00+00:00,2014-02-17T11:00:00+11:00,2014-02-17,11,2,0.759423077,0.37904768378446163,0.37904768378446163,34.67,47.33,17.335,934.3425167309615,1078.3048270323,0.0
Paper-proposed AR,2014-02-17T01:00:00+00:00,2014-02-17T12:00:00+11:00,2014-02-17,12,3,0.697435897,0.34558925902701493,0.34558925902701493,30.98,32.910000000000004,15.49,668.5688430104359,788.7984613359,1.0
Paper-proposed AR,2014-02-17T02:00:00+00:00,2014-02-17T13:00:00+11:00,2014-02-17,13,4,0.828653846,0.5578031608082316,0.5578031608082316,29.99,27.53,14.995,725.5510846790474,822.6199326231,1.0
Paper-proposed AR,2014-02-17T03:00:00+00:00,2014-02-17T14:00:00+11:00,2014-02-17,14,5,0.78025641,0.44705377729352497,0.44705377729352497,29.98,34.56,14.99,747.5446568878697,808.969845888,0.0
Paper-proposed AR,2014-02-17T04:00:00+00:00,2014-02-17T15:00:00+11:00,2014-02-17,15,6,0.659807692,0.31098413319482215,0.31098413319482215,31.59,31.05,15.795,619.6488080557561,786.4998748542,1.0
Paper-proposed AR,2014-02-17T05:00:00+00:00,2014-02-17T16:00:00+11:00,2014-02-17,16,7,0.534423077,0.3022597892681289,0.3022597892681289,34.89,46.57,17.445,640.7306507171476,803.04031734795,1.0
Paper-proposed AR,2014-02-17T06:00:00+00:00,2014-02-17T17:00:00+11:00,2014-02-17,17,8,0.281217949,0.20861401173921196,0.20861401173921196,43.62,61.52,21.81,406.9901223704432,838.3009040306999,1.0
Paper-proposed AR,2014-02-17T07:00:00+00:00,2014-02-17T18:00:00+11:00,2014-02-17,18,9,0.116153846,0.11696007738548872,0.11696007738548872,60.22,42.24,30.11,210.57180699411197,1008.2217690917998,1.0
Paper-proposed AR,2014-02-17T08:00:00+00:00,2014-02-17T19:00:00+11:00,2014-02-17,19,10,0.034230769,0.044088848303923026,0.044088848303923026,53.75,47.86,26.875,63.145191451287936,833.84855750625,1.0
Paper-proposed AR,2014-02-17T09:00:00+00:00,2014-02-17T20:00:00+11:00,2014-02-17,20,11,0.012692308,0.0020616817729728586,0.0020616817729728586,55.72,48.37,27.86,18.872408969740516,846.4082310263999,1.0
Paper-proposed AR,2014-02-17T22:00:00+00:00,2014-02-18T09:00:00+11:00,2014-02-18,9,0,0.398141026,0.5045186074384599,0.5045186074384599,47.01,58.36,23.505,636.5104405191299,985.8991444838999,1.0
Paper-proposed AR,2014-02-17T23:00:00+00:00,2014-02-18T10:00:00+11:00,2014-02-18,10,1,0.469551282,0.6859172918208837,0.6859172918208837,39.38,39.56,19.69,682.535286555996,868.0639422774001,1.0
Paper-proposed AR,2014-02-18T00:00:00+00:00,2014-02-18T11:00:00+11:00,2014-02-18,11,2,0.718269231,0.779261651510751,0.779261651510751,34.11,25.76,17.055,766.2116760366256,879.1524520411499,1.0
Paper-proposed AR,2014-02-18T01:00:00+00:00,2014-02-18T12:00:00+11:00,2014-02-18,12,3,0.681858974,0.8168232104504185,0.8168232104504185,29.8,27.67,14.9,669.9109364493371,751.790961378,1.0
Paper-proposed AR,2014-02-18T02:00:00+00:00,2014-02-18T13:00:00+11:00,2014-02-18,13,4,0.797820513,0.8154498805364786,0.8154498805364786,26.99,30.2,13.495,653.1325188232433,727.84763468805,1.0
Paper-proposed AR,2014-02-18T03:00:00+00:00,2014-02-18T14:00:00+11:00,2014-02-18,14,5,0.560384615,0.7470335529214744,0.7470335529214744,26.49,28.39,13.245,519.5026090235979,620.01882677025,1.0
Paper-proposed AR,2014-02-18T04:00:00+00:00,2014-02-18T15:00:00+11:00,2014-02-18,15,6,0.452371795,0.6124814752335933,0.6124814752335933,26.05,23.79,13.025,416.0914153437766,567.5142788962501,1.0
Paper-proposed AR,2014-02-18T05:00:00+00:00,2014-02-18T16:00:00+11:00,2014-02-18,16,7,0.259038462,0.4781956607143092,0.4781956607143092,27.85,26.82,13.925,307.9795547639027,525.9633175005,1.0
Paper-proposed AR,2014-02-18T06:00:00+00:00,2014-02-18T17:00:00+11:00,2014-02-18,17,8,0.221730769,0.28036813037953234,0.28036813037953234,39.52,38.78,19.76,297.6442275521868,724.2419998632001,1.0
Paper-proposed AR,2014-02-18T07:00:00+00:00,2014-02-18T18:00:00+11:00,2014-02-18,18,9,0.131858974,0.08869627955398647,0.08869627955398647,60.03,69.15,30.015,249.27413947702928,1019.1824131383,1.0
Paper-proposed AR,2014-02-18T08:00:00+00:00,2014-02-18T19:00:00+11:00,2014-02-18,19,10,0.051025641,0.03223894868609509,0.03223894868609509,52.56,63.03,26.28,86.35813078459753,828.6286153643999,1.0
Paper-proposed AR,2014-02-18T09:00:00+00:00,2014-02-18T20:00:00+11:00,2014-02-18,20,11,0.013333333,0.012260047260702985,0.012260047260702985,51.89,36.0,25.945,20.244364169177114,788.72799974055,1.0
Paper-proposed AR,2014-02-18T22:00:00+00:00,2014-02-19T09:00:00+11:00,2014-02-19,9,0,0.375384615,0.4819452576133478,0.4819452576133478,35.81,21.51,17.905,460.51474107425975,738.78784594725,1.0
Paper-proposed AR,2014-02-18T23:00:00+00:00,2014-02-19T10:00:00+11:00,2014-02-19,10,1,0.610897436,0.6458598778459738,0.6458598778459738,31.64,24.31,15.82,596.4570211512992,764.5319231256001,1.0
Paper-proposed AR,2014-02-19T00:00:00+00:00,2014-02-19T11:00:00+11:00,2014-02-19,11,2,0.737371795,0.5937516151673864,0.5937516151673864,29.53,23.21,14.765,626.0072870942365,769.56883659525,1.0
Paper-proposed AR,2014-02-19T01:00:00+00:00,2014-02-19T12:00:00+11:00,2014-02-19,12,3,0.781217949,0.5921864690708278,0.5921864690708278,26.57,23.52,13.285,605.4124467343806,709.9044135739499,1.0
Paper-proposed AR,2014-02-19T02:00:00+00:00,2014-02-19T13:00:00+11:00,2014-02-19,13,4,0.476089744,0.7049751761824096,0.7049751761824096,26.12,22.87,13.06,462.74123572746805,578.3319616992001,1.0
Paper-proposed AR,2014-02-19T03:00:00+00:00,2014-02-19T14:00:00+11:00,2014-02-19,14,5,0.229230769,0.6369065322630223,0.6369065322630223,25.63,23.21,12.815,332.98648547056894,472.57776914204993,1.0
Paper-proposed AR,2014-02-19T04:00:00+00:00,2014-02-19T15:00:00+11:00,2014-02-19,15,6,0.153589744,0.4949388222857174,0.4949388222857174,27.6,24.92,13.8,268.490826442287,477.586154016,1.0
Paper-proposed AR,2014-02-19T05:00:00+00:00,2014-02-19T16:00:00+11:00,2014-02-19,16,7,0.097628205,0.40788029684181687,0.40788029684181687,30.25,28.35,15.125,229.37448271072435,498.04879801875,1.0
Paper-proposed AR,2014-02-19T06:00:00+00:00,2014-02-19T17:00:00+11:00,2014-02-19,17,8,0.024487179,0.2429731389873476,0.2429731389873476,44.09,38.68,22.045,176.88488130093236,677.5445958316501,1.0
Paper-proposed AR,2014-02-19T07:00:00+00:00,2014-02-19T18:00:00+11:00,2014-02-19,18,9,0.13224359,0.09864820568474675,0.09864820568474675,63.0,52.55,31.5,239.4082321171681,1069.9701925499999,1.0
Paper-proposed AR,2014-02-19T08:00:00+00:00,2014-02-19T19:00:00+11:00,2014-02-19,19,10,0.047371795,0.04418397563976978,0.04418397563976978,56.96,39.18,28.48,79.2485404492532,894.874461648,1.0
Paper-proposed AR,2014-02-19T09:00:00+00:00,2014-02-19T20:00:00+11:00,2014-02-19,20,11,0.008269231,0.013099611750366773,0.013099611750366773,56.7,30.7,28.35,18.17420075918694,857.5329809655001,1.0
Paper-proposed AR,2014-02-19T22:00:00+00:00,2014-02-20T09:00:00+11:00,2014-02-20,9,0,0.463974359,0.4388656488729526,0.4388656488729526,39.77,20.94,19.885,539.383897372131,873.3339038614502,1.0
Paper-proposed AR,2014-02-19T23:00:00+00:00,2014-02-20T10:00:00+11:00,2014-02-20,10,1,0.71525641,0.5781292364187742,0.5781292364187742,31.74,19.27,15.87,629.7678779652634,816.6335768009999,1.0
Paper-proposed AR,2014-02-20T00:00:00+00:00,2014-02-20T11:00:00+11:00,2014-02-20,11,2,0.798782051,0.5258939507754081,0.5258939507754081,26.5,17.240000000000002,13.25,559.2234163026083,715.0158652724999,1.0
Paper-proposed AR,2014-02-20T01:00:00+00:00,2014-02-20T12:00:00+11:00,2014-02-20,12,3,0.785512821,0.5313377029508104,0.5313377029508104,23.93,17.87,11.965,517.7106177345573,640.90982709795,1.0
Paper-proposed AR,2014-02-20T02:00:00+00:00,2014-02-20T13:00:00+11:00,2014-02-20,13,4,0.752179487,0.5734227408833602,0.5734227408833602,24.63,22.35,12.315,543.5584615099219,647.3427114721501,1.0
Paper-proposed AR,2014-02-20T03:00:00+00:00,2014-02-20T14:00:00+11:00,2014-02-20,14,5,0.680769231,0.4411535579125224,0.4411535579125224,26.0,22.7,13.0,507.27804854433975,655.50000009,1.0
Paper-proposed AR,2014-02-20T04:00:00+00:00,2014-02-20T15:00:00+11:00,2014-02-20,15,6,0.668910256,0.34908960932604577,0.34908960932604577,28.58,24.93,14.29,538.5032926836019,715.4618267472,1.0
Paper-proposed AR,2014-02-20T05:00:00+00:00,2014-02-20T16:00:00+11:00,2014-02-20,16,7,0.562820513,0.1651238755139696,0.1651238755139696,30.2,27.53,15.1,478.059884115369,707.957692389,1.0
Paper-proposed AR,2014-02-20T06:00:00+00:00,2014-02-20T17:00:00+11:00,2014-02-20,17,8,0.338141026,0.07610045357223827,0.07610045357223827,43.2,33.85,21.6,364.7283891300129,867.1153848480001,1.0
Paper-proposed AR,2014-02-20T07:00:00+00:00,2014-02-20T18:00:00+11:00,2014-02-20,18,9,0.107179487,0.07293051729266173,0.07293051729266173,58.35,55.83,29.175,185.02846988362523,969.0588459967499,1.0
Paper-proposed AR,2014-02-20T08:00:00+00:00,2014-02-20T19:00:00+11:00,2014-02-20,19,10,0.0325,0.038711630954968684,0.038711630954968684,53.06,44.16,26.53,56.677337077059576,821.76675,1.0
Paper-proposed AR,2014-02-20T09:00:00+00:00,2014-02-20T20:00:00+11:00,2014-02-20,20,11,0.011153846,0.008354304027795897,0.008354304027795897,50.94,45.28,25.47,16.569945230319743,772.6226537286,1.0
Paper-proposed AR,2014-02-20T22:00:00+00:00,2014-02-21T09:00:00+11:00,2014-02-21,9,0,0.431153846,0.5353373949536604,0.5353373949536604,34.81,22.76,17.405,504.65340146395374,747.2769806889,1.0
Paper-proposed AR,2014-02-20T23:00:00+00:00,2014-02-21T10:00:00+11:00,2014-02-21,10,1,0.675512821,0.6698459204485638,0.6698459204485638,26.97,24.02,13.485,546.0559027722978,677.82871173555,1.0
Paper-proposed AR,2014-02-21T00:00:00+00:00,2014-02-21T11:00:00+11:00,2014-02-21,11,2,0.79,0.7926068705976058,0.7926068705976058,24.74,18.23,12.37,587.3054096787715,664.269,1.0
Paper-proposed AR,2014-02-21T01:00:00+00:00,2014-02-21T12:00:00+11:00,2014-02-21,12,3,0.832371795,0.800390650475842,0.800390650475842,23.94,14.96,11.97,589.1937028341919,658.0047115845,1.0
Paper-proposed AR,2014-02-21T02:00:00+00:00,2014-02-21T13:00:00+11:00,2014-02-21,13,4,0.816153846,0.8234923162387665,0.8234923162387665,22.6,16.36,11.3,555.8400489989418,615.676153794,1.0
Paper-proposed AR,2014-02-21T03:00:00+00:00,2014-02-21T14:00:00+11:00,2014-02-21,14,5,0.775448718,0.7648244337869863,0.7648244337869863,22.85,31.76,11.425,534.4099673591387,738.8475385104,0.0
Paper-proposed AR,2014-02-21T04:00:00+00:00,2014-02-21T15:00:00+11:00,2014-02-21,15,6,0.676730769,0.6417930549482087,0.6417930549482087,23.5,16.18,11.75,469.42287013922663,591.0475960725,1.0
Paper-proposed AR,2014-02-21T05:00:00+00:00,2014-02-21T16:00:00+11:00,2014-02-21,16,7,0.523910256,0.542339475148402,0.542339475148402,24.15,22.79,12.075,386.24896510850857,552.036490236,1.0
Paper-proposed AR,2014-02-21T06:00:00+00:00,2014-02-21T17:00:00+11:00,2014-02-21,17,8,0.320128205,0.31651648782204445,0.31651648782204445,37.0,29.84,18.5,354.5665107001752,732.671153775,1.0
Paper-proposed AR,2014-02-21T07:00:00+00:00,2014-02-21T18:00:00+11:00,2014-02-21,18,9,0.102820513,0.09086285421220663,0.09086285421220663,53.85,197.4,26.925,217.60219632113214,890.80326937575,1.0
Paper-proposed AR,2014-02-21T08:00:00+00:00,2014-02-21T19:00:00+11:00,2014-02-21,19,10,0.032371795,0.030009150663994913,0.030009150663994913,48.8,35.31,24.4,46.43614571721875,755.6961539399999,1.0
Paper-proposed AR,2014-02-21T09:00:00+00:00,2014-02-21T20:00:00+11:00,2014-02-21,20,11,0.010769231,0.010809354650463716,0.010809354650463716,48.16,30.85,24.08,15.588370273894988,730.1796924744,1.0
Paper-proposed AR,2014-02-21T22:00:00+00:00,2014-02-22T09:00:00+11:00,2014-02-22,9,0,0.155833333,0.5052827460900264,0.5052827460900264,37.11,29.66,18.555,368.0102654254632,643.39462481445,1.0
Paper-proposed AR,2014-02-21T23:00:00+00:00,2014-02-22T10:00:00+11:00,2014-02-22,10,1,0.349038462,0.6794907172837679,0.6794907172837679,32.83,63.72,16.415,506.49919433829155,667.2219239591999,0.0
Paper-proposed AR,2014-02-22T00:00:00+00:00,2014-02-22T11:00:00+11:00,2014-02-22,11,2,0.723269231,0.7769663678289833,0.7769663678289833,34.54,26.7,17.27,777.2720637532963,892.8257885810999,1.0
Paper-proposed AR,2014-02-22T01:00:00+00:00,2014-02-22T12:00:00+11:00,2014-02-22,12,3,0.664358974,0.7999339764183288,0.7999339764183288,31.63,25.29,15.815,694.7337903259761,789.6551152142999,1.0
Paper-proposed AR,2014-02-22T02:00:00+00:00,2014-02-22T13:00:00+11:00,2014-02-22,13,4,0.764871795,0.8337866055647499,0.8337866055647499,30.65,26.33,15.325,734.9831996596438,811.3998077512499,1.0
Paper-proposed AR,2014-02-22T03:00:00+00:00,2014-02-22T14:00:00+11:00,2014-02-22,14,5,0.757948718,0.756492687509477,0.756492687509477,29.57,30.72,14.785,672.426540789723,779.7381538689,1.0
Paper-proposed AR,2014-02-22T04:00:00+00:00,2014-02-22T15:00:00+11:00,2014-02-22,15,6,0.658076923,0.6279065670650872,0.6279065670650872,29.01,27.14,14.505,571.0317891189515,721.51217304345,1.0
Paper-proposed AR,2014-02-22T05:00:00+00:00,2014-02-22T16:00:00+11:00,2014-02-22,16,7,0.508012821,0.5166339884990946,0.5166339884990946,30.97000000000001,36.78,15.485000000000005,475.99967535280456,700.5473559955501,1.0
Paper-proposed AR,2014-02-22T06:00:00+00:00,2014-02-22T17:00:00+11:00,2014-02-22,17,8,0.311602564,0.30140965731672287,0.30140965731672287,33.29,27.57,16.645,309.4483778799497,654.9487403334,1.0
Paper-proposed AR,2014-02-22T07:00:00+00:00,2014-02-22T18:00:00+11:00,2014-02-22,18,9,0.110641026,0.08749752794646985,0.08749752794646985,41.28,39.91,20.64,136.0666488283999,687.7089232992,1.0
Paper-proposed AR,2014-02-22T08:00:00+00:00,2014-02-22T19:00:00+11:00,2014-02-22,19,10,0.042371795,0.029638442866927198,0.029638442866927198,46.78,36.46,23.39,55.52233128260066,731.4322885515,1.0
Paper-proposed AR,2014-02-22T09:00:00+00:00,2014-02-22T20:00:00+11:00,2014-02-22,20,11,0.0125,0.010451135691054275,0.010451135691054275,52.18,40.06,26.09,18.822532937267336,792.4837499999999,1.0
Paper-proposed AR,2014-02-22T22:00:00+00:00,2014-02-23T09:00:00+11:00,2014-02-23,9,0,0.219102564,0.3108943088594766,0.3108943088594766,42.45,26.25,21.225,337.47550879327173,776.2635576270001,1.0
Paper-proposed AR,2014-02-22T23:00:00+00:00,2014-02-23T10:00:00+11:00,2014-02-23,10,1,0.249230769,0.6112376038551466,0.6112376038551466,35.83,23.7,17.915,462.45872699099846,671.3990767990499,1.0
Paper-proposed AR,2014-02-23T00:00:00+00:00,2014-02-23T11:00:00+11:00,2014-02-23,11,2,0.637948718,0.6846652694289156,0.6846652694289156,34.72,27.6,17.36,688.8173646529792,853.0436923344,1.0
Paper-proposed AR,2014-02-23T01:00:00+00:00,2014-02-23T12:00:00+11:00,2014-02-23,12,3,0.614679487,0.6958121696352598,0.6958121696352598,36.56,28.0,18.28,718.6736244987765,885.4902306708001,1.0
Paper-proposed AR,2014-02-23T02:00:00+00:00,2014-02-23T13:00:00+11:00,2014-02-23,13,4,0.823589744,0.7756355476107754,0.7756355476107754,35.14,34.14,17.57,866.7896822331232,961.2141540624,1.0
Paper-proposed AR,2014-02-23T03:00:00+00:00,2014-02-23T14:00:00+11:00,2014-02-23,14,5,0.768141026,0.7432010584803722,0.7432010584803722,34.800000000000004,23.99,17.400000000000002,793.8511996773847,922.9696155720001,1.0
Paper-proposed AR,2014-02-23T04:00:00+00:00,2014-02-23T15:00:00+11:00,2014-02-23,15,6,0.66525641,0.6189132602993727,0.6189132602993727,34.67,29.96,17.335,685.3849049883014,866.0165960205001,1.0
Paper-proposed AR,2014-02-23T05:00:00+00:00,2014-02-23T16:00:00+11:00,2014-02-23,16,7,0.514230769,0.5029880146669582,0.5029880146669582,35.71,38.64,17.855,551.8836609355744,811.09771141485,1.0
Paper-proposed AR,2014-02-23T06:00:00+00:00,2014-02-23T17:00:00+11:00,2014-02-23,17,8,0.316410256,0.2978186990373078,0.2978186990373078,35.71,30.21,17.855,335.9027003539558,705.1351536263999,1.0
Paper-proposed AR,2014-02-23T07:00:00+00:00,2014-02-23T18:00:00+11:00,2014-02-23,18,9,0.109230769,0.0946626372724236,0.0946626372724236,35.97,25.9,17.985,113.46989023299918,598.48546141395,1.0
Paper-proposed AR,2014-02-23T08:00:00+00:00,2014-02-23T19:00:00+11:00,2014-02-23,19,10,0.038974359,0.03754327630900515,0.03754327630900515,39.32,26.3,19.66,45.415172977297416,612.7870769382,1.0
Paper-proposed AR,2014-02-23T09:00:00+00:00,2014-02-23T20:00:00+11:00,2014-02-23,20,11,0.010769231,0.012200953594817331,0.012200953594817331,44.42,108.96,22.21,15.30503399552679,673.4755386153001,1.0
Paper-proposed AR,2014-02-23T22:00:00+00:00,2014-02-24T09:00:00+11:00,2014-02-24,9,0,0.345192308,0.36932872392802557,0.36932872392802557,53.81,49.74,26.905,576.7256509207059,1085.7719714022,1.0
Paper-proposed AR,2014-02-23T23:00:00+00:00,2014-02-24T10:00:00+11:00,2014-02-24,10,1,0.616858974,0.6004268575354987,0.6004268575354987,47.68,37.55,23.84,877.3613562160381,1156.3775382048,1.0
Paper-proposed AR,2014-02-24T00:00:00+00:00,2014-02-24T11:00:00+11:00,2014-02-24,11,2,0.741346154,0.6714415145458292,0.6714415145458292,35.96,22.42,17.98,771.3689663889159,939.2821154676001,1.0
Paper-proposed AR,2014-02-24T01:00:00+00:00,2014-02-24T12:00:00+11:00,2014-02-24,12,3,0.782179487,0.6574207117823109,0.6574207117823109,34.35,22.5,17.175,761.6842167636115,918.26798067675,1.0
Paper-proposed AR,2014-02-24T02:00:00+00:00,2014-02-24T13:00:00+11:00,2014-02-24,13,4,0.777628205,0.7792159374888462,0.7792159374888462,32.74,23.55,16.37,764.5661583762724,872.9932114755001,1.0
Paper-proposed AR,2014-02-24T03:00:00+00:00,2014-02-24T14:00:00+11:00,2014-02-24,14,5,0.730320513,0.7426834700303979,0.7426834700303979,34.46,24.25,17.23,761.3957588284127,894.4026731697,1.0
Paper-proposed AR,2014-02-24T04:00:00+00:00,2014-02-24T15:00:00+11:00,2014-02-24,15,6,0.636410256,0.6067785941941872,0.6067785941941872,36.91,35.53,18.455,703.4703256700393,905.9985382343999,1.0
Paper-proposed AR,2014-02-24T05:00:00+00:00,2014-02-24T16:00:00+11:00,2014-02-24,16,7,0.461153846,0.5097116545095216,0.5097116545095216,45.3,39.28,22.65,659.7031075962199,992.8540383569998,1.0
Paper-proposed AR,2014-02-24T06:00:00+00:00,2014-02-24T17:00:00+11:00,2014-02-24,17,8,0.320833333,0.3034219785496935,0.3034219785496935,62.31,83.12,31.155,610.6036579602264,1234.51687468845,1.0
Paper-proposed AR,2014-02-24T07:00:00+00:00,2014-02-24T18:00:00+11:00,2014-02-24,18,9,0.121346154,0.09198179229429793,0.09198179229429793,127.96,53.14,63.98,399.9123696905811,2152.3118079876,1.0
Paper-proposed AR,2014-02-24T08:00:00+00:00,2014-02-24T19:00:00+11:00,2014-02-24,19,10,0.045,0.03418359200904913,0.03418359200904913,102.82,64.23,51.41,126.28484446887616,1611.7035,1.0
Paper-proposed AR,2014-02-24T09:00:00+00:00,2014-02-24T20:00:00+11:00,2014-02-24,20,11,0.011923077,0.010547711284035213,0.010547711284035213,100.66,55.1,50.33,34.12545806401933,1527.9026539622998,1.0
Paper-proposed AR,2014-02-24T22:00:00+00:00,2014-02-25T09:00:00+11:00,2014-02-25,9,0,0.344230769,0.44176223944583026,0.44176223944583026,73.75,28.59,36.875,869.5047655931997,1487.05528820625,1.0
Paper-proposed AR,2014-02-24T23:00:00+00:00,2014-02-25T10:00:00+11:00,2014-02-25,10,1,0.619358974,0.6444499218771146,0.6444499218771146,57.62,34.09,28.81,1092.3100287065902,1399.6119612282,1.0
Paper-proposed AR,2014-02-25T00:00:00+00:00,2014-02-25T11:00:00+11:00,2014-02-25,11,2,0.727371795,0.7174169428704363,0.7174169428704363,41.69,34.62,20.845,907.6124798698196,1080.21195200325,1.0
Paper-proposed AR,2014-02-25T01:00:00+00:00,2014-02-25T12:00:00+11:00,2014-02-25,12,3,0.781666667,0.7454356132473952,0.7454356132473952,37.13,32.36,18.565,865.5138365793023,992.2992501856502,1.0
Paper-proposed AR,2014-02-25T02:00:00+00:00,2014-02-25T13:00:00+11:00,2014-02-25,13,4,0.782051282,0.7954297454469004,0.7954297454469004,36.31,36.87,18.155,859.1750415989543,970.5942307413,1.0
Paper-proposed AR,2014-02-25T03:00:00+00:00,2014-02-25T14:00:00+11:00,2014-02-25,14,5,0.741858974,0.7302935514974114,0.7302935514974114,35.83,30.22,17.915,795.4777505454142,936.1621055763,1.0
Paper-proposed AR,2014-02-25T04:00:00+00:00,2014-02-25T15:00:00+11:00,2014-02-25,15,6,0.656025641,0.6036947325746881,0.6036947325746881,36.45,28.28,18.225,704.5377327784561,905.4320192167501,1.0
Paper-proposed AR,2014-02-25T05:00:00+00:00,2014-02-25T16:00:00+11:00,2014-02-25,16,7,0.515641026,0.5134426424434002,0.5134426424434002,40.2,33.75,20.1,621.4376901377979,913.931538678,1.0
Paper-proposed AR,2014-02-25T06:00:00+00:00,2014-02-25T17:00:00+11:00,2014-02-25,17,8,0.305,0.30954682167326775,0.30954682167326775,62.65,61.38,31.325,577.5203756674533,1226.37375,1.0
Paper-proposed AR,2014-02-25T07:00:00+00:00,2014-02-25T18:00:00+11:00,2014-02-25,18,9,0.100320513,0.10128753870641678,0.10128753870641678,87.12,33.89,43.56,263.4614019699454,1437.8988463884002,1.0
Paper-proposed AR,2014-02-25T08:00:00+00:00,2014-02-25T19:00:00+11:00,2014-02-25,19,10,0.033717949,0.039105291837231826,0.039105291837231826,75.72,30.19,37.86,82.7126369429279,1174.0968464742,1.0
Paper-proposed AR,2014-02-25T09:00:00+00:00,2014-02-25T20:00:00+11:00,2014-02-25,20,11,0.007371795,0.011704880281526685,0.011704880281526685,74.56,32.5,37.28,21.335353634859445,1126.644615528,1.0
Paper-proposed AR,2014-02-25T22:00:00+00:00,2014-02-26T09:00:00+11:00,2014-02-26,9,0,0.064230769,0.42764014082263235,0.42764014082263235,64.27,28.41,32.135,474.1881506145087,1025.9716728544502,1.0
Paper-proposed AR,2014-02-25T23:00:00+00:00,2014-02-26T10:00:00+11:00,2014-02-26,10,1,0.193717949,0.6308071869667775,0.6308071869667775,52.39,25.53,26.195,647.9530780994921,938.0832502216501,1.0
Paper-proposed AR,2014-02-26T00:00:00+00:00,2014-02-26T11:00:00+11:00,2014-02-26,11,2,0.273205128,0.7568497890413257,0.7568497890413257,37.08,25.64,18.54,572.9165448583855,708.1566921936001,1.0
Paper-proposed AR,2014-02-26T01:00:00+00:00,2014-02-26T12:00:00+11:00,2014-02-26,12,3,0.446666667,0.7683470044412777,0.7683470044412777,36.72,26.73,18.36,669.2295302298558,796.8240001835999,1.0
Paper-proposed AR,2014-02-26T02:00:00+00:00,2014-02-26T13:00:00+11:00,2014-02-26,13,4,0.539551282,0.8004483570908556,0.8004483570908556,39.28,26.24,19.64,789.5277873523322,907.1036153544001,1.0
Paper-proposed AR,2014-02-26T03:00:00+00:00,2014-02-26T14:00:00+11:00,2014-02-26,14,5,0.290705128,0.7271309011036632,0.7271309011036632,39.53,27.72,19.765,603.5258734570172,765.3236056476,1.0
Paper-proposed AR,2014-02-26T04:00:00+00:00,2014-02-26T15:00:00+11:00,2014-02-26,15,6,0.408846154,0.5990598318354049,0.5990598318354049,41.57,29.26,20.785,628.4797774676667,878.4860193267,1.0
Paper-proposed AR,2014-02-26T05:00:00+00:00,2014-02-26T16:00:00+11:00,2014-02-26,16,7,0.239358974,0.4919336254745206,0.4919336254745206,50.51,33.84,25.255,554.0638379918705,939.0003266510998,1.0
Paper-proposed AR,2014-02-26T06:00:00+00:00,2014-02-26T17:00:00+11:00,2014-02-26,17,8,0.152692308,0.28434623631914924,0.28434623631914924,72.52,62.89,36.26,475.41052851037057,1253.8986926424,1.0
Paper-proposed AR,2014-02-26T07:00:00+00:00,2014-02-26T18:00:00+11:00,2014-02-26,18,9,0.133974359,0.08381550675797621,0.08381550675797621,108.1,91.58,54.05,409.620119065853,1838.7394231184999,1.0
Paper-proposed AR,2014-02-26T08:00:00+00:00,2014-02-26T19:00:00+11:00,2014-02-26,19,10,0.041538462,0.02846709037917744,0.02846709037917744,89.96,89.61,44.98,111.96675184358136,1405.4520006228,1.0
Paper-proposed AR,2014-02-26T09:00:00+00:00,2014-02-26T20:00:00+11:00,2014-02-26,20,11,0.00474359,0.007323119874952999,0.007323119874952999,83.75,73.42,41.875,15.158804280409708,1262.2091349375,1.0
Paper-proposed AR,2014-02-26T22:00:00+00:00,2014-02-27T09:00:00+11:00,2014-02-27,9,0,0.063141026,0.22036858951543326,0.22036858951543326,50.94,33.24,25.47,216.62969721534256,812.3460579666,1.0
Paper-proposed AR,2014-02-26T23:00:00+00:00,2014-02-27T10:00:00+11:00,2014-02-27,10,1,0.212179487,0.33684293004028093,0.33684293004028093,44.22,34.160000000000004,22.11,364.16656922281834,804.0386537270999,1.0
Paper-proposed AR,2014-02-27T00:00:00+00:00,2014-02-27T11:00:00+11:00,2014-02-27,11,2,0.316666667,0.5046676360099626,0.5046676360099626,31.19,27.13,15.595,384.26125366321105,616.0025001559501,1.0
Paper-proposed AR,2014-02-27T01:00:00+00:00,2014-02-27T12:00:00+11:00,2014-02-27,12,3,0.1425,0.42529007157577403,0.42529007157577403,29.56,32.12,14.78,251.75811773669818,506.58450000000005,1.0
Paper-proposed AR,2014-02-27T02:00:00+00:00,2014-02-27T13:00:00+11:00,2014-02-27,13,4,0.146538462,0.5362044140210772,0.5362044140210772,29.7,28.64,14.85,304.1619512673899,510.782884821,1.0
Paper-proposed AR,2014-02-27T03:00:00+00:00,2014-02-27T14:00:00+11:00,2014-02-27,14,5,0.170961538,0.45242595735838487,0.45242595735838487,30.05,37.98,15.025,280.99191353279195,527.8109132535001,1.0
Paper-proposed AR,2014-02-27T04:00:00+00:00,2014-02-27T15:00:00+11:00,2014-02-27,15,6,0.287692308,0.32065742048007984,0.32065742048007984,31.41,32.54,15.705,286.6239745733896,606.6962309142,1.0
Paper-proposed AR,2014-02-27T05:00:00+00:00,2014-02-27T16:00:00+11:00,2014-02-27,16,7,0.27474359,0.2979891423887202,0.2979891423887202,36.29,32.74,18.145,311.7670628757998,693.9066732164999,1.0
Paper-proposed AR,2014-02-27T06:00:00+00:00,2014-02-27T17:00:00+11:00,2014-02-27,17,8,0.233205128,0.17876866577018186,0.17876866577018186,62.26,42.56,31.13,403.40858890057746,1151.6902690392,1.0
Paper-proposed AR,2014-02-27T07:00:00+00:00,2014-02-27T18:00:00+11:00,2014-02-27,18,9,0.116346154,0.08080702566291927,0.08080702566291927,111.42,82.55,55.71,358.11821530765434,1865.7493271802,1.0
Paper-proposed AR,2014-02-27T08:00:00+00:00,2014-02-27T19:00:00+11:00,2014-02-27,19,10,0.0225,0.0326453969858655,0.0326453969858655,102.39,62.89,51.195,84.69505796074154,1570.406625,1.0
Paper-proposed AR,2014-02-27T09:00:00+00:00,2014-02-27T20:00:00+11:00,2014-02-27,20,11,0.002884615,0.005002492739986563,0.005002492739986563,99.53,60.34,49.765,11.77505750041294,1497.25658596425,1.0
Paper-proposed AR,2014-02-27T22:00:00+00:00,2014-02-28T09:00:00+11:00,2014-02-28,9,0,0.059935897,0.26898849930861074,0.26898849930861074,67.04,43.7,33.52,330.766372927939,1065.8715380232002,1.0
Paper-proposed AR,2014-02-27T23:00:00+00:00,2014-02-28T10:00:00+11:00,2014-02-28,10,1,0.101666667,0.42346970731643707,0.42346970731643707,58.36,33.99,29.18,459.704382076609,964.3990002918001,1.0
Paper-proposed AR,2014-02-28T00:00:00+00:00,2014-02-28T11:00:00+11:00,2014-02-28,11,2,0.104294872,0.561458920880276,0.561458920880276,63.46,46.6,31.73,633.7310354427347,1051.1782886568,1.0
Paper-proposed AR,2014-02-28T01:00:00+00:00,2014-02-28T12:00:00+11:00,2014-02-28,12,3,0.11275641,0.525777792427038,0.525777792427038,57.23,59.51,28.615,548.1496860734908,955.2457401644999,1.0
Paper-proposed AR,2014-02-28T02:00:00+00:00,2014-02-28T13:00:00+11:00,2014-02-28,13,4,0.142948718,0.6085967194484042,0.6085967194484042,45.35,42.32,22.675,511.238783824277,777.4908654195,1.0
Paper-proposed AR,2014-02-28T03:00:00+00:00,2014-02-28T14:00:00+11:00,2014-02-28,14,5,0.136666667,0.5933094367973455,0.5933094367973455,43.24,51.9,21.62,473.46250092295827,737.2420002162,1.0
Paper-proposed AR,2014-02-28T04:00:00+00:00,2014-02-28T15:00:00+11:00,2014-02-28,15,6,0.176282051,0.44204053907233903,0.44204053907233903,43.24,89.0,21.62,401.0440319209191,762.9365382786001,1.0
Paper-proposed AR,2014-02-28T05:00:00+00:00,2014-02-28T16:00:00+11:00,2014-02-28,16,7,0.219038462,0.3946234841193803,0.3946234841193803,49.76,80.45,24.88,458.03727658350533,909.8903080368,1.0
Paper-proposed AR,2014-02-28T06:00:00+00:00,2014-02-28T17:00:00+11:00,2014-02-28,17,8,0.165897436,0.23412973447890245,0.23412973447890245,71.06,160.45000000000002,35.53,426.3889610134621,1242.7300770324,1.0
Paper-proposed AR,2014-02-28T07:00:00+00:00,2014-02-28T18:00:00+11:00,2014-02-28,18,9,0.058974359,0.07216770525833607,0.07216770525833607,107.75,190.44,53.875,211.9583613575357,1711.5673077337499,1.0
Paper-proposed AR,2014-02-28T08:00:00+00:00,2014-02-28T19:00:00+11:00,2014-02-28,19,10,0.018846154,0.01842580558018354,0.01842580558018354,80.04,112.76,40.02,45.665998993691844,1223.2266924924002,1.0
Paper-proposed AR,2014-02-28T09:00:00+00:00,2014-02-28T20:00:00+11:00,2014-02-28,20,11,0.001282051,0.003001687241848951,0.003001687241848951,72.71000000000001,44.19,36.355000000000004,4.672059113472558,1092.04826892315,1.0
Paper-proposed AR,2014-02-28T22:00:00+00:00,2014-03-01T09:00:00+11:00,2014-03-01,9,0,0.096282051,0.1726233440034188,0.1726233440034188,45.59,31.01,22.795,183.890954373088,749.69248057635,1.0
Paper-proposed AR,2014-02-28T23:00:00+00:00,2014-03-01T10:00:00+11:00,2014-03-01,10,1,0.133589744,0.31820879284769066,0.31820879284769066,39.71,30.12,19.855,269.11379847332694,675.2227310136001,1.0
Paper-proposed AR,2014-03-01T00:00:00+00:00,2014-03-01T11:00:00+11:00,2014-03-01,11,2,0.121923077,0.5345351928042574,0.5345351928042574,40.41,44.88,20.205,397.91218024185054,680.05367312355,1.0
Paper-proposed AR,2014-03-01T01:00:00+00:00,2014-03-01T12:00:00+11:00,2014-03-01,12,3,0.270897436,0.46691686609463456,0.46691686609463456,34.76,42.86,17.38,384.69637711214244,662.6459231304001,1.0
Paper-proposed AR,2014-03-01T02:00:00+00:00,2014-03-01T13:00:00+11:00,2014-03-01,13,4,0.279038462,0.5438785583008694,0.5438785583008694,34.02,41.18,17.01,419.93455545953367,652.6933271585999,1.0
Paper-proposed AR,2014-03-01T03:00:00+00:00,2014-03-01T14:00:00+11:00,2014-03-01,14,5,0.158076923,0.5234171705247744,0.5234171705247744,33.0,39.0,16.5,337.33957629476333,573.2480768849999,1.0
Paper-proposed AR,2014-03-01T04:00:00+00:00,2014-03-01T15:00:00+11:00,2014-03-01,15,6,0.113782051,0.38433975675993703,0.38433975675993703,32.93,35.86,16.465,246.0472669430209,550.15264409145,1.0
Paper-proposed AR,2014-03-01T05:00:00+00:00,2014-03-01T16:00:00+11:00,2014-03-01,16,7,0.149358974,0.3052704019855235,0.3052704019855235,27.41,31.88,13.705,186.92086793644802,472.55894216009995,1.0
Paper-proposed AR,2014-03-01T06:00:00+00:00,2014-03-01T17:00:00+11:00,2014-03-01,17,8,0.114487179,0.16133967454243736,0.16133967454243736,32.27,48.09,16.135,133.5139884572168,539.4675189949501,1.0
Paper-proposed AR,2014-03-01T07:00:00+00:00,2014-03-01T18:00:00+11:00,2014-03-01,18,9,0.062371795,0.04621190139901483,0.04621190139901483,41.97,32.18,20.985,73.78616633389065,668.81616354225,1.0
Paper-proposed AR,2014-03-01T08:00:00+00:00,2014-03-01T19:00:00+11:00,2014-03-01,19,10,0.022115385,0.014240690206767955,0.014240690206767955,51.38,66.86,25.69,37.745662700976965,787.7443272195001,1.0
Paper-proposed AR,2014-03-01T09:00:00+00:00,2014-03-01T20:00:00+11:00,2014-03-01,20,11,0.004166667,0.0014634756619681102,0.0014634756619681102,58.27,53.13,29.135,6.866918478375482,877.69187529135,1.0
Paper-proposed AR,2014-03-01T22:00:00+00:00,2014-03-02T09:00:00+11:00,2014-03-02,9,0,0.355576923,0.1754995233019739,0.1754995233019739,47.93,37.35,23.965,454.12749091754654,974.5920287908499,1.0
Paper-proposed AR,2014-03-01T23:00:00+00:00,2014-03-02T10:00:00+11:00,2014-03-02,10,1,0.646858974,0.31072786747953896,0.31072786747953896,41.75,32.51,20.875,717.0153222075282,1031.3454324675001,1.0
Paper-proposed AR,2014-03-02T00:00:00+00:00,2014-03-02T11:00:00+11:00,2014-03-02,11,2,0.765769231,0.5017042803536809,0.5017042803536809,54.56,32.2,27.28,1076.2763084072492,1445.1055386504,1.0
Paper-proposed AR,2014-03-02T01:00:00+00:00,2014-03-02T12:00:00+11:00,2014-03-02,12,3,0.491666667,0.42797766862079556,0.42797766862079556,50.42,30.29,25.21,705.2332143829984,1128.1475002521001,1.0
Paper-proposed AR,2014-03-02T02:00:00+00:00,2014-03-02T13:00:00+11:00,2014-03-02,13,4,0.577820513,0.5354269805811165,0.5354269805811165,44.69,47.4,22.345,778.1305559647552,1057.69198088955,1.0
Paper-proposed AR,2014-03-02T03:00:00+00:00,2014-03-02T14:00:00+11:00,2014-03-02,14,5,0.551602564,0.46913209849631665,0.46913209849631665,42.81,35.03,21.405,689.1745662966404,996.3615864725999,1.0
Paper-proposed AR,2014-03-02T04:00:00+00:00,2014-03-02T15:00:00+11:00,2014-03-02,15,6,0.673205128,0.3374499778132798,0.3374499778132798,42.7,28.47,21.35,719.0418953532892,1071.687884484,1.0
Paper-proposed AR,2014-03-02T05:00:00+00:00,2014-03-02T16:00:00+11:00,2014-03-02,16,7,0.346153846,0.24394669979893663,0.24394669979893663,41.58,26.29,20.79,384.9098895379722,839.5961537502,1.0
Paper-proposed AR,2014-03-02T06:00:00+00:00,2014-03-02T17:00:00+11:00,2014-03-02,17,8,0.204551282,0.12481738593297632,0.12481738593297632,43.06,27.27,21.53,226.46939952065088,778.0196730438,1.0
Paper-proposed AR,2014-03-02T07:00:00+00:00,2014-03-02T18:00:00+11:00,2014-03-02,18,9,0.121217949,0.04582815789255549,0.04582815789255549,47.59,33.7,23.795,141.64793983282786,800.3814328936501,1.0
Paper-proposed AR,2014-03-02T08:00:00+00:00,2014-03-02T19:00:00+11:00,2014-03-02,19,10,0.045,0.018244562004139337,0.018244562004139337,51.55,29.03,25.775,51.51652608999653,808.04625,1.0
Paper-proposed AR,2014-03-02T09:00:00+00:00,2014-03-02T20:00:00+11:00,2014-03-02,20,11,0.008717949,0.004183875694421624,0.004183875694421624,58.5,46.41,29.25,13.65549210706672,885.1500002475,1.0
Paper-proposed AR,2014-03-02T22:00:00+00:00,2014-03-03T09:00:00+11:00,2014-03-03,9,0,0.355320513,0.44925540556204735,0.44925540556204735,66.43,44.83,33.215,801.7196740511522,1350.5091251788501,1.0
Paper-proposed AR,2014-03-02T23:00:00+00:00,2014-03-03T10:00:00+11:00,2014-03-03,10,1,0.655384615,0.6652751794691177,0.6652751794691177,54.08,42.25,27.04,1071.3192252733484,1342.847999688,1.0
Paper-proposed AR,2014-03-03T00:00:00+00:00,2014-03-03T11:00:00+11:00,2014-03-03,11,2,0.748333333,0.7000550250790243,0.7000550250790243,59.82,37.83,29.91,1311.1097996663325,1568.7794997009,1.0
Paper-proposed AR,2014-03-03T01:00:00+00:00,2014-03-03T12:00:00+11:00,2014-03-03,12,3,0.819423077,0.7458332190958918,0.7458332190958918,60.65,36.14,30.325,1436.8296660846095,1655.2201443007498,1.0
Paper-proposed AR,2014-03-03T02:00:00+00:00,2014-03-03T13:00:00+11:00,2014-03-03,13,4,0.850769231,0.6505797792148137,0.6505797792148137,60.76,36.12,30.38,1402.8021115071901,1686.7910771334,1.0
Paper-proposed AR,2014-03-03T03:00:00+00:00,2014-03-03T14:00:00+11:00,2014-03-03,14,5,0.757435897,0.6372543528453074,0.6372543528453074,58.96,39.32,29.48,1268.941648797655,1554.2763073068002,1.0
Paper-proposed AR,2014-03-03T04:00:00+00:00,2014-03-03T15:00:00+11:00,2014-03-03,15,6,0.666602564,0.49083193814455284,0.49083193814455284,66.14,36.22,33.07,1164.9010937209505,1653.4364037443997,1.0
Paper-proposed AR,2014-03-03T05:00:00+00:00,2014-03-03T16:00:00+11:00,2014-03-03,16,7,0.52775641,0.3962641753261303,0.3962641753261303,76.9,42.97,38.45,1083.688092195468,1762.2670189350001,1.0
Paper-proposed AR,2014-03-03T06:00:00+00:00,2014-03-03T17:00:00+11:00,2014-03-03,17,8,0.314679487,0.22078171199946797,0.22078171199946797,114.17,104.36,57.085,1050.1745957410433,2251.4543554618504,1.0
Paper-proposed AR,2014-03-03T07:00:00+00:00,2014-03-03T18:00:00+11:00,2014-03-03,18,9,0.096346154,0.08558447208363283,0.08558447208363283,179.18,121.65,89.59,499.32552939214185,2946.6495581057998,1.0
Paper-proposed AR,2014-03-03T08:00:00+00:00,2014-03-03T19:00:00+11:00,2014-03-03,19,10,0.032115385,0.03719435657702107,0.03719435657702107,154.07,181.14,77.035,160.17827827157453,2385.27026050425,1.0
Paper-proposed AR,2014-03-03T09:00:00+00:00,2014-03-03T20:00:00+11:00,2014-03-03,20,11,0.006089744,0.008735346610185267,0.008735346610185267,141.06,219.24,70.53,31.368409222091003,2128.7852893296,1.0
Paper-proposed AR,2014-03-03T22:00:00+00:00,2014-03-04T09:00:00+11:00,2014-03-04,9,0,0.073653846,0.42542000999382995,0.42542000999382995,89.99,140.5,44.995,673.6748445132713,1449.2716440231,1.0
Paper-proposed AR,2014-03-03T23:00:00+00:00,2014-03-04T10:00:00+11:00,2014-03-04,10,1,0.123653846,0.633145513112156,0.633145513112156,68.03,51.49,34.015,772.2759060059997,1146.6325671507,1.0
Paper-proposed AR,2014-03-04T00:00:00+00:00,2014-03-04T11:00:00+11:00,2014-03-04,11,2,0.29525641,0.7719396740535276,0.7719396740535276,86.26,117.97,43.13,1380.8450131568595,1675.9322688990003,1.0
Paper-proposed AR,2014-03-04T01:00:00+00:00,2014-03-04T12:00:00+11:00,2014-03-04,12,3,0.662371795,0.7706595599334036,0.7706595599334036,80.27,57.8,40.135,1725.4414029075645,2001.57875976975,1.0
Paper-proposed AR,2014-03-04T02:00:00+00:00,2014-03-04T13:00:00+11:00,2014-03-04,13,4,0.802115385,0.8121713493468845,0.8121713493468845,78.8,60.6,39.4,1908.0869199980175,2130.10038507,1.0
Paper-proposed AR,2014-03-04T03:00:00+00:00,2014-03-04T14:00:00+11:00,2014-03-04,14,5,0.781025641,0.7330502161953335,0.7330502161953335,76.31,61.32,38.155,1766.4274514066415,2038.65099997065,1.0
Paper-proposed AR,2014-03-04T04:00:00+00:00,2014-03-04T15:00:00+11:00,2014-03-04,15,6,0.599038462,0.5987203665664838,0.5987203665664838,79.01,59.77,39.505,1419.7172617943743,1895.1004332393,1.0
Paper-proposed AR,2014-03-04T05:00:00+00:00,2014-03-04T16:00:00+11:00,2014-03-04,16,7,0.418205128,0.5029881129066811,0.5029881129066811,96.28,53.75,48.14,1330.3872785174287,2048.1718458575997,1.0
Paper-proposed AR,2014-03-04T06:00:00+00:00,2014-03-04T17:00:00+11:00,2014-03-04,17,8,0.299807692,0.2888900061748223,0.2888900061748223,166.56,90.18,83.28,1473.062290085788,3247.4395376927996,1.0
Paper-proposed AR,2014-03-04T07:00:00+00:00,2014-03-04T18:00:00+11:00,2014-03-04,18,9,0.086346154,0.08206576599146946,0.08206576599146946,275.21,160.03,137.605,698.1092985455235,4484.5998756351,1.0
Paper-proposed AR,2014-03-04T08:00:00+00:00,2014-03-04T19:00:00+11:00,2014-03-04,19,10,0.025320513,0.0265559496914018,0.0265559496914018,249.55,68.3,124.775,194.18656896958979,3838.0310102872504,1.0
Paper-proposed AR,2014-03-04T09:00:00+00:00,2014-03-04T20:00:00+11:00,2014-03-04,20,11,0.005384615,0.006111865914943426,0.006111865914943426,218.21,70.93,109.105,37.62970650674708,3290.77465258725,1.0
Paper-proposed AR,2014-03-04T22:00:00+00:00,2014-03-05T09:00:00+11:00,2014-03-05,9,0,0.257115385,0.22969932762606235,0.22969932762606235,117.12,49.44,58.56,847.7350538439571,2208.5003083680003,1.0
Paper-proposed AR,2014-03-04T23:00:00+00:00,2014-03-05T10:00:00+11:00,2014-03-05,10,1,0.401666667,0.4275851125918781,0.4275851125918781,75.15,48.66,37.575,934.7740685449446,1580.0287503757502,1.0
Paper-proposed AR,2014-03-05T00:00:00+00:00,2014-03-05T11:00:00+11:00,2014-03-05,11,2,0.258269231,0.6183587147842827,0.6183587147842827,59.73,46.74,29.865,785.4148080254281,1127.3463175144498,1.0
Paper-proposed AR,2014-03-05T01:00:00+00:00,2014-03-05T12:00:00+11:00,2014-03-05,12,3,0.569615385,0.5761993123748478,0.5761993123748478,57.23,44.16,28.615,983.6246269614379,1347.4363272532498,1.0
Paper-proposed AR,2014-03-05T02:00:00+00:00,2014-03-05T13:00:00+11:00,2014-03-05,13,4,0.060128205,0.7574896913587638,0.7574896913587638,55.41,46.11,27.705,679.5631145585864,881.1255575857499,1.0
Paper-proposed AR,2014-03-05T03:00:00+00:00,2014-03-05T14:00:00+11:00,2014-03-05,14,5,0.148846154,0.6508833131849269,0.6508833131849269,53.42,38.39,26.71,640.823222055282,920.5704232002,1.0
Paper-proposed AR,2014-03-05T04:00:00+00:00,2014-03-05T15:00:00+11:00,2014-03-05,15,6,0.616602564,0.5049222667587929,0.5049222667587929,49.12,41.8,24.56,884.100545036231,1191.1127691552,1.0
Paper-proposed AR,2014-03-05T05:00:00+00:00,2014-03-05T16:00:00+11:00,2014-03-05,16,7,0.481474359,0.4566863906204395,0.4566863906204395,54.65,38.32,27.325,777.2335858713533,1214.4386057902498,1.0
Paper-proposed AR,2014-03-05T06:00:00+00:00,2014-03-05T17:00:00+11:00,2014-03-05,17,8,0.326474359,0.27793453709726523,0.27793453709726523,76.83,61.59,38.415,730.2983434851697,1528.69537502955,1.0
Paper-proposed AR,2014-03-05T07:00:00+00:00,2014-03-05T18:00:00+11:00,2014-03-05,18,9,0.101474359,0.07406692529814078,0.07406692529814078,130.69,76.8,65.345,353.5409212655042,2159.27525966565,1.0
Paper-proposed AR,2014-03-05T08:00:00+00:00,2014-03-05T19:00:00+11:00,2014-03-05,19,10,0.024487179,0.021423250467033333,0.021423250467033333,109.66,64.21000000000001,54.83,76.38025491949995,1685.1789607371,1.0
Paper-proposed AR,2014-03-05T09:00:00+00:00,2014-03-05T20:00:00+11:00,2014-03-05,20,11,0.004358974,0.005359179250118676,0.005359179250118676,93.89,53.71,46.945,13.686561129804637,1414.4889610329,1.0
Paper-proposed AR,2014-03-05T22:00:00+00:00,2014-03-06T09:00:00+11:00,2014-03-06,9,0,0.056025641,0.4469907480769645,0.4469907480769645,56.21,40.88,28.105,424.1182684502426,890.38801920915,1.0
Paper-proposed AR,2014-03-05T23:00:00+00:00,2014-03-06T10:00:00+11:00,2014-03-06,10,1,0.087371795,0.3227451959592156,0.3227451959592156,51.75,42.59,25.875,318.35331423209107,844.07235586875,1.0
Paper-proposed AR,2014-03-06T00:00:00+00:00,2014-03-06T11:00:00+11:00,2014-03-06,11,2,0.16474359,0.6539220063064839,0.6539220063064839,44.84,27.75,22.42,550.6344800757411,783.4065386340001,1.0
Paper-proposed AR,2014-03-06T01:00:00+00:00,2014-03-06T12:00:00+11:00,2014-03-06,12,3,0.393333333,0.5776878751447736,0.5776878751447736,40.22,24.83,20.11,585.817094873742,840.5979997988999,1.0
Paper-proposed AR,2014-03-06T02:00:00+00:00,2014-03-06T13:00:00+11:00,2014-03-06,13,4,0.366089744,0.6066839998646397,0.6066839998646397,37.17,27.51,18.585,542.3700008917298,761.6633367672,1.0
Paper-proposed AR,2014-03-06T03:00:00+00:00,2014-03-06T14:00:00+11:00,2014-03-06,14,5,0.482564103,0.561558627232833,0.561558627232833,36.31,25.51,18.155,568.6814450213125,807.47853869895,1.0
Paper-proposed AR,2014-03-06T04:00:00+00:00,2014-03-06T15:00:00+11:00,2014-03-06,15,6,0.555320513,0.48846075269596856,0.48846075269596856,35.64,29.47,17.82,581.3729508673238,831.4743462498,1.0
Paper-proposed AR,2014-03-06T05:00:00+00:00,2014-03-06T16:00:00+11:00,2014-03-06,16,7,0.346217949,0.49739633166029523,0.49739633166029523,39.8,33.32,19.9,503.63772555419615,803.6921155529999,1.0
Paper-proposed AR,2014-03-06T06:00:00+00:00,2014-03-06T17:00:00+11:00,2014-03-06,17,8,0.312820513,0.2957777101320194,0.2957777101320194,56.29,48.58,28.145,524.317999999736,1108.48000015155,1.0
Paper-proposed AR,2014-03-06T07:00:00+00:00,2014-03-06T18:00:00+11:00,2014-03-06,18,9,0.095576923,0.08064382270100566,0.08064382270100566,73.82000000000001,55.18,36.910000000000004,203.31406398860236,1213.1323268379,1.0
Paper-proposed AR,2014-03-06T08:00:00+00:00,2014-03-06T19:00:00+11:00,2014-03-06,19,10,0.036666667,0.020430516220144534,0.020430516220144534,63.42,46.22,31.71,61.38414683179458,986.1810003171,1.0
Paper-proposed AR,2014-03-06T09:00:00+00:00,2014-03-06T20:00:00+11:00,2014-03-06,20,11,0.007307692,0.004396739275776815,0.004396739275776815,57.37,47.96,28.685,11.755506747151795,866.8386343506,1.0
Paper-proposed AR,2014-03-06T22:00:00+00:00,2014-03-07T09:00:00+11:00,2014-03-07,9,0,0.312564103,0.2448448592219891,0.2448448592219891,40.99,31.96,20.495,366.01493431963684,807.03003872955,1.0
Paper-proposed AR,2014-03-06T23:00:00+00:00,2014-03-07T10:00:00+11:00,2014-03-07,10,1,0.625320513,0.36282504150433575,0.36282504150433575,31.23,28.36,15.615,563.2619285339233,761.3813943148501,1.0
Paper-proposed AR,2014-03-07T00:00:00+00:00,2014-03-07T11:00:00+11:00,2014-03-07,11,2,0.752307692,0.5631412756112448,0.5631412756112448,34.11,21.93,17.055,700.7150526751489,896.5682306118001,1.0
Paper-proposed AR,2014-03-07T01:00:00+00:00,2014-03-07T12:00:00+11:00,2014-03-07,12,3,0.795064103,0.5319367675613939,0.5319367675613939,33.09,26.67,16.545,738.5818102426244,890.9800675240501,1.0
Paper-proposed AR,2014-03-07T02:00:00+00:00,2014-03-07T13:00:00+11:00,2014-03-07,13,4,0.781282051,0.6434018385907381,0.6434018385907381,31.93,26.14,15.965,724.4402837574112,853.1450383264499,1.0
Paper-proposed AR,2014-03-07T03:00:00+00:00,2014-03-07T14:00:00+11:00,2014-03-07,14,5,0.744423077,0.6132870271354548,0.6132870271354548,32.26,30.54,16.13,713.6860337475894,844.1263269602999,1.0
Paper-proposed AR,2014-03-07T04:00:00+00:00,2014-03-07T15:00:00+11:00,2014-03-07,15,6,0.638589744,0.4862366564241939,0.4862366564241939,30.87,30.52,15.435,589.798254498854,758.7489809592,1.0
Paper-proposed AR,2014-03-07T05:00:00+00:00,2014-03-07T16:00:00+11:00,2014-03-07,16,7,0.511410256,0.47556927859959564,0.47556927859959564,30.34,38.93,15.17,474.7218348872842,687.8428075055999,1.0
Paper-proposed AR,2014-03-07T06:00:00+00:00,2014-03-07T17:00:00+11:00,2014-03-07,17,8,0.305128205,0.29448039202520604,0.29448039202520604,45.07,46.89,22.535,413.14521656892373,882.33192299025,1.0
Paper-proposed AR,2014-03-07T07:00:00+00:00,2014-03-07T18:00:00+11:00,2014-03-07,18,9,0.090128205,0.08638666218085533,0.08638666218085533,57.52,60.93,28.76,155.9079903783985,940.562615274,1.0
Paper-proposed AR,2014-03-07T08:00:00+00:00,2014-03-07T19:00:00+11:00,2014-03-07,19,10,0.027435897,0.0303604918758786,0.0303604918758786,51.36,45.95,25.68,44.526337989976874,791.5366150488001,1.0
Paper-proposed AR,2014-03-07T09:00:00+00:00,2014-03-07T20:00:00+11:00,2014-03-07,20,11,0.005064103,0.007306859642639367,0.007306859642639367,47.51,39.06,23.755,8.816166527276945,716.25893300295,1.0
Paper-proposed AR,2014-03-07T22:00:00+00:00,2014-03-08T09:00:00+11:00,2014-03-08,9,0,0.272884615,0.40130323009925367,0.40130323009925367,40.37,32.29,20.185,408.254449599853,770.7952786132499,1.0
Paper-proposed AR,2014-03-07T23:00:00+00:00,2014-03-08T10:00:00+11:00,2014-03-08,10,1,0.561858974,0.6360266616058587,0.6360266616058587,38.9,27.23,19.45,698.9662683760185,911.3447113289999,1.0
Paper-proposed AR,2014-03-08T00:00:00+00:00,2014-03-08T11:00:00+11:00,2014-03-08,11,2,0.36775641,0.766421597757637,0.766421597757637,39.08,24.33,19.54,664.8551481475267,801.7788075419999,1.0
Paper-proposed AR,2014-03-08T01:00:00+00:00,2014-03-08T12:00:00+11:00,2014-03-08,12,3,0.319166667,0.7730659725385292,0.7730659725385292,34.24,27.12,17.12,560.9706836669886,677.5240001712,1.0
Paper-proposed AR,2014-03-08T02:00:00+00:00,2014-03-08T13:00:00+11:00,2014-03-08,13,4,0.456153846,0.812630788791639,0.812630788791639,31.8,24.56,15.9,605.2102707956117,694.5853845419999,1.0
Paper-proposed AR,2014-03-08T03:00:00+00:00,2014-03-08T14:00:00+11:00,2014-03-08,14,5,0.325769231,0.7339701830743546,0.7339701830743546,31.32,28.93,15.66,497.86557673213184,622.8463847238,1.0
Paper-proposed AR,2014-03-08T04:00:00+00:00,2014-03-08T15:00:00+11:00,2014-03-08,15,6,0.3675,0.5989444894781633,0.5989444894781633,30.83,27.25,15.415,446.9322541591766,632.4003749999999,1.0
Paper-proposed AR,2014-03-08T05:00:00+00:00,2014-03-08T16:00:00+11:00,2014-03-08,16,7,0.611538462,0.4890255768747111,0.4890255768747111,32.81,42.45,16.405,637.3680345248335,793.1186540733,1.0
Paper-proposed AR,2014-03-08T06:00:00+00:00,2014-03-08T17:00:00+11:00,2014-03-08,17,8,0.161858974,0.27751706309219765,0.27751706309219765,36.22,31.58,18.11,238.71300095219098,631.2379805742,1.0
Paper-proposed AR,2014-03-08T07:00:00+00:00,2014-03-08T18:00:00+11:00,2014-03-08,18,9,0.038910256,0.07582945714730943,0.07582945714730943,42.95,51.77,21.475,73.92106019515411,669.317932428,1.0
Paper-proposed AR,2014-03-08T08:00:00+00:00,2014-03-08T19:00:00+11:00,2014-03-08,19,10,0.007115385,0.022700368730397637,0.022700368730397637,49.05,75.8,24.525,21.936940807140054,740.9851445137499,1.0
Paper-proposed AR,2014-03-08T09:00:00+00:00,2014-03-08T20:00:00+11:00,2014-03-08,20,11,0.001794872,0.0050931683104981675,0.0050931683104981675,53.43,65.07000000000001,26.715,5.5204199068487565,802.8885001643999,1.0
Paper-proposed AR,2014-03-08T22:00:00+00:00,2014-03-09T09:00:00+11:00,2014-03-09,9,0,0.028974359,0.23976233479509435,0.23976233479509435,44.11,35.18,22.055,177.8096334495242,680.8208846323499,1.0
Paper-proposed AR,2014-03-08T23:00:00+00:00,2014-03-09T10:00:00+11:00,2014-03-09,10,1,0.074294872,0.39486803055196834,0.39486803055196834,37.82,26.47,18.91,266.1561146177317,609.4474808855999,1.0
Paper-proposed AR,2014-03-09T00:00:00+00:00,2014-03-09T11:00:00+11:00,2014-03-09,11,2,0.33974359,0.8032218547299986,0.8032218547299986,34.32,30.26,17.16,588.3986109470034,689.700000132,1.0
Paper-proposed AR,2014-03-09T01:00:00+00:00,2014-03-09T12:00:00+11:00,2014-03-09,12,3,0.388974359,0.7310963342322164,0.7310963342322164,33.9,26.69,16.95,569.555947508582,706.2934615515001,1.0
Paper-proposed AR,2014-03-09T02:00:00+00:00,2014-03-09T13:00:00+11:00,2014-03-09,13,4,0.497628205,0.6457889449435235,0.6457889449435235,30.08,24.18,15.04,515.9098180545177,675.729846096,1.0
Paper-proposed AR,2014-03-09T03:00:00+00:00,2014-03-09T14:00:00+11:00,2014-03-09,14,5,0.713012821,0.6074527071463188,0.6074527071463188,26.92,20.21,13.46,554.579903320854,691.7145771198001,1.0
Paper-proposed AR,2014-03-09T04:00:00+00:00,2014-03-09T15:00:00+11:00,2014-03-09,15,6,0.652820513,0.49817200211383544,0.49817200211383544,26.15,22.88,13.075,496.9666735305673,648.31884622425,1.0
Paper-proposed AR,2014-03-09T05:00:00+00:00,2014-03-09T16:00:00+11:00,2014-03-09,16,7,0.5025,0.31946556052914216,0.31946556052914216,27.02,22.4,13.51,381.957926689339,608.96325,1.0
Paper-proposed AR,2014-03-09T06:00:00+00:00,2014-03-09T17:00:00+11:00,2014-03-09,17,8,0.212435897,0.1437441678163094,0.1437441678163094,31.66,22.93,15.83,183.78125109739142,575.7858074853,1.0
Paper-proposed AR,2014-03-09T07:00:00+00:00,2014-03-09T18:00:00+11:00,2014-03-09,18,9,0.142371795,0.030794775653256647,0.030794775653256647,37.03,26.38,18.515,122.51196938421549,634.53041353275,1.0
Paper-proposed AR,2014-03-09T08:00:00+00:00,2014-03-09T19:00:00+11:00,2014-03-09,19,10,0.061346154,0.006356202672066221,0.006356202672066221,37.8,25.77,18.9,49.720665201748695,601.783269318,1.0
Paper-proposed AR,2014-03-09T09:00:00+00:00,2014-03-09T20:00:00+11:00,2014-03-09,20,11,0.011282051,0.0017670157695834376,0.0017670157695834376,38.95,25.01,19.475,9.203888860139793,590.8415382967501,1.0
Paper-proposed AR,2014-03-09T22:00:00+00:00,2014-03-10T09:00:00+11:00,2014-03-10,9,0,0.322179487,0.21966807491536372,0.21966807491536372,31.23,25.99,15.615,285.73516739059517,619.3749806851499,1.0
Paper-proposed AR,2014-03-09T23:00:00+00:00,2014-03-10T10:00:00+11:00,2014-03-10,10,1,0.628012821,0.45458379917743613,0.45458379917743613,25.42,23.37,12.71,468.2566924525123,620.7612886473,1.0
Paper-proposed AR,2014-03-10T00:00:00+00:00,2014-03-10T11:00:00+11:00,2014-03-10,11,2,0.732628205,0.5871755004785761,0.5871755004785761,27.23,22.18,13.615,576.4478959295044,707.69199033225,1.0
Paper-proposed AR,2014-03-10T01:00:00+00:00,2014-03-10T12:00:00+11:00,2014-03-10,12,3,0.777628205,0.6359019727738705,0.6359019727738705,25.12,21.34,12.56,569.9488605535569,669.810307644,1.0
Paper-proposed AR,2014-03-10T02:00:00+00:00,2014-03-10T13:00:00+11:00,2014-03-10,13,4,0.781730769,0.6384172544564164,0.6384172544564164,24.36,22.37,12.18,562.7330291669481,651.0444229926001,1.0
Paper-proposed AR,2014-03-10T03:00:00+00:00,2014-03-10T14:00:00+11:00,2014-03-10,14,5,0.726346154,0.615515984795601,0.615515984795601,23.5,22.97,11.75,510.31183887965,608.537019285,1.0
Paper-proposed AR,2014-03-10T04:00:00+00:00,2014-03-10T15:00:00+11:00,2014-03-10,15,6,0.444487179,0.5323561857247472,0.5323561857247472,29.67,25.49,14.835,434.7441394707488,642.86901901395,1.0
Paper-proposed AR,2014-03-10T05:00:00+00:00,2014-03-10T16:00:00+11:00,2014-03-10,16,7,0.374871795,0.3720892351890164,0.3720892351890164,38.58,42.91,19.29,434.23807005244674,795.6383077664999,1.0
Paper-proposed AR,2014-03-10T06:00:00+00:00,2014-03-10T17:00:00+11:00,2014-03-10,17,8,0.276025641,0.23353603158325265,0.23353603158325265,51.52,153.87,25.76,557.0895764437226,1274.1619614201002,0.0
Paper-proposed AR,2014-03-10T07:00:00+00:00,2014-03-10T18:00:00+11:00,2014-03-10,18,9,0.157307692,0.1030093139552452,0.1030093139552452,58.17,73.76,29.085,299.91300472073186,1009.8088266546001,1.0
Paper-proposed AR,2014-03-10T08:00:00+00:00,2014-03-10T19:00:00+11:00,2014-03-10,19,10,0.066666667,0.05005692245184506,0.05005692245184506,54.07,44.81,27.035,103.52581350522256,865.12000027035,1.0
Paper-proposed AR,2014-03-10T09:00:00+00:00,2014-03-10T20:00:00+11:00,2014-03-10,20,11,0.006602564,0.01135006809728652,0.01135006809728652,52.21,63.18,26.105,14.059603826989937,788.3207979966,1.0
Paper-proposed AR,2014-03-10T22:00:00+00:00,2014-03-11T09:00:00+11:00,2014-03-11,9,0,0.311858974,0.40931565890341653,0.40931565890341653,38.98,25.38,19.49,421.6708078586276,767.0439420977999,1.0
Paper-proposed AR,2014-03-10T23:00:00+00:00,2014-03-11T10:00:00+11:00,2014-03-11,10,1,0.610641026,0.661701214975801,0.661701214975801,35.49,24.18,17.745,677.3313919834677,857.4247501911001,1.0
Paper-proposed AR,2014-03-11T00:00:00+00:00,2014-03-11T11:00:00+11:00,2014-03-11,11,2,0.72,0.6423009721055626,0.6423009721055626,33.25,19.48,16.625,686.1025315768078,857.8499999999999,1.0
Paper-proposed AR,2014-03-11T01:00:00+00:00,2014-03-11T12:00:00+11:00,2014-03-11,12,3,0.769166667,0.7026531777960784,0.7026531777960784,29.89,18.94,14.945,667.8620690954118,793.2058751494501,1.0
Paper-proposed AR,2014-03-11T02:00:00+00:00,2014-03-11T13:00:00+11:00,2014-03-11,13,4,0.753397436,0.7820022474810651,0.7820022474810651,27.77,17.490000000000002,13.885,639.5707381540376,730.3777019657999,1.0
Paper-proposed AR,2014-03-11T03:00:00+00:00,2014-03-11T14:00:00+11:00,2014-03-11,14,5,0.728910256,0.6962385572904827,0.6962385572904827,27.62,17.41,13.81,593.9676968068749,716.2875190608,1.0
Paper-proposed AR,2014-03-11T04:00:00+00:00,2014-03-11T15:00:00+11:00,2014-03-11,15,6,0.489551282,0.5781257101739997,0.5781257101739997,30.51,20.56,15.255,488.622375468431,681.6931442073001,1.0
Paper-proposed AR,2014-03-11T05:00:00+00:00,2014-03-11T16:00:00+11:00,2014-03-11,16,7,0.103076923,0.4483280498626119,0.4483280498626119,38.56,30.52,19.28,318.9326363037347,638.0196922632001,1.0
Paper-proposed AR,2014-03-11T06:00:00+00:00,2014-03-11T17:00:00+11:00,2014-03-11,17,8,0.129423077,0.2810083644353119,0.2810083644353119,50.81,35.03,25.405,312.81032308992303,860.7897981355501,1.0
Paper-proposed AR,2014-03-11T07:00:00+00:00,2014-03-11T18:00:00+11:00,2014-03-11,18,9,0.118653846,0.11722982889573874,0.11722982889573874,46.87,30.02,23.435,166.1193322143959,786.4695864303,1.0
Paper-proposed AR,2014-03-11T08:00:00+00:00,2014-03-11T19:00:00+11:00,2014-03-11,19,10,0.036282051,0.0510029247407965,0.0510029247407965,42.9,24.99,21.45,56.16788188920255,666.8474998185001,1.0
Paper-proposed AR,2014-03-11T09:00:00+00:00,2014-03-11T20:00:00+11:00,2014-03-11,20,11,0.002820513,0.007092371880437503,0.007092371880437503,40.9,26.12,20.45,6.081554874148408,615.2303847254999,1.0
Paper-proposed AR,2014-03-11T22:00:00+00:00,2014-03-12T09:00:00+11:00,2014-03-12,9,0,0.009935897,0.41328338846715035,0.41328338846715035,29.91,21.9,14.955,189.87733242483702,453.10774018905,1.0
Paper-proposed AR,2014-03-11T23:00:00+00:00,2014-03-12T10:00:00+11:00,2014-03-12,10,1,0.191153846,0.6865146865422457,0.6865146865422457,26.75,17.78,13.375,352.1644986825761,477.9504807075,1.0
Paper-proposed AR,2014-03-12T00:00:00+00:00,2014-03-12T11:00:00+11:00,2014-03-12,11,2,0.496282051,0.6074528552633776,0.6074528552633776,21.53,12.77,10.765,356.4511879777578,483.22428837045,1.0
Paper-proposed AR,2014-03-12T01:00:00+00:00,2014-03-12T12:00:00+11:00,2014-03-12,12,3,0.36974359,0.6825292813741849,0.6825292813741849,18.86,10.34,9.43,297.68799531175694,387.500461611,1.0
Paper-proposed AR,2014-03-12T02:00:00+00:00,2014-03-12T13:00:00+11:00,2014-03-12,13,4,0.594871795,0.7064027797371464,0.7064027797371464,18.9,14.82,9.45,368.911341937981,452.14615388249996,1.0
Paper-proposed AR,2014-03-12T03:00:00+00:00,2014-03-12T14:00:00+11:00,2014-03-12,14,5,0.601025641,0.5660823390575123,0.5660823390575123,19.33,17.900000000000002,9.665,347.0357015625673,464.21738460794995,1.0
Paper-proposed AR,2014-03-12T04:00:00+00:00,2014-03-12T15:00:00+11:00,2014-03-12,15,6,0.641410256,0.3937428111485552,0.3937428111485552,20.65,18.96,10.325,384.79691413803175,508.42682679599994,1.0
Paper-proposed AR,2014-03-12T05:00:00+00:00,2014-03-12T16:00:00+11:00,2014-03-12,16,7,0.320705128,0.27979518703843226,0.27979518703843226,28.65,78.17,14.325,336.42186580850506,752.0855956728,0.0
Paper-proposed AR,2014-03-12T06:00:00+00:00,2014-03-12T17:00:00+11:00,2014-03-12,17,8,0.281538462,0.1570094139913114,0.1570094139913114,43.81,33.85,21.905,332.8167210616038,842.1630003033,1.0
Paper-proposed AR,2014-03-12T07:00:00+00:00,2014-03-12T18:00:00+11:00,2014-03-12,18,9,0.117628205,0.07039432453472828,0.07039432453472828,42.51,36.06,21.255,140.87149396646993,712.6556249182499,1.0
Paper-proposed AR,2014-03-12T08:00:00+00:00,2014-03-12T19:00:00+11:00,2014-03-12,19,10,0.043589744,0.027741297495888426,0.027741297495888426,41.86,36.28,20.93,52.08697057041172,655.2700002576,1.0
Paper-proposed AR,2014-03-12T09:00:00+00:00,2014-03-12T20:00:00+11:00,2014-03-12,20,11,0.005641026,0.0031438869162737663,0.0031438869162737663,41.53,33.76,20.765,6.446071172983415,626.4640771467001,1.0
Paper-proposed AR,2014-03-12T22:00:00+00:00,2014-03-13T09:00:00+11:00,2014-03-13,9,0,0.066217949,0.2146472447662246,0.2146472447662246,36.66,31.34,18.33,154.44777005204688,586.3132501550999,1.0
Paper-proposed AR,2014-03-12T23:00:00+00:00,2014-03-13T10:00:00+11:00,2014-03-13,10,1,0.116153846,0.5169753947298742,0.5169753947298742,36.2,28.91,18.1,343.7891777163217,606.071538378,1.0
Paper-proposed AR,2014-03-13T00:00:00+00:00,2014-03-13T11:00:00+11:00,2014-03-13,11,2,0.176153846,0.5869085214073984,0.5869085214073984,33.0,26.99,16.5,377.7158718666622,582.19615377,1.0
Paper-proposed AR,2014-03-13T01:00:00+00:00,2014-03-13T12:00:00+11:00,2014-03-13,12,3,0.200192308,0.5824293733451192,0.5824293733451192,32.12,26.87,16.06,377.0671260720784,578.2526539944,1.0
Paper-proposed AR,2014-03-13T02:00:00+00:00,2014-03-13T13:00:00+11:00,2014-03-13,13,4,0.207371795,0.6542568662025925,0.6542568662025925,30.82,23.46,15.41,398.3309300739585,558.1679808285,1.0
Paper-proposed AR,2014-03-13T03:00:00+00:00,2014-03-13T14:00:00+11:00,2014-03-13,14,5,0.271730769,0.6498452187557986,0.6498452187557986,30.76,30.13,15.38,425.21516075052546,586.7765768165999,1.0
Paper-proposed AR,2014-03-13T04:00:00+00:00,2014-03-13T15:00:00+11:00,2014-03-13,15,6,0.309230769,0.48311459644142296,0.48311459644142296,32.29,32.59,16.145,383.7724777515532,634.1259229651499,1.0
Paper-proposed AR,2014-03-13T05:00:00+00:00,2014-03-13T16:00:00+11:00,2014-03-13,16,7,0.430448718,0.45969834962866235,0.45969834962866235,40.21,93.89,20.105,536.8922038402277,1212.4449039906,0.0
Paper-proposed AR,2014-03-13T06:00:00+00:00,2014-03-13T17:00:00+11:00,2014-03-13,17,8,0.301923077,0.27678024992339556,0.27678024992339556,71.56,112.85,35.78,679.3128816033899,1397.4842308518,1.0
Paper-proposed AR,2014-03-13T07:00:00+00:00,2014-03-13T18:00:00+11:00,2014-03-13,18,9,0.087564103,0.0906207838926618,0.0906207838926618,69.05,56.26,34.525,184.55499659907446,1126.44451968225,1.0
Paper-proposed AR,2014-03-13T08:00:00+00:00,2014-03-13T19:00:00+11:00,2014-03-13,19,10,0.038141026,0.03432906652727753,0.03432906652727753,56.3,66.01,28.15,65.53061670840405,876.710096457,1.0
Paper-proposed AR,2014-03-13T09:00:00+00:00,2014-03-13T20:00:00+11:00,2014-03-13,20,11,0.002820513,0.005863966383639505,0.005863966383639505,52.14,91.17,26.07,6.792131325944457,784.3059232173,1.0
Paper-proposed AR,2014-03-13T22:00:00+00:00,2014-03-14T09:00:00+11:00,2014-03-14,9,0,0.279038462,0.208235657165718,0.208235657165718,29.26,15.75,14.63,216.2435851442655,561.3699809718,1.0
Paper-proposed AR,2014-03-13T23:00:00+00:00,2014-03-14T10:00:00+11:00,2014-03-14,10,1,0.424166667,0.3493305390842932,0.3493305390842932,26.7,12.34,13.35,307.5180963609135,570.3787501334999,1.0
Paper-proposed AR,2014-03-14T00:00:00+00:00,2014-03-14T11:00:00+11:00,2014-03-14,11,2,0.699551282,0.5827030663293532,0.5827030663293532,22.29,7.91,11.145,417.381622033083,568.2449711367,1.0
Paper-proposed AR,2014-03-14T01:00:00+00:00,2014-03-14T12:00:00+11:00,2014-03-14,12,3,0.785512821,0.5261969366205842,0.5261969366205842,20.46,19.5,10.23,474.67947205967283,547.9738847649,1.0
Paper-proposed AR,2014-03-14T02:00:00+00:00,2014-03-14T13:00:00+11:00,2014-03-14,13,4,0.702820513,0.6310827748436995,0.6310827748436995,20.27,35.7,10.135,460.5925529478516,752.7207694230001,0.0
Paper-proposed AR,2014-03-14T03:00:00+00:00,2014-03-14T14:00:00+11:00,2014-03-14,14,5,0.625320513,0.6446919561879971,0.6446919561879971,19.92,24.69,9.96,379.4797257933736,485.64576928440005,1.0
Paper-proposed AR,2014-03-14T04:00:00+00:00,2014-03-14T15:00:00+11:00,2014-03-14,15,6,0.362820513,0.535371252685962,0.535371252685962,22.98,20.71,11.49,309.60670163195107,469.7642308311,1.0
Paper-proposed AR,2014-03-14T05:00:00+00:00,2014-03-14T16:00:00+11:00,2014-03-14,16,7,0.530448718,0.4630483675168271,0.4630483675168271,31.56,28.35,15.78,495.7381924508705,724.5144231011999,1.0
Paper-proposed AR,2014-03-14T06:00:00+00:00,2014-03-14T17:00:00+11:00,2014-03-14,17,8,0.337371795,0.27447441997952926,0.27447441997952926,48.06,55.44,24.03,500.34813286053213,964.1113270154999,1.0
Paper-proposed AR,2014-03-14T07:00:00+00:00,2014-03-14T18:00:00+11:00,2014-03-14,18,9,0.070320513,0.08089824981419577,0.08089824981419577,43.51,30.73,21.755,98.69292555068486,698.5446828094499,1.0
Paper-proposed AR,2014-03-14T08:00:00+00:00,2014-03-14T19:00:00+11:00,2014-03-14,19,10,0.036602564,0.028537115165825647,0.028537115165825647,38.33,27.19,19.165,39.393815343218925,595.9946441718,1.0
Paper-proposed AR,2014-03-14T09:00:00+00:00,2014-03-14T20:00:00+11:00,2014-03-14,20,11,0.004551282,0.0031710781124456985,0.0031710781124456985,36.88,24.4,18.44,4.51879006929967,555.7177692024001,1.0
Paper-proposed AR,2014-03-14T22:00:00+00:00,2014-03-15T09:00:00+11:00,2014-03-15,9,0,0.154871795,0.34908112234015565,0.34908112234015565,32.07,28.47,16.035,242.4265508864819,555.55107698475,1.0
Paper-proposed AR,2014-03-14T23:00:00+00:00,2014-03-15T10:00:00+11:00,2014-03-15,10,1,0.207051282,0.5958768906888319,0.5958768906888319,32.21,27.51,16.105,387.93474663460916,583.1868268983001,1.0
Paper-proposed AR,2014-03-15T00:00:00+00:00,2014-03-15T11:00:00+11:00,2014-03-15,11,2,0.621282051,0.6975257491918782,0.6975257491918782,28.63,24.7,14.315,566.3620097924021,696.25957680195,1.0
Paper-proposed AR,2014-03-15T01:00:00+00:00,2014-03-15T12:00:00+11:00,2014-03-15,12,3,0.793012821,0.663929514149521,0.663929514149521,28.02,26.18,14.01,659.4811787944536,753.6032886663,1.0
Paper-proposed AR,2014-03-15T02:00:00+00:00,2014-03-15T13:00:00+11:00,2014-03-15,13,4,0.5925,0.8301951777014756,0.8301951777014756,27.75,25.88,13.875,592.1968677182392,662.8781250000001,1.0
Paper-proposed AR,2014-03-15T03:00:00+00:00,2014-03-15T14:00:00+11:00,2014-03-15,14,5,0.391730769,0.7761689822552458,0.7761689822552458,27.62,25.72,13.81,483.8608669450484,576.5940575967,1.0
Paper-proposed AR,2014-03-15T04:00:00+00:00,2014-03-15T15:00:00+11:00,2014-03-15,15,6,0.442179487,0.6750216819770383,0.6750216819770383,27.67,25.53,13.835,463.6943451839198,598.57659607935,1.0
Paper-proposed AR,2014-03-15T05:00:00+00:00,2014-03-15T16:00:00+11:00,2014-03-15,16,7,0.401410256,0.5155753311865866,0.5155753311865866,28.81,26.26,14.405,396.2753215026834,605.6194421303999,1.0
Paper-proposed AR,2014-03-15T06:00:00+00:00,2014-03-15T17:00:00+11:00,2014-03-15,17,8,0.124615385,0.2907192029295603,0.2907192029295603,33.15,30.3,16.575,206.52512384797387,559.2150001912499,1.0
Paper-proposed AR,2014-03-15T07:00:00+00:00,2014-03-15T18:00:00+11:00,2014-03-15,18,9,0.09025641,0.07983868645612885,0.07983868645612885,36.74,33.58,18.37,98.49301491004101,600.840307551,1.0
Paper-proposed AR,2014-03-15T08:00:00+00:00,2014-03-15T19:00:00+11:00,2014-03-15,19,10,0.02525641,0.028302785206766996,0.028302785206766996,39.68,37.22,19.84,31.87843298706771,610.232615232,1.0
Paper-proposed AR,2014-03-15T09:00:00+00:00,2014-03-15T20:00:00+11:00,2014-03-15,20,11,0.001410256,0.004752123125898564,0.004752123125898564,41.85,39.28,20.925,3.8684334962828237,628.6352882040001,1.0
Paper-proposed AR,2014-03-15T22:00:00+00:00,2014-03-16T09:00:00+11:00,2014-03-16,9,0,0.317884615,0.3149479502512977,0.3149479502512977,26.97,27.17,13.485,257.2180619849922,533.1502209982499,1.0
Paper-proposed AR,2014-03-15T23:00:00+00:00,2014-03-16T10:00:00+11:00,2014-03-16,10,1,0.600064103,0.4646920313848779,0.4646920313848779,24.52,25.43,12.26,445.10281172189286,588.5035770834,1.0
Paper-proposed AR,2014-03-16T00:00:00+00:00,2014-03-16T11:00:00+11:00,2014-03-16,11,2,0.751923077,0.584374828589813,0.584374828589813,24.32,23.96,12.16,546.79355589637,639.1015384896001,1.0
Paper-proposed AR,2014-03-16T01:00:00+00:00,2014-03-16T12:00:00+11:00,2014-03-16,12,3,0.771025641,0.4947857658894836,0.4947857658894836,23.68,23.48,11.84,546.079176115737,629.0683076832,1.0
Paper-proposed AR,2014-03-16T02:00:00+00:00,2014-03-16T13:00:00+11:00,2014-03-16,13,4,0.601410256,0.6223658305447808,0.6223658305447808,23.26,22.66,11.63,426.975476595474,558.7320383184,1.0
Paper-proposed AR,2014-03-16T03:00:00+00:00,2014-03-16T14:00:00+11:00,2014-03-16,14,5,0.614615385,0.5124788271370747,0.5124788271370747,23.47,24.13,11.735,434.7729964241859,568.42534628925,1.0
Paper-proposed AR,2014-03-16T04:00:00+00:00,2014-03-16T15:00:00+11:00,2014-03-16,15,6,0.696153846,0.42803900100437436,0.42803900100437436,25.18,35.78,12.59,611.1351359770089,747.2515382964,0.0
Paper-proposed AR,2014-03-16T05:00:00+00:00,2014-03-16T16:00:00+11:00,2014-03-16,16,7,0.424807692,0.2717669477844007,0.2717669477844007,26.64,48.39,13.32,439.36539304707856,616.6933264764001,0.0
Paper-proposed AR,2014-03-16T06:00:00+00:00,2014-03-16T17:00:00+11:00,2014-03-16,17,8,0.172371795,0.12849524567326606,0.12849524567326606,31.04,25.88,15.52,153.72052566822157,545.856307752,1.0
Paper-proposed AR,2014-03-16T07:00:00+00:00,2014-03-16T18:00:00+11:00,2014-03-16,18,9,0.081025641,0.052447698846153315,0.052447698846153315,35.84,25.63,17.92,78.36534552147675,581.1593846016,1.0
Paper-proposed AR,2014-03-16T08:00:00+00:00,2014-03-16T19:00:00+11:00,2014-03-16,19,10,0.036858974,0.01906735941325698,0.01906735941325698,37.72,34.26,18.86,39.86284538429608,586.6548074892,1.0
Paper-proposed AR,2014-03-16T09:00:00+00:00,2014-03-16T20:00:00+11:00,2014-03-16,20,11,0.002628205,0.001676019604730092,0.001676019604730092,41.97,40.22,20.985,3.25918318224833,631.20458645775,1.0
Paper-proposed AR,2014-03-16T22:00:00+00:00,2014-03-17T09:00:00+11:00,2014-03-17,9,0,0.323012821,0.3978461072025191,0.3978461072025191,33.0,33.21,16.5,356.82516946024697,654.891346395,1.0
Paper-proposed AR,2014-03-16T23:00:00+00:00,2014-03-17T10:00:00+11:00,2014-03-17,10,1,0.667371795,0.6046954975767399,0.6046954975767399,30.33,26.81,15.165,600.6229792626036,758.57079813525,1.0
Paper-proposed AR,2014-03-17T00:00:00+00:00,2014-03-17T11:00:00+11:00,2014-03-17,11,2,0.800961538,0.7187727656852687,0.7187727656852687,27.7,28.41,13.85,667.3496589283038,748.299519039,1.0
Paper-proposed AR,2014-03-17T01:00:00+00:00,2014-03-17T12:00:00+11:00,2014-03-17,12,3,0.662115385,0.735479159099769,0.735479159099769,26.0,24.06,13.0,545.0618721989099,648.2250001499999,1.0
Paper-proposed AR,2014-03-17T02:00:00+00:00,2014-03-17T13:00:00+11:00,2014-03-17,13,4,0.713141026,0.6571055817165479,0.6571055817165479,25.44,23.97,12.72,541.7980679502998,653.7346155216001,1.0
Paper-proposed AR,2014-03-17T03:00:00+00:00,2014-03-17T14:00:00+11:00,2014-03-17,14,5,0.674871795,0.5938708760571716,0.5938708760571716,25.16,26.57,12.58,512.8195697372817,632.096615433,1.0
Paper-proposed AR,2014-03-17T04:00:00+00:00,2014-03-17T15:00:00+11:00,2014-03-17,15,6,0.520961538,0.49073615244084245,0.49073615244084245,29.45,27.83,14.725,458.8005650848249,671.8847594115,1.0
Paper-proposed AR,2014-03-17T05:00:00+00:00,2014-03-17T16:00:00+11:00,2014-03-17,16,7,0.46974359,0.34056990241967033,0.34056990241967033,37.27,35.59,18.635,518.7099541249514,821.6601539895,1.0
Paper-proposed AR,2014-03-17T06:00:00+00:00,2014-03-17T17:00:00+11:00,2014-03-17,17,8,0.308141026,0.16806918720549302,0.16806918720549302,60.08,43.57,30.04,486.01580350748065,1178.8966926311998,1.0
Paper-proposed AR,2014-03-17T07:00:00+00:00,2014-03-17T18:00:00+11:00,2014-03-17,18,9,0.089871795,0.062282333027818194,0.062282333027818194,61.7,40.91,30.85,149.14514511295022,1008.6763462725,1.0
Paper-proposed AR,2014-03-17T08:00:00+00:00,2014-03-17T19:00:00+11:00,2014-03-17,19,10,0.025,0.02749565842824737,0.02749565842824737,53.41,128.77,26.705,42.056896749790376,821.17875,1.0
Paper-proposed AR,2014-03-17T09:00:00+00:00,2014-03-17T20:00:00+11:00,2014-03-17,20,11,0.002435897,0.0029741532425678315,0.0029741532425678315,47.34,48.91,23.67,3.841676677247418,711.8297304597,1.0
Paper-proposed AR,2014-03-17T22:00:00+00:00,2014-03-18T09:00:00+11:00,2014-03-18,9,0,0.23,0.40506739665566543,0.40506739665566543,30.56,23.24,15.28,291.11489462695704,563.832,1.0
Paper-proposed AR,2014-03-17T23:00:00+00:00,2014-03-18T10:00:00+11:00,2014-03-18,10,1,0.506217949,0.6837456019025424,0.6837456019025424,26.79,25.78,13.395,478.1868529301866,605.27368280565,1.0
Paper-proposed AR,2014-03-18T00:00:00+00:00,2014-03-18T11:00:00+11:00,2014-03-18,11,2,0.670448718,0.7677286013078337,0.7677286013078337,25.96,22.06,12.98,560.0262481384705,650.4727307892001,1.0
Paper-proposed AR,2014-03-18T01:00:00+00:00,2014-03-18T12:00:00+11:00,2014-03-18,12,3,0.803910256,0.7835264856922484,0.7835264856922484,23.79,22.1,11.895,572.7172925525969,643.7253748536,1.0
Paper-proposed AR,2014-03-18T02:00:00+00:00,2014-03-18T13:00:00+11:00,2014-03-18,13,4,0.852628205,0.8241730126140133,0.8241730126140133,22.89,23.08,11.445,585.6619829701002,636.09989418675,1.0
Paper-proposed AR,2014-03-18T03:00:00+00:00,2014-03-18T14:00:00+11:00,2014-03-18,14,5,0.669423077,0.7676195642958427,0.7676195642958427,24.25,25.03,12.125,522.7242607713627,607.25264425875,1.0
Paper-proposed AR,2014-03-18T04:00:00+00:00,2014-03-18T15:00:00+11:00,2014-03-18,15,6,0.655128205,0.6120136029242795,0.6120136029242795,27.68,30.79,13.84,548.0410538056648,687.209230716,1.0
Paper-proposed AR,2014-03-18T05:00:00+00:00,2014-03-18T16:00:00+11:00,2014-03-18,16,7,0.466538462,0.49514052769961897,0.49514052769961897,34.74,39.17,17.37,501.13092153247146,764.2131925482,1.0
Paper-proposed AR,2014-03-18T06:00:00+00:00,2014-03-18T17:00:00+11:00,2014-03-18,17,8,0.276666667,0.2783684528410217,0.2783684528410217,54.72,253.84,27.36,455.5728263655106,2106.8720025384,0.0
Paper-proposed AR,2014-03-18T07:00:00+00:00,2014-03-18T18:00:00+11:00,2014-03-18,18,9,0.072692308,0.07329352288059404,0.07329352288059404,59.57,89.46,29.785,130.44563918335479,958.5042118134,1.0
Paper-proposed AR,2014-03-18T08:00:00+00:00,2014-03-18T19:00:00+11:00,2014-03-18,19,10,0.019615385,0.01946609052199433,0.01946609052199433,46.25,40.08,23.125,27.188712279621146,707.3581733437501,1.0
Paper-proposed AR,2014-03-18T09:00:00+00:00,2014-03-18T20:00:00+11:00,2014-03-18,20,11,0.001858974,0.002622519911846097,0.002622519911846097,42.12,39.5,21.06,2.831407853504364,632.9744997731999,1.0
Paper-proposed AR,2014-03-18T22:00:00+00:00,2014-03-19T09:00:00+11:00,2014-03-19,9,0,0.300769231,0.3260087344058067,0.3260087344058067,26.19,24.28,13.095,246.2297237096712,511.00719239835,1.0
Paper-proposed AR,2014-03-18T23:00:00+00:00,2014-03-19T10:00:00+11:00,2014-03-19,10,1,0.637435897,0.5488511953045023,0.5488511953045023,22.83,22.78,11.415,436.4469688027567,560.73992292765,1.0
Paper-proposed AR,2014-03-19T00:00:00+00:00,2014-03-19T11:00:00+11:00,2014-03-19,11,2,0.730448718,0.7293579337419825,0.7293579337419825,23.26,18.49,11.63,509.55102419307775,603.7535577102001,1.0
Paper-proposed AR,2014-03-19T01:00:00+00:00,2014-03-19T12:00:00+11:00,2014-03-19,12,3,0.780064103,0.6720000293432039,0.6720000293432039,20.38,19.65,10.19,474.5645893611162,544.1655962870999,1.0
Paper-proposed AR,2014-03-19T02:00:00+00:00,2014-03-19T13:00:00+11:00,2014-03-19,13,4,0.791089744,0.7532552093531668,0.7532552093531668,18.93,19.37,9.465,449.7592814749382,508.5799328088,1.0
Paper-proposed AR,2014-03-19T03:00:00+00:00,2014-03-19T14:00:00+11:00,2014-03-19,14,5,0.545192308,0.6628318889279702,0.6628318889279702,18.82,22.05,9.41,341.02523079276597,436.2077885484,1.0
Paper-proposed AR,2014-03-19T04:00:00+00:00,2014-03-19T15:00:00+11:00,2014-03-19,15,6,0.567628205,0.5151231794425128,0.5151231794425128,21.58,20.1,10.79,365.1512767822476,507.44124995849995,1.0
Paper-proposed AR,2014-03-19T05:00:00+00:00,2014-03-19T16:00:00+11:00,2014-03-19,16,7,0.508782051,0.45219972066546393,0.45219972066546393,30.9,29.7,15.45,469.60399738495664,699.3204806384999,1.0
Paper-proposed AR,2014-03-19T06:00:00+00:00,2014-03-19T17:00:00+11:00,2014-03-19,17,8,0.290641026,0.24636445468566226,0.24636445468566226,43.15,41.77,21.575,374.4017581045864,835.3674040785,1.0
Paper-proposed AR,2014-03-19T07:00:00+00:00,2014-03-19T18:00:00+11:00,2014-03-19,18,9,0.105192308,0.06121357092525807,0.06121357092525807,44.66,27.57,22.33,118.38875576017982,740.3683271292,1.0
Paper-proposed AR,2014-03-19T08:00:00+00:00,2014-03-19T19:00:00+11:00,2014-03-19,19,10,0.034358974,0.01526346076391731,0.01526346076391731,39.33,32.06,19.665,36.37542198581036,610.2200767113,1.0
Paper-proposed AR,2014-03-19T09:00:00+00:00,2014-03-19T20:00:00+11:00,2014-03-19,20,11,0.001410256,0.0020092432146958587,0.0020092432146958587,37.39,31.34,18.695,1.917826134562172,561.6409420776,1.0
Paper-proposed AR,2014-03-19T22:00:00+00:00,2014-03-20T09:00:00+11:00,2014-03-20,9,0,0.087371795,0.37923488152718493,0.37923488152718493,32.61,36.57,16.305,228.2406558232725,531.88791352425,1.0
Paper-proposed AR,2014-03-19T23:00:00+00:00,2014-03-20T10:00:00+11:00,2014-03-20,10,1,0.233974359,0.5632372235062397,0.5632372235062397,29.23,48.87,14.615,349.53741834986073,541.03605770355,1.0
Paper-proposed AR,2014-03-20T00:00:00+00:00,2014-03-20T11:00:00+11:00,2014-03-20,11,2,0.406858974,0.7323721641604148,0.7323721641604148,28.8,27.29,14.4,492.1478516852993,607.7630767679999,1.0
Paper-proposed AR,2014-03-20T01:00:00+00:00,2014-03-20T12:00:00+11:00,2014-03-20,12,3,0.584807692,0.6761063971359866,0.6761063971359866,26.65,28.95,13.325,504.0504071321107,633.526874877,1.0
Paper-proposed AR,2014-03-20T02:00:00+00:00,2014-03-20T13:00:00+11:00,2014-03-20,13,4,0.731217949,0.7452409658538536,0.7452409658538536,26.12,28.25,13.06,578.4766028397399,678.2911924182001,1.0
Paper-proposed AR,2014-03-20T03:00:00+00:00,2014-03-20T14:00:00+11:00,2014-03-20,14,5,0.727115385,0.6708336601315138,0.6708336601315138,26.83,28.83,13.415,588.6320768786092,695.0775866932499,1.0
Paper-proposed AR,2014-03-20T04:00:00+00:00,2014-03-20T15:00:00+11:00,2014-03-20,15,6,0.438717949,0.5422243518128298,0.5422243518128298,28.49,30.13,14.245,419.2056922523628,614.83611550515,1.0
Paper-proposed AR,2014-03-20T05:00:00+00:00,2014-03-20T16:00:00+11:00,2014-03-20,16,7,0.255,0.4721910578626699,0.4721910578626699,38.23,38.91,19.115,417.007712131348,719.6797499999999,1.0
Paper-proposed AR,2014-03-20T06:00:00+00:00,2014-03-20T17:00:00+11:00,2014-03-20,17,8,0.163974359,0.2654703067264885,0.2654703067264885,60.67,100.57,30.335,390.8161180443909,1059.27486540795,1.0
Paper-proposed AR,2014-03-20T07:00:00+00:00,2014-03-20T18:00:00+11:00,2014-03-20,18,9,0.077884615,0.08058573825660686,0.08058573825660686,51.82,55.08,25.91,123.17900558636053,837.8397112395,1.0
Paper-proposed AR,2014-03-20T08:00:00+00:00,2014-03-20T19:00:00+11:00,2014-03-20,19,10,0.022115385,0.025367195395802393,0.025367195395802393,47.24,96.62,23.62,33.64615646846558,724.270961811,1.0
Paper-proposed AR,2014-03-20T09:00:00+00:00,2014-03-20T20:00:00+11:00,2014-03-20,20,11,0.001602564,0.0018091626558155395,0.0018091626558155395,44.21,43.0,22.105,2.262486531804075,664.2127403166,1.0
Paper-proposed AR,2014-03-20T22:00:00+00:00,2014-03-21T09:00:00+11:00,2014-03-21,9,0,0.278461538,0.20538519423885682,0.20538519423885682,29.72,38.36,14.86,267.21769558368834,569.9381536403998,1.0
Paper-proposed AR,2014-03-20T23:00:00+00:00,2014-03-21T10:00:00+11:00,2014-03-21,10,1,0.596987179,0.5037465544771645,0.5037465544771645,26.96,26.59,13.48,481.8082594429965,645.8216151876001,1.0
Paper-proposed AR,2014-03-21T00:00:00+00:00,2014-03-21T11:00:00+11:00,2014-03-21,11,2,0.745961538,0.5976327607014151,0.5976327607014151,32.05,18.33,16.025,656.1898940509024,839.3710093935,1.0
Paper-proposed AR,2014-03-21T01:00:00+00:00,2014-03-21T12:00:00+11:00,2014-03-21,12,3,0.558269231,0.601369006042032,0.601369006042032,27.73,16.92,13.865,482.3515246976332,648.16208663445,1.0
Paper-proposed AR,2014-03-21T02:00:00+00:00,2014-03-21T13:00:00+11:00,2014-03-21,13,4,0.185064103,0.705335176131643,0.705335176131643,25.41,20.68,12.705,339.3756852410257,451.68718285845,1.0
Paper-proposed AR,2014-03-21T03:00:00+00:00,2014-03-21T14:00:00+11:00,2014-03-21,14,5,0.537564103,0.5859796579118319,0.5859796579118319,24.57,19.17,12.285,414.08205308405564,566.66925016065,1.0
Paper-proposed AR,2014-03-21T04:00:00+00:00,2014-03-21T15:00:00+11:00,2014-03-21,15,6,0.623333333,0.4240010481799497,0.4240010481799497,26.74,20.54,13.37,462.96219475607063,651.1189998663,1.0
Paper-proposed AR,2014-03-21T05:00:00+00:00,2014-03-21T16:00:00+11:00,2014-03-21,16,7,0.45025641,0.30223455300652596,0.30223455300652596,34.76,47.98,17.38,528.2328528316118,756.163692174,1.0
Paper-proposed AR,2014-03-21T06:00:00+00:00,2014-03-21T17:00:00+11:00,2014-03-21,17,8,0.201474359,0.16667344904172188,0.16667344904172188,57.5,84.68,28.75,375.91993125497993,1036.2716346375,1.0
Paper-proposed AR,2014-03-21T07:00:00+00:00,2014-03-21T18:00:00+11:00,2014-03-21,18,9,0.106858974,0.05276008844374259,0.05276008844374259,46.52,33.63,23.26,128.21234506979528,772.3661920572,1.0
Paper-proposed AR,2014-03-21T08:00:00+00:00,2014-03-21T19:00:00+11:00,2014-03-21,19,10,0.035320513,0.016896594745538694,0.016896594745538694,42.28,34.33,21.14,40.406434185510975,656.6002693446001,1.0
Paper-proposed AR,2014-03-21T09:00:00+00:00,2014-03-21T20:00:00+11:00,2014-03-21,20,11,0.000769231,0.0018082482014517506,0.0018082482014517506,39.9,34.33,19.95,1.5426213020688728,598.9603847535,1.0
Paper-proposed AR,2014-03-21T22:00:00+00:00,2014-03-22T09:00:00+11:00,2014-03-22,9,0,0.273012821,0.4448315521507726,0.4448315521507726,25.86,43.65,12.93,278.4518323451847,493.80167326590004,1.0
Paper-proposed AR,2014-03-21T23:00:00+00:00,2014-03-22T10:00:00+11:00,2014-03-22,10,1,0.577628205,0.6569731264309989,0.6569731264309989,23.38,34.52,11.69,432.97468693285134,598.1917690980001,0.0
Paper-proposed AR,2014-03-22T00:00:00+00:00,2014-03-22T11:00:00+11:00,2014-03-22,11,2,0.723461538,0.7237629513477422,0.7237629513477422,21.2,15.3,10.6,460.217387612582,548.060769084,1.0
Paper-proposed AR,2014-03-22T01:00:00+00:00,2014-03-22T12:00:00+11:00,2014-03-22,12,3,0.79025641,0.817376951080102,0.817376951080102,20.5,18.8,10.25,494.34725853213143,550.503846075,1.0
Paper-proposed AR,2014-03-22T02:00:00+00:00,2014-03-22T13:00:00+11:00,2014-03-22,13,4,0.789294872,0.6856681757434319,0.6856681757434319,20.5,19.79,10.25,483.2090976497351,550.20817314,1.0
Paper-proposed AR,2014-03-22T03:00:00+00:00,2014-03-22T14:00:00+11:00,2014-03-22,14,5,0.733717949,0.6559602618477298,0.6559602618477298,20.38,17.84,10.19,442.67001825759695,529.9975770093,1.0
Paper-proposed AR,2014-03-22T04:00:00+00:00,2014-03-22T15:00:00+11:00,2014-03-22,15,6,0.639230769,0.5658651321070772,0.5658651321070772,21.75,21.74,10.875,417.0760670814321,534.79903838625,1.0
Paper-proposed AR,2014-03-22T05:00:00+00:00,2014-03-22T16:00:00+11:00,2014-03-22,16,7,0.488589744,0.3692054975460593,0.3692054975460593,23.65,22.8,11.825,343.61012508342446,528.077211684,1.0
Paper-proposed AR,2014-03-22T06:00:00+00:00,2014-03-22T17:00:00+11:00,2014-03-22,17,8,0.260448718,0.19681610991363224,0.19681610991363224,29.65,24.0,14.825,220.8834075903607,560.5845673304999,1.0
Paper-proposed AR,2014-03-22T07:00:00+00:00,2014-03-22T18:00:00+11:00,2014-03-22,18,9,0.07525641,0.0706797246163436,0.0706797246163436,32.52,24.95,16.26,72.38078834537163,524.510076798,1.0
Paper-proposed AR,2014-03-22T08:00:00+00:00,2014-03-22T19:00:00+11:00,2014-03-22,19,10,0.019294872,0.02567647528627237,0.02567647528627237,37.0,29.04,18.5,24.959097743881166,565.70865396,1.0
Paper-proposed AR,2014-03-22T09:00:00+00:00,2014-03-22T20:00:00+11:00,2014-03-22,20,11,0.001217949,0.001229320892283336,0.001229320892283336,40.7,28.78,20.35,1.4940582692389768,611.2435578645001,1.0
Paper-proposed AR,2014-03-22T22:00:00+00:00,2014-03-23T09:00:00+11:00,2014-03-23,9,0,0.115833333,0.36255466219296334,0.36255466219296334,34.09,26.81,17.045,244.62370134192182,570.5813748295501,1.0
Paper-proposed AR,2014-03-22T23:00:00+00:00,2014-03-23T10:00:00+11:00,2014-03-23,10,1,0.275897436,0.6101094433774795,0.6101094433774795,32.28,28.37,16.14,429.0045309945756,617.7895385112,1.0
Paper-proposed AR,2014-03-23T00:00:00+00:00,2014-03-23T11:00:00+11:00,2014-03-23,11,2,0.669807692,0.760373415733709,0.760373415733709,31.76,30.41,15.88,681.338279724339,795.4963844688001,1.0
Paper-proposed AR,2014-03-23T01:00:00+00:00,2014-03-23T12:00:00+11:00,2014-03-23,12,3,0.698653846,0.7505377783541851,0.7505377783541851,31.22000000000001,31.94,15.610000000000005,678.6564376850652,795.4795960818003,1.0
Paper-proposed AR,2014-03-23T02:00:00+00:00,2014-03-23T13:00:00+11:00,2014-03-23,13,4,0.686538462,0.7842738943997624,0.7842738943997624,33.2,31.19,16.6,732.4645534870817,839.8961540760001,1.0
Paper-proposed AR,2014-03-23T03:00:00+00:00,2014-03-23T14:00:00+11:00,2014-03-23,14,5,0.618525641,0.6913274551167531,0.6913274551167531,32.92,30.8,16.46,646.8054588624526,799.2279615258001,1.0
Paper-proposed AR,2014-03-23T04:00:00+00:00,2014-03-23T15:00:00+11:00,2014-03-23,15,6,0.584166667,0.5501398351936992,0.5501398351936992,33.33,31.69,16.665,582.4341302084299,792.0041251666499,1.0
Paper-proposed AR,2014-03-23T05:00:00+00:00,2014-03-23T16:00:00+11:00,2014-03-23,16,7,0.364807692,0.4334959483063715,0.4334959483063715,35.65,34.0,17.825,426.8928716538322,729.830913297,1.0
Paper-proposed AR,2014-03-23T06:00:00+00:00,2014-03-23T17:00:00+11:00,2014-03-23,17,8,0.251730769,0.2337509285671547,0.2337509285671547,38.83,35.36,19.415,291.36947141904085,729.0705864040499,1.0
Paper-proposed AR,2014-03-23T07:00:00+00:00,2014-03-23T18:00:00+11:00,2014-03-23,18,9,0.103076923,0.05942883092509435,0.05942883092509435,41.73,38.88,20.865,125.31008803129558,690.47099995185,1.0
Paper-proposed AR,2014-03-23T08:00:00+00:00,2014-03-23T19:00:00+11:00,2014-03-23,19,10,0.031217949,0.014697750341765283,0.014697750341765283,45.79,39.81,22.895,39.920372902012694,708.29204827065,1.0
Paper-proposed AR,2014-03-23T09:00:00+00:00,2014-03-23T20:00:00+11:00,2014-03-23,20,11,0.000576923,0.001410648898044534,0.001410648898044534,46.95,47.06,23.475,1.3997475091978633,704.65629802275,1.0
Paper-proposed AR,2014-03-23T22:00:00+00:00,2014-03-24T09:00:00+11:00,2014-03-24,9,0,0.094358974,0.30984012508486325,0.30984012508486325,37.25,31.61,18.625,225.84624661366735,611.4730767225,1.0
Paper-proposed AR,2014-03-23T23:00:00+00:00,2014-03-24T10:00:00+11:00,2014-03-24,10,1,0.228012821,0.5685254282038116,0.5685254282038116,34.83,32.54,17.415,416.1514082965313,641.5752983314499,1.0
Paper-proposed AR,2014-03-24T00:00:00+00:00,2014-03-24T11:00:00+11:00,2014-03-24,11,2,0.125384615,0.6158782928233036,0.6158782928233036,32.75,35.53,16.375,364.14540346819786,552.84519211875,1.0
Paper-proposed AR,2014-03-24T01:00:00+00:00,2014-03-24T12:00:00+11:00,2014-03-24,12,3,0.074615385,0.5851455078887883,0.5851455078887883,30.35,33.19,15.175,300.35614648762095,489.2186540212501,1.0
Paper-proposed AR,2014-03-24T02:00:00+00:00,2014-03-24T13:00:00+11:00,2014-03-24,13,4,0.079615385,0.7140617703718722,0.7140617703718722,30.22,30.77,15.11,359.7738545300697,489.38965402049996,1.0
Paper-proposed AR,2014-03-24T03:00:00+00:00,2014-03-24T14:00:00+11:00,2014-03-24,14,5,0.077307692,0.6411471871271391,0.6411471871271391,29.83,31.19,14.915,321.47263566543836,482.0413267854,1.0
Paper-proposed AR,2014-03-24T04:00:00+00:00,2014-03-24T15:00:00+11:00,2014-03-24,15,6,0.082692308,0.49889827201297143,0.49889827201297143,35.52,42.07,17.76,309.8714610309112,576.8584617024001,1.0
Paper-proposed AR,2014-03-24T05:00:00+00:00,2014-03-24T16:00:00+11:00,2014-03-24,16,7,0.078012821,0.4198108806493015,0.4198108806493015,44.73,45.85,22.365,334.0148126215988,723.2927022499499,1.0
Paper-proposed AR,2014-03-24T06:00:00+00:00,2014-03-24T17:00:00+11:00,2014-03-24,17,8,0.081025641,0.23714405019054158,0.23714405019054158,79.33,42.4,39.665,378.6060240321849,1286.36646150795,1.0
Paper-proposed AR,2014-03-24T07:00:00+00:00,2014-03-24T18:00:00+11:00,2014-03-24,18,9,0.045320513,0.07327868997205121,0.07327868997205121,77.12,53.02,38.56,137.19555799806884,1209.2267694384002,1.0
Paper-proposed AR,2014-03-24T08:00:00+00:00,2014-03-24T19:00:00+11:00,2014-03-24,19,10,0.009230769,0.02273416071090696,0.02273416071090696,63.35,41.49,31.675,30.374674457789336,959.02153824225,1.0
Paper-proposed AR,2014-03-24T09:00:00+00:00,2014-03-24T20:00:00+11:00,2014-03-24,20,11,0.000128205,0.0009911404406481622,0.0009911404406481622,56.64,39.67,28.32,0.9509958863746786,849.708922968,1.0
Paper-proposed AR,2014-03-24T22:00:00+00:00,2014-03-25T09:00:00+11:00,2014-03-25,9,0,0.015769231,0.17061087055777566,0.17061087055777566,32.72,27.07,16.36,91.4753538445563,498.5395385748,1.0
Paper-proposed AR,2014-03-24T23:00:00+00:00,2014-03-25T10:00:00+11:00,2014-03-25,10,1,0.09275641,0.34505652411689314,0.34505652411689314,27.12,26.17,13.56,178.10230159875215,444.533307588,1.0
Paper-proposed AR,2014-03-25T00:00:00+00:00,2014-03-25T11:00:00+11:00,2014-03-25,11,2,0.249551282,0.5323621698142171,0.5323621698142171,28.75,25.65,14.375,337.20017609488116,538.8689903625,1.0
Paper-proposed AR,2014-03-25T01:00:00+00:00,2014-03-25T12:00:00+11:00,2014-03-25,12,3,0.276474359,0.49054544283459006,0.49054544283459006,28.6,27.85,14.3,329.0514949870392,547.607500011,1.0
Paper-proposed AR,2014-03-25T02:00:00+00:00,2014-03-25T13:00:00+11:00,2014-03-25,13,4,0.400576923,0.5079810807130811,0.5079810807130811,28.28,24.28,14.14,385.41030517508904,594.1247307366,1.0
Paper-proposed AR,2014-03-25T03:00:00+00:00,2014-03-25T14:00:00+11:00,2014-03-25,14,5,0.219551282,0.4655675330787214,0.4655675330787214,27.51,22.11,13.755,282.71427904223447,503.2478365173001,1.0
Paper-proposed AR,2014-03-25T04:00:00+00:00,2014-03-25T15:00:00+11:00,2014-03-25,15,6,0.376217949,0.3067647417827749,0.3067647417827749,31.08,25.78,15.54,339.7425557000612,641.5928078238001,1.0
Paper-proposed AR,2014-03-25T05:00:00+00:00,2014-03-25T16:00:00+11:00,2014-03-25,16,7,0.228397436,0.20770715207471585,0.20770715207471585,40.52,32.49,20.26,272.6556338039991,746.6199616008001,1.0
Paper-proposed AR,2014-03-25T06:00:00+00:00,2014-03-25T17:00:00+11:00,2014-03-25,17,8,0.113910256,0.0914971098141418,0.0914971098141418,65.37,39.85,32.685,206.22989832170697,1092.2447015208,1.0
Paper-proposed AR,2014-03-25T07:00:00+00:00,2014-03-25T18:00:00+11:00,2014-03-25,18,9,0.083782051,0.027208040613445957,0.027208040613445957,63.96,37.97,31.98,116.6502435604038,1039.7804997294002,1.0
Paper-proposed AR,2014-03-25T08:00:00+00:00,2014-03-25T19:00:00+11:00,2014-03-25,19,10,0.029807692,0.006894441387300346,0.006894441387300346,52.81,39.65,26.405,38.17817509370618,815.7621632178,1.0
Paper-proposed AR,2014-03-25T09:00:00+00:00,2014-03-25T20:00:00+11:00,2014-03-25,20,11,0.000512821,0.00025379953914627214,0.00025379953914627214,49.33,42.55,24.665,0.7062388327623517,740.3294618989501,1.0
Paper-proposed AR,2014-03-25T22:00:00+00:00,2014-03-26T09:00:00+11:00,2014-03-26,9,0,0.030192308,0.153020143353931,0.153020143353931,45.22,41.79,22.61,124.27300575337136,698.7794425164,1.0
Paper-proposed AR,2014-03-25T23:00:00+00:00,2014-03-26T10:00:00+11:00,2014-03-26,10,1,0.06775641,0.3275618182496759,0.3275618182496759,37.58,34.68,18.79,222.84088526434226,601.8942883169999,1.0
Paper-proposed AR,2014-03-26T00:00:00+00:00,2014-03-26T11:00:00+11:00,2014-03-26,11,2,0.103461538,0.5167078665912456,0.5167078665912456,35.35,39.63,17.675,328.844826784508,585.1104805245,1.0
Paper-proposed AR,2014-03-26T01:00:00+00:00,2014-03-26T12:00:00+11:00,2014-03-26,12,3,0.111794872,0.4240843442591898,0.4240843442591898,32.75,35.75,16.375,263.25066498732696,546.16923087,1.0
Paper-proposed AR,2014-03-26T02:00:00+00:00,2014-03-26T13:00:00+11:00,2014-03-26,13,4,0.097948718,0.48876956761044854,0.48876956761044854,32.21,30.44,16.105,283.4729396926882,530.4739231017002,1.0
Paper-proposed AR,2014-03-26T03:00:00+00:00,2014-03-26T14:00:00+11:00,2014-03-26,14,5,0.12974359,0.45019935027265023,0.45019935027265023,31.75,31.21,15.875,276.1978253048497,538.0403847375001,1.0
Paper-proposed AR,2014-03-26T04:00:00+00:00,2014-03-26T15:00:00+11:00,2014-03-26,15,6,0.110512821,0.3119335665245364,0.3119335665245364,34.980000000000004,55.33,17.490000000000002,221.6576195341243,582.6860771787001,1.0
Paper-proposed AR,2014-03-26T05:00:00+00:00,2014-03-26T16:00:00+11:00,2014-03-26,16,7,0.077692308,0.255250794133602,0.255250794133602,43.02,80.92,21.51,214.84818380681338,695.4348463524001,1.0
Paper-proposed AR,2014-03-26T06:00:00+00:00,2014-03-26T17:00:00+11:00,2014-03-26,17,8,0.07724359,0.127482974467787,0.127482974467787,67.37,52.05,33.685,206.88642972292217,1088.6085098745,1.0
Paper-proposed AR,2014-03-26T07:00:00+00:00,2014-03-26T18:00:00+11:00,2014-03-26,18,9,0.052051282,0.05225279117769742,0.05225279117769742,63.32,45.74,31.66,99.068008704177,999.2383076435999,1.0
Paper-proposed AR,2014-03-26T08:00:00+00:00,2014-03-26T19:00:00+11:00,2014-03-26,19,10,0.014871795,0.021515448538909975,0.021515448538909975,49.19,37.19,24.595,26.84832764518472,748.82315394075,1.0
Paper-proposed AR,2014-03-26T09:00:00+00:00,2014-03-26T20:00:00+11:00,2014-03-26,20,11,0.000128205,0.0009111224805526534,0.0009111224805526534,44.91,38.45,22.455,0.700142957274295,673.7363652982499,1.0
Paper-proposed AR,2014-03-26T22:00:00+00:00,2014-03-27T09:00:00+11:00,2014-03-27,9,0,0.053333333,0.14781327920839096,0.14781327920839096,27.14,24.09,13.57,81.88678583003598,428.8119998643,1.0
Paper-proposed AR,2014-03-26T23:00:00+00:00,2014-03-27T10:00:00+11:00,2014-03-27,10,1,0.086282051,0.3316973730804658,0.3316973730804658,25.44,21.5,12.72,159.50094822910575,414.5252306616,1.0
Paper-proposed AR,2014-03-27T00:00:00+00:00,2014-03-27T11:00:00+11:00,2014-03-27,11,2,0.123910256,0.48553256651938903,0.48553256651938903,25.45,15.81,12.725,232.65479749677675,429.052740228,1.0
Paper-proposed AR,2014-03-27T01:00:00+00:00,2014-03-27T12:00:00+11:00,2014-03-27,12,3,0.187820513,0.44186544185537396,0.44186544185537396,24.98,29.06,12.49,235.9433272843086,445.07634622110004,1.0
Paper-proposed AR,2014-03-27T02:00:00+00:00,2014-03-27T13:00:00+11:00,2014-03-27,13,4,0.207435897,0.5010711096845203,0.5010711096845203,24.15,19.71,12.075,256.65666317146747,437.39365368824997,1.0
Paper-proposed AR,2014-03-27T03:00:00+00:00,2014-03-27T14:00:00+11:00,2014-03-27,14,5,0.184807692,0.4550092453452146,0.4550092453452146,24.45,18.66,12.225,234.65286177135746,434.528221041,1.0
Paper-proposed AR,2014-03-27T04:00:00+00:00,2014-03-27T15:00:00+11:00,2014-03-27,15,6,0.186987179,0.3077985325383097,0.3077985325383097,26.88,23.4,13.44,199.4975988922465,478.5932305728,1.0
Paper-proposed AR,2014-03-27T05:00:00+00:00,2014-03-27T16:00:00+11:00,2014-03-27,16,7,0.150064103,0.19932517586482043,0.19932517586482043,35.58,31.78,17.79,186.46905813015465,613.7892117711,1.0
Paper-proposed AR,2014-03-27T06:00:00+00:00,2014-03-27T17:00:00+11:00,2014-03-27,17,8,0.061474359,0.09045281838677285,0.09045281838677285,47.96,37.96,23.98,109.29641141204439,763.6246538646,1.0
Paper-proposed AR,2014-03-27T07:00:00+00:00,2014-03-27T18:00:00+11:00,2014-03-27,18,9,0.044166667,0.03187271062724169,0.03187271062724169,46.4,37.8,23.2,58.30815971982835,726.740000232,1.0
Paper-proposed AR,2014-03-27T08:00:00+00:00,2014-03-27T19:00:00+11:00,2014-03-27,19,10,0.010641026,0.010793201476305825,0.010793201476305825,42.52,38.33,21.26,13.670750284387857,644.5868463828001,1.0
Paper-proposed AR,2014-03-27T09:00:00+00:00,2014-03-27T20:00:00+11:00,2014-03-27,20,11,0.000128205,0.0003363107319148524,0.0003363107319148524,40.97,52.33,20.485,0.28546814304827245,614.62878838275,1.0
Paper-proposed AR,2014-03-27T22:00:00+00:00,2014-03-28T09:00:00+11:00,2014-03-28,9,0,0.042371795,0.15111250391794656,0.15111250391794656,28.64,17.36,14.32,83.12085481514984,447.802923132,1.0
Paper-proposed AR,2014-03-27T23:00:00+00:00,2014-03-28T10:00:00+11:00,2014-03-28,10,1,0.079230769,0.3212914257853395,0.3212914257853395,25.64,16.18,12.82,154.0408361144416,415.07215375740003,1.0
Paper-proposed AR,2014-03-28T00:00:00+00:00,2014-03-28T11:00:00+11:00,2014-03-28,11,2,0.084038462,0.5224810903223057,0.5224810903223057,22.25,17.64,11.125,202.4259005875695,361.7978366925,1.0
Paper-proposed AR,2014-03-28T01:00:00+00:00,2014-03-28T12:00:00+11:00,2014-03-28,12,3,0.104358974,0.4612960940675161,0.4612960940675161,22.32,19.48,11.16,189.38131678900442,369.7393844952,1.0
Paper-proposed AR,2014-03-28T02:00:00+00:00,2014-03-28T13:00:00+11:00,2014-03-28,13,4,0.128525641,0.5054471286058507,0.5054471286058507,21.51,20.43,10.755,204.55131411332772,364.11879806865,1.0
Paper-proposed AR,2014-03-28T03:00:00+00:00,2014-03-28T14:00:00+11:00,2014-03-28,14,5,0.107115385,0.44469549771192335,0.44469549771192335,21.98,20.13,10.99,181.93204803012114,365.0159424345,1.0
Paper-proposed AR,2014-03-28T04:00:00+00:00,2014-03-28T15:00:00+11:00,2014-03-28,15,6,0.131858974,0.3043217250399176,0.3043217250399176,24.15,22.96,12.075,158.00645822721015,410.0159133315,1.0
Paper-proposed AR,2014-03-28T05:00:00+00:00,2014-03-28T16:00:00+11:00,2014-03-28,16,7,0.066410256,0.1838567672888651,0.1838567672888651,31.65,25.19,15.825,118.8142693063887,506.278269036,1.0
Paper-proposed AR,2014-03-28T06:00:00+00:00,2014-03-28T17:00:00+11:00,2014-03-28,17,8,0.053076923,0.07429882298097018,0.07429882298097018,42.5,37.86,21.25,81.2020380628685,671.3365384125,1.0
Paper-proposed AR,2014-03-28T07:00:00+00:00,2014-03-28T18:00:00+11:00,2014-03-28,18,9,0.052179487,0.024769857830780354,0.024769857830780354,43.54,38.6,21.77,64.09473887652163,687.1784229597,1.0
Paper-proposed AR,2014-03-28T08:00:00+00:00,2014-03-28T19:00:00+11:00,2014-03-28,19,10,0.015064103,0.00783482913428271,0.00783482913428271,42.29,45.06,21.145,19.712580134341106,643.90591373805,1.0
Paper-proposed AR,2014-03-28T09:00:00+00:00,2014-03-28T20:00:00+11:00,2014-03-28,20,11,0.000128205,0.0002744273446519088,0.0002744273446519088,43.48,45.72,21.74,0.2625968151819749,652.2836153009999,1.0
Paper-proposed AR,2014-03-28T22:00:00+00:00,2014-03-29T09:00:00+11:00,2014-03-29,9,0,0.083589744,0.14612237458194377,0.14612237458194377,34.75,30.59,17.375,119.73744181083819,564.82115406,1.0
Paper-proposed AR,2014-03-28T23:00:00+00:00,2014-03-29T10:00:00+11:00,2014-03-29,10,1,0.427179487,0.31235523512090696,0.31235523512090696,31.81,28.31,15.905,395.6008379967952,680.97869222205,1.0
Paper-proposed AR,2014-03-29T00:00:00+00:00,2014-03-29T11:00:00+11:00,2014-03-29,11,2,0.530320513,0.48355617180294436,0.48355617180294436,28.34,36.9,14.17,462.88758297200394,650.5392500763,1.0
Paper-proposed AR,2014-03-29T01:00:00+00:00,2014-03-29T12:00:00+11:00,2014-03-29,12,3,0.410769231,0.4286974441379684,0.4286974441379684,26.88,27.1,13.44,338.47296341562884,568.8221539392,1.0
Paper-proposed AR,2014-03-29T02:00:00+00:00,2014-03-29T13:00:00+11:00,2014-03-29,13,4,0.549294872,0.4715707777766575,0.4715707777766575,26.29,26.53,13.145,433.7884790248081,610.9644327732,1.0
Paper-proposed AR,2014-03-29T03:00:00+00:00,2014-03-29T14:00:00+11:00,2014-03-29,14,5,0.56974359,0.42224372569162155,0.42224372569162155,26.06,26.55,13.03,447.5937866673331,613.612769331,1.0
Paper-proposed AR,2014-03-29T04:00:00+00:00,2014-03-29T15:00:00+11:00,2014-03-29,15,6,0.362371795,0.273089819986791,0.273089819986791,26.28,26.88,13.14,287.30099872823774,537.046961589,1.0
Paper-proposed AR,2014-03-29T05:00:00+00:00,2014-03-29T16:00:00+11:00,2014-03-29,16,7,0.221025641,0.17378506931431953,0.17378506931431953,27.67,27.67,13.835,183.4733845941,506.7866922970501,1.0
Paper-proposed AR,2014-03-29T06:00:00+00:00,2014-03-29T17:00:00+11:00,2014-03-29,17,8,0.14775641,0.07250940261484083,0.07250940261484083,32.480000000000004,30.73,16.240000000000002,140.02337801627917,559.186922952,1.0
Paper-proposed AR,2014-03-29T07:00:00+00:00,2014-03-29T18:00:00+11:00,2014-03-29,18,9,0.071538462,0.029258023361055208,0.029258023361055208,36.6,32.56,18.3,73.42484211295988,588.2746156380001,1.0
Paper-proposed AR,2014-03-29T08:00:00+00:00,2014-03-29T19:00:00+11:00,2014-03-29,19,10,0.014935897,0.01092915194661594,0.01092915194661594,40.48,42.62,20.24,18.395386349227255,616.2690766584,1.0
Paper-proposed AR,2014-03-29T09:00:00+00:00,2014-03-29T20:00:00+11:00,2014-03-29,20,11,0.000320513,0.0003391236178081172,0.0003391236178081172,43.93,47.08,21.965,0.43466754930465884,659.1612020413501,1.0
Paper-proposed AR,2014-03-29T22:00:00+00:00,2014-03-30T09:00:00+11:00,2014-03-30,9,0,0.042179487,0.18736076366452453,0.18736076366452453,23.98,19.24,11.99,82.56562816402949,374.8719614739,1.0
Paper-proposed AR,2014-03-29T23:00:00+00:00,2014-03-30T10:00:00+11:00,2014-03-30,10,1,0.086987179,0.5552400931818244,0.5552400931818244,21.0,21.05,10.5,202.3015907372747,342.400961385,1.0
Paper-proposed AR,2014-03-30T00:00:00+00:00,2014-03-30T11:00:00+11:00,2014-03-30,11,2,0.154230769,0.644858700369015,0.644858700369015,20.03,28.5,10.015,240.0864310719206,346.78863454605005,1.0
Paper-proposed AR,2014-03-30T01:00:00+00:00,2014-03-30T12:00:00+11:00,2014-03-30,12,3,0.320448718,0.6699241950629636,0.6699241950629636,18.83,14.7,9.415,279.730829294634,372.96074039909996,1.0
Paper-proposed AR,2014-03-30T02:00:00+00:00,2014-03-30T13:00:00+11:00,2014-03-30,13,4,0.512884615,0.6824172759207098,0.6824172759207098,18.73,16.43,9.365,335.8200662541734,425.04493258425003,1.0
Paper-proposed AR,2014-03-30T03:00:00+00:00,2014-03-30T14:00:00+11:00,2014-03-30,14,5,0.621089744,0.6045339881281414,0.6045339881281414,18.73,56.83,9.365,367.9135561151345,1058.8959045456002,0.0
Paper-proposed AR,2014-03-30T04:00:00+00:00,2014-03-30T15:00:00+11:00,2014-03-30,15,6,0.205512821,0.4241576856525879,0.4241576856525879,18.97,15.34,9.485,179.17274266799387,343.02867321554993,1.0
Paper-proposed AR,2014-03-30T05:00:00+00:00,2014-03-30T16:00:00+11:00,2014-03-30,16,7,0.097115385,0.2934153951241133,0.2934153951241133,20.21,16.53,10.105,118.38940599462494,332.59052896275,1.0
Paper-proposed AR,2014-03-30T06:00:00+00:00,2014-03-30T17:00:00+11:00,2014-03-30,17,8,0.090576923,0.14953360966989301,0.14953360966989301,23.68,25.81,11.84,85.287261204346,387.3729230496,1.0
Paper-proposed AR,2014-03-30T07:00:00+00:00,2014-03-30T18:00:00+11:00,2014-03-30,18,9,0.044487179,0.043722959251306176,0.043722959251306176,29.01,56.18,14.505,39.34010740086034,454.50859594185,1.0
Paper-proposed AR,2014-03-30T08:00:00+00:00,2014-03-30T19:00:00+11:00,2014-03-30,19,10,0.019423077,0.011197861451982163,0.011197861451982163,32.82,41.55,16.41,21.27814556622587,501.86198080709994,1.0
Paper-proposed AR,2014-03-30T09:00:00+00:00,2014-03-30T20:00:00+11:00,2014-03-30,20,11,0.000192308,0.0005154206675533643,0.0005154206675533643,34.300000000000004,35.63,17.150000000000002,0.364126399456206,514.598942466,1.0
Paper-proposed AR,2014-03-30T22:00:00+00:00,2014-03-31T09:00:00+11:00,2014-03-31,9,0,0.206089744,0.11456242942082664,0.11456242942082664,22.58,20.07,11.29,132.71318579778824,408.5025962928,1.0
Paper-proposed AR,2014-03-30T23:00:00+00:00,2014-03-31T10:00:00+11:00,2014-03-31,10,1,0.61025641,0.43650092734692364,0.43650092734692364,20.44,16.580000000000002,10.22,354.08834572077376,493.704615306,1.0
Paper-proposed AR,2014-03-31T00:00:00+00:00,2014-03-31T11:00:00+11:00,2014-03-31,11,2,0.711987179,0.5261050541042861,0.5261050541042861,18.34,7.77,9.17,332.79212408136914,470.9676729429,1.0
Paper-proposed AR,2014-03-31T01:00:00+00:00,2014-03-31T12:00:00+11:00,2014-03-31,12,3,0.749358974,0.5488133385931924,0.5488133385931924,17.48,4.93,8.74,317.4584142349369,458.68192298279996,1.0
Paper-proposed AR,2014-03-31T02:00:00+00:00,2014-03-31T13:00:00+11:00,2014-03-31,13,4,0.761987179,0.6360883045951445,0.6360883045951445,16.94,9.92,8.47,360.72758141813745,447.72094218390004,1.0
Paper-proposed AR,2014-03-31T03:00:00+00:00,2014-03-31T14:00:00+11:00,2014-03-31,14,5,0.712948718,0.5337071897765302,0.5337071897765302,17.17,11.43,8.585,336.3744934817185,441.1699423209001,1.0
Paper-proposed AR,2014-03-31T04:00:00+00:00,2014-03-31T15:00:00+11:00,2014-03-31,15,6,0.61,0.36356714264177703,0.36356714264177703,19.51,21.29,9.755,370.1925145829291,471.16650000000004,1.0
Paper-proposed AR,2014-03-31T05:00:00+00:00,2014-03-31T16:00:00+11:00,2014-03-31,16,7,0.454166667,0.20501674153069413,0.20501674153069413,29.43,52.26,14.715,571.6265342482276,712.0425005226,0.0
Paper-proposed AR,2014-03-31T06:00:00+00:00,2014-03-31T17:00:00+11:00,2014-03-31,17,8,0.221602564,0.10140845105994933,0.10140845105994933,40.69,47.8,20.345,296.1476541649128,745.6051249374,1.0
Paper-proposed AR,2014-03-31T07:00:00+00:00,2014-03-31T18:00:00+11:00,2014-03-31,18,9,0.061089744,0.034046469381031765,0.034046469381031765,38.36,26.33,19.18,60.54215958521436,610.5510386976,1.0
Paper-proposed AR,2014-03-31T08:00:00+00:00,2014-03-31T19:00:00+11:00,2014-03-31,19,10,0.02275641,0.013801098826620933,0.013801098826620933,37.0,27.34,18.5,22.664365921954747,567.6298075499999,1.0
Paper-proposed AR,2014-03-31T09:00:00+00:00,2014-03-31T20:00:00+11:00,2014-03-31,20,11,0.000320513,0.000462273338542013,0.000462273338542013,36.43,25.89,18.215,0.42775359469628305,546.6251443288501,1.0
Paper-proposed AR,2014-03-31T22:00:00+00:00,2014-04-01T09:00:00+11:00,2014-04-01,9,0,0.191923077,0.2663727471368825,0.2663727471368825,21.64,19.32,10.82,148.7628245148321,386.8982307942,1.0
Paper-proposed AR,2014-03-31T23:00:00+00:00,2014-04-01T10:00:00+11:00,2014-04-01,10,1,0.320512821,0.5845154616157393,0.5845154616157393,19.03,16.36,9.515,258.34032327266283,376.94038475445,1.0
Paper-proposed AR,2014-04-01T00:00:00+00:00,2014-04-01T11:00:00+11:00,2014-04-01,11,2,0.448653846,0.7580716883380014,0.7580716883380014,16.4,4.32,8.2,296.8544814471484,356.368846116,1.0
Paper-proposed AR,2014-04-01T01:00:00+00:00,2014-04-01T12:00:00+11:00,2014-04-01,12,3,0.455192308,0.756390665187091,0.756390665187091,13.76,0.35,6.88,250.0707256658156,300.3516923712,1.0
Paper-proposed AR,2014-04-01T02:00:00+00:00,2014-04-01T13:00:00+11:00,2014-04-01,13,4,0.386538462,0.7398811609431435,0.7398811609431435,13.58,16.080000000000002,6.79,229.45167719351838,282.4378847094,1.0
Paper-proposed AR,2014-04-01T03:00:00+00:00,2014-04-01T14:00:00+11:00,2014-04-01,14,5,0.357884615,0.6588886179587452,0.6588886179587452,14.26,11.87,7.13,217.48779452987563,290.4515191485,1.0
Paper-proposed AR,2014-04-01T04:00:00+00:00,2014-04-01T15:00:00+11:00,2014-04-01,15,6,0.282884615,0.5200667346029573,0.5200667346029573,18.31,16.03,9.155,220.5305881684522,352.3442595097499,1.0
Paper-proposed AR,2014-04-01T05:00:00+00:00,2014-04-01T16:00:00+11:00,2014-04-01,16,7,0.238974359,0.38578016531885145,0.38578016531885145,28.96,24.88,14.48,271.39336536410906,538.2104615495999,1.0
Paper-proposed AR,2014-04-01T06:00:00+00:00,2014-04-01T17:00:00+11:00,2014-04-01,17,8,0.233717949,0.1963607911534664,0.1963607911534664,38.27,37.12,19.135,267.04275530119463,708.21578862345,1.0
Paper-proposed AR,2014-04-01T07:00:00+00:00,2014-04-01T18:00:00+11:00,2014-04-01,18,9,0.071666667,0.0524969832455664,0.0524969832455664,35.76,31.65,17.88,74.52037835067833,574.8420001788,1.0
Paper-proposed AR,2014-04-01T08:00:00+00:00,2014-04-01T19:00:00+11:00,2014-04-01,19,10,0.012948718,0.016312582867500317,0.016312582867500317,35.56,29.1,17.78,15.607977882724672,540.3068461812001,1.0
Paper-proposed AR,2014-04-01T09:00:00+00:00,2014-04-01T20:00:00+11:00,2014-04-01,20,11,0.000192308,0.0006298111801466741,0.0006298111801466741,35.79,29.8,17.895,0.441354681861742,536.9532405498001,1.0
Paper-proposed AR,2014-04-01T22:00:00+00:00,2014-04-02T09:00:00+11:00,2014-04-02,9,0,0.226666667,0.3277448475734653,0.3277448475734653,34.910000000000004,32.230000000000004,17.455000000000002,290.3175896063951,642.34400017455,1.0
Paper-proposed AR,2014-04-01T23:00:00+00:00,2014-04-02T10:00:00+11:00,2014-04-02,10,1,0.535961538,0.5073057762974936,0.5073057762974936,31.47000000000001,29.94,15.735000000000005,504.6859885636551,725.0506440129003,1.0
Paper-proposed AR,2014-04-02T00:00:00+00:00,2014-04-02T11:00:00+11:00,2014-04-02,11,2,0.677948718,0.6017198733693697,0.6017198733693697,27.69,30.19,13.845,568.8891633898974,696.9360000213001,1.0
Paper-proposed AR,2014-04-02T01:00:00+00:00,2014-04-02T12:00:00+11:00,2014-04-02,12,3,0.753525641,0.5640690246615647,0.5640690246615647,26.57,28.47,13.285,611.4343155723908,698.8676442205499,1.0
Paper-proposed AR,2014-04-02T02:00:00+00:00,2014-04-02T13:00:00+11:00,2014-04-02,13,4,0.764615385,0.6932080979535097,0.6932080979535097,26.2,27.47,13.1,603.7083102464713,693.493846305,1.0
Paper-proposed AR,2014-04-02T03:00:00+00:00,2014-04-02T14:00:00+11:00,2014-04-02,14,5,0.715897436,0.6248764025097863,0.6248764025097863,25.96,27.37,12.98,561.391112873436,668.1704615784,1.0
Paper-proposed AR,2014-04-02T04:00:00+00:00,2014-04-02T15:00:00+11:00,2014-04-02,15,6,0.606987179,0.4657259365139106,0.4657259365139106,27.4,30.28,13.7,511.1484324887981,660.4717305689999,1.0
Paper-proposed AR,2014-04-02T05:00:00+00:00,2014-04-02T16:00:00+11:00,2014-04-02,16,7,0.439935897,0.39060800095736986,0.39060800095736986,37.12,64.23,18.56,530.0309927506711,847.7124799293001,0.0
Paper-proposed AR,2014-04-02T06:00:00+00:00,2014-04-02T17:00:00+11:00,2014-04-02,17,8,0.243205128,0.21561270333911223,0.21561270333911223,48.27,128.06,24.135,418.23333276756705,934.3454607504,0.0
Paper-proposed AR,2014-04-02T07:00:00+00:00,2014-04-02T18:00:00+11:00,2014-04-02,18,9,0.066153846,0.05330460065610756,0.05330460065610756,46.83,55.2,23.415,96.16598375125139,748.9197691227,1.0
Paper-proposed AR,2014-04-02T08:00:00+00:00,2014-04-02T19:00:00+11:00,2014-04-02,19,10,0.022564103,0.009758511869394162,0.009758511869394162,44.07,268.68,22.035,116.11991529166131,675.96600028815,1.0
Paper-proposed AR,2014-04-02T09:00:00+00:00,2014-04-02T20:00:00+11:00,2014-04-02,20,11,0.000128205,0.0003675729979475906,0.0003675729979475906,43.92,38.97,21.96,0.32661854504787263,658.8844614540001,1.0
Paper-proposed AR,2014-04-02T22:00:00+00:00,2014-04-03T09:00:00+11:00,2014-04-03,9,0,0.191730769,0.3076490519824301,0.3076490519824301,29.76,32.730000000000004,14.88,222.9231520865568,531.9886152816,1.0
Paper-proposed AR,2014-04-02T23:00:00+00:00,2014-04-03T10:00:00+11:00,2014-04-03,10,1,0.5,0.5854429700209136,0.5854429700209136,25.68,47.41,12.84,418.1126320520559,711.15,0.0
Paper-proposed AR,2014-04-03T00:00:00+00:00,2014-04-03T11:00:00+11:00,2014-04-03,11,2,0.378846154,0.7336434205710318,0.7336434205710318,24.65,17.72,12.325,411.3430201976389,509.82836544149995,1.0
Paper-proposed AR,2014-04-03T01:00:00+00:00,2014-04-03T12:00:00+11:00,2014-04-03,12,3,0.35474359,0.7233539858654374,0.7233539858654374,22.23,18.48,11.115,359.4916366723301,451.7392500855,1.0
Paper-proposed AR,2014-04-03T02:00:00+00:00,2014-04-03T13:00:00+11:00,2014-04-03,13,4,0.223205128,0.7531505697159948,0.7531505697159948,21.16,18.86,10.58,309.8952984550568,388.2453076272,1.0
Paper-proposed AR,2014-04-03T03:00:00+00:00,2014-04-03T14:00:00+11:00,2014-04-03,14,5,0.196730769,0.6682022365176911,0.6682022365176911,20.82,22.91,10.41,270.1185776231749,373.7390191587,1.0
Paper-proposed AR,2014-04-03T04:00:00+00:00,2014-04-03T15:00:00+11:00,2014-04-03,15,6,0.285769231,0.5256604460681221,0.5256604460681221,23.24,24.34,11.62,282.8643854259473,448.2191539266,1.0
Paper-proposed AR,2014-04-03T05:00:00+00:00,2014-04-03T16:00:00+11:00,2014-04-03,16,7,0.237820513,0.40954755182012154,0.40954755182012154,32.4,36.1,16.2,314.6208795025791,601.580769318,1.0
Paper-proposed AR,2014-04-03T06:00:00+00:00,2014-04-03T17:00:00+11:00,2014-04-03,17,8,0.055320513,0.21643286326225505,0.21643286326225505,40.38,44.79,20.19,164.6010200020479,639.2076347241,1.0
Paper-proposed AR,2014-04-03T07:00:00+00:00,2014-04-03T18:00:00+11:00,2014-04-03,18,9,0.031474359,0.05646327414536692,0.05646327414536692,39.78,40.13,19.89,52.47238569784044,615.4807500152999,1.0
Paper-proposed AR,2014-04-03T08:00:00+00:00,2014-04-03T19:00:00+11:00,2014-04-03,19,10,0.003846154,0.01612942690061326,0.01612942690061326,39.64,45.5,19.82,11.877480403504645,596.8869231684,1.0
Paper-proposed AR,2014-04-03T09:00:00+00:00,2014-04-03T20:00:00+11:00,2014-04-03,20,11,0.0,0.00044882599212164664,0.00044882599212164664,39.62,53.08,19.81,0.2667372871178946,594.3,1.0
Paper-proposed AR,2014-04-03T22:00:00+00:00,2014-04-04T09:00:00+11:00,2014-04-04,9,0,0.009423077,0.2243479201329772,0.2243479201329772,28.5,31.31,14.25,99.93710127434775,431.5283654175,1.0
Paper-proposed AR,2014-04-03T23:00:00+00:00,2014-04-04T10:00:00+11:00,2014-04-04,10,1,0.015064103,0.41187127630883746,0.41187127630883746,24.37,28.7,12.185,156.06622790634557,371.05668285165007,1.0
Paper-proposed AR,2014-04-04T00:00:00+00:00,2014-04-04T11:00:00+11:00,2014-04-04,11,2,0.045705128,0.661655037842094,0.661655037842094,23.67,36.49,11.835,251.14822688223546,371.2776056964001,1.0
Paper-proposed AR,2014-04-04T01:00:00+00:00,2014-04-04T12:00:00+11:00,2014-04-04,12,3,0.125128205,0.6283257284789489,0.6283257284789489,21.49,26.39,10.745,242.8758754569391,362.68507688175,1.0
Paper-proposed AR,2014-04-04T02:00:00+00:00,2014-04-04T13:00:00+11:00,2014-04-04,13,4,0.151987179,0.5380138927111254,0.5380138927111254,20.48,26.96,10.24,211.96832922965777,353.8904613888,1.0
Paper-proposed AR,2014-04-04T03:00:00+00:00,2014-04-04T14:00:00+11:00,2014-04-04,14,5,0.129487179,0.47100981363989947,0.47100981363989947,19.96,24.32,9.98,179.78879959638593,338.1684613926,1.0
Paper-proposed AR,2014-04-04T04:00:00+00:00,2014-04-04T15:00:00+11:00,2014-04-04,15,6,0.103269231,0.34053098355755623,0.34053098355755623,21.88,24.36,10.94,145.65523041778994,362.09296161419996,1.0
Paper-proposed AR,2014-04-04T05:00:00+00:00,2014-04-04T16:00:00+11:00,2014-04-04,16,7,0.082307692,0.18882863378465964,0.18882863378465964,29.76,30.9,14.88,121.03525583027205,483.1421537088,1.0
Paper-proposed AR,2014-04-04T06:00:00+00:00,2014-04-04T17:00:00+11:00,2014-04-04,17,8,0.088141026,0.05979813655549181,0.05979813655549181,38.72,46.71,19.36,109.17840640144861,631.9923079007999,1.0
Paper-proposed AR,2014-04-04T07:00:00+00:00,2014-04-04T18:00:00+11:00,2014-04-04,18,9,0.039679487,0.015674309706091957,0.015674309706091957,39.17,38.77,19.585,46.33930304617311,610.86368258685,1.0
Paper-proposed AR,2014-04-04T08:00:00+00:00,2014-04-04T19:00:00+11:00,2014-04-04,19,10,0.008974359,0.003001180803739099,0.003001180803739099,38.81,39.93,19.405,10.649544971094366,587.3744230918501,1.0
Paper-proposed AR,2014-04-04T09:00:00+00:00,2014-04-04T20:00:00+11:00,2014-04-04,20,11,6.41e-05,5.6257630103397146e-05,5.6257630103397146e-05,39.38,42.45,19.69,0.07645002226747713,590.7378638700001,1.0
Paper-proposed AR,2014-04-04T22:00:00+00:00,2014-04-05T09:00:00+11:00,2014-04-05,9,0,0.042435897,0.12078006693780288,0.12078006693780288,33.92,34.4,16.96,83.04428245155411,530.3913843936001,1.0
Paper-proposed AR,2014-04-04T23:00:00+00:00,2014-04-05T10:00:00+11:00,2014-04-05,10,1,0.125128205,0.2937945784432852,0.2937945784432852,30.94,30.74,15.47,194.42206379602868,522.1719999405,1.0
Paper-proposed AR,2014-04-05T00:00:00+00:00,2014-04-05T11:00:00+11:00,2014-04-05,11,2,0.1125,0.4829836767547418,0.4829836767547418,32.14,29.77,16.07,287.082680563461,536.3362500000001,1.0
Paper-proposed AR,2014-04-05T01:00:00+00:00,2014-04-05T12:00:00+11:00,2014-04-05,12,3,0.216346154,0.4116443459204007,0.4116443459204007,31.34,28.36,15.67,295.2183340125804,571.8043269954001,1.0
Paper-proposed AR,2014-04-05T02:00:00+00:00,2014-04-05T13:00:00+11:00,2014-04-05,13,4,0.256474359,0.5064543433421789,0.5064543433421789,29.96,27.56,14.98,342.86015883257517,564.6595769346,1.0
Paper-proposed AR,2014-04-05T03:00:00+00:00,2014-04-05T14:00:00+11:00,2014-04-05,14,5,0.353525641,0.45189338856938943,0.45189338856938943,29.92,27.65,14.96,361.47206047074195,607.4623076808001,1.0
Paper-proposed AR,2014-04-05T04:00:00+00:00,2014-04-05T15:00:00+11:00,2014-04-05,15,6,0.313205128,0.29836940251849126,0.29836940251849126,29.99,27.37,14.995,280.62456563875344,590.7453268308,1.0
Paper-proposed AR,2014-04-05T05:00:00+00:00,2014-04-05T16:00:00+11:00,2014-04-05,16,7,0.228269231,0.20878160875399376,0.20878160875399376,32.58,28.21,16.29,220.55551910294858,600.2551731896999,1.0
Paper-proposed AR,2014-04-05T06:00:00+00:00,2014-04-05T17:00:00+11:00,2014-04-05,17,8,0.187371795,0.0948769838305333,0.0948769838305333,38.41,28.99,19.205,189.76948574200873,684.10425968925,1.0
Paper-proposed AR,2014-04-05T07:00:00+00:00,2014-04-05T18:00:00+11:00,2014-04-05,18,9,0.064807692,0.026199512160501662,0.026199512160501662,43.16,30.83,21.58,69.63183387896956,689.3564998008,1.0
Paper-proposed AR,2014-04-05T08:00:00+00:00,2014-04-05T19:00:00+11:00,2014-04-05,19,10,0.005128205,0.006607813241524,0.006607813241524,47.21,32.81,23.605,8.31086131773522,711.78153837075,1.0
Paper-proposed AR,2014-04-05T09:00:00+00:00,2014-04-05T20:00:00+11:00,2014-04-05,20,11,6.41e-05,0.0001906561002996748,0.0001906561002996748,48.53,30.07,24.265,0.18544970321314824,727.9966615950001,1.0
Paper-proposed AR,2014-04-05T23:00:00+00:00,2014-04-06T09:00:00+10:00,2014-04-06,9,0,0.559166667,0.19836883047468742,0.19836883047468742,25.84,18.74,12.92,356.6160610785083,604.3330001292,1.0
Paper-proposed AR,2014-04-06T00:00:00+00:00,2014-04-06T10:00:00+10:00,2014-04-06,10,1,0.580448718,0.36071717564089323,0.36071717564089323,24.0,19.46,12.0,387.9956408906897,568.9615384800001,1.0
Paper-proposed AR,2014-04-06T01:00:00+00:00,2014-04-06T11:00:00+10:00,2014-04-06,11,2,0.445320513,0.5727494280722231,0.5727494280722231,22.58,19.61,11.29,344.8202890411619,489.5300577530999,1.0
Paper-proposed AR,2014-04-06T02:00:00+00:00,2014-04-06T12:00:00+10:00,2014-04-06,12,3,0.565833333,0.537872133384395,0.537872133384395,23.04,18.48,11.52,387.27890766218525,541.1519998847999,1.0
Paper-proposed AR,2014-04-06T03:00:00+00:00,2014-04-06T13:00:00+10:00,2014-04-06,13,4,0.358269231,0.6221594162170526,0.6221594162170526,21.99,20.02,10.995,323.3943892845448,448.02510584534997,1.0
Paper-proposed AR,2014-04-06T04:00:00+00:00,2014-04-06T14:00:00+10:00,2014-04-06,14,5,0.45275641,0.5520902079409606,0.5520902079409606,23.02,18.06,11.51,346.9735371750137,501.63678837300006,1.0
Paper-proposed AR,2014-04-06T05:00:00+00:00,2014-04-06T15:00:00+10:00,2014-04-06,15,6,0.290192308,0.38749852284502573,0.38749852284502573,23.88,18.9,11.94,242.74885560868822,462.1468847256,1.0
Paper-proposed AR,2014-04-06T06:00:00+00:00,2014-04-06T16:00:00+10:00,2014-04-06,16,7,0.16525641,0.32385341215634955,0.32385341215634955,27.09,23.73,13.545,198.74977623323264,473.5019422035,1.0
Paper-proposed AR,2014-04-06T07:00:00+00:00,2014-04-06T17:00:00+10:00,2014-04-06,17,8,0.065192308,0.18106453553088128,0.18106453553088128,30.14,25.83,15.07,111.33271896031144,481.5734424468001,1.0
Paper-proposed AR,2014-04-06T08:00:00+00:00,2014-04-06T18:00:00+10:00,2014-04-06,18,9,0.010192308,0.04129628284292956,0.04129628284292956,33.45,27.8,16.725,25.834400455439916,506.86399053900004,1.0
Paper-proposed AR,2014-04-06T09:00:00+00:00,2014-04-06T19:00:00+10:00,2014-04-06,19,10,6.41e-05,0.0043259719626121814,0.0043259719626121814,34.64,28.27,17.32,2.2810813917732893,519.63330636,1.0
Paper-proposed AR,2014-04-06T10:00:00+00:00,2014-04-06T20:00:00+10:00,2014-04-06,20,11,0.0,0.0001343984701962777,0.0001343984701962777,34.910000000000004,28.41,17.455000000000002,0.07037775891828082,523.6500000000001,1.0
Paper-proposed AR,2014-04-06T23:00:00+00:00,2014-04-07T09:00:00+10:00,2014-04-07,9,0,0.581282051,0.5223037109161337,0.5223037109161337,29.37,27.62,14.685,509.07125228169707,696.63380756805,1.0
Paper-proposed AR,2014-04-07T00:00:00+00:00,2014-04-07T10:00:00+10:00,2014-04-07,10,1,0.743269231,0.5933084255993542,0.5933084255993542,27.54,27.13,13.77,612.244520745772,720.1445193261,1.0
Paper-proposed AR,2014-04-07T01:00:00+00:00,2014-04-07T11:00:00+10:00,2014-04-07,11,2,0.789102564,0.6867338895582766,0.6867338895582766,27.0,26.28,13.5,636.9619134720588,724.58653842,1.0
Paper-proposed AR,2014-04-07T02:00:00+00:00,2014-04-07T12:00:00+10:00,2014-04-07,12,3,0.606730769,0.7130029319217176,0.7130029319217176,26.54,26.41,13.27,525.3859863369357,639.6395191389,1.0
Paper-proposed AR,2014-04-07T03:00:00+00:00,2014-04-07T13:00:00+10:00,2014-04-07,13,4,0.656923077,0.6592033924736932,0.6592033924736932,26.79,26.5,13.395,528.8854217580035,665.83453849245,1.0
Paper-proposed AR,2014-04-07T04:00:00+00:00,2014-04-07T14:00:00+10:00,2014-04-07,14,5,0.455961538,0.5432740720614423,0.5432740720614423,28.14,28.28,14.07,421.77735100693485,614.5613651898,1.0
Paper-proposed AR,2014-04-07T05:00:00+00:00,2014-04-07T15:00:00+10:00,2014-04-07,15,6,0.432884615,0.4028873687717059,0.4028873687717059,35.84,37.76,17.92,467.16537943074974,770.3187690240001,1.0
Paper-proposed AR,2014-04-07T06:00:00+00:00,2014-04-07T16:00:00+10:00,2014-04-07,16,7,0.201153846,0.20404126892536545,0.20404126892536545,44.08,56.02,22.04,267.9150099886516,794.2029229752,1.0
Paper-proposed AR,2014-04-07T07:00:00+00:00,2014-04-07T17:00:00+10:00,2014-04-07,17,8,0.08974359,0.06839350744626883,0.06839350744626883,48.02,41.13,24.01,124.87155369014377,784.9423078770001,1.0
Paper-proposed AR,2014-04-07T08:00:00+00:00,2014-04-07T18:00:00+10:00,2014-04-07,18,9,0.0175,0.010382993121291602,0.010382993121291602,48.66,41.21,24.33,23.955848962608677,742.6732499999999,1.0
Paper-proposed AR,2014-04-07T09:00:00+00:00,2014-04-07T19:00:00+10:00,2014-04-07,19,10,0.0,0.00015798851262928577,0.00015798851262928577,47.84,91.62,23.92,0.11337255666277549,717.6,1.0
Paper-proposed AR,2014-04-07T10:00:00+00:00,2014-04-07T20:00:00+10:00,2014-04-07,20,11,0.0,9.375896257996317e-07,9.375896257996317e-07,47.24,44.68,23.62,0.0006643760088416191,708.6,1.0
Paper-proposed AR,2014-04-07T23:00:00+00:00,2014-04-08T09:00:00+10:00,2014-04-08,9,0,0.451666667,0.5349953676422121,0.5349953676422121,24.62,20.16,12.31,364.37428939336894,536.1005001231,1.0
Paper-proposed AR,2014-04-08T00:00:00+00:00,2014-04-08T10:00:00+10:00,2014-04-08,10,1,0.301730769,0.7026129652553663,0.7026129652553663,24.52,21.27,12.26,369.39762545912373,478.77657683819996,1.0
Paper-proposed AR,2014-04-08T01:00:00+00:00,2014-04-08T11:00:00+10:00,2014-04-08,11,2,0.530705128,0.7470376971531122,0.7470376971531122,23.32,20.59,11.66,446.9544402385586,535.4406537744001,1.0
Paper-proposed AR,2014-04-08T02:00:00+00:00,2014-04-08T12:00:00+10:00,2014-04-08,12,3,0.667564103,0.7289474486233624,0.7289474486233624,22.8,18.75,11.4,477.6069506551899,570.306923226,1.0
Paper-proposed AR,2014-04-08T03:00:00+00:00,2014-04-08T13:00:00+10:00,2014-04-08,13,4,0.333974359,0.6668514609577917,0.6668514609577917,22.74,21.38,11.37,341.38168718760267,455.0186538548999,1.0
Paper-proposed AR,2014-04-08T04:00:00+00:00,2014-04-08T14:00:00+10:00,2014-04-08,14,5,0.370384615,0.5879048924378335,0.5879048924378335,24.92,24.68,12.46,358.2086178802622,512.249769087,1.0
Paper-proposed AR,2014-04-08T05:00:00+00:00,2014-04-08T15:00:00+10:00,2014-04-08,15,6,0.420128205,0.4057018399516997,0.4057018399516997,33.37,40.23,16.685,423.55929195244016,710.8451730127499,1.0
Paper-proposed AR,2014-04-08T06:00:00+00:00,2014-04-08T16:00:00+10:00,2014-04-08,16,7,0.225769231,0.26120596757301545,0.26120596757301545,41.3,52.55,20.65,301.68113551598304,759.3640386044999,1.0
Paper-proposed AR,2014-04-08T07:00:00+00:00,2014-04-08T17:00:00+10:00,2014-04-08,17,8,0.068141026,0.08954549062872842,0.08954549062872842,43.41,35.27,21.705,102.6775753027965,695.5200290798999,1.0
Paper-proposed AR,2014-04-08T08:00:00+00:00,2014-04-08T18:00:00+10:00,2014-04-08,18,9,0.010961538,0.013423166924355244,0.013423166924355244,44.71,32.77,22.355,16.353602357518845,678.0013554597,1.0
Paper-proposed AR,2014-04-08T09:00:00+00:00,2014-04-08T19:00:00+10:00,2014-04-08,19,10,0.0,0.00020520446651615463,0.00020520446651615463,43.09,28.11,21.545,0.13263390693271654,646.35,1.0
Paper-proposed AR,2014-04-08T10:00:00+00:00,2014-04-08T20:00:00+10:00,2014-04-08,20,11,0.0,0.0,0.0,41.79,28.93,20.895,0.0,626.85,1.0
Paper-proposed AR,2014-04-08T23:00:00+00:00,2014-04-09T09:00:00+10:00,2014-04-09,9,0,0.072307692,0.5176887544124801,0.5176887544124801,30.7,27.37,15.35,271.693363572947,493.79769216599993,1.0
Paper-proposed AR,2014-04-09T00:00:00+00:00,2014-04-09T10:00:00+10:00,2014-04-09,10,1,0.121346154,0.5553364584219782,0.5553364584219782,25.91,24.47,12.955,262.9926973178018,435.8111827521,1.0
Paper-proposed AR,2014-04-09T01:00:00+00:00,2014-04-09T11:00:00+10:00,2014-04-09,11,2,0.175064103,0.6283541237514226,0.6283541237514226,25.08,23.83,12.54,302.2459369038852,442.0591155486,1.0
Paper-proposed AR,2014-04-09T02:00:00+00:00,2014-04-09T12:00:00+10:00,2014-04-09,12,3,0.273012821,0.5899187140674212,0.5899187140674212,24.28,23.92,12.14,314.27966507155486,463.6312694082,1.0
Paper-proposed AR,2014-04-09T03:00:00+00:00,2014-04-09T13:00:00+10:00,2014-04-09,13,4,0.305705128,0.6077334027089599,0.6077334027089599,23.77,23.35,11.885,325.68650812427967,465.54916338839996,1.0
Paper-proposed AR,2014-04-09T04:00:00+00:00,2014-04-09T14:00:00+10:00,2014-04-09,14,5,0.217115385,0.5103755345137403,0.5103755345137403,24.52,24.9,12.26,267.5711601971537,447.655038603,1.0
Paper-proposed AR,2014-04-09T05:00:00+00:00,2014-04-09T15:00:00+10:00,2014-04-09,15,6,0.207820513,0.39927218628183886,0.39927218628183886,34.64,55.08,17.32,315.4453665468435,627.5835385548,1.0
Paper-proposed AR,2014-04-09T06:00:00+00:00,2014-04-09T16:00:00+10:00,2014-04-09,16,7,0.084935897,0.2141587299580043,0.2141587299580043,43.59,43.47,21.795,195.56302183649115,709.3853362534501,1.0
Paper-proposed AR,2014-04-09T07:00:00+00:00,2014-04-09T17:00:00+10:00,2014-04-09,17,8,0.060064103,0.06644431943861505,0.06644431943861505,42.11,37.77,21.055,79.90904503335119,669.58949065995,1.0
Paper-proposed AR,2014-04-09T08:00:00+00:00,2014-04-09T18:00:00+10:00,2014-04-09,18,9,0.016025641,0.009598979825138989,0.009598979825138989,41.14,38.44,20.57,19.258286567036258,626.9894230611,1.0
Paper-proposed AR,2014-04-09T09:00:00+00:00,2014-04-09T19:00:00+10:00,2014-04-09,19,10,0.0,0.00012604529267237579,0.00012604529267237579,39.41,32.19,19.705,0.07451167476327493,591.15,1.0
Paper-proposed AR,2014-04-09T10:00:00+00:00,2014-04-09T20:00:00+10:00,2014-04-09,20,11,0.0,0.0,0.0,37.64,29.09,18.82,0.0,564.6,1.0
Paper-proposed AR,2014-04-09T23:00:00+00:00,2014-04-10T09:00:00+10:00,2014-04-10,9,0,0.032628205,0.14869910109974033,0.14869910109974033,21.32,21.01,10.66,57.988472490696964,330.234499959,1.0
Paper-proposed AR,2014-04-10T00:00:00+00:00,2014-04-10T10:00:00+10:00,2014-04-10,10,1,0.045897436,0.34223281333298683,0.34223281333298683,19.4,8.59,9.7,112.94590255589917,304.35615387599995,1.0
Paper-proposed AR,2014-04-10T01:00:00+00:00,2014-04-10T11:00:00+10:00,2014-04-10,11,2,0.091923077,0.5338570508365722,0.5338570508365722,18.76,5.54,9.38,176.0945279732114,307.26715386780006,1.0
Paper-proposed AR,2014-04-10T02:00:00+00:00,2014-04-10T12:00:00+10:00,2014-04-10,12,3,0.074871795,0.45640939902963695,0.45640939902963695,18.94,9.11,9.47,150.93698722381987,305.3710769595,1.0
Paper-proposed AR,2014-04-10T03:00:00+00:00,2014-04-10T13:00:00+10:00,2014-04-10,13,4,0.142371795,0.5177443455585683,0.5177443455585683,19.29,9.7,9.645,191.00460527062168,330.54527888325,1.0
Paper-proposed AR,2014-04-10T04:00:00+00:00,2014-04-10T14:00:00+10:00,2014-04-10,14,5,0.081282051,0.44360886796382776,0.44360886796382776,20.82,13.01,10.41,163.9234339924034,337.6843845273,1.0
Paper-proposed AR,2014-04-10T05:00:00+00:00,2014-04-10T15:00:00+10:00,2014-04-10,15,6,0.099807692,0.28106082133797267,0.28106082133797267,33.72,24.16,16.86,192.64329404634657,556.2827306135999,1.0
Paper-proposed AR,2014-04-10T06:00:00+00:00,2014-04-10T16:00:00+10:00,2014-04-10,16,7,0.046474359,0.18424612788695946,0.18424612788695946,40.39,39.74,20.195,139.7820069804644,634.00649040015,1.0
Paper-proposed AR,2014-04-10T07:00:00+00:00,2014-04-10T17:00:00+10:00,2014-04-10,17,8,0.018974359,0.06448963040160116,0.06448963040160116,40.43,38.82,20.215,50.616736372601025,617.95700001555,1.0
Paper-proposed AR,2014-04-10T08:00:00+00:00,2014-04-10T18:00:00+10:00,2014-04-10,18,9,0.001602564,0.010604745436153579,0.010604745436153579,40.21,37.12,20.105,7.362838686416031,604.1165864766,1.0
Paper-proposed AR,2014-04-10T09:00:00+00:00,2014-04-10T19:00:00+10:00,2014-04-10,19,10,0.0,0.00020361772528396398,0.00020361772528396398,39.5,33.09,19.75,0.12064350223074867,592.5,1.0
Paper-proposed AR,2014-04-10T10:00:00+00:00,2014-04-10T20:00:00+10:00,2014-04-10,20,11,0.0,0.0,0.0,39.11,30.89,19.555,0.0,586.65,1.0
Paper-proposed AR,2014-04-10T23:00:00+00:00,2014-04-11T09:00:00+10:00,2014-04-11,9,0,0.283846154,0.0925552956270019,0.0925552956270019,30.93,28.46,15.465,249.20619369116085,595.6404231483,1.0
Paper-proposed AR,2014-04-11T00:00:00+00:00,2014-04-11T10:00:00+10:00,2014-04-11,10,1,0.283717949,0.30293165670578753,0.30293165670578753,27.39,26.43,13.695,241.02499050422279,527.41551934665,1.0
Paper-proposed AR,2014-04-11T01:00:00+00:00,2014-04-11T11:00:00+10:00,2014-04-11,11,2,0.251410256,0.506930987630611,0.506930987630611,26.16,25.47,13.08,297.5731040006517,491.05338445440003,1.0
Paper-proposed AR,2014-04-11T02:00:00+00:00,2014-04-11T12:00:00+10:00,2014-04-11,12,3,0.288910256,0.4258922846681204,0.4258922846681204,25.22,23.47,12.61,270.40980113474996,487.59474984479994,1.0
Paper-proposed AR,2014-04-11T03:00:00+00:00,2014-04-11T13:00:00+10:00,2014-04-11,13,4,0.148653846,0.45481998265144785,0.45481998265144785,24.03,31.39,12.015,217.52214153741443,414.03227879070005,1.0
Paper-proposed AR,2014-04-11T04:00:00+00:00,2014-04-11T14:00:00+10:00,2014-04-11,14,5,0.147051282,0.4170725028156026,0.4170725028156026,25.98,25.04,12.99,219.83903894264034,447.00588459540006,1.0
Paper-proposed AR,2014-04-11T05:00:00+00:00,2014-04-11T15:00:00+10:00,2014-04-11,15,6,0.241346154,0.2578813882235769,0.2578813882235769,36.7,27.48,18.35,274.8247619940791,683.361057777,1.0
Paper-proposed AR,2014-04-11T06:00:00+00:00,2014-04-11T16:00:00+10:00,2014-04-11,16,7,0.194294872,0.13793110888123492,0.13793110888123492,42.92,33.55,21.46,234.33022337451516,768.8870385936,1.0
Paper-proposed AR,2014-04-11T07:00:00+00:00,2014-04-11T17:00:00+10:00,2014-04-11,17,8,0.035384615,0.02839275350543861,0.02839275350543861,43.29,39.98,21.645,45.25970765409005,672.3269997502499,1.0
Paper-proposed AR,2014-04-11T08:00:00+00:00,2014-04-11T18:00:00+10:00,2014-04-11,18,9,0.006282051,0.0019157186535912842,0.0019157186535912842,45.77,40.94,22.885,7.993202671105378,690.86294211405,1.0
Paper-proposed AR,2014-04-11T09:00:00+00:00,2014-04-11T19:00:00+10:00,2014-04-11,19,10,0.0,2.0191955784024354e-05,2.0191955784024354e-05,46.18,41.99,23.09,0.01398696777159367,692.7,1.0
Paper-proposed AR,2014-04-11T10:00:00+00:00,2014-04-11T20:00:00+10:00,2014-04-11,20,11,0.0,0.0,0.0,46.03,38.57,23.015,0.0,690.45,1.0
Paper-proposed AR,2014-04-11T23:00:00+00:00,2014-04-12T09:00:00+10:00,2014-04-12,9,0,0.239551282,0.30778365552677345,0.30778365552677345,24.82,18.54,12.41,203.77279724121775,461.4849422886,1.0
Paper-proposed AR,2014-04-12T00:00:00+00:00,2014-04-12T10:00:00+10:00,2014-04-12,10,1,0.705961538,0.393190626844303,0.393190626844303,19.4,10.95,9.7,331.5821891380308,496.43480755799993,1.0
Paper-proposed AR,2014-04-12T01:00:00+00:00,2014-04-12T11:00:00+10:00,2014-04-12,11,2,0.837564103,0.609640380833472,0.609640380833472,16.080000000000002,15.84,8.040000000000001,402.399872487601,443.22046164360006,1.0
Paper-proposed AR,2014-04-12T02:00:00+00:00,2014-04-12T12:00:00+10:00,2014-04-12,12,3,0.821538462,0.5516461903455272,0.5516461903455272,15.95,5.55,7.975,308.89976531080447,435.80307703349996,1.0
Paper-proposed AR,2014-04-12T03:00:00+00:00,2014-04-12T13:00:00+10:00,2014-04-12,13,4,0.754551282,0.509457571767845,0.509457571767845,14.88,15.49,7.44,341.31690718204845,391.6158461424,1.0
Paper-proposed AR,2014-04-12T04:00:00+00:00,2014-04-12T14:00:00+10:00,2014-04-12,14,5,0.633910256,0.45332092908635574,0.45332092908635574,15.05,17.900000000000002,7.525,301.65086803511656,368.855240292,1.0
Paper-proposed AR,2014-04-12T05:00:00+00:00,2014-04-12T15:00:00+10:00,2014-04-12,15,6,0.461474359,0.329582078775021,0.329582078775021,16.1,15.26,8.05,219.56842993533056,352.94605769850006,1.0
Paper-proposed AR,2014-04-12T06:00:00+00:00,2014-04-12T16:00:00+10:00,2014-04-12,16,7,0.23275641,0.1673609008988105,0.1673609008988105,19.67,15.18,9.835,128.5407824650698,363.72477877050005,1.0
Paper-proposed AR,2014-04-12T07:00:00+00:00,2014-04-12T17:00:00+10:00,2014-04-12,17,8,0.063461538,0.040224630610262345,0.040224630610262345,26.34,25.1,13.17,49.28289437270176,420.1736536638,1.0
Paper-proposed AR,2014-04-12T08:00:00+00:00,2014-04-12T18:00:00+10:00,2014-04-12,18,9,0.010384615,0.004703516397165515,0.004703516397165515,30.49,27.82,15.245,9.043751342412957,462.09940367024996,1.0
Paper-proposed AR,2014-04-12T09:00:00+00:00,2014-04-12T19:00:00+10:00,2014-04-12,19,10,0.0,7.175275746589051e-05,7.175275746589051e-05,33.17,29.37,16.585,0.035700584477153824,497.55,1.0
Paper-proposed AR,2014-04-12T10:00:00+00:00,2014-04-12T20:00:00+10:00,2014-04-12,20,11,0.0,0.0,0.0,33.92,30.41,16.96,0.0,508.8,1.0
Paper-proposed AR,2014-04-12T23:00:00+00:00,2014-04-13T09:00:00+10:00,2014-04-13,9,0,0.626730769,0.24226877835234276,0.24226877835234276,26.72,24.33,13.36,474.8214597009629,651.9936922152,1.0
Paper-proposed AR,2014-04-13T00:00:00+00:00,2014-04-13T10:00:00+10:00,2014-04-13,10,1,0.749358974,0.6346736662429303,0.6346736662429303,21.39,19.31,10.695,473.7072904117588,561.2818268079001,1.0
Paper-proposed AR,2014-04-13T01:00:00+00:00,2014-04-13T11:00:00+10:00,2014-04-13,11,2,0.798910256,0.743070882305502,0.743070882305502,19.71,20.6,9.855,473.8865456504431,531.8478171864,1.0
Paper-proposed AR,2014-04-13T02:00:00+00:00,2014-04-13T12:00:00+10:00,2014-04-13,12,3,0.779551282,0.7475783534146718,0.7475783534146718,19.18,20.81,9.59,450.11728387062254,511.97690383139997,1.0
Paper-proposed AR,2014-04-13T03:00:00+00:00,2014-04-13T13:00:00+10:00,2014-04-13,13,4,0.722051282,0.684896892115887,0.684896892115887,17.61,20.2,8.805,384.34658837459557,454.87984614029995,1.0
Paper-proposed AR,2014-04-13T04:00:00+00:00,2014-04-13T14:00:00+10:00,2014-04-13,14,5,0.596602564,0.5606152717253442,0.5606152717253442,17.84,15.95,8.92,317.261212780827,427.2508461264,1.0
Paper-proposed AR,2014-04-13T05:00:00+00:00,2014-04-13T15:00:00+10:00,2014-04-13,15,6,0.434615385,0.39989600937768366,0.39989600937768366,18.1,13.86,9.05,231.5798494758414,389.4980770275001,1.0
Paper-proposed AR,2014-04-13T06:00:00+00:00,2014-04-13T16:00:00+10:00,2014-04-13,16,7,0.196474359,0.20763430644483719,0.20763430644483719,20.27,14.81,10.135,122.86923972850273,363.78802885395,1.0
Paper-proposed AR,2014-04-13T07:00:00+00:00,2014-04-13T17:00:00+10:00,2014-04-13,17,8,0.051730769,0.05607020503782945,0.05607020503782945,22.47,19.3,11.235,36.334318299450416,354.48585569145,1.0
Paper-proposed AR,2014-04-13T08:00:00+00:00,2014-04-13T18:00:00+10:00,2014-04-13,18,9,0.007435897,0.007609827576597353,0.007609827576597353,24.49,23.13,12.245,5.527046923213037,370.08157676294996,1.0
Paper-proposed AR,2014-04-13T09:00:00+00:00,2014-04-13T19:00:00+10:00,2014-04-13,19,10,0.0,0.00012614082885444697,0.00012614082885444697,25.89,26.04,12.945,0.048986790885624486,388.35,1.0
Paper-proposed AR,2014-04-13T10:00:00+00:00,2014-04-13T20:00:00+10:00,2014-04-13,20,11,0.0,0.0,0.0,26.88,27.83,13.44,0.0,403.2,1.0
Paper-proposed AR,2014-04-13T23:00:00+00:00,2014-04-14T09:00:00+10:00,2014-04-14,9,0,0.642435897,0.5592206427111456,0.5592206427111456,20.07,19.92,10.035,386.4361849394002,494.45532679185004,1.0
Paper-proposed AR,2014-04-14T00:00:00+00:00,2014-04-14T10:00:00+10:00,2014-04-14,10,1,0.769102564,0.7273625987924438,0.7273625987924438,19.39,16.580000000000002,9.695,443.868282411803,514.5434807393999,1.0
Paper-proposed AR,2014-04-14T01:00:00+00:00,2014-04-14T11:00:00+10:00,2014-04-14,11,2,0.80974359,0.749467185815858,0.749467185815858,17.61,14.05,8.805,421.35001863013366,478.04376929849997,1.0
Paper-proposed AR,2014-04-14T02:00:00+00:00,2014-04-14T12:00:00+10:00,2014-04-14,12,3,0.807628205,0.7602465717517781,0.7602465717517781,17.21,12.61,8.605,410.4397768532454,466.63922112075005,1.0
Paper-proposed AR,2014-04-14T03:00:00+00:00,2014-04-14T13:00:00+10:00,2014-04-14,13,4,0.73525641,0.6972223308001309,0.6972223308001309,18.02,13.5,9.01,392.3221941064977,469.039807623,1.0
Paper-proposed AR,2014-04-14T04:00:00+00:00,2014-04-14T14:00:00+10:00,2014-04-14,14,5,0.467692308,0.5738793041528175,0.5738793041528175,21.04,21.71,10.52,328.7200007954292,463.2036924048,1.0
Paper-proposed AR,2014-04-14T05:00:00+00:00,2014-04-14T15:00:00+10:00,2014-04-14,15,6,0.479935897,0.4107746619927928,0.4107746619927928,30.54,44.27,15.27,468.2047815308687,677.9586344157001,1.0
Paper-proposed AR,2014-04-14T06:00:00+00:00,2014-04-14T16:00:00+10:00,2014-04-14,16,7,0.193910256,0.20958123648142027,0.20958123648142027,34.38,44.63,17.19,208.08056267266846,615.6995190192001,1.0
Paper-proposed AR,2014-04-14T07:00:00+00:00,2014-04-14T17:00:00+10:00,2014-04-14,17,8,0.0625,0.0554050072270283,0.0554050072270283,36.86,43.11,18.43,70.4428111449322,587.45625,1.0
Paper-proposed AR,2014-04-14T08:00:00+00:00,2014-04-14T18:00:00+10:00,2014-04-14,18,9,0.004294872,0.006777382676317666,0.006777382676317666,39.34,58.1,19.67,6.533737484495054,592.6344039672,1.0
Paper-proposed AR,2014-04-14T09:00:00+00:00,2014-04-14T19:00:00+10:00,2014-04-14,19,10,0.0,7.948518588589273e-05,7.948518588589273e-05,39.69,32.8,19.845,0.04732150541716623,595.3499999999999,1.0
Paper-proposed AR,2014-04-14T10:00:00+00:00,2014-04-14T20:00:00+10:00,2014-04-14,20,11,0.0,0.0,0.0,40.74,37.2,20.37,0.0,611.1,1.0
Paper-proposed AR,2014-04-14T23:00:00+00:00,2014-04-15T09:00:00+10:00,2014-04-15,9,0,0.614679487,0.5711693731150334,0.5711693731150334,33.11,33.0,16.555,610.4175510612796,801.93056721855,1.0
Paper-proposed AR,2014-04-15T00:00:00+00:00,2014-04-15T10:00:00+10:00,2014-04-15,10,1,0.756730769,0.68322676056212,0.68322676056212,32.12,51.39,16.06,771.6784362863384,1166.6518265673,0.0
Paper-proposed AR,2014-04-15T01:00:00+00:00,2014-04-15T11:00:00+10:00,2014-04-15,11,2,0.775192308,0.7438369374652104,0.7438369374652104,30.65,28.27,15.325,710.5505537498161,816.1446636029999,1.0
Paper-proposed AR,2014-04-15T02:00:00+00:00,2014-04-15T12:00:00+10:00,2014-04-15,12,3,0.537307692,0.7035758704778426,0.7035758704778426,30.49,26.48,15.245,567.5180972992413,703.0876729361999,1.0
Paper-proposed AR,2014-04-15T03:00:00+00:00,2014-04-15T13:00:00+10:00,2014-04-15,13,4,0.463141026,0.6493603993606609,0.6493603993606609,30.72,28.31,15.36,512.6406568061925,674.2153847808,1.0
Paper-proposed AR,2014-04-15T04:00:00+00:00,2014-04-15T14:00:00+10:00,2014-04-15,14,5,0.231538462,0.538243783348072,0.538243783348072,33.160000000000004,28.57,16.580000000000002,382.88968883613103,612.5672309988,1.0
Paper-proposed AR,2014-04-15T05:00:00+00:00,2014-04-15T15:00:00+10:00,2014-04-15,15,6,0.288589744,0.37558737421717436,0.37558737421717436,48.41,46.64,24.205,482.292214393401,935.7094426056,1.0
Paper-proposed AR,2014-04-15T06:00:00+00:00,2014-04-15T16:00:00+10:00,2014-04-15,16,7,0.114423077,0.2282235633255562,0.2282235633255562,65.35,93.7,32.675,335.87936917912646,1092.41322122925,1.0
Paper-proposed AR,2014-04-15T07:00:00+00:00,2014-04-15T17:00:00+10:00,2014-04-15,17,8,0.050641026,0.06186391654183662,0.06186391654183662,60.12,129.01,30.06,101.45695718422827,947.4680772468,1.0
Paper-proposed AR,2014-04-15T08:00:00+00:00,2014-04-15T18:00:00+10:00,2014-04-15,18,9,0.008525641,0.007014429713193055,0.007014429713193055,55.65,53.04,27.825,14.115229805743017,841.86677882475,1.0
Paper-proposed AR,2014-04-15T09:00:00+00:00,2014-04-15T19:00:00+10:00,2014-04-15,19,10,0.0,3.3482280231227426e-05,3.3482280231227426e-05,51.96,52.95,25.98,0.026096089212218655,779.4,1.0
Paper-proposed AR,2014-04-15T10:00:00+00:00,2014-04-15T20:00:00+10:00,2014-04-15,20,11,0.0,0.0,0.0,50.39,46.11,25.195,0.0,755.85,1.0
Paper-proposed AR,2014-04-15T23:00:00+00:00,2014-04-16T09:00:00+10:00,2014-04-16,9,0,0.597820513,0.5529589129751039,0.5529589129751039,23.5,28.74,11.75,428.51570518891367,563.2317308325,1.0
Paper-proposed AR,2014-04-16T00:00:00+00:00,2014-04-16T10:00:00+10:00,2014-04-16,10,1,0.717179487,0.6781699550670898,0.6781699550670898,25.87,31.28,12.935,562.9342468934113,673.0012306008,0.0
Paper-proposed AR,2014-04-16T01:00:00+00:00,2014-04-16T11:00:00+10:00,2014-04-16,11,2,0.773205128,0.7068966813094438,0.7068966813094438,24.29,56.81,12.145,628.1250973649065,1317.7734996504,0.0
Paper-proposed AR,2014-04-16T02:00:00+00:00,2014-04-16T12:00:00+10:00,2014-04-16,12,3,0.762179487,0.6735679774043827,0.6735679774043827,23.59,24.63,11.795,542.1591020492833,623.54721147495,1.0
Paper-proposed AR,2014-04-16T03:00:00+00:00,2014-04-16T13:00:00+10:00,2014-04-16,13,4,0.706666667,0.6018747011220934,0.6018747011220934,23.71,20.15,11.855,491.4602182813396,606.97600011855,1.0
Paper-proposed AR,2014-04-16T04:00:00+00:00,2014-04-16T14:00:00+10:00,2014-04-16,14,5,0.601410256,0.5395893320853334,0.5395893320853334,25.88,20.66,12.94,457.2537660733632,621.6674613792,1.0
Paper-proposed AR,2014-04-16T05:00:00+00:00,2014-04-16T15:00:00+10:00,2014-04-16,15,6,0.38775641,0.368705550316237,0.368705550316237,40.24,52.02,20.12,474.83211196424185,837.6497690760001,1.0
Paper-proposed AR,2014-04-16T06:00:00+00:00,2014-04-16T16:00:00+10:00,2014-04-16,16,7,0.212884615,0.21797869801668876,0.21797869801668876,62.12,47.28,31.06,401.4784350689506,1130.165884257,1.0
Paper-proposed AR,2014-04-16T07:00:00+00:00,2014-04-16T17:00:00+10:00,2014-04-16,17,8,0.062948718,0.05519864375337212,0.05519864375337212,54.81,40.87,27.405,100.26549595746023,873.9032885037001,1.0
Paper-proposed AR,2014-04-16T08:00:00+00:00,2014-04-16T18:00:00+10:00,2014-04-16,18,9,0.00775641,0.007259532714859746,0.007259532714859746,50.62,34.77,25.31,11.542619076915809,765.1894421129999,1.0
Paper-proposed AR,2014-04-16T09:00:00+00:00,2014-04-16T19:00:00+10:00,2014-04-16,19,10,0.0,9.325082935115629e-05,9.325082935115629e-05,45.96,38.75,22.98,0.06428712175468715,689.4,1.0
Paper-proposed AR,2014-04-16T10:00:00+00:00,2014-04-16T20:00:00+10:00,2014-04-16,20,11,0.0,0.0,0.0,43.68,32.11,21.84,0.0,655.2,1.0
Paper-proposed AR,2014-04-16T23:00:00+00:00,2014-04-17T09:00:00+10:00,2014-04-17,9,0,0.59525641,0.5344906418753494,0.5344906418753494,27.09,18.94,13.545,468.9076541005229,648.2324422034999,1.0
Paper-proposed AR,2014-04-17T00:00:00+00:00,2014-04-17T10:00:00+10:00,2014-04-17,10,1,0.710961538,0.7173778975968186,0.7173778975968186,22.95,13.37,11.475,491.70585070420475,588.9985094565,1.0
Paper-proposed AR,2014-04-17T01:00:00+00:00,2014-04-17T11:00:00+10:00,2014-04-17,11,2,0.759294872,0.7451064653637555,0.7451064653637555,22.19,19.75,11.095,504.4240049246269,585.5812981452001,1.0
Paper-proposed AR,2014-04-17T02:00:00+00:00,2014-04-17T12:00:00+10:00,2014-04-17,12,3,0.764038462,0.7571133367657847,0.7571133367657847,22.97,17.84,11.485,525.4331273906542,607.7994520821,1.0
Paper-proposed AR,2014-04-17T03:00:00+00:00,2014-04-17T13:00:00+10:00,2014-04-17,13,4,0.654166667,0.7137703381782063,0.7137703381782063,24.43,21.34,12.215,501.28051554755376,606.1693751221501,1.0
Paper-proposed AR,2014-04-17T04:00:00+00:00,2014-04-17T14:00:00+10:00,2014-04-17,14,5,0.586794872,0.5902192977998407,0.5902192977998407,26.51,25.83,13.255,468.0396846209067,630.9889808508,1.0
Paper-proposed AR,2014-04-17T05:00:00+00:00,2014-04-17T15:00:00+10:00,2014-04-17,15,6,0.392628205,0.4303393027574228,0.4303393027574228,36.7,27.52,18.35,453.0436130204613,766.6418268525001,1.0
Paper-proposed AR,2014-04-17T06:00:00+00:00,2014-04-17T16:00:00+10:00,2014-04-17,16,7,0.229615385,0.2184120064384254,0.2184120064384254,45.51,44.44,22.755,313.1342566886734,839.39694257025,1.0
Paper-proposed AR,2014-04-17T07:00:00+00:00,2014-04-17T17:00:00+10:00,2014-04-17,17,8,0.049551282,0.06340784801087597,0.06340784801087597,46.93,40.64,23.465,79.51757957115613,738.8316249639,1.0
Paper-proposed AR,2014-04-17T08:00:00+00:00,2014-04-17T18:00:00+10:00,2014-04-17,18,9,0.008333333,0.008193247895686007,0.008193247895686007,45.99,46.27,22.995,11.498676254976237,695.5987497700501,1.0
Paper-proposed AR,2014-04-17T09:00:00+00:00,2014-04-17T19:00:00+10:00,2014-04-17,19,10,0.0,8.17039436304222e-05,8.17039436304222e-05,45.62,40.36,22.81,0.055910008626297907,684.3,1.0
Paper-proposed AR,2014-04-17T10:00:00+00:00,2014-04-17T20:00:00+10:00,2014-04-17,20,11,0.0,0.0,0.0,46.42,41.16,23.21,0.0,696.3000000000001,1.0
Paper-proposed AR,2014-04-17T23:00:00+00:00,2014-04-18T09:00:00+10:00,2014-04-18,9,0,0.205448718,0.5367278104909521,0.5367278104909521,31.77,25.1,15.885,353.6842246523631,574.4565865629,1.0
Paper-proposed AR,2014-04-18T00:00:00+00:00,2014-04-18T10:00:00+10:00,2014-04-18,10,1,0.354807692,0.7059424113076544,0.7059424113076544,28.1,23.26,14.05,447.10616854417634,571.0514421780001,1.0
Paper-proposed AR,2014-04-18T01:00:00+00:00,2014-04-18T11:00:00+10:00,2014-04-18,11,2,0.774230769,0.7464967331156948,0.7464967331156948,26.61,24.63,13.305,616.4210211611723,708.18421144635,1.0
Paper-proposed AR,2014-04-18T02:00:00+00:00,2014-04-18T12:00:00+10:00,2014-04-18,12,3,0.729551282,0.7634900803908036,0.7634900803908036,26.29,23.64,13.145,588.7808612588133,682.0485480567,1.0
Paper-proposed AR,2014-04-18T03:00:00+00:00,2014-04-18T13:00:00+10:00,2014-04-18,13,4,0.667692308,0.7027691328396366,0.7027691328396366,25.95,23.38,12.975,533.4521158468285,649.149230889,1.0
Paper-proposed AR,2014-04-18T04:00:00+00:00,2014-04-18T14:00:00+10:00,2014-04-18,14,5,0.451730769,0.5774280682306757,0.5774280682306757,26.93,25.4,13.465,415.7287122993314,586.4266441375499,1.0
Paper-proposed AR,2014-04-18T05:00:00+00:00,2014-04-18T15:00:00+10:00,2014-04-18,15,6,0.303333333,0.42913344348800186,0.42913344348800186,32.92,27.74,16.46,361.6920942297753,643.5859998354001,1.0
Paper-proposed AR,2014-04-18T06:00:00+00:00,2014-04-18T16:00:00+10:00,2014-04-18,16,7,0.218589744,0.20174385716088294,0.20174385716088294,39.16,32.230000000000004,19.58,253.29697137734755,715.7996156255999,1.0
Paper-proposed AR,2014-04-18T07:00:00+00:00,2014-04-18T17:00:00+10:00,2014-04-18,17,8,0.039551282,0.05222127719168354,0.05222127719168354,43.23,41.89,21.615,59.50991600784719,674.0970288129,1.0
Paper-proposed AR,2014-04-18T08:00:00+00:00,2014-04-18T18:00:00+10:00,2014-04-18,18,9,0.006089744,0.006754500942730095,0.006754500942730095,43.24,41.63,21.62,8.330777269854739,652.5498079584,1.0
Paper-proposed AR,2014-04-18T09:00:00+00:00,2014-04-18T19:00:00+10:00,2014-04-18,19,10,0.0,9.219245472289493e-05,9.219245472289493e-05,43.0,38.63,21.5,0.059464133296267235,645.0,1.0
Paper-proposed AR,2014-04-18T10:00:00+00:00,2014-04-18T20:00:00+10:00,2014-04-18,20,11,0.0,0.0,0.0,41.04,33.0,20.52,0.0,615.6,1.0
Paper-proposed AR,2014-04-18T23:00:00+00:00,2014-04-19T09:00:00+10:00,2014-04-19,9,0,0.622692308,0.25319610868840947,0.25319610868840947,22.87,15.02,11.435,340.21283758092045,556.6645962594,1.0
Paper-proposed AR,2014-04-19T00:00:00+00:00,2014-04-19T10:00:00+10:00,2014-04-19,10,1,0.760576923,0.5847776421063428,0.5847776421063428,21.58,15.49,10.79,460.2789713309288,569.8987499750999,1.0
Paper-proposed AR,2014-04-19T01:00:00+00:00,2014-04-19T11:00:00+10:00,2014-04-19,11,2,0.802628205,0.638006384818512,0.638006384818512,18.47,9.19,9.235,398.9055736519737,499.41814419524997,1.0
Paper-proposed AR,2014-04-19T02:00:00+00:00,2014-04-19T12:00:00+10:00,2014-04-19,12,3,0.782307692,0.5756816756229565,0.5756816756229565,16.77,11.81,8.385,362.8330486082959,448.3394999226,1.0
Paper-proposed AR,2014-04-19T03:00:00+00:00,2014-04-19T13:00:00+10:00,2014-04-19,13,4,0.718910256,0.638439590249833,0.638439590249833,16.7,14.22,8.35,354.1870207241875,430.587019128,1.0
Paper-proposed AR,2014-04-19T04:00:00+00:00,2014-04-19T14:00:00+10:00,2014-04-19,14,5,0.605769231,0.5358011446735754,0.5358011446735754,16.490000000000002,13.97,8.245000000000001,294.38445124942234,397.18701928785003,1.0
Paper-proposed AR,2014-04-19T05:00:00+00:00,2014-04-19T15:00:00+10:00,2014-04-19,15,6,0.434615385,0.39454455491289836,0.39454455491289836,18.64,16.94,9.32,240.99331095755787,401.118461646,1.0
Paper-proposed AR,2014-04-19T06:00:00+00:00,2014-04-19T16:00:00+10:00,2014-04-19,16,7,0.215512821,0.18205469490416865,0.18205469490416865,22.31,18.05,11.155,139.96678258025273,406.77136554764996,1.0
Paper-proposed AR,2014-04-19T07:00:00+00:00,2014-04-19T17:00:00+10:00,2014-04-19,17,8,0.044423077,0.03574124646281799,0.03574124646281799,24.96,19.7,12.48,31.894007198832682,391.03200002880004,1.0
Paper-proposed AR,2014-04-19T08:00:00+00:00,2014-04-19T18:00:00+10:00,2014-04-19,18,9,0.00525641,0.0038057472697297936,0.0038057472697297936,28.52,22.34,14.26,4.228431525807904,430.048692198,1.0
Paper-proposed AR,2014-04-19T09:00:00+00:00,2014-04-19T19:00:00+10:00,2014-04-19,19,10,0.0,7.291312148785997e-05,7.291312148785997e-05,30.13,25.3,15.065,0.03295308525643831,451.95,1.0
Paper-proposed AR,2014-04-19T10:00:00+00:00,2014-04-19T20:00:00+10:00,2014-04-19,20,11,0.0,0.0,0.0,29.64,22.07,14.82,0.0,444.6,1.0
Paper-proposed AR,2014-04-19T23:00:00+00:00,2014-04-20T09:00:00+10:00,2014-04-20,9,0,0.581025641,0.5485313928257829,0.5485313928257829,26.45,15.72,13.225,450.5839476462195,627.27192306675,1.0
Paper-proposed AR,2014-04-20T00:00:00+00:00,2014-04-20T10:00:00+10:00,2014-04-20,10,1,0.682371795,0.7256526156927459,0.7256526156927459,22.61,13.56,11.305,477.53147888644475,570.57639427425,1.0
Paper-proposed AR,2014-04-20T01:00:00+00:00,2014-04-20T11:00:00+10:00,2014-04-20,11,2,0.793910256,0.7592655537704576,0.7592655537704576,22.03,13.67,11.015,516.0063968712308,592.7976440952001,1.0
Paper-proposed AR,2014-04-20T02:00:00+00:00,2014-04-20T12:00:00+10:00,2014-04-20,12,3,0.78224359,0.7737151190742534,0.7737151190742534,20.86,13.64,10.43,487.6807718194833,557.6640193110001,1.0
Paper-proposed AR,2014-04-20T03:00:00+00:00,2014-04-20T13:00:00+10:00,2014-04-20,13,4,0.727628205,0.6973712848090962,0.6973712848090962,21.03,15.610000000000005,10.515,454.1408593114591,544.98031726725,1.0
Paper-proposed AR,2014-04-20T04:00:00+00:00,2014-04-20T14:00:00+10:00,2014-04-20,14,5,0.613846154,0.5738277966937213,0.5738277966937213,21.41,19.14,10.705,391.5481345816424,518.2866923570999,1.0
Paper-proposed AR,2014-04-20T05:00:00+00:00,2014-04-20T15:00:00+10:00,2014-04-20,15,6,0.439358974,0.41580221481830365,0.41580221481830365,22.73,21.64,11.365,298.82857834535855,490.7494421853,1.0
Paper-proposed AR,2014-04-20T06:00:00+00:00,2014-04-20T16:00:00+10:00,2014-04-20,16,7,0.226602564,0.20073476871749704,0.20073476871749704,24.39,20.56,12.195,162.83288640084044,448.75254803940004,1.0
Paper-proposed AR,2014-04-20T07:00:00+00:00,2014-04-20T17:00:00+10:00,2014-04-20,17,8,0.047692308,0.048178811894464615,0.048178811894464615,28.31,25.44,14.155,40.7116710631844,444.90253859219996,1.0
Paper-proposed AR,2014-04-20T08:00:00+00:00,2014-04-20T18:00:00+10:00,2014-04-20,18,9,0.004935897,0.005192610576607499,0.005192610576607499,30.68,28.16,15.34,4.66113918675477,462.47149979939996,1.0
Paper-proposed AR,2014-04-20T09:00:00+00:00,2014-04-20T19:00:00+10:00,2014-04-20,19,10,0.0,5.1768565751783146e-05,5.1768565751783146e-05,31.21,28.86,15.605,0.024235454056697282,468.15000000000003,1.0
Paper-proposed AR,2014-04-20T10:00:00+00:00,2014-04-20T20:00:00+10:00,2014-04-20,20,11,0.0,0.0,0.0,31.33,33.08,15.665,0.0,469.95,1.0
Paper-proposed AR,2014-04-20T23:00:00+00:00,2014-04-21T09:00:00+10:00,2014-04-21,9,0,0.100512821,0.5259539699920034,0.5259539699920034,27.7,20.05,13.85,260.2969516571774,457.2630771255,1.0
Paper-proposed AR,2014-04-21T00:00:00+00:00,2014-04-21T10:00:00+10:00,2014-04-21,10,1,0.312692308,0.7135901187257438,0.7135901187257438,25.45,21.73,12.725,391.78331640255266,501.120288579,1.0
Paper-proposed AR,2014-04-21T01:00:00+00:00,2014-04-21T11:00:00+10:00,2014-04-21,11,2,0.589487179,0.7439814628274705,0.7439814628274705,24.16,22.36,12.08,483.24903579827526,576.0301536696,1.0
Paper-proposed AR,2014-04-21T02:00:00+00:00,2014-04-21T12:00:00+10:00,2014-04-21,12,3,0.658397436,0.749361007921052,0.749361007921052,23.19,22.01,11.595,489.688774717938,576.8735481126,1.0
Paper-proposed AR,2014-04-21T03:00:00+00:00,2014-04-21T13:00:00+10:00,2014-04-21,13,4,0.705576923,0.6965379767291766,0.6965379767291766,23.06,21.97,11.53,487.82254178834404,589.9590576656999,1.0
Paper-proposed AR,2014-04-21T04:00:00+00:00,2014-04-21T14:00:00+10:00,2014-04-21,14,5,0.549551282,0.5751633363027636,0.5751633363027636,24.74,23.28,12.37,417.3815948521556,575.0384807501999,1.0
Paper-proposed AR,2014-04-21T05:00:00+00:00,2014-04-21T15:00:00+10:00,2014-04-21,15,6,0.355192308,0.4198378093287383,0.4198378093287383,31.75,28.48,15.875,369.1080933778116,645.4103366850001,1.0
Paper-proposed AR,2014-04-21T06:00:00+00:00,2014-04-21T16:00:00+10:00,2014-04-21,16,7,0.219871795,0.20329606412893927,0.20329606412893927,40.33,36.71,20.165,264.2227603979028,737.9614423852499,1.0
Paper-proposed AR,2014-04-21T07:00:00+00:00,2014-04-21T17:00:00+10:00,2014-04-21,17,8,0.0525,0.050078761722145884,0.050078761722145884,41.96,39.69,20.98,65.92211367327813,662.4435,1.0
Paper-proposed AR,2014-04-21T08:00:00+00:00,2014-04-21T18:00:00+10:00,2014-04-21,18,9,0.005576923,0.005269188740865289,0.005269188740865289,43.99,49.09,21.995,7.406948624747612,663.52993264155,1.0
Paper-proposed AR,2014-04-21T09:00:00+00:00,2014-04-21T19:00:00+10:00,2014-04-21,19,10,0.0,4.7618196472723626e-05,4.7618196472723626e-05,45.5,44.9,22.75,0.032499419092633874,682.5,1.0
Paper-proposed AR,2014-04-21T10:00:00+00:00,2014-04-21T20:00:00+10:00,2014-04-21,20,11,0.0,0.0,0.0,45.09,50.56,22.545,0.0,676.35,1.0
Paper-proposed AR,2014-04-21T23:00:00+00:00,2014-04-22T09:00:00+10:00,2014-04-22,9,0,0.357179487,0.14624756652845544,0.14624756652845544,26.62,22.27,13.31,257.71692269666346,541.9217691591,1.0
Paper-proposed AR,2014-04-22T00:00:00+00:00,2014-04-22T10:00:00+10:00,2014-04-22,10,1,0.601089744,0.5080080309912245,0.5080080309912245,25.1,20.63,12.55,440.13831951752326,602.810288616,1.0
Paper-proposed AR,2014-04-22T01:00:00+00:00,2014-04-22T11:00:00+10:00,2014-04-22,11,2,0.749487179,0.639165807588037,0.639165807588037,23.87,21.63,11.935,529.294172723016,626.40388444095,1.0
Paper-proposed AR,2014-04-22T02:00:00+00:00,2014-04-22T12:00:00+10:00,2014-04-22,12,3,0.771602564,0.5884985729570728,0.5884985729570728,23.6,20.79,11.8,530.8589488670813,627.1473076560001,1.0
Paper-proposed AR,2014-04-22T03:00:00+00:00,2014-04-22T13:00:00+10:00,2014-04-22,13,4,0.718846154,0.6349449787816223,0.6349449787816223,24.36,23.8,12.18,523.9232295995313,628.0663846716,1.0
Paper-proposed AR,2014-04-22T04:00:00+00:00,2014-04-22T14:00:00+10:00,2014-04-22,14,5,0.558012821,0.5226784249196516,0.5226784249196516,26.71,26.03,13.355,446.41485178726094,624.2178367336501,1.0
Paper-proposed AR,2014-04-22T05:00:00+00:00,2014-04-22T15:00:00+10:00,2014-04-22,15,6,0.355769231,0.3685675063960485,0.3685675063960485,35.21,33.31,17.605,382.5584478557231,716.04951935265,1.0
Paper-proposed AR,2014-04-22T06:00:00+00:00,2014-04-22T16:00:00+10:00,2014-04-22,16,7,0.143269231,0.18496848299734867,0.18496848299734867,41.8,37.44,20.9,205.8050466763376,716.829807837,1.0
Paper-proposed AR,2014-04-22T07:00:00+00:00,2014-04-22T17:00:00+10:00,2014-04-22,17,8,0.054358974,0.04775969784800889,0.04775969784800889,47.66,40.87,23.83,76.37818847303942,753.7612305126,1.0
Paper-proposed AR,2014-04-22T08:00:00+00:00,2014-04-22T18:00:00+10:00,2014-04-22,18,9,0.012179487,0.0051834869116729135,0.0051834869116729135,48.47,47.7,24.235,17.548584444659642,735.90509602335,1.0
Paper-proposed AR,2014-04-22T09:00:00+00:00,2014-04-22T19:00:00+10:00,2014-04-22,19,10,0.0,6.57823811216534e-05,6.57823811216534e-05,48.63,40.35,24.315,0.04798495790919007,729.45,1.0
Paper-proposed AR,2014-04-22T10:00:00+00:00,2014-04-22T20:00:00+10:00,2014-04-22,20,11,0.0,0.0,0.0,49.01,41.64,24.505,0.0,735.15,1.0
Paper-proposed AR,2014-04-22T23:00:00+00:00,2014-04-23T09:00:00+10:00,2014-04-23,9,0,0.193461538,0.352235734764717,0.352235734764717,26.74,0.0,13.37,218.87917610592797,478.69742289179993,1.0
Paper-proposed AR,2014-04-23T00:00:00+00:00,2014-04-23T10:00:00+10:00,2014-04-23,10,1,0.585448718,0.6405483201424378,0.6405483201424378,24.31,21.8,12.155,447.05981995863993,578.1338750187,1.0
Paper-proposed AR,2014-04-23T01:00:00+00:00,2014-04-23T11:00:00+10:00,2014-04-23,11,2,0.581217949,0.6826598271908063,0.6826598271908063,22.48,21.19,11.24,426.1795861315399,533.1866924028,1.0
Paper-proposed AR,2014-04-23T02:00:00+00:00,2014-04-23T12:00:00+10:00,2014-04-23,12,3,0.4775,0.6715956119264004,0.6715956119264004,20.98,20.43,10.49,361.62038907323824,464.96925000000005,1.0
Paper-proposed AR,2014-04-23T03:00:00+00:00,2014-04-23T13:00:00+10:00,2014-04-23,13,4,0.440384615,0.6756663849836639,0.6756663849836639,20.54,18.65,10.27,343.85531309496685,443.7824998815,1.0
Paper-proposed AR,2014-04-23T04:00:00+00:00,2014-04-23T14:00:00+10:00,2014-04-23,14,5,0.376282051,0.544901260833107,0.544901260833107,23.33,21.36,11.665,322.3680999759958,481.62990374744993,1.0
Paper-proposed AR,2014-04-23T05:00:00+00:00,2014-04-23T15:00:00+10:00,2014-04-23,15,6,0.250512821,0.3770345310550777,0.3770345310550777,32.92,25.58,16.46,309.88288244479736,617.5032310098001,1.0
Paper-proposed AR,2014-04-23T06:00:00+00:00,2014-04-23T16:00:00+10:00,2014-04-23,16,7,0.194230769,0.1982996229757774,0.1982996229757774,39.84,37.06,19.92,234.5761622447246,713.6723075544,1.0
Paper-proposed AR,2014-04-23T07:00:00+00:00,2014-04-23T17:00:00+10:00,2014-04-23,17,8,0.050192308,0.054777495049403414,0.054777495049403414,41.13,40.54,20.565,64.76111999132945,647.9161444206,1.0
Paper-proposed AR,2014-04-23T08:00:00+00:00,2014-04-23T18:00:00+10:00,2014-04-23,18,9,0.004294872,0.008336088093750086,0.008336088093750086,40.13,35.71,20.065,7.603206428432864,604.5352982004,1.0
Paper-proposed AR,2014-04-23T09:00:00+00:00,2014-04-23T19:00:00+10:00,2014-04-23,19,10,0.0,0.00014970518976981445,0.00014970518976981445,41.43,35.99,20.715,0.09303429018245118,621.45,1.0
Paper-proposed AR,2014-04-23T10:00:00+00:00,2014-04-23T20:00:00+10:00,2014-04-23,20,11,0.0,0.0,0.0,41.36,38.66,20.68,0.0,620.4,1.0
Paper-proposed AR,2014-04-23T23:00:00+00:00,2014-04-24T09:00:00+10:00,2014-04-24,9,0,0.454807692,0.1831701819957396,0.1831701819957396,24.56,19.75,12.28,295.9050147719852,535.9511537327999,1.0
Paper-proposed AR,2014-04-24T00:00:00+00:00,2014-04-24T10:00:00+10:00,2014-04-24,10,1,0.682435897,0.5259799973710034,0.5259799973710034,20.93,17.88,10.465,414.18578491024675,528.20074986315,1.0
Paper-proposed AR,2014-04-24T01:00:00+00:00,2014-04-24T11:00:00+10:00,2014-04-24,11,2,0.742628205,0.6942364196056506,0.6942364196056506,19.89,20.64,9.945,444.2150650948729,519.91312496175,1.0
Paper-proposed AR,2014-04-24T02:00:00+00:00,2014-04-24T12:00:00+10:00,2014-04-24,12,3,0.483076923,0.6848657797809189,0.6848657797809189,19.75,20.01,9.875,346.00302569884724,439.36153843875,1.0
Paper-proposed AR,2014-04-24T03:00:00+00:00,2014-04-24T13:00:00+10:00,2014-04-24,13,4,0.341217949,0.6105343660197058,0.6105343660197058,20.66,21.07,10.33,294.9480424246068,415.6434423951,1.0
Paper-proposed AR,2014-04-24T04:00:00+00:00,2014-04-24T14:00:00+10:00,2014-04-24,14,5,0.51275641,0.5333565388809368,0.5333565388809368,23.21,26.18,11.605,364.2042231528982,526.6661441415,1.0
Paper-proposed AR,2014-04-24T05:00:00+00:00,2014-04-24T15:00:00+10:00,2014-04-24,15,6,0.416923077,0.3783156890738059,0.3783156890738059,31.56,40.27,15.78,404.83087976871445,670.7713846518,1.0
Paper-proposed AR,2014-04-24T06:00:00+00:00,2014-04-24T16:00:00+10:00,2014-04-24,16,7,0.203653846,0.1862117520902492,0.1862117520902492,38.26,64.81,19.13,247.6465122379165,690.7769422194,1.0
Paper-proposed AR,2014-04-24T07:00:00+00:00,2014-04-24T17:00:00+10:00,2014-04-24,17,8,0.037051282,0.045797168485512706,0.045797168485512706,39.47,52.01,19.735,49.050425109947795,613.9862115081,1.0
Paper-proposed AR,2014-04-24T08:00:00+00:00,2014-04-24T18:00:00+10:00,2014-04-24,18,9,0.003717949,0.005070454149677375,0.005070454149677375,41.62,187.37,20.81,5.486600086343585,626.6211155607,1.0
Paper-proposed AR,2014-04-24T09:00:00+00:00,2014-04-24T19:00:00+10:00,2014-04-24,19,10,0.0,4.671348136172984e-05,4.671348136172984e-05,44.28,49.64,22.14,0.031027094320460958,664.2,1.0
Paper-proposed AR,2014-04-24T10:00:00+00:00,2014-04-24T20:00:00+10:00,2014-04-24,20,11,0.0,0.0,0.0,43.02,44.52,21.51,0.0,645.3000000000001,1.0
Paper-proposed AR,2014-04-24T23:00:00+00:00,2014-04-25T09:00:00+10:00,2014-04-25,9,0,0.258269231,0.4436047279998394,0.4436047279998394,28.18,30.5,14.09,296.68212246923207,531.8704039437,1.0
Paper-proposed AR,2014-04-25T00:00:00+00:00,2014-04-25T10:00:00+10:00,2014-04-25,10,1,0.213205128,0.7105343478288505,0.7105343478288505,27.91,26.87,13.955,386.72353155574825,507.90832683720004,1.0
Paper-proposed AR,2014-04-25T01:00:00+00:00,2014-04-25T11:00:00+10:00,2014-04-25,11,2,0.145,0.7500075303044754,0.7500075303044754,26.78,26.26,13.39,359.5245249233078,459.9465,1.0
Paper-proposed AR,2014-04-25T02:00:00+00:00,2014-04-25T12:00:00+10:00,2014-04-25,12,3,0.133717949,0.8208123209864204,0.8208123209864204,25.72,25.15,12.86,368.25777816076095,437.3883847242,1.0
Paper-proposed AR,2014-04-25T03:00:00+00:00,2014-04-25T13:00:00+10:00,2014-04-25,13,4,0.103461538,0.6467303896856328,0.6467303896856328,25.78,23.4,12.89,290.09921843603416,426.7085767446,1.0
Paper-proposed AR,2014-04-25T04:00:00+00:00,2014-04-25T14:00:00+10:00,2014-04-25,14,5,0.082435897,0.5886706402443183,0.5886706402443183,26.97,27.95,13.485,271.4961496421889,437.89944213135,1.0
Paper-proposed AR,2014-04-25T05:00:00+00:00,2014-04-25T15:00:00+10:00,2014-04-25,15,6,0.079615385,0.43632799851238835,0.43632799851238835,36.11,35.06,18.055,279.4607336794851,584.77367328525,1.0
Paper-proposed AR,2014-04-25T06:00:00+00:00,2014-04-25T16:00:00+10:00,2014-04-25,16,7,0.075448718,0.19004569711303765,0.19004569711303765,41.27,33.42,20.635,164.35431767572598,665.7565288779001,1.0
Paper-proposed AR,2014-04-25T07:00:00+00:00,2014-04-25T17:00:00+10:00,2014-04-25,17,8,0.019230769,0.04122048379169315,0.04122048379169315,44.18,36.15,22.09,40.061045225055054,675.4442306162999,1.0
Paper-proposed AR,2014-04-25T08:00:00+00:00,2014-04-25T18:00:00+10:00,2014-04-25,18,9,0.001282051,0.003100320743078947,0.003100320743078947,48.78,66.18,24.39,3.2065814044108656,732.6380767167,1.0
Paper-proposed AR,2014-04-25T09:00:00+00:00,2014-04-25T19:00:00+10:00,2014-04-25,19,10,0.0,3.820622263247959e-05,3.820622263247959e-05,52.01,45.38,26.005,0.029806584586728954,780.15,1.0
Paper-proposed AR,2014-04-25T10:00:00+00:00,2014-04-25T20:00:00+10:00,2014-04-25,20,11,0.0,0.0,0.0,52.56,50.58,26.28,0.0,788.4000000000001,1.0
Paper-proposed AR,2014-04-25T23:00:00+00:00,2014-04-26T09:00:00+10:00,2014-04-26,9,0,0.144871795,0.26489812493397086,0.26489812493397086,27.88,27.25,13.94,171.36578051638662,478.785384669,1.0
Paper-proposed AR,2014-04-26T00:00:00+00:00,2014-04-26T10:00:00+10:00,2014-04-26,10,1,0.228910256,0.375808083669673,0.375808083669673,27.16,20.97,13.58,246.36225158142483,500.6580382944,1.0
Paper-proposed AR,2014-04-26T01:00:00+00:00,2014-04-26T11:00:00+10:00,2014-04-26,11,2,0.241217949,0.5556518868342942,0.5556518868342942,25.13,20.86,12.565,300.38008461773717,467.87710587554994,1.0
Paper-proposed AR,2014-04-26T02:00:00+00:00,2014-04-26T12:00:00+10:00,2014-04-26,12,3,0.330320513,0.4994331025707817,0.4994331025707817,23.9,19.17,11.95,297.4666711821252,476.9199039105,1.0
Paper-proposed AR,2014-04-26T03:00:00+00:00,2014-04-26T13:00:00+10:00,2014-04-26,13,4,0.330769231,0.4913712952476835,0.4913712952476835,23.63,20.99,11.815,291.4077095284914,471.69115392795,1.0
Paper-proposed AR,2014-04-26T04:00:00+00:00,2014-04-26T14:00:00+10:00,2014-04-26,14,5,0.437179487,0.44365976468832474,0.44365976468832474,23.68,22.69,11.84,312.87410219969297,510.4861537824,1.0
Paper-proposed AR,2014-04-26T05:00:00+00:00,2014-04-26T15:00:00+10:00,2014-04-26,15,6,0.154423077,0.2969427615537052,0.2969427615537052,24.28,23.68,12.14,164.38743840125943,420.4408846434,1.0
Paper-proposed AR,2014-04-26T06:00:00+00:00,2014-04-26T16:00:00+10:00,2014-04-26,16,7,0.093653846,0.14444715266105176,0.14444715266105176,27.98,24.31,13.99,99.93098913804343,459.0065191662,1.0
Paper-proposed AR,2014-04-26T07:00:00+00:00,2014-04-26T17:00:00+10:00,2014-04-26,17,8,0.021730769,0.02988088197701286,0.02988088197701286,31.27,29.97,15.635,24.208444890767883,479.24281719945003,1.0
Paper-proposed AR,2014-04-26T08:00:00+00:00,2014-04-26T18:00:00+10:00,2014-04-26,18,9,0.002435897,0.002459788619448721,0.002459788619448721,35.58,32.46,17.79,2.6128274150997823,535.0000382289,1.0
Paper-proposed AR,2014-04-26T09:00:00+00:00,2014-04-26T19:00:00+10:00,2014-04-26,19,10,0.0,1.0095593800146924e-05,1.0095593800146924e-05,38.0,40.0,19.0,0.0057544884660837466,570.0,1.0
Paper-proposed AR,2014-04-26T10:00:00+00:00,2014-04-26T20:00:00+10:00,2014-04-26,20,11,0.0,0.0,0.0,37.23,33.85,18.615,0.0,558.4499999999999,1.0
Paper-proposed AR,2014-04-26T23:00:00+00:00,2014-04-27T09:00:00+10:00,2014-04-27,9,0,0.042307692,0.16999439738443134,0.16999439738443134,21.37,23.55,10.685,68.05343475217947,334.1117306706,1.0
Paper-proposed AR,2014-04-27T00:00:00+00:00,2014-04-27T10:00:00+10:00,2014-04-27,10,1,0.073525641,0.4465109849688468,0.4465109849688468,20.07,21.7,10.035,156.55702624792133,323.18489422305004,1.0
Paper-proposed AR,2014-04-27T01:00:00+00:00,2014-04-27T11:00:00+10:00,2014-04-27,11,2,0.159358974,0.5827467972671624,0.5827467972671624,18.73,19.13,9.365,208.49461643750925,325.7219037453,1.0
Paper-proposed AR,2014-04-27T02:00:00+00:00,2014-04-27T12:00:00+10:00,2014-04-27,12,3,0.161794872,0.5905204082353104,0.5905204082353104,17.75,18.79,8.875,200.3039433626514,309.32788467,1.0
Paper-proposed AR,2014-04-27T03:00:00+00:00,2014-04-27T13:00:00+10:00,2014-04-27,13,4,0.168717949,0.5928630740696003,0.5928630740696003,17.59,19.59,8.795,200.94315293691406,308.36623084365,1.0
Paper-proposed AR,2014-04-27T04:00:00+00:00,2014-04-27T14:00:00+10:00,2014-04-27,14,5,0.307371795,0.4943602665954234,0.4943602665954234,18.42,18.58,9.21,221.51856861881552,361.22682695850006,1.0
Paper-proposed AR,2014-04-27T05:00:00+00:00,2014-04-27T15:00:00+10:00,2014-04-27,15,6,0.16974359,0.33943812120364814,0.33943812120364814,19.1,38.77,9.55,145.8805602598452,335.131538535,1.0
Paper-proposed AR,2014-04-27T06:00:00+00:00,2014-04-27T16:00:00+10:00,2014-04-27,16,7,0.161217949,0.13487813573111698,0.13487813573111698,20.5,18.59,10.25,97.639767334693,357.0745193175,1.0
Paper-proposed AR,2014-04-27T07:00:00+00:00,2014-04-27T17:00:00+10:00,2014-04-27,17,8,0.066282051,0.030161027136656318,0.030161027136656318,24.25,22.04,12.125,45.8253682203603,387.86009605124997,1.0
Paper-proposed AR,2014-04-27T08:00:00+00:00,2014-04-27T18:00:00+10:00,2014-04-27,18,9,0.004166667,0.002700302064181554,0.002700302064181554,27.59,28.14,13.795,3.4729452973410044,415.57437513794997,1.0
Paper-proposed AR,2014-04-27T09:00:00+00:00,2014-04-27T19:00:00+10:00,2014-04-27,19,10,0.0,3.0896011546176806e-05,3.0896011546176806e-05,30.1,30.13,15.05,0.013949549213098827,451.5,1.0
Paper-proposed AR,2014-04-27T10:00:00+00:00,2014-04-27T20:00:00+10:00,2014-04-27,20,11,0.0,0.0,0.0,31.25,30.44,15.625,0.0,468.75,1.0
Paper-proposed AR,2014-04-27T23:00:00+00:00,2014-04-28T09:00:00+10:00,2014-04-28,9,0,0.135961538,0.12004929356188848,0.12004929356188848,20.78,21.94,10.39,85.3121688956463,354.0792113946,1.0
Paper-proposed AR,2014-04-28T00:00:00+00:00,2014-04-28T10:00:00+10:00,2014-04-28,10,1,0.442820513,0.3793989757515736,0.3793989757515736,20.21,18.96,10.105,266.10376938508404,437.39103851595,1.0
Paper-proposed AR,2014-04-28T01:00:00+00:00,2014-04-28T11:00:00+10:00,2014-04-28,11,2,0.763782051,0.5656469458848437,0.5656469458848437,19.1,20.65,9.55,446.86039761085476,505.32355761150006,1.0
Paper-proposed AR,2014-04-28T02:00:00+00:00,2014-04-28T12:00:00+10:00,2014-04-28,12,3,0.725897436,0.5416326133933758,0.5416326133933758,18.88,21.3,9.44,424.5259338716409,488.7741538752,1.0
Paper-proposed AR,2014-04-28T03:00:00+00:00,2014-04-28T13:00:00+10:00,2014-04-28,13,4,0.671089744,0.558958231097802,0.558958231097802,18.79,21.48,9.395,387.34230178400736,470.9966443464,1.0
Paper-proposed AR,2014-04-28T04:00:00+00:00,2014-04-28T14:00:00+10:00,2014-04-28,14,5,0.570128205,0.5108838828434533,0.5108838828434533,20.28,23.51,10.14,352.6067747389694,477.632999961,1.0
Paper-proposed AR,2014-04-28T05:00:00+00:00,2014-04-28T15:00:00+10:00,2014-04-28,15,6,0.399551282,0.36436846542126977,0.36436846542126977,28.45,35.6,14.225,348.5637333431376,597.2585095935,1.0
Paper-proposed AR,2014-04-28T06:00:00+00:00,2014-04-28T16:00:00+10:00,2014-04-28,16,7,0.186730769,0.18736921219837607,0.18736921219837607,35.26,70.19,17.63,197.8614800558211,627.6619037240998,1.0
Paper-proposed AR,2014-04-28T07:00:00+00:00,2014-04-28T17:00:00+10:00,2014-04-28,17,8,0.046217949,0.06421835083163645,0.06421835083163645,37.52,41.0,18.76,62.153549545245,588.8114616972,1.0
Paper-proposed AR,2014-04-28T08:00:00+00:00,2014-04-28T18:00:00+10:00,2014-04-28,18,9,0.003782051,0.00740897059327775,0.00740897059327775,39.34,43.71,19.67,6.6038218421932005,592.3317882951001,1.0
Paper-proposed AR,2014-04-28T09:00:00+00:00,2014-04-28T19:00:00+10:00,2014-04-28,19,10,0.0,4.4632609821451876e-05,4.4632609821451876e-05,41.07,43.84,20.535,0.02749591928050543,616.05,1.0
Paper-proposed AR,2014-04-28T10:00:00+00:00,2014-04-28T20:00:00+10:00,2014-04-28,20,11,0.0,0.0,0.0,43.22,43.25,21.61,0.0,648.3,1.0
Paper-proposed AR,2014-04-28T23:00:00+00:00,2014-04-29T09:00:00+10:00,2014-04-29,9,0,0.249807692,0.18795519121157914,0.18795519121157914,26.48,29.7,13.24,204.42218210096144,496.4236152624,1.0
Paper-proposed AR,2014-04-29T00:00:00+00:00,2014-04-29T10:00:00+10:00,2014-04-29,10,1,0.343589744,0.5943427953154915,0.5943427953154915,25.73,26.82,12.865,361.99506354881396,518.5584616968,1.0
Paper-proposed AR,2014-04-29T01:00:00+00:00,2014-04-29T11:00:00+10:00,2014-04-29,11,2,0.649551282,0.6646675969340953,0.6646675969340953,23.97,23.91,11.985,472.5273979207539,593.0961634431,1.0
Paper-proposed AR,2014-04-29T02:00:00+00:00,2014-04-29T12:00:00+10:00,2014-04-29,12,3,0.366346154,0.6471227860305897,0.6471227860305897,23.31,23.33,11.655,354.3594148816956,477.74293274609994,1.0
Paper-proposed AR,2014-04-29T03:00:00+00:00,2014-04-29T13:00:00+10:00,2014-04-29,13,4,0.388141026,0.6457688942392013,0.6457688942392013,23.24,22.83,11.62,360.42099819538555,483.9059616636,1.0
Paper-proposed AR,2014-04-29T04:00:00+00:00,2014-04-29T14:00:00+10:00,2014-04-29,14,5,0.401794872,0.5403505849893598,0.5403505849893598,25.04,25.41,12.52,353.8698336452036,526.5141539232,1.0
Paper-proposed AR,2014-04-29T05:00:00+00:00,2014-04-29T15:00:00+10:00,2014-04-29,15,6,0.202051282,0.3836747428325398,0.3836747428325398,34.2,58.87,17.1,300.47745073909294,616.6523076660001,1.0
Paper-proposed AR,2014-04-29T06:00:00+00:00,2014-04-29T16:00:00+10:00,2014-04-29,16,7,0.108461538,0.18496404563792151,0.18496404563792151,43.17,103.27,21.585,190.00773668473607,717.7842689319001,1.0
Paper-proposed AR,2014-04-29T07:00:00+00:00,2014-04-29T17:00:00+10:00,2014-04-29,17,8,0.023846154,0.041037505103925585,0.041037505103925585,46.12,55.61,23.06,44.886515368095715,708.2967693372,1.0
Paper-proposed AR,2014-04-29T08:00:00+00:00,2014-04-29T18:00:00+10:00,2014-04-29,18,9,0.000448718,0.003767380330119039,0.003767380330119039,46.72,51.32,23.36,2.9546417097474222,701.1144615744,1.0
Paper-proposed AR,2014-04-29T09:00:00+00:00,2014-04-29T19:00:00+10:00,2014-04-29,19,10,0.0,4.456130597653123e-05,4.456130597653123e-05,47.62,41.33,23.81,0.03183014085903625,714.3,1.0
Paper-proposed AR,2014-04-29T10:00:00+00:00,2014-04-29T20:00:00+10:00,2014-04-29,20,11,0.0,0.0,0.0,47.45,48.21,23.725,0.0,711.75,1.0
Paper-proposed AR,2014-04-29T23:00:00+00:00,2014-04-30T09:00:00+10:00,2014-04-30,9,0,0.515833333,0.28401777331834427,0.28401777331834427,27.49,28.26,13.745,430.76268915374624,625.05387486255,1.0
Paper-proposed AR,2014-04-30T00:00:00+00:00,2014-04-30T10:00:00+10:00,2014-04-30,10,1,0.699294872,0.631385783039342,0.631385783039342,26.35,24.72,13.175,549.4718418658238,671.646298158,1.0
Paper-proposed AR,2014-04-30T01:00:00+00:00,2014-04-30T11:00:00+10:00,2014-04-30,11,2,0.796987179,0.6247912521323552,0.6247912521323552,24.2,26.55,12.1,590.752504798169,652.306345977,1.0
Paper-proposed AR,2014-04-30T02:00:00+00:00,2014-04-30T12:00:00+10:00,2014-04-30,12,3,0.754871795,0.6330046825452033,0.6330046825452033,23.86,27.29,11.93,552.8773567325985,628.0686154305,1.0
Paper-proposed AR,2014-04-30T03:00:00+00:00,2014-04-30T13:00:00+10:00,2014-04-30,13,4,0.711666667,0.6147540811286026,0.6147540811286026,24.16,27.04,12.08,524.1892476608888,620.3080001208,1.0
Paper-proposed AR,2014-04-30T04:00:00+00:00,2014-04-30T14:00:00+10:00,2014-04-30,14,5,0.590064103,0.5656526774863809,0.5656526774863809,26.75,28.29,13.375,474.65425051622924,638.01322132875,1.0
Paper-proposed AR,2014-04-30T05:00:00+00:00,2014-04-30T15:00:00+10:00,2014-04-30,15,6,0.420448718,0.398352626197477,0.398352626197477,37.73,34.22,18.865,473.5791854373943,803.9029519520999,1.0
Paper-proposed AR,2014-04-30T06:00:00+00:00,2014-04-30T16:00:00+10:00,2014-04-30,16,7,0.194358974,0.16681595652157727,0.16681595652157727,44.06,44.24,22.03,257.05242412758355,789.3518459166,1.0
Paper-proposed AR,2014-04-30T07:00:00+00:00,2014-04-30T17:00:00+10:00,2014-04-30,17,8,0.035833333,0.029623306596562423,0.029623306596562423,46.92,64.72,23.46,53.75515363023567,729.0194997654,1.0
Paper-proposed AR,2014-04-30T08:00:00+00:00,2014-04-30T18:00:00+10:00,2014-04-30,18,9,0.002435897,0.0010462199094828622,0.0010462199094828622,48.07,93.57,24.035,5.409716292255892,722.80640353185,1.0
Paper-proposed AR,2014-04-30T09:00:00+00:00,2014-04-30T19:00:00+10:00,2014-04-30,19,10,0.0,2.0161619683021303e-06,2.0161619683021303e-06,46.79,61.24,23.395,0.0014150432774528501,701.85,1.0
Paper-proposed AR,2014-04-30T10:00:00+00:00,2014-04-30T20:00:00+10:00,2014-04-30,20,11,0.0,0.0,0.0,47.44,38.69,23.72,0.0,711.5999999999999,1.0
Paper-proposed MLR,2014-01-20T22:00:00+00:00,2014-01-21T09:00:00+11:00,2014-01-21,9,0,0.079487179,0.30190390263631933,0.30190390263631933,34.28,25.67,17.14,196.11129417739542,555.0723074418,1.0
Paper-proposed MLR,2014-01-20T23:00:00+00:00,2014-01-21T10:00:00+11:00,2014-01-21,10,1,0.164166667,0.5273248061018191,0.5273248061018191,32.410000000000004,23.69,16.205000000000002,336.16857964844934,565.9596251620501,1.0
Paper-proposed MLR,2014-01-21T00:00:00+00:00,2014-01-21T11:00:00+11:00,2014-01-21,11,2,0.241025641,0.581210909570723,0.581210909570723,31.59,24.22,15.795,389.6167894879371,588.05999998785,1.0
Paper-proposed MLR,2014-01-21T01:00:00+00:00,2014-01-21T12:00:00+11:00,2014-01-21,12,3,0.576217949,0.6891180138286188,0.6891180138286188,31.33,26.6,15.665,594.6446357313093,740.7436251325499,1.0
Paper-proposed MLR,2014-01-21T02:00:00+00:00,2014-01-21T13:00:00+11:00,2014-01-21,13,4,0.811794872,0.6561863468681316,0.6561863468681316,30.37,27.34,15.185,725.4814929447132,825.3631539396,1.0
Paper-proposed MLR,2014-01-21T03:00:00+00:00,2014-01-21T14:00:00+11:00,2014-01-21,14,5,0.706858974,0.7423616365213692,0.7423616365213692,31.06,28.24,15.53,675.1918824419058,795.2255959866,1.0
Paper-proposed MLR,2014-01-21T04:00:00+00:00,2014-01-21T15:00:00+11:00,2014-01-21,15,6,0.564294872,0.5601222427213077,0.5601222427213077,32.64,25.85,16.32,551.7075740783303,765.8787693311999,1.0
Paper-proposed MLR,2014-01-21T05:00:00+00:00,2014-01-21T16:00:00+11:00,2014-01-21,16,7,0.403461538,0.4314119803708703,0.4314119803708703,38.32,25.01,19.16,479.88529835957627,806.7096920424,1.0
Paper-proposed MLR,2014-01-21T06:00:00+00:00,2014-01-21T17:00:00+11:00,2014-01-21,17,8,0.282435897,0.272195573601144,0.272195573601144,45.79,50.49,22.895,389.42607730813864,880.84109585445,1.0
Paper-proposed MLR,2014-01-21T07:00:00+00:00,2014-01-21T18:00:00+11:00,2014-01-21,18,9,0.153782051,0.19374147847885362,0.19374147847885362,71.35000000000001,39.76,35.675000000000004,371.93705742474316,1234.8352400827503,1.0
Paper-proposed MLR,2014-01-21T08:00:00+00:00,2014-01-21T19:00:00+11:00,2014-01-21,19,10,0.090512821,0.10030812159244629,0.10030812159244629,73.72,38.31,36.86,211.00979831872706,1205.8890774618,1.0
Paper-proposed MLR,2014-01-21T09:00:00+00:00,2014-01-21T20:00:00+11:00,2014-01-21,20,11,0.029487179,0.029315932745035855,0.029315932745035855,69.35000000000001,39.25,34.675000000000004,61.19344054126738,1070.92403795475,1.0
Paper-proposed MLR,2014-01-21T22:00:00+00:00,2014-01-22T09:00:00+11:00,2014-01-22,9,0,0.055192308,0.32845931384338695,0.32845931384338695,49.13,37.73,24.565,282.73206271748404,777.6239713806,1.0
Paper-proposed MLR,2014-01-21T23:00:00+00:00,2014-01-22T10:00:00+11:00,2014-01-22,10,1,0.468076923,0.5858162897744175,0.5858162897744175,41.18,27.28,20.59,650.9898375307577,906.8311153371,1.0
Paper-proposed MLR,2014-01-22T00:00:00+00:00,2014-01-22T11:00:00+11:00,2014-01-22,11,2,0.504423077,0.7404534215638101,0.7404534215638101,44.68,50.44,22.34,834.3162293374656,1008.2643462054,1.0
Paper-proposed MLR,2014-01-22T01:00:00+00:00,2014-01-22T12:00:00+11:00,2014-01-22,12,3,0.263525641,0.6245931085749687,0.6245931085749687,42.56,28.18,21.28,566.97500972866,806.6347692144001,1.0
Paper-proposed MLR,2014-01-22T02:00:00+00:00,2014-01-22T13:00:00+11:00,2014-01-22,13,4,0.511410256,0.7466605951467788,0.7466605951467788,41.31,31.41,20.655,779.5636029131016,936.5453651304,1.0
Paper-proposed MLR,2014-01-22T03:00:00+00:00,2014-01-22T14:00:00+11:00,2014-01-22,14,5,0.469102564,0.6698009145756061,0.6698009145756061,40.88,27.42,20.44,698.3756130625616,900.8536922448,1.0
Paper-proposed MLR,2014-01-22T04:00:00+00:00,2014-01-22T15:00:00+11:00,2014-01-22,15,6,0.428076923,0.5682463118594232,0.5682463118594232,41.18,26.91,20.59,615.4288621726656,882.1231153371,1.0
Paper-proposed MLR,2014-01-22T05:00:00+00:00,2014-01-22T16:00:00+11:00,2014-01-22,16,7,0.342820513,0.4358655010305482,0.4358655010305482,44.0,40.33,22.0,513.9327692601619,886.26153858,1.0
Paper-proposed MLR,2014-01-22T06:00:00+00:00,2014-01-22T17:00:00+11:00,2014-01-22,17,8,0.288269231,0.32674354492824165,0.32674354492824165,60.5,53.65,30.25,558.1240941548793,1169.1043271325,1.0
Paper-proposed MLR,2014-01-22T07:00:00+00:00,2014-01-22T18:00:00+11:00,2014-01-22,18,9,0.153717949,0.2215028095408716,0.2215028095408716,98.23,76.29,49.115,552.8690266720472,1699.94571195405,1.0
Paper-proposed MLR,2014-01-22T08:00:00+00:00,2014-01-22T19:00:00+11:00,2014-01-22,19,10,0.043076923,0.13241933754588775,0.13241933754588775,92.07,46.67,46.035,242.36911062689825,1440.5413845091498,1.0
Paper-proposed MLR,2014-01-22T09:00:00+00:00,2014-01-22T20:00:00+11:00,2014-01-22,20,11,0.019038462,0.038821720939842985,0.038821720939842985,78.23,35.12,39.115,67.89603167075875,1195.7906832339,1.0
Paper-proposed MLR,2014-01-22T22:00:00+00:00,2014-01-23T09:00:00+11:00,2014-01-23,9,0,0.158782051,0.3289703097881072,0.3289703097881072,52.78,31.52,26.39,386.15354403594455,917.4077497767,1.0
Paper-proposed MLR,2014-01-22T23:00:00+00:00,2014-01-23T10:00:00+11:00,2014-01-23,10,1,0.190128205,0.6024619702067302,0.6024619702067302,45.35,27.25,22.675,539.1594666843783,809.58471145125,1.0
Paper-proposed MLR,2014-01-23T00:00:00+00:00,2014-01-23T11:00:00+11:00,2014-01-23,11,2,0.250448718,0.6986725755284179,0.6986725755284179,47.05,25.43,23.525,669.8423529076808,882.5041827284999,1.0
Paper-proposed MLR,2014-01-23T01:00:00+00:00,2014-01-23T12:00:00+11:00,2014-01-23,12,3,0.456858974,0.7926267923118706,0.7926267923118706,45.59,27.32,22.795,854.4608412923727,996.2730093699,1.0
Paper-proposed MLR,2014-01-23T02:00:00+00:00,2014-01-23T13:00:00+11:00,2014-01-23,13,4,0.755641026,0.8177467144346797,0.8177467144346797,44.73,26.88,22.365,1055.6645044446484,1177.9473463947,1.0
Paper-proposed MLR,2014-01-23T03:00:00+00:00,2014-01-23T14:00:00+11:00,2014-01-23,14,5,0.751282051,0.7571029878613895,0.7571029878613895,44.57,26.07,22.285,1008.4308177307819,1170.8196151960499,1.0
Paper-proposed MLR,2014-01-23T04:00:00+00:00,2014-01-23T15:00:00+11:00,2014-01-23,15,6,0.559807692,0.6397858813825941,0.6397858813825941,46.13,28.86,23.065,830.058773102086,1079.3089324794003,1.0
Paper-proposed MLR,2014-01-23T05:00:00+00:00,2014-01-23T16:00:00+11:00,2014-01-23,16,7,0.342820513,0.47377345925269465,0.47377345925269465,51.39,27.67,25.695,629.4714635109897,1035.11319244605,1.0
Paper-proposed MLR,2014-01-23T06:00:00+00:00,2014-01-23T17:00:00+11:00,2014-01-23,17,8,0.288269231,0.33292131361697375,0.33292131361697375,69.9,31.97000000000001,34.95,651.3182860308971,1350.7502887035,1.0
Paper-proposed MLR,2014-01-23T07:00:00+00:00,2014-01-23T18:00:00+11:00,2014-01-23,18,9,0.064294872,0.23735067306877325,0.23735067306877325,104.01,56.07,52.005,470.61229713904663,1660.4596445508,1.0
Paper-proposed MLR,2014-01-23T08:00:00+00:00,2014-01-23T19:00:00+11:00,2014-01-23,19,10,0.037115385,0.13550134859711105,0.13550134859711105,105.8,22.25,52.9,273.94275621861516,1645.902115995,1.0
Paper-proposed MLR,2014-01-23T09:00:00+00:00,2014-01-23T20:00:00+11:00,2014-01-23,20,11,0.023397436,0.039507351708776006,0.039507351708776006,93.19,60.02,46.595,87.93145749871253,1430.5561059125998,1.0
Paper-proposed MLR,2014-01-23T22:00:00+00:00,2014-01-24T09:00:00+11:00,2014-01-24,9,0,0.1075,0.28767022480682447,0.28767022480682447,59.51,36.34,29.755,352.7487011738118,988.609875,1.0
Paper-proposed MLR,2014-01-23T23:00:00+00:00,2014-01-24T10:00:00+11:00,2014-01-24,10,1,0.169423077,0.5043362498155218,0.5043362498155218,50.39,33.25,25.195,509.26098717351226,883.9084327504501,1.0
Paper-proposed MLR,2014-01-24T00:00:00+00:00,2014-01-24T11:00:00+11:00,2014-01-24,11,2,0.239230769,0.4657476421523463,0.4657476421523463,48.23,36.55,24.115,510.0166315481649,896.5214998330499,1.0
Paper-proposed MLR,2014-01-24T01:00:00+00:00,2014-01-24T12:00:00+11:00,2014-01-24,12,3,0.382692308,0.5085158458164477,0.5085158458164477,47.06,51.63,23.53,629.1038357790305,976.0425002172,1.0
Paper-proposed MLR,2014-01-24T02:00:00+00:00,2014-01-24T13:00:00+11:00,2014-01-24,13,4,0.306410256,0.47459111839119017,0.47459111839119017,44.73,49.5,22.365,524.0128721477689,876.5359612632,1.0
Paper-proposed MLR,2014-01-24T03:00:00+00:00,2014-01-24T14:00:00+11:00,2014-01-24,14,5,0.269487179,0.3293433418815707,0.3293433418815707,42.68,44.34,21.34,383.3712994683816,812.7256919958,1.0
Paper-proposed MLR,2014-01-24T04:00:00+00:00,2014-01-24T15:00:00+11:00,2014-01-24,15,6,0.235064103,0.20099082457211462,0.20099082457211462,43.55,39.77,21.775,303.24734079577775,806.8056252847499,1.0
Paper-proposed MLR,2014-01-24T05:00:00+00:00,2014-01-24T16:00:00+11:00,2014-01-24,16,7,0.176602564,0.05650688132485232,0.05650688132485232,50.95,54.03,25.475,281.03386015318364,899.218509537,1.0
Paper-proposed MLR,2014-01-24T06:00:00+00:00,2014-01-24T17:00:00+11:00,2014-01-24,17,8,0.137115385,0.012083009502186881,0.012083009502186881,74.63,45.63,37.315,198.2094687934026,1272.94381773825,1.0
Paper-proposed MLR,2014-01-24T07:00:00+00:00,2014-01-24T18:00:00+11:00,2014-01-24,18,9,0.094038462,-0.012772666165199509,0.0,114.33,65.6,57.165,185.06769321599998,1876.2212604069,1.0
Paper-proposed MLR,2014-01-24T08:00:00+00:00,2014-01-24T19:00:00+11:00,2014-01-24,19,10,0.036730769,-0.0024818549970027637,0.0,105.08,70.36,52.54,77.53130720520001,1634.0950380978002,1.0
Paper-proposed MLR,2014-01-24T09:00:00+00:00,2014-01-24T20:00:00+11:00,2014-01-24,20,11,0.011730769,0.0001235606921927146,0.0001235606921927146,88.82,55.14,44.41,19.52988380319152,1347.9289035386998,1.0
Paper-proposed MLR,2014-01-24T22:00:00+00:00,2014-01-25T09:00:00+11:00,2014-01-25,9,0,0.511538462,0.40504070332566977,0.40504070332566977,43.58,44.46,21.79,671.5969260478023,988.0926926094,1.0
Paper-proposed MLR,2014-01-24T23:00:00+00:00,2014-01-25T10:00:00+11:00,2014-01-25,10,1,0.684871795,0.6705215759575904,0.6705215759575904,36.63,41.66,18.315,754.7710635789997,925.75280776275,1.0
Paper-proposed MLR,2014-01-25T00:00:00+00:00,2014-01-25T11:00:00+11:00,2014-01-25,11,2,0.790384615,0.7651916262215385,0.7651916262215385,38.92,48.41,19.46,930.025520379228,1147.8755763645,0.0
Paper-proposed MLR,2014-01-25T01:00:00+00:00,2014-01-25T12:00:00+11:00,2014-01-25,12,3,0.830641026,0.8046155237824818,0.8046155237824818,34.0,26.92,17.0,841.7260298489991,933.62692326,1.0
Paper-proposed MLR,2014-01-25T02:00:00+00:00,2014-01-25T13:00:00+11:00,2014-01-25,13,4,0.828333333,0.82178316739553,0.82178316739553,32.160000000000004,29.93,16.080000000000002,798.737793599461,881.9879998392,1.0
Paper-proposed MLR,2014-01-25T03:00:00+00:00,2014-01-25T14:00:00+11:00,2014-01-25,14,5,0.785576923,0.7620080135685536,0.7620080135685536,29.05,33.64,14.525,687.8757272232103,792.8042306916,0.0
Paper-proposed MLR,2014-01-25T04:00:00+00:00,2014-01-25T15:00:00+11:00,2014-01-25,15,6,0.681858974,0.6418909071508266,0.6418909071508266,28.31,33.09,14.155,584.8342474043714,714.2014133091,1.0
Paper-proposed MLR,2014-01-25T05:00:00+00:00,2014-01-25T16:00:00+11:00,2014-01-25,16,7,0.525961538,0.47196102641174975,0.47196102641174975,29.02,30.16,14.51,459.74893247911814,664.2510574914,1.0
Paper-proposed MLR,2014-01-25T06:00:00+00:00,2014-01-25T17:00:00+11:00,2014-01-25,17,8,0.324679487,0.3351517924392612,0.3351517924392612,34.83,34.5,17.415,344.728851943042,692.07879798315,1.0
Paper-proposed MLR,2014-01-25T07:00:00+00:00,2014-01-25T18:00:00+11:00,2014-01-25,18,9,0.132371795,0.20306582235052675,0.20306582235052675,46.08,91.71,23.04,231.85448111268408,782.6953847039999,1.0
Paper-proposed MLR,2014-01-25T08:00:00+00:00,2014-01-25T19:00:00+11:00,2014-01-25,19,10,0.053589744,0.11576757337558563,0.11576757337558563,55.51,29.65,27.755,141.01537031278136,877.2715003416,1.0
Paper-proposed MLR,2014-01-25T09:00:00+00:00,2014-01-25T20:00:00+11:00,2014-01-25,20,11,0.030128205,0.02692276325114068,0.02692276325114068,59.56,65.63,29.78,54.41678763646729,920.316538347,1.0
Paper-proposed MLR,2014-01-25T22:00:00+00:00,2014-01-26T09:00:00+11:00,2014-01-26,9,0,0.508012821,0.41560281071165794,0.41560281071165794,51.89,56.98,25.945,804.9345670217299,1173.76177922535,1.0
Paper-proposed MLR,2014-01-25T23:00:00+00:00,2014-01-26T10:00:00+11:00,2014-01-26,10,1,0.640384615,0.6714819061416804,0.6714819061416804,46.02,51.4,23.01,905.581459544102,1132.3574997345002,1.0
Paper-proposed MLR,2014-01-26T00:00:00+00:00,2014-01-26T11:00:00+11:00,2014-01-26,11,2,0.809294872,0.7616154092706238,0.7616154092706238,59.15,31.72000000000001,29.575,1396.8583204839963,1605.2968751820001,1.0
Paper-proposed MLR,2014-01-26T01:00:00+00:00,2014-01-26T12:00:00+11:00,2014-01-26,12,3,0.832692308,0.7982920515818376,0.7982920515818376,52.58,31.23,26.29,1291.455482403367,1445.4444233196,1.0
Paper-proposed MLR,2014-01-26T02:00:00+00:00,2014-01-26T13:00:00+11:00,2014-01-26,13,4,0.818717949,0.8144193115152096,0.8144193115152096,44.74,23.24,22.37,1096.1106099701103,1220.5416155739001,1.0
Paper-proposed MLR,2014-01-26T03:00:00+00:00,2014-01-26T14:00:00+11:00,2014-01-26,14,5,0.769230769,0.7532566341271438,0.7532566341271438,38.31,24.14,19.155,877.2863180772489,1016.6884614058501,1.0
Paper-proposed MLR,2014-01-26T04:00:00+00:00,2014-01-26T15:00:00+11:00,2014-01-26,15,6,0.670448718,0.6366694778745587,0.6366694778745587,35.03,19.56,17.515,688.8976124039829,877.7372788731001,1.0
Paper-proposed MLR,2014-01-26T05:00:00+00:00,2014-01-26T16:00:00+11:00,2014-01-26,16,7,0.520576923,0.47057717690050577,0.47057717690050577,37.15,21.44,18.575,556.6181003468083,847.3414903417499,1.0
Paper-proposed MLR,2014-01-26T06:00:00+00:00,2014-01-26T17:00:00+11:00,2014-01-26,17,8,0.321153846,0.3369219257790521,0.3369219257790521,39.26,24.17,19.63,387.54082200068376,778.0274999094,1.0
Paper-proposed MLR,2014-01-26T07:00:00+00:00,2014-01-26T18:00:00+11:00,2014-01-26,18,9,0.109935897,0.23495116792306386,0.23495116792306386,42.48,22.32,21.24,219.7620377689763,707.2511535683999,1.0
Paper-proposed MLR,2014-01-26T08:00:00+00:00,2014-01-26T19:00:00+11:00,2014-01-26,19,10,0.038589744,0.13318888922444305,0.13318888922444305,45.77,22.32,22.885,117.9346206402414,713.0437887432,1.0
Paper-proposed MLR,2014-01-26T09:00:00+00:00,2014-01-26T20:00:00+11:00,2014-01-26,20,11,0.021538462,0.03785241860840427,0.03785241860840427,46.66,35.33,23.33,41.56767733782215,714.9747695537999,1.0
Paper-proposed MLR,2014-01-26T22:00:00+00:00,2014-01-27T09:00:00+11:00,2014-01-27,9,0,0.517692308,0.41724403362958157,0.41724403362958157,35.85,23.47,17.925,519.4715881528266,816.1390386270001,1.0
Paper-proposed MLR,2014-01-26T23:00:00+00:00,2014-01-27T10:00:00+11:00,2014-01-27,10,1,0.678205128,0.6740569861402961,0.6740569861402961,31.53,22.36,15.765,640.3730767495955,793.7071152876,1.0
Paper-proposed MLR,2014-01-27T00:00:00+00:00,2014-01-27T11:00:00+11:00,2014-01-27,11,2,0.773461538,0.7642049131896778,0.7642049131896778,31.75,21.52,15.875,733.8812567907122,844.6110574725,1.0
Paper-proposed MLR,2014-01-27T01:00:00+00:00,2014-01-27T12:00:00+11:00,2014-01-27,12,3,0.816346154,0.8035018481321539,0.8035018481321539,30.8,20.8,15.4,750.4505545356462,839.151923148,1.0
Paper-proposed MLR,2014-01-27T02:00:00+00:00,2014-01-27T13:00:00+11:00,2014-01-27,13,4,0.806730769,0.8208994460012202,0.8208994460012202,32.22,20.41,16.11,786.6336829100896,873.1929806576999,1.0
Paper-proposed MLR,2014-01-27T03:00:00+00:00,2014-01-27T14:00:00+11:00,2014-01-27,14,5,0.761282051,0.761131242043083,0.761131242043083,31.62,20.52,15.81,722.1019341959467,835.3760767893,1.0
Paper-proposed MLR,2014-01-27T04:00:00+00:00,2014-01-27T15:00:00+11:00,2014-01-27,15,6,0.662884615,0.6449411874720861,0.6449411874720861,33.1,25.69,16.55,654.2555987555447,825.6222113475,1.0
Paper-proposed MLR,2014-01-27T05:00:00+00:00,2014-01-27T16:00:00+11:00,2014-01-27,16,7,0.513589744,0.47839621111042985,0.47839621111042985,43.07,24.57,21.535,644.0768974686886,977.8546541112,1.0
Paper-proposed MLR,2014-01-27T06:00:00+00:00,2014-01-27T17:00:00+11:00,2014-01-27,17,8,0.315448718,0.3424558089861936,0.3424558089861936,55.16,28.81,27.58,544.3502056283764,1088.4022692731999,1.0
Paper-proposed MLR,2014-01-27T07:00:00+00:00,2014-01-27T18:00:00+11:00,2014-01-27,18,9,0.104551282,0.23864994781824495,0.23864994781824495,90.91,39.66,45.455,468.0063570416497,1506.2213556993,1.0
Paper-proposed MLR,2014-01-27T08:00:00+00:00,2014-01-27T19:00:00+11:00,2014-01-27,19,10,0.035384615,0.135138809926175,0.135138809926175,109.41,44.65,54.705,279.8545188175921,1699.2214609072498,1.0
Paper-proposed MLR,2014-01-27T09:00:00+00:00,2014-01-27T20:00:00+11:00,2014-01-27,20,11,0.02025641,0.03782052179770673,0.03782052179770673,113.03,37.12,56.515,98.46653401642189,1729.7937303345,1.0
Paper-proposed MLR,2014-01-27T22:00:00+00:00,2014-01-28T09:00:00+11:00,2014-01-28,9,0,0.49724359,0.4123913565932873,0.4123913565932873,117.06,45.83,58.53,1564.8993017951957,2629.0100196810004,1.0
Paper-proposed MLR,2014-01-27T23:00:00+00:00,2014-01-28T10:00:00+11:00,2014-01-28,10,1,0.653717949,0.6679545555419472,0.6679545555419472,84.75,43.98,42.375,1680.1761713989504,2102.28894266625,1.0
Paper-proposed MLR,2014-01-28T00:00:00+00:00,2014-01-28T11:00:00+11:00,2014-01-28,11,2,0.755384615,0.7570006712410864,0.7570006712410864,175.29,40.41,87.645,3976.590252378,4615.520537450249,1.0
Paper-proposed MLR,2014-01-28T01:00:00+00:00,2014-01-28T12:00:00+11:00,2014-01-28,12,3,0.808397436,0.7953522506630908,0.7953522506630908,147.9,38.56,73.95,3544.068606589871,4011.929711766,1.0
Paper-proposed MLR,2014-01-28T02:00:00+00:00,2014-01-28T13:00:00+11:00,2014-01-28,13,4,0.796282051,0.8120386871027909,0.8120386871027909,112.45,32.47,56.225,2712.8350049948826,3029.87874952425,1.0
Paper-proposed MLR,2014-01-28T03:00:00+00:00,2014-01-28T14:00:00+11:00,2014-01-28,14,5,0.739038462,0.7518291239253818,0.7518291239253818,109.61,30.32,54.805,2451.2099413992164,2859.2400872973,1.0
Paper-proposed MLR,2014-01-28T04:00:00+00:00,2014-01-28T15:00:00+11:00,2014-01-28,15,6,0.649807692,0.6360524150013905,0.6360524150013905,115.28,29.19,57.64,2211.769168108491,2852.8474610064,1.0
Paper-proposed MLR,2014-01-28T05:00:00+00:00,2014-01-28T16:00:00+11:00,2014-01-28,16,7,0.506346154,0.47102993447011443,0.47102993447011443,155.76,35.65,77.88,2238.799374579163,3519.4271542056,1.0
Paper-proposed MLR,2014-01-28T06:00:00+00:00,2014-01-28T17:00:00+11:00,2014-01-28,17,8,0.312307692,0.337452707490807,0.337452707490807,201.0,58.88,100.5,1959.0276044647833,3956.60769138,1.0
Paper-proposed MLR,2014-01-28T07:00:00+00:00,2014-01-28T18:00:00+11:00,2014-01-28,18,9,0.105064103,0.23551709826162992,0.23551709826162992,300.53000000000003,66.92,150.26500000000001,1535.3230262273648,4981.573723118851,1.0
Paper-proposed MLR,2014-01-28T08:00:00+00:00,2014-01-28T19:00:00+11:00,2014-01-28,19,10,0.035961538,0.13336327123262226,0.13336327123262226,302.62,98.95,151.31,768.6161065496422,4702.5402094434,1.0
Paper-proposed MLR,2014-01-28T09:00:00+00:00,2014-01-28T20:00:00+11:00,2014-01-28,20,11,0.019935897,0.03691850152659387,0.03691850152659387,277.13,66.3,138.565,236.3408919551244,4239.82252703415,1.0
Paper-proposed MLR,2014-01-28T22:00:00+00:00,2014-01-29T09:00:00+11:00,2014-01-29,9,0,0.465384615,0.4075760827502892,0.4075760827502892,216.95,49.72,108.475,2738.9361412839257,4768.72788336375,1.0
Paper-proposed MLR,2014-01-28T23:00:00+00:00,2014-01-29T10:00:00+11:00,2014-01-29,10,1,0.621538462,0.6618302350071837,0.6618302350071837,146.83,36.01,73.415,2826.5553867234717,3571.3573856319003,1.0
Paper-proposed MLR,2014-01-29T00:00:00+00:00,2014-01-29T11:00:00+11:00,2014-01-29,11,2,0.71974359,0.7498631636036799,0.7498631636036799,61.85,38.05,30.925,1363.427665655814,1595.4921156225,1.0
Paper-proposed MLR,2014-01-29T01:00:00+00:00,2014-01-29T12:00:00+11:00,2014-01-29,12,3,0.768717949,0.7866407181072931,0.7866407181072931,56.74,35.95,28.37,1323.7657615750172,1505.3558463939,1.0
Paper-proposed MLR,2014-01-29T02:00:00+00:00,2014-01-29T13:00:00+11:00,2014-01-29,13,4,0.761410256,0.8027353331753726,0.8027353331753726,48.33,32.0,24.165,1133.9273448726863,1276.9343650872,1.0
Paper-proposed MLR,2014-01-29T03:00:00+00:00,2014-01-29T14:00:00+11:00,2014-01-29,14,5,0.710576923,0.7428028132929295,0.7428028132929295,47.48,28.04,23.74,1035.0970481878244,1218.2728845605998,1.0
Paper-proposed MLR,2014-01-29T04:00:00+00:00,2014-01-29T15:00:00+11:00,2014-01-29,15,6,0.624871795,0.6275019354280482,0.6275019354280482,45.93,31.15,22.965,862.8228815784038,1119.4554231652498,1.0
Paper-proposed MLR,2014-01-29T05:00:00+00:00,2014-01-29T16:00:00+11:00,2014-01-29,16,7,0.486794872,0.46201159265122943,0.46201159265122943,54.82,33.64,27.41,784.8355507929913,1222.5914232455998,1.0
Paper-proposed MLR,2014-01-29T06:00:00+00:00,2014-01-29T17:00:00+11:00,2014-01-29,17,8,0.310897436,0.3250989389183649,0.3250989389183649,74.73,41.56,37.365,712.9201364647413,1469.4504808842003,1.0
Paper-proposed MLR,2014-01-29T07:00:00+00:00,2014-01-29T18:00:00+11:00,2014-01-29,18,9,0.121730769,0.17013157075719232,0.17013157075719232,155.44,76.59,77.72,680.5062313778697,2615.4274610004,1.0
Paper-proposed MLR,2014-01-29T08:00:00+00:00,2014-01-29T19:00:00+11:00,2014-01-29,19,10,0.032115385,0.07900910032926156,0.07900910032926156,136.79,59.58,68.395,228.01077522284533,2117.7459527122496,1.0
Paper-proposed MLR,2014-01-29T09:00:00+00:00,2014-01-29T20:00:00+11:00,2014-01-29,20,11,0.014551282,0.027671577111026247,0.027671577111026247,106.94,50.55,53.47,67.72968829999719,1627.4417114562,1.0
Paper-proposed MLR,2014-01-29T22:00:00+00:00,2014-01-30T09:00:00+11:00,2014-01-30,9,0,0.458397436,0.3946550341348737,0.3946550341348737,52.4,29.93,26.2,677.6320162947183,1146.300384696,1.0
Paper-proposed MLR,2014-01-29T23:00:00+00:00,2014-01-30T10:00:00+11:00,2014-01-30,10,1,0.636474359,0.6545821079866517,0.6545821079866517,43.18,34.07,21.59,836.2172736672544,1059.9444423242999,1.0
Paper-proposed MLR,2014-01-30T00:00:00+00:00,2014-01-30T11:00:00+11:00,2014-01-30,11,2,0.733076923,0.7433003579165849,0.7433003579165849,36.16,37.73,18.08,800.7870371691556,940.0209230352,1.0
Paper-proposed MLR,2014-01-30T01:00:00+00:00,2014-01-30T12:00:00+11:00,2014-01-30,12,3,0.774294872,0.783070302903986,0.783070302903986,33.14,30.62,16.57,774.1662284447715,882.0019808712001,1.0
Paper-proposed MLR,2014-01-30T02:00:00+00:00,2014-01-30T13:00:00+11:00,2014-01-30,13,4,0.775,0.8001875686027771,0.8001875686027771,31.82,30.16,15.91,751.8370264941054,847.2075,1.0
Paper-proposed MLR,2014-01-30T03:00:00+00:00,2014-01-30T14:00:00+11:00,2014-01-30,14,5,0.71775641,0.7408842390697254,0.7408842390697254,31.23,30.81,15.615,683.3002120567129,804.6829902645001,1.0
Paper-proposed MLR,2014-01-30T04:00:00+00:00,2014-01-30T15:00:00+11:00,2014-01-30,15,6,0.623974359,0.6255470644217116,0.6255470644217116,33.56,29.53,16.78,629.0090845504897,817.5086923206001,1.0
Paper-proposed MLR,2014-01-30T05:00:00+00:00,2014-01-30T16:00:00+11:00,2014-01-30,16,7,0.486987179,0.4579484960469333,0.4579484960469333,36.16,30.94,18.08,523.7362340287497,806.5418458895999,1.0
Paper-proposed MLR,2014-01-30T06:00:00+00:00,2014-01-30T17:00:00+11:00,2014-01-30,17,8,0.303910256,0.325510636591298,0.325510636591298,49.74,49.29,24.87,469.61092796236744,972.8474420016,1.0
Paper-proposed MLR,2014-01-30T07:00:00+00:00,2014-01-30T18:00:00+11:00,2014-01-30,18,9,0.105,0.20268995416807942,0.20268995416807942,70.21000000000001,126.62,35.105000000000004,324.04367523211283,1163.7307500000002,1.0
Paper-proposed MLR,2014-01-30T08:00:00+00:00,2014-01-30T19:00:00+11:00,2014-01-30,19,10,0.038910256,0.11701874945472662,0.11701874945472662,71.96000000000001,54.82,35.980000000000004,168.30976848783192,1121.3997303264002,1.0
Paper-proposed MLR,2014-01-30T09:00:00+00:00,2014-01-30T20:00:00+11:00,2014-01-30,20,11,0.020769231,0.030723700954670252,0.030723700954670252,59.7,50.56,29.85,46.11192056540722,914.0988463605001,1.0
Paper-proposed MLR,2014-01-30T22:00:00+00:00,2014-01-31T09:00:00+11:00,2014-01-31,9,0,0.455384615,0.4013526067889131,0.4013526067889131,40.45,34.02,20.225,542.1864559185814,883.05461515125,1.0
Paper-proposed MLR,2014-01-30T23:00:00+00:00,2014-01-31T10:00:00+11:00,2014-01-31,10,1,0.608076923,0.6544541033290707,0.6544541033290707,32.67,30.71,16.335,618.7033294525612,788.0380961161501,1.0
Paper-proposed MLR,2014-01-31T00:00:00+00:00,2014-01-31T11:00:00+11:00,2014-01-31,11,2,0.679166667,0.7421703337896743,0.7421703337896743,35.53,34.25,17.765,757.5015545708569,894.91187517765,1.0
Paper-proposed MLR,2014-01-31T01:00:00+00:00,2014-01-31T12:00:00+11:00,2014-01-31,12,3,0.783589744,0.7794212710529014,0.7794212710529014,33.59,30.3,16.795,789.2119567489215,898.6616925144001,1.0
Paper-proposed MLR,2014-01-31T02:00:00+00:00,2014-01-31T13:00:00+11:00,2014-01-31,13,4,0.61525641,0.793380531628107,0.793380531628107,33.53,29.21,16.765,708.4739497918563,812.3932114094999,1.0
Paper-proposed MLR,2014-01-31T03:00:00+00:00,2014-01-31T14:00:00+11:00,2014-01-31,14,5,0.655961538,0.6393545710136848,0.6393545710136848,33.1,29.68,16.55,649.665932421204,822.184903617,1.0
Paper-proposed MLR,2014-01-31T04:00:00+00:00,2014-01-31T15:00:00+11:00,2014-01-31,15,6,0.241217949,0.49640707619132346,0.49640707619132346,31.66,29.22,15.83,350.2981244633595,589.4544039801,1.0
Paper-proposed MLR,2014-01-31T05:00:00+00:00,2014-01-31T16:00:00+11:00,2014-01-31,16,7,0.083397436,0.39447509682849835,0.39447509682849835,35.28,29.29,17.64,252.89014437284135,573.3339231312001,1.0
Paper-proposed MLR,2014-01-31T06:00:00+00:00,2014-01-31T17:00:00+11:00,2014-01-31,17,8,0.076410256,0.27901349327981373,0.27901349327981373,47.96,39.72,23.98,255.69184523189804,774.3695381663999,1.0
Paper-proposed MLR,2014-01-31T07:00:00+00:00,2014-01-31T18:00:00+11:00,2014-01-31,18,9,0.156346154,0.17764440758278074,0.17764440758278074,67.61,191.44,33.805,338.7165280291771,1172.7084520791,1.0
Paper-proposed MLR,2014-01-31T08:00:00+00:00,2014-01-31T19:00:00+11:00,2014-01-31,19,10,0.063910256,0.08960864151267278,0.08960864151267278,66.04,76.72,33.02,152.07581987605366,1053.9094995936002,1.0
Paper-proposed MLR,2014-01-31T09:00:00+00:00,2014-01-31T20:00:00+11:00,2014-01-31,20,11,0.029230769,0.031412559005951024,0.031412559005951024,64.13,49.95,32.065,58.335849375324585,990.0685382395499,1.0
Paper-proposed MLR,2014-01-31T22:00:00+00:00,2014-02-01T09:00:00+11:00,2014-02-01,9,0,0.453333333,0.4000298091877172,0.4000298091877172,46.81,36.03,23.405,619.3776399310077,1020.45799976595,1.0
Paper-proposed MLR,2014-01-31T23:00:00+00:00,2014-02-01T10:00:00+11:00,2014-02-01,10,1,0.622371795,0.6543423959995935,0.6543423959995935,39.58,38.33,19.79,757.9852151964585,963.2021346914999,1.0
Paper-proposed MLR,2014-02-01T00:00:00+00:00,2014-02-01T11:00:00+11:00,2014-02-01,11,2,0.72,0.7431161191304915,0.7431161191304915,38.58,39.39,19.29,846.7052981408153,995.3639999999998,1.0
Paper-proposed MLR,2014-02-01T01:00:00+00:00,2014-02-01T12:00:00+11:00,2014-02-01,12,3,0.753397436,0.7803644623535861,0.7803644623535861,34.12,33.82,17.06,784.9793395773654,897.3888077447999,1.0
Paper-proposed MLR,2014-02-01T02:00:00+00:00,2014-02-01T13:00:00+11:00,2014-02-01,13,4,0.763717949,0.7976306714259527,0.7976306714259527,32.26,32.07,16.13,755.5365974241184,853.4631155210999,1.0
Paper-proposed MLR,2014-02-01T03:00:00+00:00,2014-02-01T14:00:00+11:00,2014-02-01,14,5,0.714807692,0.7385467831567815,0.7385467831567815,29.9,29.19,14.95,651.8294821078165,769.091249862,1.0
Paper-proposed MLR,2014-02-01T04:00:00+00:00,2014-02-01T15:00:00+11:00,2014-02-01,15,6,0.628012821,0.6206648182216254,0.6206648182216254,29.79,29.33,14.895,561.1536556893584,727.4775290638499,1.0
Paper-proposed MLR,2014-02-01T05:00:00+00:00,2014-02-01T16:00:00+11:00,2014-02-01,16,7,0.486602564,0.44502026904566394,0.44502026904566394,30.96,30.27,15.48,451.0957079376453,690.3782307216001,1.0
Paper-proposed MLR,2014-02-01T06:00:00+00:00,2014-02-01T17:00:00+11:00,2014-02-01,17,8,0.292115385,0.30101507764995117,0.30101507764995117,36.39,32.31,18.195,323.76026303747585,705.30118290225,1.0
Paper-proposed MLR,2014-02-01T07:00:00+00:00,2014-02-01T18:00:00+11:00,2014-02-01,18,9,0.118846154,0.17411726647906217,0.17411726647906217,42.0,38.97,21.0,184.56695490180917,704.87307702,1.0
Paper-proposed MLR,2014-02-01T08:00:00+00:00,2014-02-01T19:00:00+11:00,2014-02-01,19,10,0.079102564,0.08672891073831718,0.08672891073831718,47.02,37.27,23.51,116.9609391329351,761.0910383892,1.0
Paper-proposed MLR,2014-02-01T09:00:00+00:00,2014-02-01T20:00:00+11:00,2014-02-01,20,11,0.021794872,0.02771939734220208,0.02771939734220208,49.37,42.26,24.685,36.66779216136775,756.6901924595999,1.0
Paper-proposed MLR,2014-02-01T22:00:00+00:00,2014-02-02T09:00:00+11:00,2014-02-02,9,0,0.446666667,0.39800830460999315,0.39800830460999315,34.300000000000004,32.3,17.150000000000002,456.7004985995996,744.3100001715002,1.0
Paper-proposed MLR,2014-02-01T23:00:00+00:00,2014-02-02T10:00:00+11:00,2014-02-02,10,1,0.616602564,0.6526903556108348,0.6526903556108348,29.47,36.17,14.735,561.0909351139695,714.6191634162001,1.0
Paper-proposed MLR,2014-02-02T00:00:00+00:00,2014-02-02T11:00:00+11:00,2014-02-02,11,2,0.710576923,0.7413487546305386,0.7413487546305386,32.0,34.15,16.0,696.9243252626585,821.07692304,1.0
Paper-proposed MLR,2014-02-02T01:00:00+00:00,2014-02-02T12:00:00+11:00,2014-02-02,12,3,0.759487179,0.7786023019462536,0.7786023019462536,34.730000000000004,29.44,17.365000000000002,801.2677150989509,916.6048459000501,1.0
Paper-proposed MLR,2014-02-02T02:00:00+00:00,2014-02-02T13:00:00+11:00,2014-02-02,13,4,0.760833333,0.7951156893697764,0.7951156893697764,30.78,38.47,15.39,718.3816636281258,878.0777496152999,0.0
Paper-proposed MLR,2014-02-02T03:00:00+00:00,2014-02-02T14:00:00+11:00,2014-02-02,14,5,0.715064103,0.7350120386987993,0.7350120386987993,29.65,32.980000000000004,14.825,644.9213640205409,762.77475980925,1.0
Paper-proposed MLR,2014-02-02T04:00:00+00:00,2014-02-02T15:00:00+11:00,2014-02-02,15,6,0.623461538,0.6195842693423061,0.6195842693423061,29.8,34.47,14.9,557.917820310943,725.687307486,1.0
Paper-proposed MLR,2014-02-02T05:00:00+00:00,2014-02-02T16:00:00+11:00,2014-02-02,16,7,0.486923077,0.45505907935214873,0.45505907935214873,28.74,27.57,14.37,418.70665067196035,641.0125384946999,1.0
Paper-proposed MLR,2014-02-02T06:00:00+00:00,2014-02-02T17:00:00+11:00,2014-02-02,17,8,0.326410256,0.32086588996185345,0.32086588996185345,31.4,31.38,15.7,307.4751345323771,624.739230576,1.0
Paper-proposed MLR,2014-02-02T07:00:00+00:00,2014-02-02T18:00:00+11:00,2014-02-02,18,9,0.134935897,0.2070300436727986,0.2070300436727986,35.07,43.17,17.535,179.8911830909257,597.03302861685,1.0
Paper-proposed MLR,2014-02-02T08:00:00+00:00,2014-02-02T19:00:00+11:00,2014-02-02,19,10,0.040961538,0.1187473996052475,0.1187473996052475,37.11,40.13,18.555,88.90198011796103,579.4512401277,1.0
Paper-proposed MLR,2014-02-02T09:00:00+00:00,2014-02-02T20:00:00+11:00,2014-02-02,20,11,0.019358974,0.029941721245025532,0.029941721245025532,41.16,63.73,20.58,30.43824924427876,629.3522305475999,1.0
Paper-proposed MLR,2014-02-02T22:00:00+00:00,2014-02-03T09:00:00+11:00,2014-02-03,9,0,0.466858974,0.39952573568010674,0.39952573568010674,38.48,46.66,19.24,555.4655762693017,846.6709997928,1.0
Paper-proposed MLR,2014-02-02T23:00:00+00:00,2014-02-03T10:00:00+11:00,2014-02-03,10,1,0.640961538,0.6541116715828708,0.6541116715828708,35.47,36.62,17.735,689.0437011585664,873.0735862929,1.0
Paper-proposed MLR,2014-02-03T00:00:00+00:00,2014-02-03T11:00:00+11:00,2014-02-03,11,2,0.738910256,0.7423263564174438,0.7423263564174438,38.92,31.05,19.46,864.7459343293037,1015.1758074528,1.0
Paper-proposed MLR,2014-02-03T01:00:00+00:00,2014-02-03T12:00:00+11:00,2014-02-03,12,3,0.785,0.7807630071479967,0.7807630071479967,36.94,30.73,18.47,869.1476482316718,989.0685,1.0
Paper-proposed MLR,2014-02-03T02:00:00+00:00,2014-02-03T13:00:00+11:00,2014-02-03,13,4,0.785064103,0.7970337293788432,0.7970337293788432,36.08,32.27,18.04,856.2313468834299,966.0766925435998,1.0
Paper-proposed MLR,2014-02-03T03:00:00+00:00,2014-02-03T14:00:00+11:00,2014-02-03,14,5,0.732628205,0.7382671787878837,0.7382671787878837,35.43,30.01,17.715,781.7073517140708,920.80525954725,1.0
Paper-proposed MLR,2014-02-03T04:00:00+00:00,2014-02-03T15:00:00+11:00,2014-02-03,15,6,0.634551282,0.6239771305331465,0.6239771305331465,35.87,30.25,17.935,681.0578326228884,879.4703172801,1.0
Paper-proposed MLR,2014-02-03T05:00:00+00:00,2014-02-03T16:00:00+11:00,2014-02-03,16,7,0.478717949,0.46056896000936465,0.46056896000936465,39.91,31.57,19.955,568.6281232922429,885.2345001688499,1.0
Paper-proposed MLR,2014-02-03T06:00:00+00:00,2014-02-03T17:00:00+11:00,2014-02-03,17,8,0.259871795,0.32834007848737734,0.32834007848737734,55.06,45.59,27.53,485.804186313225,1040.5281154904999,1.0
Paper-proposed MLR,2014-02-03T07:00:00+00:00,2014-02-03T18:00:00+11:00,2014-02-03,18,9,0.120448718,0.2267375640602055,0.2267375640602055,68.17,92.61,34.085,355.0153327206631,1145.7148365909,1.0
Paper-proposed MLR,2014-02-03T08:00:00+00:00,2014-02-03T19:00:00+11:00,2014-02-03,19,10,0.038846154,0.12378219784522199,0.12378219784522199,72.83,58.77,36.415,177.66334297331278,1134.8874809372999,1.0
Paper-proposed MLR,2014-02-03T09:00:00+00:00,2014-02-03T20:00:00+11:00,2014-02-03,20,11,0.028012821,0.02578447840418191,0.02578447840418191,73.5,54.85,36.75,60.521512622639776,1133.3841351525002,1.0
Paper-proposed MLR,2014-02-03T22:00:00+00:00,2014-02-04T09:00:00+11:00,2014-02-04,9,0,0.095064103,0.33677556683141896,0.33677556683141896,56.06,54.01,28.03,363.1339783612403,920.8394042127001,1.0
Paper-proposed MLR,2014-02-03T23:00:00+00:00,2014-02-04T10:00:00+11:00,2014-02-04,10,1,0.094871795,0.6198196911102106,0.6198196911102106,49.66,41.32,24.83,532.3736880034958,815.5700000955,1.0
Paper-proposed MLR,2014-02-04T00:00:00+00:00,2014-02-04T11:00:00+11:00,2014-02-04,11,2,0.068910256,0.7338244703423902,0.7338244703423902,45.86,48.52,22.93,552.2012182509303,735.3033651024,1.0
Paper-proposed MLR,2014-02-04T01:00:00+00:00,2014-02-04T12:00:00+11:00,2014-02-04,12,3,0.130064103,0.705978639783577,0.705978639783577,40.34,47.38,20.17,505.8894636583425,683.8017887253002,1.0
Paper-proposed MLR,2014-02-04T02:00:00+00:00,2014-02-04T13:00:00+11:00,2014-02-04,13,4,0.208910256,0.7705761001045492,0.7705761001045492,38.0,43.54,19.0,558.3072229795931,689.0788459199999,1.0
Paper-proposed MLR,2014-02-04T03:00:00+00:00,2014-02-04T14:00:00+11:00,2014-02-04,14,5,0.290448718,0.7273631974157297,0.7273631974157297,36.99,39.42,18.495,564.7329412684178,716.0054711823,1.0
Paper-proposed MLR,2014-02-04T04:00:00+00:00,2014-02-04T15:00:00+11:00,2014-02-04,15,6,0.298910256,0.6087454159757358,0.6087454159757358,35.45,35.86,17.725,482.6459035730975,690.6955286280001,1.0
Paper-proposed MLR,2014-02-04T05:00:00+00:00,2014-02-04T16:00:00+11:00,2014-02-04,16,7,0.421730769,0.4188616254164415,0.4188616254164415,43.04,44.81,21.52,544.691120457087,917.8693844664,1.0
Paper-proposed MLR,2014-02-04T06:00:00+00:00,2014-02-04T17:00:00+11:00,2014-02-04,17,8,0.338141026,0.30930946176510965,0.30930946176510965,53.58,52.97,26.79,543.0002675669016,1075.4639425962,1.0
Paper-proposed MLR,2014-02-04T07:00:00+00:00,2014-02-04T18:00:00+11:00,2014-02-04,18,9,0.197371795,0.22248224847947096,0.22248224847947096,72.05,84.35,36.025,453.7572574904382,1294.05956744625,1.0
Paper-proposed MLR,2014-02-04T08:00:00+00:00,2014-02-04T19:00:00+11:00,2014-02-04,19,10,0.100384615,0.11886773201890366,0.11886773201890366,70.89,69.21000000000001,35.445,233.1419832025512,1170.09398036025,1.0
Paper-proposed MLR,2014-02-04T09:00:00+00:00,2014-02-04T20:00:00+11:00,2014-02-04,20,11,0.022179487,0.02997361050379238,0.02997361050379238,67.9,64.39,33.95,53.11792980761253,1041.0898075095001,1.0
Paper-proposed MLR,2014-02-04T22:00:00+00:00,2014-02-05T09:00:00+11:00,2014-02-05,9,0,0.131730769,0.336936289716246,0.336936289716246,44.64,73.53,22.32,313.8194625163983,757.8069229224,1.0
Paper-proposed MLR,2014-02-04T23:00:00+00:00,2014-02-05T10:00:00+11:00,2014-02-05,10,1,0.261217949,0.5723560964954169,0.5723560964954169,39.7,34.01,19.85,496.39334409252075,751.0552886295001,1.0
Paper-proposed MLR,2014-02-05T00:00:00+00:00,2014-02-05T11:00:00+11:00,2014-02-05,11,2,0.195,0.623138029622412,0.623138029622412,34.81,27.82,17.405,427.1907721673425,623.9692500000001,1.0
Paper-proposed MLR,2014-02-05T01:00:00+00:00,2014-02-05T12:00:00+11:00,2014-02-05,12,3,0.270064103,0.76060481858482,0.76060481858482,30.86,29.76,15.43,477.09664380161314,587.9126732786999,1.0
Paper-proposed MLR,2014-02-05T02:00:00+00:00,2014-02-05T13:00:00+11:00,2014-02-05,13,4,0.462371795,0.7668658987141368,0.7668658987141368,30.19,28.39,15.095,556.6602895984469,662.23506736575,1.0
Paper-proposed MLR,2014-02-05T03:00:00+00:00,2014-02-05T14:00:00+11:00,2014-02-05,14,5,0.625576923,0.7283941748576392,0.7283941748576392,29.96,28.31,14.98,608.4746113772231,730.5342691962001,1.0
Paper-proposed MLR,2014-02-05T04:00:00+00:00,2014-02-05T15:00:00+11:00,2014-02-05,15,6,0.649166667,0.6240304101708122,0.6240304101708122,29.56,31.17,14.78,576.8950815004498,731.2405001477999,1.0
Paper-proposed MLR,2014-02-05T05:00:00+00:00,2014-02-05T16:00:00+11:00,2014-02-05,16,7,0.472371795,0.4691497564627656,0.4691497564627656,31.84,28.66,15.92,450.90215610754785,703.204769292,1.0
Paper-proposed MLR,2014-02-05T06:00:00+00:00,2014-02-05T17:00:00+11:00,2014-02-05,17,8,0.337948718,0.3357539342157516,0.3357539342157516,41.38,59.76,20.69,420.73974230383453,830.4647692626,1.0
Paper-proposed MLR,2014-02-05T07:00:00+00:00,2014-02-05T18:00:00+11:00,2014-02-05,18,9,0.114230769,0.23192037871476268,0.23192037871476268,60.26,55.79,30.13,312.88602241937394,1007.1531920990998,1.0
Paper-proposed MLR,2014-02-05T08:00:00+00:00,2014-02-05T19:00:00+11:00,2014-02-05,19,10,0.038076923,0.12772981428186836,0.12772981428186836,62.7,46.61,31.35,155.94123641359718,976.3113460814999,1.0
Paper-proposed MLR,2014-02-05T09:00:00+00:00,2014-02-05T20:00:00+11:00,2014-02-05,20,11,0.018910256,0.030491539518472555,0.030491539518472555,57.82,37.34,28.91,42.84617725317125,883.7008650288,1.0
Paper-proposed MLR,2014-02-05T22:00:00+00:00,2014-02-06T09:00:00+11:00,2014-02-06,9,0,0.223653846,0.39946737780734226,0.39946737780734226,47.24,45.25,23.62,441.5436991898827,867.0811152756,1.0
Paper-proposed MLR,2014-02-05T23:00:00+00:00,2014-02-06T10:00:00+11:00,2014-02-06,10,1,0.597692308,0.6453322210141219,0.6453322210141219,40.33,52.14,20.165,751.9676888270931,966.5239617245999,1.0
Paper-proposed MLR,2014-02-06T00:00:00+00:00,2014-02-06T11:00:00+11:00,2014-02-06,11,2,0.774487179,0.7535212058325412,0.7535212058325412,58.27,44.82,29.135,1345.4212674368305,1550.9905188049502,1.0
Paper-proposed MLR,2014-02-06T01:00:00+00:00,2014-02-06T12:00:00+11:00,2014-02-06,12,3,0.816602564,0.7909812345669822,0.7909812345669822,52.67,49.0,26.335,1287.492803005825,1435.2068556882,1.0
Paper-proposed MLR,2014-02-06T02:00:00+00:00,2014-02-06T13:00:00+11:00,2014-02-06,13,4,0.805833333,0.808139612421581,0.808139612421581,50.51,47.3,25.255,1222.826602098661,1368.1896247474501,1.0
Paper-proposed MLR,2014-02-06T03:00:00+00:00,2014-02-06T14:00:00+11:00,2014-02-06,14,5,0.761858974,0.7483878512786408,0.7483878512786408,50.05,40.33,25.025,1140.0030700754514,1322.7156247304997,1.0
Paper-proposed MLR,2014-02-06T04:00:00+00:00,2014-02-06T15:00:00+11:00,2014-02-06,15,6,0.660064103,0.6317333725557777,0.6317333725557777,50.75,41.95,25.375,997.4682839802254,1263.7237984087499,1.0
Paper-proposed MLR,2014-02-06T05:00:00+00:00,2014-02-06T16:00:00+11:00,2014-02-06,16,7,0.509807692,0.46366033058457656,0.46366033058457656,55.08,48.98,27.54,833.9612631217775,1247.4031151304,1.0
Paper-proposed MLR,2014-02-06T06:00:00+00:00,2014-02-06T17:00:00+11:00,2014-02-06,17,8,0.315512821,0.3238383672840026,0.3238383672840026,82.07,100.53,41.035,787.0732803370213,1619.4620582920497,1.0
Paper-proposed MLR,2014-02-06T07:00:00+00:00,2014-02-06T18:00:00+11:00,2014-02-06,18,9,0.111410256,0.22418675074543648,0.22418675074543648,121.81,162.85,60.905,613.1860708749243,2030.7132492504,1.0
Paper-proposed MLR,2014-02-06T08:00:00+00:00,2014-02-06T19:00:00+11:00,2014-02-06,19,10,0.039487179,0.12210998744968954,0.12210998744968954,124.26,91.01,62.13,301.2009585455763,1937.5001529380997,1.0
Paper-proposed MLR,2014-02-06T09:00:00+00:00,2014-02-06T20:00:00+11:00,2014-02-06,20,11,0.017884615,0.027835200259396953,0.027835200259396953,102.09,178.29,51.045,70.01303909747752,1558.73760518025,1.0
Paper-proposed MLR,2014-02-06T22:00:00+00:00,2014-02-07T09:00:00+11:00,2014-02-07,9,0,0.457051282,0.39739838617908535,0.39739838617908535,69.08,76.18,34.54,959.8991436266547,1509.7965384084,1.0
Paper-proposed MLR,2014-02-06T23:00:00+00:00,2014-02-07T10:00:00+11:00,2014-02-07,10,1,0.6325,0.654238511799029,0.654238511799029,57.98,61.99,28.99,1119.0764837116153,1419.7852499999997,1.0
Paper-proposed MLR,2014-02-07T00:00:00+00:00,2014-02-07T11:00:00+11:00,2014-02-07,11,2,0.738782051,0.7451374213498055,0.7451374213498055,61.75,57.54,30.875,1374.4804112640074,1610.5468747387501,1.0
Paper-proposed MLR,2014-02-07T01:00:00+00:00,2014-02-07T12:00:00+11:00,2014-02-07,12,3,0.7925,0.7826085651931884,0.7826085651931884,56.7,53.98,28.35,1347.2353589197642,1524.52125,1.0
Paper-proposed MLR,2014-02-07T02:00:00+00:00,2014-02-07T13:00:00+11:00,2014-02-07,13,4,0.79224359,0.801005199250223,0.801005199250223,54.52,50.58,27.26,1302.9588598488324,1465.6968079020003,1.0
Paper-proposed MLR,2014-02-07T03:00:00+00:00,2014-02-07T14:00:00+11:00,2014-02-07,14,5,0.748205128,0.742274560801248,0.742274560801248,53.59,55.25,26.795,1203.184726532098,1405.2946921428002,1.0
Paper-proposed MLR,2014-02-07T04:00:00+00:00,2014-02-07T15:00:00+11:00,2014-02-07,15,6,0.644615385,0.6253455424204649,0.6253455424204649,54.22,53.74,27.11,1048.2538995078548,1337.5656926205,1.0
Paper-proposed MLR,2014-02-07T05:00:00+00:00,2014-02-07T16:00:00+11:00,2014-02-07,16,7,0.503269231,0.458420686935897,0.458420686935897,62.1,59.95,31.05,934.6978462608654,1400.2952886765,1.0
Paper-proposed MLR,2014-02-07T06:00:00+00:00,2014-02-07T17:00:00+11:00,2014-02-07,17,8,0.31224359,0.3228223402196703,0.3228223402196703,85.46,73.63,42.73,814.0910159485953,1682.1650580209998,1.0
Paper-proposed MLR,2014-02-07T07:00:00+00:00,2014-02-07T18:00:00+11:00,2014-02-07,18,9,0.111538462,0.21691758759147142,0.21691758759147142,135.28,148.09,67.64,666.5030158310137,2255.5338470904,1.0
Paper-proposed MLR,2014-02-07T08:00:00+00:00,2014-02-07T19:00:00+11:00,2014-02-07,19,10,0.043076923,0.12071583256394125,0.12071583256394125,125.92,90.57,62.96,309.3717567091722,1970.1636921624,1.0
Paper-proposed MLR,2014-02-07T09:00:00+00:00,2014-02-07T20:00:00+11:00,2014-02-07,20,11,0.026602564,0.027167153140201072,0.027167153140201072,103.45,86.66,51.725,83.43715857230701,1593.030528687,1.0
Paper-proposed MLR,2014-02-07T22:00:00+00:00,2014-02-08T09:00:00+11:00,2014-02-08,9,0,0.44025641,0.3919424967025207,0.3919424967025207,60.2,45.43,30.1,773.6951814778868,1300.55153823,1.0
Paper-proposed MLR,2014-02-07T23:00:00+00:00,2014-02-08T10:00:00+11:00,2014-02-08,10,1,0.617692308,0.6468047254668814,0.6468047254668814,57.22,73.24,28.61,1085.3178038246242,1388.4653079564,1.0
Paper-proposed MLR,2014-02-08T00:00:00+00:00,2014-02-08T11:00:00+11:00,2014-02-08,11,2,0.706538462,0.7364257286800534,0.7364257286800534,58.74,71.64,29.37,1271.395748408195,1518.4924625304002,0.0
Paper-proposed MLR,2014-02-08T01:00:00+00:00,2014-02-08T12:00:00+11:00,2014-02-08,12,3,0.762051282,0.7766452354489479,0.7766452354489479,51.64,126.75,25.82,1191.874322415955,2897.699999805,0.0
Paper-proposed MLR,2014-02-08T02:00:00+00:00,2014-02-08T13:00:00+11:00,2014-02-08,13,4,0.772564103,0.7941922565614574,0.7941922565614574,52.2,96.49,26.1,1226.7702295366212,2236.3413089541,0.0
Paper-proposed MLR,2014-02-08T03:00:00+00:00,2014-02-08T14:00:00+11:00,2014-02-08,14,5,0.724871795,0.735484975768574,0.735484975768574,49.64,82.37,24.82,1087.38165151428,1791.2306926245,0.0
Paper-proposed MLR,2014-02-08T04:00:00+00:00,2014-02-08T15:00:00+11:00,2014-02-08,15,6,0.636217949,0.5995187603385683,0.5995187603385683,48.17,61.86,24.085,934.4709148831498,1182.24927904995,1.0
Paper-proposed MLR,2014-02-08T05:00:00+00:00,2014-02-08T16:00:00+11:00,2014-02-08,16,7,0.492884615,0.44365947255644195,0.44365947255644195,46.36,108.14,23.18,776.7378015468905,1599.016267983,0.0
Paper-proposed MLR,2014-02-08T06:00:00+00:00,2014-02-08T17:00:00+11:00,2014-02-08,17,8,0.315512821,0.3167714121956988,0.3167714121956988,56.13,82.25,28.065,532.3517101391187,1107.59601964095,1.0
Paper-proposed MLR,2014-02-08T07:00:00+00:00,2014-02-08T18:00:00+11:00,2014-02-08,18,9,0.110384615,0.21591049534755044,0.21591049534755044,66.51,109.11,33.255,325.52831683823376,1107.7752111547502,1.0
Paper-proposed MLR,2014-02-08T08:00:00+00:00,2014-02-08T19:00:00+11:00,2014-02-08,19,10,0.039230769,0.11718937262463341,0.11718937262463341,75.69,94.94,37.845,177.59160779352757,1179.89065358415,1.0
Paper-proposed MLR,2014-02-08T09:00:00+00:00,2014-02-08T20:00:00+11:00,2014-02-08,20,11,0.018012821,0.025916006366573374,0.025916006366573374,87.21,105.94,43.605,57.465495519582944,1331.71347179115,1.0
Paper-proposed MLR,2014-02-08T22:00:00+00:00,2014-02-09T09:00:00+11:00,2014-02-09,9,0,0.436794872,0.3928978273941917,0.3928978273941917,53.44,44.27,26.72,688.1934618193421,1151.7347693952,1.0
Paper-proposed MLR,2014-02-08T23:00:00+00:00,2014-02-09T10:00:00+11:00,2014-02-09,10,1,0.611474359,0.6491854345432543,0.6491854345432543,50.9,52.46,25.45,962.5137523702747,1230.3606730965,1.0
Paper-proposed MLR,2014-02-09T00:00:00+00:00,2014-02-09T11:00:00+11:00,2014-02-09,11,2,0.719230769,0.7405061931772492,0.7405061931772492,58.15,63.82,29.075,1273.2555652591054,1499.5990382602502,1.0
Paper-proposed MLR,2014-02-09T01:00:00+00:00,2014-02-09T12:00:00+11:00,2014-02-09,12,3,0.782371795,0.7829640701174478,0.7829640701174478,54.21,51.51,27.105,1272.8528587202527,1449.3356251042499,1.0
Paper-proposed MLR,2014-02-09T02:00:00+00:00,2014-02-09T13:00:00+11:00,2014-02-09,13,4,0.780897436,0.8028622154873069,0.8028622154873069,50.24,28.62,25.12,1193.5212733608344,1342.0843077696,1.0
Paper-proposed MLR,2014-02-09T03:00:00+00:00,2014-02-09T14:00:00+11:00,2014-02-09,14,5,0.743012821,0.7452273250073833,0.7452273250073833,42.49,27.63,21.245,948.5298570578058,1110.9092214643501,1.0
Paper-proposed MLR,2014-02-09T04:00:00+00:00,2014-02-09T15:00:00+11:00,2014-02-09,15,6,0.651089744,0.6295113150390818,0.6295113150390818,38.86,29.07,19.43,752.7028389693783,962.4202117776,1.0
Paper-proposed MLR,2014-02-09T05:00:00+00:00,2014-02-09T16:00:00+11:00,2014-02-09,16,7,0.506858974,0.46275888386198966,0.46275888386198966,39.26,25.51,19.63,578.7872123952708,887.3892497886,1.0
Paper-proposed MLR,2014-02-09T06:00:00+00:00,2014-02-09T17:00:00+11:00,2014-02-09,17,8,0.311153846,0.32778362117486903,0.32778362117486903,43.82,26.83,21.91,419.9735971740414,861.8214229758,1.0
Paper-proposed MLR,2014-02-09T07:00:00+00:00,2014-02-09T18:00:00+11:00,2014-02-09,18,9,0.107628205,0.22410607549008907,0.22410607549008907,47.71,28.24,23.855,237.40563783273225,792.67412490825,1.0
Paper-proposed MLR,2014-02-09T08:00:00+00:00,2014-02-09T19:00:00+11:00,2014-02-09,19,10,0.036602564,0.12121106690675737,0.12121106690675737,53.93,30.39,26.965,127.66333672202138,838.5596441478,1.0
Paper-proposed MLR,2014-02-09T09:00:00+00:00,2014-02-09T20:00:00+11:00,2014-02-09,20,11,0.016923077,0.02601062613488586,0.02601062613488586,56.53,46.75,28.265,36.40563357322647,862.29992314215,1.0
Paper-proposed MLR,2014-02-09T22:00:00+00:00,2014-02-10T09:00:00+11:00,2014-02-10,9,0,0.417179487,0.3894206305666373,0.3894206305666373,57.55,46.09,28.775,710.71688946371,1223.38019215275,1.0
Paper-proposed MLR,2014-02-09T23:00:00+00:00,2014-02-10T10:00:00+11:00,2014-02-10,10,1,0.631858974,0.6447164265768545,0.6447164265768545,53.28,31.84,26.64,1020.2390601410223,1304.1816920208,1.0
Paper-proposed MLR,2014-02-10T00:00:00+00:00,2014-02-10T11:00:00+11:00,2014-02-10,11,2,0.735897436,0.7343442314362807,0.7343442314362807,49.11,31.7,24.555,1083.3864537151696,1278.7488462294,1.0
Paper-proposed MLR,2014-02-10T01:00:00+00:00,2014-02-10T12:00:00+11:00,2014-02-10,12,3,0.781923077,0.7727541818195465,0.7727541818195465,45.96,57.49,22.98,1081.2870594105189,1348.5827309018998,0.0
Paper-proposed MLR,2014-02-10T02:00:00+00:00,2014-02-10T13:00:00+11:00,2014-02-10,13,4,0.777115385,0.7900042817034593,0.7900042817034593,44.62,38.04,22.31,1048.873192924625,1189.4233271804999,1.0
Paper-proposed MLR,2014-02-10T03:00:00+00:00,2014-02-10T14:00:00+11:00,2014-02-10,14,5,0.726474359,0.7304634886305919,0.7304634886305919,44.66,44.33,22.33,976.0026641277333,1156.5651730941,1.0
Paper-proposed MLR,2014-02-10T04:00:00+00:00,2014-02-10T15:00:00+11:00,2014-02-10,15,6,0.635769231,0.6143927671267885,0.6143927671267885,47.23,40.34,23.615,896.4029083213072,1158.8607117019499,1.0
Paper-proposed MLR,2014-02-10T05:00:00+00:00,2014-02-10T16:00:00+11:00,2014-02-10,16,7,0.524038462,0.44853221975441526,0.44853221975441526,55.01,39.01,27.505,828.5776775607193,1257.5603369193,1.0
Paper-proposed MLR,2014-02-10T06:00:00+00:00,2014-02-10T17:00:00+11:00,2014-02-10,17,8,0.330897436,0.31435819746901383,0.31435819746901383,78.34,72.49,39.17,774.772517725012,1563.9375770436002,1.0
Paper-proposed MLR,2014-02-10T07:00:00+00:00,2014-02-10T18:00:00+11:00,2014-02-10,18,9,0.099038462,0.2146280757067011,0.2146280757067011,129.67000000000002,168.59,64.83500000000001,610.097099166419,2137.6847605131,1.0
Paper-proposed MLR,2014-02-10T08:00:00+00:00,2014-02-10T19:00:00+11:00,2014-02-10,19,10,0.041025641,0.11303511349286238,0.11303511349286238,121.29,153.34,60.645,280.29043368658915,1893.9899999533502,1.0
Paper-proposed MLR,2014-02-10T09:00:00+00:00,2014-02-10T20:00:00+11:00,2014-02-10,20,11,0.018012821,0.023227663707597046,0.023227663707597046,114.67,124.95,57.335,70.9356957213023,1751.03295276105,1.0
Paper-proposed MLR,2014-02-10T22:00:00+00:00,2014-02-11T09:00:00+11:00,2014-02-11,9,0,0.072051282,0.33721630763959093,0.33721630763959093,85.68,372.79,42.84,525.9907062048023,1377.8003076264001,1.0
Paper-proposed MLR,2014-02-10T23:00:00+00:00,2014-02-11T10:00:00+11:00,2014-02-11,10,1,0.116666667,0.5883436703327128,0.5883436703327128,74.51,88.04,37.255,787.9548035199066,1248.0425003725502,1.0
Paper-proposed MLR,2014-02-11T00:00:00+00:00,2014-02-11T11:00:00+11:00,2014-02-11,11,2,0.280641026,0.7242055927272656,0.7242055927272656,94.55,127.14,47.275,1425.1237170099444,1816.2691351245,1.0
Paper-proposed MLR,2014-02-11T01:00:00+00:00,2014-02-11T12:00:00+11:00,2014-02-11,12,3,0.773525641,0.7729267770730766,0.7729267770730766,83.46,56.44,41.73,1936.2680608366356,2220.2767499679,1.0
Paper-proposed MLR,2014-02-11T02:00:00+00:00,2014-02-11T13:00:00+11:00,2014-02-11,13,4,0.796602564,0.7937375539076463,0.7937375539076463,76.5,61.36,38.25,1826.901596796053,2061.60144219,1.0
Paper-proposed MLR,2014-02-11T03:00:00+00:00,2014-02-11T14:00:00+11:00,2014-02-11,14,5,0.740705128,0.7363869712448718,0.7363869712448718,75.95,77.94,37.975,1687.9544281062813,1983.0983170740003,1.0
Paper-proposed MLR,2014-02-11T04:00:00+00:00,2014-02-11T15:00:00+11:00,2014-02-11,15,6,0.645384615,0.61865282917465,0.61865282917465,73.10000000000001,106.71,36.550000000000004,1442.2821203427006,2066.0697679995,0.0
Paper-proposed MLR,2014-02-11T05:00:00+00:00,2014-02-11T16:00:00+11:00,2014-02-11,16,7,0.500961538,0.4508403275037411,0.4508403275037411,84.34,97.71,42.17,1287.6365009776496,1898.8664417238,1.0
Paper-proposed MLR,2014-02-11T06:00:00+00:00,2014-02-11T17:00:00+11:00,2014-02-11,17,8,0.308974359,0.3171708266742811,0.3171708266742811,111.62,121.46,55.81,1048.3548843744488,2191.6157692737,1.0
Paper-proposed MLR,2014-02-11T07:00:00+00:00,2014-02-11T18:00:00+11:00,2014-02-11,18,9,0.105064103,0.21659434032462185,0.21659434032462185,149.77,675.6,74.885,722.6217758509293,2482.58176059465,1.0
Paper-proposed MLR,2014-02-11T08:00:00+00:00,2014-02-11T19:00:00+11:00,2014-02-11,19,10,0.03775641,0.11584835739884702,0.11584835739884702,140.26,86.95,70.13,323.1690701304342,2183.3357109989997,1.0
Paper-proposed MLR,2014-02-11T09:00:00+00:00,2014-02-11T20:00:00+11:00,2014-02-11,20,11,0.017435897,0.02314389011416046,0.02314389011416046,120.81,95.27,60.405,73.53666121892589,1843.7464607485501,1.0
Paper-proposed MLR,2014-02-11T22:00:00+00:00,2014-02-12T09:00:00+11:00,2014-02-12,9,0,0.163269231,0.33457016637888576,0.33457016637888576,74.08,48.56,37.04,553.1991383674178,1292.6247694872,1.0
Paper-proposed MLR,2014-02-11T23:00:00+00:00,2014-02-12T10:00:00+11:00,2014-02-12,10,1,0.233525641,0.5815460822872403,0.5815460822872403,61.56,43.29,30.78,752.6372292834378,1139.0375768994,1.0
Paper-proposed MLR,2014-02-12T00:00:00+00:00,2014-02-12T11:00:00+11:00,2014-02-12,11,2,0.365961538,0.7202374781756862,0.7202374781756862,63.12,53.42,31.56,1028.4132285151397,1293.2923841784,1.0
Paper-proposed MLR,2014-02-12T01:00:00+00:00,2014-02-12T12:00:00+11:00,2014-02-12,12,3,0.702948718,0.762580408481525,0.762580408481525,61.17,53.84,30.585,1344.6962500031232,1562.5405962009002,1.0
Paper-proposed MLR,2014-02-12T02:00:00+00:00,2014-02-12T13:00:00+11:00,2014-02-12,13,4,0.728846154,0.77264729063511,0.77264729063511,58.51,67.9,29.255,1317.785721684004,1517.3218270580999,1.0
Paper-proposed MLR,2014-02-12T03:00:00+00:00,2014-02-12T14:00:00+11:00,2014-02-12,14,5,0.721153846,0.6996833371318361,0.6996833371318361,57.53,74.17,28.765,1255.3575008383875,1604.6394227346,0.0
Paper-proposed MLR,2014-02-12T04:00:00+00:00,2014-02-12T15:00:00+11:00,2014-02-12,15,6,0.632628205,0.5792416602681822,0.5792416602681822,59.1,65.55,29.55,1131.9801038706069,1447.3249037325002,1.0
Paper-proposed MLR,2014-02-12T05:00:00+00:00,2014-02-12T16:00:00+11:00,2014-02-12,16,7,0.47025641,0.40081708317408676,0.40081708317408676,68.36,78.14,34.18,984.775344118723,1507.6009228140001,1.0
Paper-proposed MLR,2014-02-12T06:00:00+00:00,2014-02-12T17:00:00+11:00,2014-02-12,17,8,0.287307692,0.24444371323360295,0.24444371323360295,88.4,83.87,44.2,756.1147844696467,1706.969999592,1.0
Paper-proposed MLR,2014-02-12T07:00:00+00:00,2014-02-12T18:00:00+11:00,2014-02-12,18,9,0.133846154,0.13525832687958567,0.13525832687958567,135.06,98.05,67.53,545.1787678139525,2297.0589233886003,1.0
Paper-proposed MLR,2014-02-12T08:00:00+00:00,2014-02-12T19:00:00+11:00,2014-02-12,19,10,0.05775641,0.05436526986499801,0.05436526986499801,108.66,89.99,54.33,186.37496772838537,1724.037172659,1.0
Paper-proposed MLR,2014-02-12T09:00:00+00:00,2014-02-12T20:00:00+11:00,2014-02-12,20,11,0.030705128,0.011405120974177424,0.011405120974177424,99.87,114.2,49.935,100.29270702120114,1544.0478170004,1.0
Paper-proposed MLR,2014-02-12T22:00:00+00:00,2014-02-13T09:00:00+11:00,2014-02-13,9,0,0.129615385,0.35775016774504564,0.35775016774504564,67.74,37.37,33.87,495.2121381442408,1147.8021926985,1.0
Paper-proposed MLR,2014-02-12T23:00:00+00:00,2014-02-13T10:00:00+11:00,2014-02-13,10,1,0.274230769,0.586914900066906,0.586914900066906,56.8,39.2,28.4,733.6961100450039,1085.644615188,1.0
Paper-proposed MLR,2014-02-13T00:00:00+00:00,2014-02-13T11:00:00+11:00,2014-02-13,11,2,0.474358974,0.7145488491189139,0.7145488491189139,48.91,30.76,24.455,872.2422244311911,1081.6634612751,1.0
Paper-proposed MLR,2014-02-13T01:00:00+00:00,2014-02-13T12:00:00+11:00,2014-02-13,12,3,0.517307692,0.6637026081842679,0.6637026081842679,44.95,44.95,22.475,796.2961948992428,1023.0447113310001,1.0
Paper-proposed MLR,2014-02-13T02:00:00+00:00,2014-02-13T13:00:00+11:00,2014-02-13,13,4,0.589294872,0.6417721884667638,0.6417721884667638,44.04,36.92,22.02,813.242900144344,1049.8881924431998,1.0
Paper-proposed MLR,2014-02-13T03:00:00+00:00,2014-02-13T14:00:00+11:00,2014-02-13,14,5,0.386217949,0.514708677358046,0.514708677358046,43.16,76.97,21.58,583.259897904199,897.4375001825999,1.0
Paper-proposed MLR,2014-02-13T04:00:00+00:00,2014-02-13T15:00:00+11:00,2014-02-13,15,6,0.259166667,0.39145578985398255,0.39145578985398255,42.87,125.5,21.435,418.38277087995345,975.7625012550001,0.0
Paper-proposed MLR,2014-02-13T05:00:00+00:00,2014-02-13T16:00:00+11:00,2014-02-13,16,7,0.182692308,0.16575656017058638,0.16575656017058638,48.1,35.24,24.05,257.09118893141226,853.312500222,1.0
Paper-proposed MLR,2014-02-13T06:00:00+00:00,2014-02-13T17:00:00+11:00,2014-02-13,17,8,0.159487179,0.08026973294638656,0.08026973294638656,59.72,59.43,29.86,285.0480381157336,1038.6686149482,1.0
Paper-proposed MLR,2014-02-13T07:00:00+00:00,2014-02-13T18:00:00+11:00,2014-02-13,18,9,0.108205128,0.07463667434461002,0.07463667434461002,94.54,109.97,47.27,322.43022123068005,1571.5456920168,1.0
Paper-proposed MLR,2014-02-13T08:00:00+00:00,2014-02-13T19:00:00+11:00,2014-02-13,19,10,0.04224359,0.025778806145917155,0.025778806145917155,82.99,55.91,41.495,91.7978756199431,1297.4369330115,1.0
Paper-proposed MLR,2014-02-13T09:00:00+00:00,2014-02-13T20:00:00+11:00,2014-02-13,20,11,0.006923077,0.0002905419004526899,0.0002905419004526899,69.68,40.17,34.84,8.600216837170766,1052.4360000804,1.0
Paper-proposed MLR,2014-02-13T22:00:00+00:00,2014-02-14T09:00:00+11:00,2014-02-14,9,0,0.269102564,0.29114164221511746,0.29114164221511746,53.54,46.15,26.77,449.9321220113608,1019.2162691484,1.0
Paper-proposed MLR,2014-02-13T23:00:00+00:00,2014-02-14T10:00:00+11:00,2014-02-14,10,1,0.569615385,0.5254584552893067,0.5254584552893067,42.14,29.28,21.07,703.0720262346144,992.1538848585,1.0
Paper-proposed MLR,2014-02-14T00:00:00+00:00,2014-02-14T11:00:00+11:00,2014-02-14,11,2,0.63224359,0.5463527731538308,0.5463527731538308,40.7,28.44,20.35,740.3787809539789,996.4847116950001,1.0
Paper-proposed MLR,2014-02-14T01:00:00+00:00,2014-02-14T12:00:00+11:00,2014-02-14,12,3,0.595961538,0.6166483311492227,0.6166483311492227,41.99,31.71,20.995,763.7623260836378,1005.2163747093001,1.0
Paper-proposed MLR,2014-02-14T02:00:00+00:00,2014-02-14T13:00:00+11:00,2014-02-14,13,4,0.573012821,0.6244163898204347,0.6244163898204347,38.06,26.83,19.03,683.6123364573862,898.0330195089,1.0
Paper-proposed MLR,2014-02-14T03:00:00+00:00,2014-02-14T14:00:00+11:00,2014-02-14,14,5,0.508461538,0.5118408249003769,0.5118408249003769,38.34,30.08,19.17,586.7758889040067,867.5162305038001,1.0
Paper-proposed MLR,2014-02-14T04:00:00+00:00,2014-02-14T15:00:00+11:00,2014-02-14,15,6,0.409358974,0.3536477164938594,0.3536477164938594,41.1,30.11,20.55,486.3716133422255,868.8698074710001,1.0
Paper-proposed MLR,2014-02-14T05:00:00+00:00,2014-02-14T16:00:00+11:00,2014-02-14,16,7,0.312115385,0.1663412258614336,0.1663412258614336,42.98,40.17,21.49,390.15281580361886,845.9207887094999,1.0
Paper-proposed MLR,2014-02-14T06:00:00+00:00,2014-02-14T17:00:00+11:00,2014-02-14,17,8,0.203141026,0.06484458537229043,0.06484458537229043,54.55,51.67,27.275,320.49147657876586,984.4701445245,1.0
Paper-proposed MLR,2014-02-14T07:00:00+00:00,2014-02-14T18:00:00+11:00,2014-02-14,18,9,0.10275641,0.06409607100706555,0.06409607100706555,75.26,272.45,37.63,460.70638987850236,1244.901711249,1.0
Paper-proposed MLR,2014-02-14T08:00:00+00:00,2014-02-14T19:00:00+11:00,2014-02-14,19,10,0.043461538,0.04866754246671584,0.04866754246671584,68.55,52.07,34.275,94.73172698990055,1072.9393264485,1.0
Paper-proposed MLR,2014-02-14T09:00:00+00:00,2014-02-14T20:00:00+11:00,2014-02-14,20,11,0.005833333,0.006484777931455132,0.006484777931455132,63.76,52.92,31.88,11.781041294843687,961.9789996812001,1.0
Paper-proposed MLR,2014-02-14T22:00:00+00:00,2014-02-15T09:00:00+11:00,2014-02-15,9,0,0.04224359,0.22317717042323243,0.22317717042323243,55.04,33.64,27.52,219.1313798054207,860.476307904,1.0
Paper-proposed MLR,2014-02-14T23:00:00+00:00,2014-02-15T10:00:00+11:00,2014-02-15,10,1,0.077307692,0.376363760822503,0.376363760822503,50.04,35.67,25.02,340.5257924885708,808.6271536152,1.0
Paper-proposed MLR,2014-02-15T00:00:00+00:00,2014-02-15T11:00:00+11:00,2014-02-15,11,2,0.058910256,0.3856259325868876,0.3856259325868876,45.94,27.58,22.97,306.3298875552242,729.6950574095999,1.0
Paper-proposed MLR,2014-02-15T01:00:00+00:00,2014-02-15T12:00:00+11:00,2014-02-15,12,3,0.124935897,0.36950059434146054,0.36950059434146054,40.14,28.12,20.07,297.7002114366934,677.3239035837,1.0
Paper-proposed MLR,2014-02-15T02:00:00+00:00,2014-02-15T13:00:00+11:00,2014-02-15,13,4,0.209038462,0.37352008208272847,0.37352008208272847,37.02,30.05,18.51,323.4947595291392,671.3790579486001,1.0
Paper-proposed MLR,2014-02-15T03:00:00+00:00,2014-02-15T14:00:00+11:00,2014-02-15,14,5,0.115576923,0.29842951092669223,0.29842951092669223,34.13,31.77,17.065,211.9505938487701,571.1196057298502,1.0
Paper-proposed MLR,2014-02-15T04:00:00+00:00,2014-02-15T15:00:00+11:00,2014-02-15,15,6,0.07775641,0.4046945352734083,0.4046945352734083,33.86,31.38,16.93,245.03683510436406,547.392480639,1.0
Paper-proposed MLR,2014-02-15T05:00:00+00:00,2014-02-15T16:00:00+11:00,2014-02-15,16,7,0.104679487,0.1858660988265518,0.1858660988265518,34.4,27.94,17.2,149.92152228650073,570.014615292,1.0
Paper-proposed MLR,2014-02-15T06:00:00+00:00,2014-02-15T17:00:00+11:00,2014-02-15,17,8,0.056538462,0.0088311878917528,0.0088311878917528,38.25,32.18,19.125,56.190390529888184,606.1889425725,1.0
Paper-proposed MLR,2014-02-15T07:00:00+00:00,2014-02-15T18:00:00+11:00,2014-02-15,18,9,0.056474359,0.0015594891661657728,0.0015594891661657728,47.94,37.25,23.97,63.61022435808936,759.7107115568999,1.0
Paper-proposed MLR,2014-02-15T08:00:00+00:00,2014-02-15T19:00:00+11:00,2014-02-15,19,10,0.036794872,-0.0025667905591075235,0.0,57.65,46.52,28.825,51.3509233632,896.5683655619999,1.0
Paper-proposed MLR,2014-02-15T09:00:00+00:00,2014-02-15T20:00:00+11:00,2014-02-15,20,11,0.005064103,-0.001929585842251308,0.0,61.26,129.93,30.63,19.739367083700003,923.5534042467,1.0
Paper-proposed MLR,2014-02-15T22:00:00+00:00,2014-02-16T09:00:00+11:00,2014-02-16,9,0,0.033974359,0.33643618623665933,0.33643618623665933,45.46,54.21,22.73,252.582950796878,705.0671154021001,1.0
Paper-proposed MLR,2014-02-15T23:00:00+00:00,2014-02-16T10:00:00+11:00,2014-02-16,10,1,0.169166667,0.5016029898935055,0.5016029898935055,41.29,68.4,20.645,415.4411869969926,724.1233752064501,1.0
Paper-proposed MLR,2014-02-16T00:00:00+00:00,2014-02-16T11:00:00+11:00,2014-02-16,11,2,0.532435897,0.5537697755631014,0.5537697755631014,38.42,30.54,19.21,625.9803290981154,883.1428074411001,1.0
Paper-proposed MLR,2014-02-16T01:00:00+00:00,2014-02-16T12:00:00+11:00,2014-02-16,12,3,0.542564103,0.6415768839846478,0.6415768839846478,36.17,41.16,18.085,642.4556924885208,836.9181540826501,1.0
Paper-proposed MLR,2014-02-16T02:00:00+00:00,2014-02-16T13:00:00+11:00,2014-02-16,13,4,0.438782051,0.6027436273399271,0.6027436273399271,36.13,47.25,18.065,564.4548413763235,779.7479325394501,1.0
Paper-proposed MLR,2014-02-16T03:00:00+00:00,2014-02-16T14:00:00+11:00,2014-02-16,14,5,0.217179487,0.4461177097210446,0.4461177097210446,34.82,32.63,17.41,346.4401258474016,635.7328460601,1.0
Paper-proposed MLR,2014-02-16T04:00:00+00:00,2014-02-16T15:00:00+11:00,2014-02-16,15,6,0.319166667,0.4280113663860456,0.4280113663860456,35.67,51.49,17.835,399.7776067632038,705.8201251783499,1.0
Paper-proposed MLR,2014-02-16T05:00:00+00:00,2014-02-16T16:00:00+11:00,2014-02-16,16,7,0.089551282,0.20315547982918375,0.20315547982918375,35.43,39.6,17.715,155.5590085741197,579.0420288188999,1.0
Paper-proposed MLR,2014-02-16T06:00:00+00:00,2014-02-16T17:00:00+11:00,2014-02-16,17,8,0.155705128,0.1446560128525566,0.1446560128525566,37.06,51.45,18.53,177.88286431955132,642.4564806552,1.0
Paper-proposed MLR,2014-02-16T07:00:00+00:00,2014-02-16T18:00:00+11:00,2014-02-16,18,9,0.22724359,0.05883463350739487,0.05883463350739487,38.21,34.51,19.105,241.79593304632084,703.3946636085,1.0
Paper-proposed MLR,2014-02-16T08:00:00+00:00,2014-02-16T19:00:00+11:00,2014-02-16,19,10,0.05974359,0.017566815976023387,0.017566815976023387,45.47,59.67,22.735,99.46353685321404,722.7981155594999,1.0
Paper-proposed MLR,2014-02-16T09:00:00+00:00,2014-02-16T20:00:00+11:00,2014-02-16,20,11,0.001282051,0.009878456994441343,0.009878456994441343,53.69,98.31,26.845,8.988115113323335,806.38249977285,1.0
Paper-proposed MLR,2014-02-16T22:00:00+00:00,2014-02-17T09:00:00+11:00,2014-02-17,9,0,0.443589744,0.3846782405214445,0.3846782405214445,38.86,33.63,19.43,507.89370865941464,841.4684617775999,1.0
Paper-proposed MLR,2014-02-16T23:00:00+00:00,2014-02-17T10:00:00+11:00,2014-02-17,10,1,0.661666667,0.6425301858627428,0.6425301858627428,35.18,51.78,17.59,707.8529679581541,1027.8330005178,0.0
Paper-proposed MLR,2014-02-17T00:00:00+00:00,2014-02-17T11:00:00+11:00,2014-02-17,11,2,0.759423077,0.7338145645312204,0.7338145645312204,34.67,47.33,17.335,799.6020554233426,1078.3048270323,0.0
Paper-proposed MLR,2014-02-17T01:00:00+00:00,2014-02-17T12:00:00+11:00,2014-02-17,12,3,0.697435897,0.7492168208150162,0.7492168208150162,30.98,32.910000000000004,15.49,672.2595179686381,788.7984613359,1.0
Paper-proposed MLR,2014-02-17T02:00:00+00:00,2014-02-17T13:00:00+11:00,2014-02-17,13,4,0.828653846,0.7821972158131807,0.7821972158131807,29.99,27.53,14.995,742.1113659384126,822.6199326231,1.0
Paper-proposed MLR,2014-02-17T03:00:00+00:00,2014-02-17T14:00:00+11:00,2014-02-17,14,5,0.78025641,0.7163185653007631,0.7163185653007631,29.98,34.56,14.99,710.5476750156752,808.969845888,0.0
Paper-proposed MLR,2014-02-17T04:00:00+00:00,2014-02-17T15:00:00+11:00,2014-02-17,15,6,0.659807692,0.5961965359512708,0.5961965359512708,31.59,31.05,15.795,624.2692489804106,786.4998748542,1.0
Paper-proposed MLR,2014-02-17T05:00:00+00:00,2014-02-17T16:00:00+11:00,2014-02-17,16,7,0.534423077,0.4265381254474189,0.4265381254474189,34.89,46.57,17.445,597.1835217199246,803.04031734795,1.0
Paper-proposed MLR,2014-02-17T06:00:00+00:00,2014-02-17T17:00:00+11:00,2014-02-17,17,8,0.281217949,0.3055195610055145,0.3055195610055145,43.62,61.52,21.81,383.9023527966081,838.3009040306999,1.0
Paper-proposed MLR,2014-02-17T07:00:00+00:00,2014-02-17T18:00:00+11:00,2014-02-17,18,9,0.116153846,0.20984384336773768,0.20984384336773768,60.22,42.24,30.11,294.4737128058775,1008.2217690917998,1.0
Paper-proposed MLR,2014-02-17T08:00:00+00:00,2014-02-17T19:00:00+11:00,2014-02-17,19,10,0.034230769,0.1071847192907876,0.1071847192907876,53.75,47.86,26.875,114.0162374344475,833.84855750625,1.0
Paper-proposed MLR,2014-02-17T09:00:00+00:00,2014-02-17T20:00:00+11:00,2014-02-17,20,11,0.012692308,0.017030781809231593,0.017030781809231593,55.72,48.37,27.86,24.842558462555765,846.4082310263999,1.0
Paper-proposed MLR,2014-02-17T22:00:00+00:00,2014-02-18T09:00:00+11:00,2014-02-18,9,0,0.398141026,0.36887659421639485,0.36887659421639485,47.01,58.36,23.505,571.4628279901176,985.8991444838999,1.0
Paper-proposed MLR,2014-02-17T23:00:00+00:00,2014-02-18T10:00:00+11:00,2014-02-18,10,1,0.469551282,0.6308738910894287,0.6308738910894287,39.38,39.56,19.69,650.0211497439257,868.0639422774001,1.0
Paper-proposed MLR,2014-02-18T00:00:00+00:00,2014-02-18T11:00:00+11:00,2014-02-18,11,2,0.718269231,0.71752443710283,0.71752443710283,34.11,25.76,17.055,734.8183332110589,879.1524520411499,1.0
Paper-proposed MLR,2014-02-18T01:00:00+00:00,2014-02-18T12:00:00+11:00,2014-02-18,12,3,0.681858974,0.7544603998793825,0.7544603998793825,29.8,27.67,14.9,642.034760124084,751.790961378,1.0
Paper-proposed MLR,2014-02-18T02:00:00+00:00,2014-02-18T13:00:00+11:00,2014-02-18,13,4,0.797820513,0.7409153857295397,0.7409153857295397,26.99,30.2,13.495,651.4752331322453,727.84763468805,1.0
Paper-proposed MLR,2014-02-18T03:00:00+00:00,2014-02-18T14:00:00+11:00,2014-02-18,14,5,0.560384615,0.5913270424454695,0.5913270424454695,26.49,28.39,13.245,457.6326270859573,620.01882677025,1.0
Paper-proposed MLR,2014-02-18T04:00:00+00:00,2014-02-18T15:00:00+11:00,2014-02-18,15,6,0.452371795,0.46304214008794276,0.46304214008794276,26.05,23.79,13.025,357.69799513561367,567.5142788962501,1.0
Paper-proposed MLR,2014-02-18T05:00:00+00:00,2014-02-18T16:00:00+11:00,2014-02-18,16,7,0.259038462,0.27643841706240496,0.27643841706240496,27.85,26.82,13.925,223.69546622831967,525.9633175005,1.0
Paper-proposed MLR,2014-02-18T06:00:00+00:00,2014-02-18T17:00:00+11:00,2014-02-18,17,8,0.221730769,0.2842652727239682,0.2842652727239682,39.52,38.78,19.76,299.9544535339684,724.2419998632001,1.0
Paper-proposed MLR,2014-02-18T07:00:00+00:00,2014-02-18T18:00:00+11:00,2014-02-18,18,9,0.131858974,0.19212580319819444,0.19212580319819444,60.03,69.15,30.015,291.7320926281142,1019.1824131383,1.0
Paper-proposed MLR,2014-02-18T08:00:00+00:00,2014-02-18T19:00:00+11:00,2014-02-18,19,10,0.051025641,0.09987401632808995,0.09987401632808995,52.56,63.03,26.28,118.96928983746612,828.6286153643999,1.0
Paper-proposed MLR,2014-02-18T09:00:00+00:00,2014-02-18T20:00:00+11:00,2014-02-18,20,11,0.013333333,0.015416439546876604,0.015416439546876604,51.89,36.0,25.945,22.377385461861408,788.72799974055,1.0
Paper-proposed MLR,2014-02-18T22:00:00+00:00,2014-02-19T09:00:00+11:00,2014-02-19,9,0,0.375384615,0.34429925956252444,0.34429925956252444,35.81,21.51,17.905,389.940074411823,738.78784594725,1.0
Paper-proposed MLR,2014-02-18T23:00:00+00:00,2014-02-19T10:00:00+11:00,2014-02-19,10,1,0.610897436,0.5756808749660942,0.5756808749660942,31.64,24.31,15.82,572.1197244798442,764.5319231256001,1.0
Paper-proposed MLR,2014-02-19T00:00:00+00:00,2014-02-19T11:00:00+11:00,2014-02-19,11,2,0.737371795,0.5788584228880698,0.5788584228880698,29.53,23.21,14.765,623.1835378380781,769.56883659525,1.0
Paper-proposed MLR,2014-02-19T01:00:00+00:00,2014-02-19T12:00:00+11:00,2014-02-19,12,3,0.781217949,0.7347267721787037,0.7347267721787037,26.57,23.52,13.285,618.4548844687513,709.9044135739499,1.0
Paper-proposed MLR,2014-02-19T02:00:00+00:00,2014-02-19T13:00:00+11:00,2014-02-19,13,4,0.476089744,0.7281048608253387,0.7281048608253387,26.12,22.87,13.06,471.8034461705677,578.3319616992001,1.0
Paper-proposed MLR,2014-02-19T03:00:00+00:00,2014-02-19T14:00:00+11:00,2014-02-19,14,5,0.229230769,0.47565051233101463,0.47565051233101463,25.63,23.21,12.815,270.9916086077085,472.57776914204993,1.0
Paper-proposed MLR,2014-02-19T04:00:00+00:00,2014-02-19T15:00:00+11:00,2014-02-19,15,6,0.153589744,0.3750779438428883,0.3750779438428883,27.6,24.92,13.8,218.86842276695575,477.586154016,1.0
Paper-proposed MLR,2014-02-19T05:00:00+00:00,2014-02-19T16:00:00+11:00,2014-02-19,16,7,0.097628205,0.3039997185123207,0.3039997185123207,30.25,28.35,15.125,182.23867029371553,498.04879801875,1.0
Paper-proposed MLR,2014-02-19T06:00:00+00:00,2014-02-19T17:00:00+11:00,2014-02-19,17,8,0.024487179,0.15987534856960078,0.15987534856960078,44.09,38.68,22.045,121.92815760815549,677.5445958316501,1.0
Paper-proposed MLR,2014-02-19T07:00:00+00:00,2014-02-19T18:00:00+11:00,2014-02-19,18,9,0.13224359,0.1498544178124095,0.1498544178124095,63.0,52.55,31.5,266.58261738272694,1069.9701925499999,1.0
Paper-proposed MLR,2014-02-19T08:00:00+00:00,2014-02-19T19:00:00+11:00,2014-02-19,19,10,0.047371795,0.04169888860942211,0.04169888860942211,56.96,39.18,28.48,77.92299502726577,894.874461648,1.0
Paper-proposed MLR,2014-02-19T09:00:00+00:00,2014-02-19T20:00:00+11:00,2014-02-19,20,11,0.008269231,0.010079024968782768,0.010079024968782768,56.7,30.7,28.35,15.605191701449744,857.5329809655001,1.0
Paper-proposed MLR,2014-02-19T22:00:00+00:00,2014-02-20T09:00:00+11:00,2014-02-20,9,0,0.463974359,0.3692108955668886,0.3692108955668886,39.77,20.94,19.885,500.03592722953545,873.3339038614502,1.0
Paper-proposed MLR,2014-02-19T23:00:00+00:00,2014-02-20T10:00:00+11:00,2014-02-20,10,1,0.71525641,0.5650518734197996,0.5650518734197996,31.74,19.27,15.87,624.875636467347,816.6335768009999,1.0
Paper-proposed MLR,2014-02-20T00:00:00+00:00,2014-02-20T11:00:00+11:00,2014-02-20,11,2,0.798782051,0.6298914898112877,0.6298914898112877,26.5,17.240000000000002,13.25,588.1139326467758,715.0158652724999,1.0
Paper-proposed MLR,2014-02-20T01:00:00+00:00,2014-02-20T12:00:00+11:00,2014-02-20,12,3,0.785512821,0.6477479428219919,0.6477479428219919,23.93,17.87,11.965,538.8739993431382,640.90982709795,1.0
Paper-proposed MLR,2014-02-20T02:00:00+00:00,2014-02-20T13:00:00+11:00,2014-02-20,13,4,0.752179487,0.6126259703400657,0.6126259703400657,24.63,22.35,12.315,546.2399624047605,647.3427114721501,1.0
Paper-proposed MLR,2014-02-20T03:00:00+00:00,2014-02-20T14:00:00+11:00,2014-02-20,14,5,0.680769231,0.5768099938806741,0.5768099938806741,26.0,22.7,13.0,520.7080357051868,655.50000009,1.0
Paper-proposed MLR,2014-02-20T04:00:00+00:00,2014-02-20T15:00:00+11:00,2014-02-20,15,6,0.668910256,0.5711823886525005,0.5711823886525005,28.58,24.93,14.29,562.8224520198488,715.4618267472,1.0
Paper-proposed MLR,2014-02-20T05:00:00+00:00,2014-02-20T16:00:00+11:00,2014-02-20,16,7,0.562820513,0.44631540244932777,0.44631540244932777,30.2,27.53,15.1,500.58332542289116,707.957692389,1.0
Paper-proposed MLR,2014-02-20T06:00:00+00:00,2014-02-20T17:00:00+11:00,2014-02-20,17,8,0.338141026,0.315965878327651,0.315965878327651,43.2,33.85,21.6,432.0106407739061,867.1153848480001,1.0
Paper-proposed MLR,2014-02-20T07:00:00+00:00,2014-02-20T18:00:00+11:00,2014-02-20,18,9,0.107179487,0.21299806505789243,0.21299806505789243,58.35,55.83,29.175,280.23540243867035,969.0588459967499,1.0
Paper-proposed MLR,2014-02-20T08:00:00+00:00,2014-02-20T19:00:00+11:00,2014-02-20,19,10,0.0325,0.10756176720566518,0.10756176720566518,53.06,44.16,26.53,111.47516051898893,821.76675,1.0
Paper-proposed MLR,2014-02-20T09:00:00+00:00,2014-02-20T20:00:00+11:00,2014-02-20,20,11,0.011153846,0.015365775972355916,0.015365775972355916,50.94,45.28,25.47,20.263643149077154,772.6226537286,1.0
Paper-proposed MLR,2014-02-20T22:00:00+00:00,2014-02-21T09:00:00+11:00,2014-02-21,9,0,0.431153846,0.38358287975276917,0.38358287975276917,34.81,22.76,17.405,433.05705707942604,747.2769806889,1.0
Paper-proposed MLR,2014-02-20T23:00:00+00:00,2014-02-21T10:00:00+11:00,2014-02-21,10,1,0.675512821,0.6437064401176391,0.6437064401176391,26.97,24.02,13.485,543.7425587630111,677.82871173555,1.0
Paper-proposed MLR,2014-02-21T00:00:00+00:00,2014-02-21T11:00:00+11:00,2014-02-21,11,2,0.79,0.7373413328559495,0.7373413328559495,24.74,18.23,12.37,576.0537623067669,664.269,1.0
Paper-proposed MLR,2014-02-21T01:00:00+00:00,2014-02-21T12:00:00+11:00,2014-02-21,12,3,0.832371795,0.7785094989035314,0.7785094989035314,23.94,14.96,11.97,583.2989206006114,658.0047115845,1.0
Paper-proposed MLR,2014-02-21T02:00:00+00:00,2014-02-21T13:00:00+11:00,2014-02-21,13,4,0.816153846,0.796279329632237,0.796279329632237,22.6,16.36,11.3,549.6317981239548,615.676153794,1.0
Paper-proposed MLR,2014-02-21T03:00:00+00:00,2014-02-21T14:00:00+11:00,2014-02-21,14,5,0.775448718,0.7349499654920191,0.7349499654920191,22.85,31.76,11.425,542.3954127343833,738.8475385104,0.0
Paper-proposed MLR,2014-02-21T04:00:00+00:00,2014-02-21T15:00:00+11:00,2014-02-21,15,6,0.676730769,0.6157406476268261,0.6157406476268261,23.5,16.18,11.75,463.701761491451,591.0475960725,1.0
Paper-proposed MLR,2014-02-21T05:00:00+00:00,2014-02-21T16:00:00+11:00,2014-02-21,16,7,0.523910256,0.44596805688755287,0.44596805688755287,24.15,22.79,12.075,376.39293874821215,552.036490236,1.0
Paper-proposed MLR,2014-02-21T06:00:00+00:00,2014-02-21T17:00:00+11:00,2014-02-21,17,8,0.320128205,0.3080088532922798,0.3080088532922798,37.0,29.84,18.5,352.73907080318173,732.671153775,1.0
Paper-proposed MLR,2014-02-21T07:00:00+00:00,2014-02-21T18:00:00+11:00,2014-02-21,18,9,0.102820513,0.2030818445075416,0.2030818445075416,53.85,197.4,26.925,247.0926292767167,890.80326937575,1.0
Paper-proposed MLR,2014-02-21T08:00:00+00:00,2014-02-21T19:00:00+11:00,2014-02-21,19,10,0.032371795,0.10033355151477058,0.10033355151477058,48.8,35.31,24.4,97.14031364881208,755.6961539399999,1.0
Paper-proposed MLR,2014-02-21T09:00:00+00:00,2014-02-21T20:00:00+11:00,2014-02-21,20,11,0.010769231,0.01315300636240857,0.01315300636240857,48.16,30.85,24.08,17.28142427060395,730.1796924744,1.0
Paper-proposed MLR,2014-02-21T22:00:00+00:00,2014-02-22T09:00:00+11:00,2014-02-22,9,0,0.155833333,0.2876524644217986,0.2876524644217986,37.11,29.66,18.555,246.86636913484418,643.39462481445,1.0
Paper-proposed MLR,2014-02-21T23:00:00+00:00,2014-02-22T10:00:00+11:00,2014-02-22,10,1,0.349038462,0.47735897599360866,0.47735897599360866,32.83,63.72,16.415,406.95941833995255,667.2219239591999,0.0
Paper-proposed MLR,2014-02-22T00:00:00+00:00,2014-02-22T11:00:00+11:00,2014-02-22,11,2,0.723269231,0.5416665215715253,0.5416665215715253,34.54,26.7,17.27,706.7386199046227,892.8257885810999,1.0
Paper-proposed MLR,2014-02-22T01:00:00+00:00,2014-02-22T12:00:00+11:00,2014-02-22,12,3,0.664358974,0.756861599136145,0.756861599136145,31.63,25.29,15.815,674.298100924444,789.6551152142999,1.0
Paper-proposed MLR,2014-02-22T02:00:00+00:00,2014-02-22T13:00:00+11:00,2014-02-22,13,4,0.764871795,0.7757715184929854,0.7757715184929854,30.65,26.33,15.325,708.3107633784,811.3998077512499,1.0
Paper-proposed MLR,2014-02-22T03:00:00+00:00,2014-02-22T14:00:00+11:00,2014-02-22,14,5,0.757948718,0.6998935058622588,0.6998935058622588,29.57,30.72,14.785,674.379212556552,779.7381538689,1.0
Paper-proposed MLR,2014-02-22T04:00:00+00:00,2014-02-22T15:00:00+11:00,2014-02-22,15,6,0.658076923,0.5951199201506465,0.5951199201506465,29.01,27.14,14.505,569.1924582270514,721.51217304345,1.0
Paper-proposed MLR,2014-02-22T05:00:00+00:00,2014-02-22T16:00:00+11:00,2014-02-22,16,7,0.508012821,0.3999380990488371,0.3999380990488371,30.97000000000001,36.78,15.485000000000005,490.8321360271878,700.5473559955501,1.0
Paper-proposed MLR,2014-02-22T06:00:00+00:00,2014-02-22T17:00:00+11:00,2014-02-22,17,8,0.311602564,0.20653219848568222,0.20653219848568222,33.29,27.57,16.645,293.1674059445431,654.9487403334,1.0
Paper-proposed MLR,2014-02-22T07:00:00+00:00,2014-02-22T18:00:00+11:00,2014-02-22,18,9,0.110641026,0.1740421397233874,0.1740421397233874,41.28,39.91,20.64,176.27581621592148,687.7089232992,1.0
Paper-proposed MLR,2014-02-22T08:00:00+00:00,2014-02-22T19:00:00+11:00,2014-02-22,19,10,0.042371795,0.09323817047139216,0.09323817047139216,46.78,36.46,23.39,95.15751277127586,731.4322885515,1.0
Paper-proposed MLR,2014-02-22T09:00:00+00:00,2014-02-22T20:00:00+11:00,2014-02-22,20,11,0.0125,0.011847250823647626,0.011847250823647626,52.18,40.06,26.09,19.330160399478277,792.4837499999999,1.0
Paper-proposed MLR,2014-02-22T22:00:00+00:00,2014-02-23T09:00:00+11:00,2014-02-23,9,0,0.219102564,0.32715082342845886,0.32715082342845886,42.45,26.25,21.225,347.82684444507123,776.2635576270001,1.0
Paper-proposed MLR,2014-02-22T23:00:00+00:00,2014-02-23T10:00:00+11:00,2014-02-23,10,1,0.249230769,0.533754188295233,0.533754188295233,35.83,23.7,17.915,420.8152652983229,671.3990767990499,1.0
Paper-proposed MLR,2014-02-23T00:00:00+00:00,2014-02-23T11:00:00+11:00,2014-02-23,11,2,0.637948718,0.6983144019423323,0.6983144019423323,34.72,27.6,17.36,695.9258328659666,853.0436923344,1.0
Paper-proposed MLR,2014-02-23T01:00:00+00:00,2014-02-23T12:00:00+11:00,2014-02-23,12,3,0.614679487,0.7125733290320895,0.7125733290320895,36.56,28.0,18.28,727.865444311998,885.4902306708001,1.0
Paper-proposed MLR,2014-02-23T02:00:00+00:00,2014-02-23T13:00:00+11:00,2014-02-23,13,4,0.823589744,0.7754348224141263,0.7754348224141263,35.14,34.14,17.57,866.7836604772237,961.2141540624,1.0
Paper-proposed MLR,2014-02-23T03:00:00+00:00,2014-02-23T14:00:00+11:00,2014-02-23,14,5,0.768141026,0.7217278955211934,0.7217278955211934,34.800000000000004,23.99,17.400000000000002,786.887452929723,922.9696155720001,1.0
Paper-proposed MLR,2014-02-23T04:00:00+00:00,2014-02-23T15:00:00+11:00,2014-02-23,15,6,0.66525641,0.6058661917294317,0.6058661917294317,34.67,29.96,17.335,683.5413541993687,866.0165960205001,1.0
Paper-proposed MLR,2014-02-23T05:00:00+00:00,2014-02-23T16:00:00+11:00,2014-02-23,16,7,0.514230769,0.4393826496813706,0.4393826496813706,35.71,38.64,17.855,557.4745725178075,811.09771141485,1.0
Paper-proposed MLR,2014-02-23T06:00:00+00:00,2014-02-23T17:00:00+11:00,2014-02-23,17,8,0.316410256,0.30353720001279605,0.30353720001279605,35.71,30.21,17.855,336.8462530149113,705.1351536263999,1.0
Paper-proposed MLR,2014-02-23T07:00:00+00:00,2014-02-23T18:00:00+11:00,2014-02-23,18,9,0.109230769,0.19884365830430947,0.19884365830430947,35.97,25.9,17.985,166.22155725204016,598.48546141395,1.0
Paper-proposed MLR,2014-02-23T08:00:00+00:00,2014-02-23T19:00:00+11:00,2014-02-23,19,10,0.038974359,0.0959507363070497,0.0959507363070497,39.32,26.3,19.66,79.5788212120979,612.7870769382,1.0
Paper-proposed MLR,2014-02-23T09:00:00+00:00,2014-02-23T20:00:00+11:00,2014-02-23,20,11,0.010769231,0.011127113743306188,0.011127113743306188,44.42,108.96,22.21,14.589534502464915,673.4755386153001,1.0
Paper-proposed MLR,2014-02-23T22:00:00+00:00,2014-02-24T09:00:00+11:00,2014-02-24,9,0,0.345192308,0.36726522611961776,0.36726522611961776,53.81,49.74,26.905,575.0600986646494,1085.7719714022,1.0
Paper-proposed MLR,2014-02-23T23:00:00+00:00,2014-02-24T10:00:00+11:00,2014-02-24,10,1,0.616858974,0.6220283332338903,0.6220283332338903,47.68,37.55,23.84,886.0522021336783,1156.3775382048,1.0
Paper-proposed MLR,2014-02-24T00:00:00+00:00,2014-02-24T11:00:00+11:00,2014-02-24,11,2,0.741346154,0.7141294099581794,0.7141294099581794,35.96,22.42,17.98,788.7087895054125,939.2821154676001,1.0
Paper-proposed MLR,2014-02-24T01:00:00+00:00,2014-02-24T12:00:00+11:00,2014-02-24,12,3,0.782179487,0.7534805566896731,0.7534805566896731,34.35,22.5,17.175,795.8334916281788,918.26798067675,1.0
Paper-proposed MLR,2014-02-24T02:00:00+00:00,2014-02-24T13:00:00+11:00,2014-02-24,13,4,0.777628205,0.7707083786615612,0.7707083786615612,32.74,23.55,16.37,761.8786268294925,872.9932114755001,1.0
Paper-proposed MLR,2014-02-24T03:00:00+00:00,2014-02-24T14:00:00+11:00,2014-02-24,14,5,0.730320513,0.7105382630453668,0.7105382630453668,34.46,24.25,17.23,748.9460431782959,894.4026731697,1.0
Paper-proposed MLR,2014-02-24T04:00:00+00:00,2014-02-24T15:00:00+11:00,2014-02-24,15,6,0.636410256,0.5851461150489367,0.5851461150489367,36.91,35.53,18.455,702.5747410334259,905.9985382343999,1.0
Paper-proposed MLR,2014-02-24T05:00:00+00:00,2014-02-24T16:00:00+11:00,2014-02-24,16,7,0.461153846,0.3950219832292984,0.3950219832292984,45.3,39.28,22.65,614.7646622976113,992.8540383569998,1.0
Paper-proposed MLR,2014-02-24T06:00:00+00:00,2014-02-24T17:00:00+11:00,2014-02-24,17,8,0.320833333,0.2588626061681323,0.2588626061681323,62.31,83.12,31.155,638.422074138035,1234.51687468845,1.0
Paper-proposed MLR,2014-02-24T07:00:00+00:00,2014-02-24T18:00:00+11:00,2014-02-24,18,9,0.121346154,0.1414441233872213,0.1414441233872213,127.96,53.14,63.98,504.3996584170325,2152.3118079876,1.0
Paper-proposed MLR,2014-02-24T08:00:00+00:00,2014-02-24T19:00:00+11:00,2014-02-24,19,10,0.045,0.06066740869842013,0.06066740869842013,102.82,64.23,51.41,162.97084443557335,1611.7035,1.0
Paper-proposed MLR,2014-02-24T09:00:00+00:00,2014-02-24T20:00:00+11:00,2014-02-24,20,11,0.011923077,0.00843240890718544,0.00843240890718544,100.66,55.1,50.33,31.234262775341058,1527.9026539622998,1.0
Paper-proposed MLR,2014-02-24T22:00:00+00:00,2014-02-25T09:00:00+11:00,2014-02-25,9,0,0.344230769,0.3673004710035184,0.3673004710035184,73.75,28.59,36.875,787.1314342538923,1487.05528820625,1.0
Paper-proposed MLR,2014-02-24T23:00:00+00:00,2014-02-25T10:00:00+11:00,2014-02-25,10,1,0.619358974,0.6235274928401342,0.6235274928401342,57.62,34.09,28.81,1074.226773289928,1399.6119612282,1.0
Paper-proposed MLR,2014-02-25T00:00:00+00:00,2014-02-25T11:00:00+11:00,2014-02-25,11,2,0.727371795,0.714209375044339,0.714209375044339,41.69,34.62,20.845,906.9321547339043,1080.21195200325,1.0
Paper-proposed MLR,2014-02-25T01:00:00+00:00,2014-02-25T12:00:00+11:00,2014-02-25,12,3,0.781666667,0.7499556438718645,0.7499556438718645,37.13,32.36,18.565,866.1606529616639,992.2992501856502,1.0
Paper-proposed MLR,2014-02-25T02:00:00+00:00,2014-02-25T13:00:00+11:00,2014-02-25,13,4,0.782051282,0.7629594539198246,0.7629594539198246,36.31,36.87,18.155,852.209204194347,970.5942307413,1.0
Paper-proposed MLR,2014-02-25T03:00:00+00:00,2014-02-25T14:00:00+11:00,2014-02-25,14,5,0.741858974,0.7092480276788555,0.7092480276788555,35.83,30.22,17.915,791.9357888867514,936.1621055763,1.0
Paper-proposed MLR,2014-02-25T04:00:00+00:00,2014-02-25T15:00:00+11:00,2014-02-25,15,6,0.656025641,0.588085129937892,0.588085129937892,36.45,28.28,18.225,700.7118191721775,905.4320192167501,1.0
Paper-proposed MLR,2014-02-25T05:00:00+00:00,2014-02-25T16:00:00+11:00,2014-02-25,16,7,0.515641026,0.4221910131763961,0.4221910131763961,40.2,33.75,20.1,603.7804998746327,913.931538678,1.0
Paper-proposed MLR,2014-02-25T06:00:00+00:00,2014-02-25T17:00:00+11:00,2014-02-25,17,8,0.305,0.2883728104873938,0.2883728104873938,62.65,61.38,31.325,572.6140040795697,1226.37375,1.0
Paper-proposed MLR,2014-02-25T07:00:00+00:00,2014-02-25T18:00:00+11:00,2014-02-25,18,9,0.100320513,0.18975284473378756,0.18975284473378756,87.12,33.89,43.56,379.0678638865136,1437.8988463884002,1.0
Paper-proposed MLR,2014-02-25T08:00:00+00:00,2014-02-25T19:00:00+11:00,2014-02-25,19,10,0.033717949,0.09064694016012209,0.09064694016012209,75.72,30.19,37.86,141.25364110806663,1174.0968464742,1.0
Paper-proposed MLR,2014-02-25T09:00:00+00:00,2014-02-25T20:00:00+11:00,2014-02-25,20,11,0.007371795,0.009177731547956952,0.009177731547956952,74.56,32.5,37.28,18.508990491235053,1126.644615528,1.0
Paper-proposed MLR,2014-02-25T22:00:00+00:00,2014-02-26T09:00:00+11:00,2014-02-26,9,0,0.064230769,0.33328448259824484,0.33328448259824484,64.27,28.41,32.135,383.2245783032879,1025.9716728544502,1.0
Paper-proposed MLR,2014-02-25T23:00:00+00:00,2014-02-26T10:00:00+11:00,2014-02-26,10,1,0.193717949,0.5563822393031441,0.5563822393031441,52.39,25.53,26.195,589.4662329780259,938.0832502216501,1.0
Paper-proposed MLR,2014-02-26T00:00:00+00:00,2014-02-26T11:00:00+11:00,2014-02-26,11,2,0.273205128,0.593955909974008,0.593955909974008,37.08,25.64,18.54,482.31496932114334,708.1566921936001,1.0
Paper-proposed MLR,2014-02-26T01:00:00+00:00,2014-02-26T12:00:00+11:00,2014-02-26,12,3,0.446666667,0.6556607846013565,0.6556607846013565,36.72,26.73,18.36,607.1619603420272,796.8240001835999,1.0
Paper-proposed MLR,2014-02-26T02:00:00+00:00,2014-02-26T13:00:00+11:00,2014-02-26,13,4,0.539551282,0.6626009056955527,0.6626009056955527,39.28,26.24,19.64,708.3080689902197,907.1036153544001,1.0
Paper-proposed MLR,2014-02-26T03:00:00+00:00,2014-02-26T14:00:00+11:00,2014-02-26,14,5,0.290705128,0.5685193943475984,0.5685193943475984,39.53,27.72,19.765,509.47718052600845,765.3236056476,1.0
Paper-proposed MLR,2014-02-26T04:00:00+00:00,2014-02-26T15:00:00+11:00,2014-02-26,15,6,0.408846154,0.42168781858672166,0.42168781858672166,41.57,29.26,20.785,517.8794586064503,878.4860193267,1.0
Paper-proposed MLR,2014-02-26T05:00:00+00:00,2014-02-26T16:00:00+11:00,2014-02-26,16,7,0.239358974,0.3023087982397623,0.3023087982397623,50.51,33.84,25.255,410.39458763745586,939.0003266510998,1.0
Paper-proposed MLR,2014-02-26T06:00:00+00:00,2014-02-26T17:00:00+11:00,2014-02-26,17,8,0.152692308,0.11846946912473953,0.11846946912473953,72.52,62.89,36.26,322.3104071337373,1253.8986926424,1.0
Paper-proposed MLR,2014-02-26T07:00:00+00:00,2014-02-26T18:00:00+11:00,2014-02-26,18,9,0.133974359,0.09268783112153206,0.09268783112153206,108.1,91.58,54.05,414.0172430204312,1838.7394231184999,1.0
Paper-proposed MLR,2014-02-26T08:00:00+00:00,2014-02-26T19:00:00+11:00,2014-02-26,19,10,0.041538462,0.057225925775833186,0.057225925775833186,89.96,89.61,44.98,133.2726648647093,1405.4520006228,1.0
Paper-proposed MLR,2014-02-26T09:00:00+00:00,2014-02-26T20:00:00+11:00,2014-02-26,20,11,0.00474359,0.0032032316951464967,0.0032032316951464967,83.75,73.42,41.875,11.440912836325898,1262.2091349375,1.0
Paper-proposed MLR,2014-02-26T22:00:00+00:00,2014-02-27T09:00:00+11:00,2014-02-27,9,0,0.063141026,0.269922194404297,0.269922194404297,50.94,33.24,25.47,254.49360671092333,812.3460579666,1.0
Paper-proposed MLR,2014-02-26T23:00:00+00:00,2014-02-27T10:00:00+11:00,2014-02-27,10,1,0.212179487,0.43674923222256434,0.43674923222256434,44.22,34.160000000000004,22.11,430.4344194603269,804.0386537270999,1.0
Paper-proposed MLR,2014-02-27T00:00:00+00:00,2014-02-27T11:00:00+11:00,2014-02-27,11,2,0.316666667,0.4624826127644341,0.4624826127644341,31.19,27.13,15.595,364.5249905377905,616.0025001559501,1.0
Paper-proposed MLR,2014-02-27T01:00:00+00:00,2014-02-27T12:00:00+11:00,2014-02-27,12,3,0.1425,0.5013604338114782,0.5013604338114782,29.56,32.12,14.78,285.4877163520094,506.58450000000005,1.0
Paper-proposed MLR,2014-02-27T02:00:00+00:00,2014-02-27T13:00:00+11:00,2014-02-27,13,4,0.146538462,0.4845555285145375,0.4845555285145375,29.7,28.64,14.85,281.1523727742265,510.782884821,1.0
Paper-proposed MLR,2014-02-27T03:00:00+00:00,2014-02-27T14:00:00+11:00,2014-02-27,14,5,0.170961538,0.4214005084181021,0.4214005084181021,30.05,37.98,15.025,267.0071924229595,527.8109132535001,1.0
Paper-proposed MLR,2014-02-27T04:00:00+00:00,2014-02-27T15:00:00+11:00,2014-02-27,15,6,0.287692308,0.325592281703795,0.325592281703795,31.41,32.54,15.705,288.949034438943,606.6962309142,1.0
Paper-proposed MLR,2014-02-27T05:00:00+00:00,2014-02-27T16:00:00+11:00,2014-02-27,16,7,0.27474359,0.21727487631172987,0.21727487631172987,36.29,32.74,18.145,292.9929284251992,693.9066732164999,1.0
Paper-proposed MLR,2014-02-27T06:00:00+00:00,2014-02-27T17:00:00+11:00,2014-02-27,17,8,0.233205128,0.1325109167108855,0.1325109167108855,62.26,42.56,31.13,376.0702592065333,1151.6902690392,1.0
Paper-proposed MLR,2014-02-27T07:00:00+00:00,2014-02-27T18:00:00+11:00,2014-02-27,18,9,0.116346154,0.09369248355687443,0.09369248355687443,111.42,82.55,55.71,369.2783103896089,1865.7493271802,1.0
Paper-proposed MLR,2014-02-27T08:00:00+00:00,2014-02-27T19:00:00+11:00,2014-02-27,19,10,0.0225,0.03204629060031139,0.03204629060031139,102.39,62.89,51.195,83.77492041848825,1570.406625,1.0
Paper-proposed MLR,2014-02-27T09:00:00+00:00,2014-02-27T20:00:00+11:00,2014-02-27,20,11,0.002884615,0.0033769254501923585,0.0033769254501923585,99.53,60.34,49.765,9.34816681511468,1497.25658596425,1.0
Paper-proposed MLR,2014-02-27T22:00:00+00:00,2014-02-28T09:00:00+11:00,2014-02-28,9,0,0.059935897,0.29906965712113737,0.29906965712113737,67.04,43.7,33.52,361.0159852242158,1065.8715380232002,1.0
Paper-proposed MLR,2014-02-27T23:00:00+00:00,2014-02-28T10:00:00+11:00,2014-02-28,10,1,0.101666667,0.5343143705049225,0.5343143705049225,58.36,33.99,29.18,556.7378002318092,964.3990002918001,1.0
Paper-proposed MLR,2014-02-28T00:00:00+00:00,2014-02-28T11:00:00+11:00,2014-02-28,11,2,0.104294872,0.6269071152696393,0.6269071152696393,63.46,46.6,31.73,696.0311716819696,1051.1782886568,1.0
Paper-proposed MLR,2014-02-28T01:00:00+00:00,2014-02-28T12:00:00+11:00,2014-02-28,12,3,0.11275641,0.5040290070962933,0.5040290070962933,57.23,59.51,28.615,529.479441306313,955.2457401644999,1.0
Paper-proposed MLR,2014-02-28T02:00:00+00:00,2014-02-28T13:00:00+11:00,2014-02-28,13,4,0.142948718,0.4906422848243612,0.4906422848243612,45.35,42.32,22.675,431.0002796712717,777.4908654195,1.0
Paper-proposed MLR,2014-02-28T03:00:00+00:00,2014-02-28T14:00:00+11:00,2014-02-28,14,5,0.136666667,0.40649613942066476,0.40649613942066476,43.24,51.9,21.62,352.29539624444317,737.2420002162,1.0
Paper-proposed MLR,2014-02-28T04:00:00+00:00,2014-02-28T15:00:00+11:00,2014-02-28,15,6,0.176282051,0.30896156087133353,0.30896156087133353,43.24,89.0,21.62,314.729006659747,762.9365382786001,1.0
Paper-proposed MLR,2014-02-28T05:00:00+00:00,2014-02-28T16:00:00+11:00,2014-02-28,16,7,0.219038462,0.168038783055389,0.168038783055389,49.76,80.45,24.88,373.93602047790336,909.8903080368,1.0
Paper-proposed MLR,2014-02-28T06:00:00+00:00,2014-02-28T17:00:00+11:00,2014-02-28,17,8,0.165897436,0.06427671436164303,0.06427671436164303,71.06,160.45000000000002,35.53,626.176443282382,1242.7300770324,1.0
Paper-proposed MLR,2014-02-28T07:00:00+00:00,2014-02-28T18:00:00+11:00,2014-02-28,18,9,0.058974359,0.03511106979824774,0.03511106979824774,107.75,190.44,53.875,249.83227699028686,1711.5673077337499,1.0
Paper-proposed MLR,2014-02-28T08:00:00+00:00,2014-02-28T19:00:00+11:00,2014-02-28,19,10,0.018846154,0.022150520733083157,0.022150520733083157,80.04,112.76,40.02,49.220607684539644,1223.2266924924002,1.0
Paper-proposed MLR,2014-02-28T09:00:00+00:00,2014-02-28T20:00:00+11:00,2014-02-28,20,11,0.001282051,0.0025281306161510364,0.0025281306161510364,72.71000000000001,44.19,36.355000000000004,4.155574579655129,1092.04826892315,1.0
Paper-proposed MLR,2014-02-28T22:00:00+00:00,2014-03-01T09:00:00+11:00,2014-03-01,9,0,0.096282051,0.22897883640312724,0.22897883640312724,45.59,31.01,22.795,222.4296578506286,749.69248057635,1.0
Paper-proposed MLR,2014-02-28T23:00:00+00:00,2014-03-01T10:00:00+11:00,2014-03-01,10,1,0.133589744,0.3730657662879105,0.3730657662879105,39.71,30.12,19.855,301.7893547029939,675.2227310136001,1.0
Paper-proposed MLR,2014-03-01T00:00:00+00:00,2014-03-01T11:00:00+11:00,2014-03-01,11,2,0.121923077,0.4179832144926452,0.4179832144926452,40.41,44.88,20.205,327.2641985882669,680.05367312355,1.0
Paper-proposed MLR,2014-03-01T01:00:00+00:00,2014-03-01T12:00:00+11:00,2014-03-01,12,3,0.270897436,0.5305937343769787,0.5305937343769787,34.76,42.86,17.38,417.8974962345567,662.6459231304001,1.0
Paper-proposed MLR,2014-03-01T02:00:00+00:00,2014-03-01T13:00:00+11:00,2014-03-01,13,4,0.279038462,0.4593843703509779,0.4593843703509779,34.02,41.18,17.01,376.81717134870405,652.6933271585999,1.0
Paper-proposed MLR,2014-03-01T03:00:00+00:00,2014-03-01T14:00:00+11:00,2014-03-01,14,5,0.158076923,0.3965672485449531,0.3965672485449531,33.0,39.0,16.5,274.5488649147518,573.2480768849999,1.0
Paper-proposed MLR,2014-03-01T04:00:00+00:00,2014-03-01T15:00:00+11:00,2014-03-01,15,6,0.113782051,0.30220143835185626,0.30220143835185626,32.93,35.86,16.465,205.4750445653494,550.15264409145,1.0
Paper-proposed MLR,2014-03-01T05:00:00+00:00,2014-03-01T16:00:00+11:00,2014-03-01,16,7,0.149358974,0.20816482113990672,0.20816482113990672,27.41,31.88,13.705,146.99590837177266,472.55894216009995,1.0
Paper-proposed MLR,2014-03-01T06:00:00+00:00,2014-03-01T17:00:00+11:00,2014-03-01,17,8,0.114487179,0.0590612033052908,0.0590612033052908,32.27,48.09,16.135,137.140206054609,539.4675189949501,1.0
Paper-proposed MLR,2014-03-01T07:00:00+00:00,2014-03-01T18:00:00+11:00,2014-03-01,18,9,0.062371795,0.02146527576727414,0.02146527576727414,41.97,32.18,20.985,66.51808238584842,668.81616354225,1.0
Paper-proposed MLR,2014-03-01T08:00:00+00:00,2014-03-01T19:00:00+11:00,2014-03-01,19,10,0.022115385,0.0120280781921695,0.0120280781921695,51.38,66.86,25.69,38.773199720556484,787.7443272195001,1.0
Paper-proposed MLR,2014-03-01T09:00:00+00:00,2014-03-01T20:00:00+11:00,2014-03-01,20,11,0.004166667,0.0005736161500825843,0.0005736161500825843,58.27,53.13,29.135,6.7297021416427345,877.69187529135,1.0
Paper-proposed MLR,2014-03-01T22:00:00+00:00,2014-03-02T09:00:00+11:00,2014-03-02,9,0,0.355576923,0.3348836577086979,0.3348836577086979,47.93,37.35,23.965,504.71601517824064,974.5920287908499,1.0
Paper-proposed MLR,2014-03-01T23:00:00+00:00,2014-03-02T10:00:00+11:00,2014-03-02,10,1,0.646858974,0.5555882759958246,0.5555882759958246,41.75,32.51,20.875,784.8906274482426,1031.3454324675001,1.0
Paper-proposed MLR,2014-03-02T00:00:00+00:00,2014-03-02T11:00:00+11:00,2014-03-02,11,2,0.765769231,0.5957429333726796,0.5957429333726796,54.56,32.2,27.28,1139.3574368523937,1445.1055386504,1.0
Paper-proposed MLR,2014-03-02T01:00:00+00:00,2014-03-02T12:00:00+11:00,2014-03-02,12,3,0.491666667,0.5796971581739299,0.5796971581739299,50.42,30.29,25.21,810.2724609790432,1128.1475002521001,1.0
Paper-proposed MLR,2014-03-02T02:00:00+00:00,2014-03-02T13:00:00+11:00,2014-03-02,13,4,0.577820513,0.5027780422834095,0.5027780422834095,44.69,47.4,22.345,780.7849146483588,1057.69198088955,1.0
Paper-proposed MLR,2014-03-02T03:00:00+00:00,2014-03-02T14:00:00+11:00,2014-03-02,14,5,0.551602564,0.4561433170881948,0.4561433170881948,42.81,35.03,21.405,686.1429847159847,996.3615864725999,1.0
Paper-proposed MLR,2014-03-02T04:00:00+00:00,2014-03-02T15:00:00+11:00,2014-03-02,15,6,0.673205128,0.39118551735598217,0.39118551735598217,42.7,28.47,21.35,741.9815971840688,1071.687884484,1.0
Paper-proposed MLR,2014-03-02T05:00:00+00:00,2014-03-02T16:00:00+11:00,2014-03-02,16,7,0.346153846,0.34344755697887663,0.34344755697887663,41.58,26.29,20.79,430.5509327264107,839.5961537502,1.0
Paper-proposed MLR,2014-03-02T06:00:00+00:00,2014-03-02T17:00:00+11:00,2014-03-02,17,8,0.204551282,0.24026833747681464,0.24026833747681464,43.06,27.27,21.53,287.3089922200746,778.0196730438,1.0
Paper-proposed MLR,2014-03-02T07:00:00+00:00,2014-03-02T18:00:00+11:00,2014-03-02,18,9,0.121217949,0.13195226821582545,0.13195226821582545,47.59,33.7,23.795,180.725559559517,800.3814328936501,1.0
Paper-proposed MLR,2014-03-02T08:00:00+00:00,2014-03-02T19:00:00+11:00,2014-03-02,19,10,0.045,0.0671685489016971,0.0671685489016971,51.55,29.03,25.775,86.73433043823728,808.04625,1.0
Paper-proposed MLR,2014-03-02T09:00:00+00:00,2014-03-02T20:00:00+11:00,2014-03-02,20,11,0.008717949,0.005403982545400504,0.005403982545400504,58.5,46.41,29.25,14.09802486191676,885.1500002475,1.0
Paper-proposed MLR,2014-03-02T22:00:00+00:00,2014-03-03T09:00:00+11:00,2014-03-03,9,0,0.355320513,0.34398079449958413,0.34398079449958413,66.43,44.83,33.215,700.7701127694305,1350.5091251788501,1.0
Paper-proposed MLR,2014-03-02T23:00:00+00:00,2014-03-03T10:00:00+11:00,2014-03-03,10,1,0.655384615,0.5913820066016331,0.5913820066016331,54.08,42.25,27.04,1040.5814736554196,1342.847999688,1.0
Paper-proposed MLR,2014-03-03T00:00:00+00:00,2014-03-03T11:00:00+11:00,2014-03-03,11,2,0.748333333,0.6993448796002991,0.6993448796002991,59.82,37.83,29.91,1310.6413166940174,1568.7794997009,1.0
Paper-proposed MLR,2014-03-03T01:00:00+00:00,2014-03-03T12:00:00+11:00,2014-03-03,12,3,0.819423077,0.7449211370868597,0.7449211370868597,60.65,36.14,30.325,1436.1590121833678,1655.2201443007498,1.0
Paper-proposed MLR,2014-03-03T02:00:00+00:00,2014-03-03T13:00:00+11:00,2014-03-03,13,4,0.850769231,0.7483668547837873,0.7483668547837873,60.76,36.12,30.38,1475.0863177677754,1686.7910771334,1.0
Paper-proposed MLR,2014-03-03T03:00:00+00:00,2014-03-03T14:00:00+11:00,2014-03-03,14,5,0.757435897,0.6913095215026817,0.6913095215026817,58.96,39.32,29.48,1300.79095417058,1554.2763073068002,1.0
Paper-proposed MLR,2014-03-03T04:00:00+00:00,2014-03-03T15:00:00+11:00,2014-03-03,15,6,0.666602564,0.5819746966458699,0.5819746966458699,66.14,36.22,33.07,1246.7108337517327,1653.4364037443997,1.0
Paper-proposed MLR,2014-03-03T05:00:00+00:00,2014-03-03T16:00:00+11:00,2014-03-03,16,7,0.52775641,0.4054507502129188,0.4054507502129188,76.9,42.97,38.45,1093.03910677273,1762.2670189350001,1.0
Paper-proposed MLR,2014-03-03T06:00:00+00:00,2014-03-03T17:00:00+11:00,2014-03-03,17,8,0.314679487,0.2697415283176931,0.2697415283176931,114.17,104.36,57.085,1064.583469683497,2251.4543554618504,1.0
Paper-proposed MLR,2014-03-03T07:00:00+00:00,2014-03-03T18:00:00+11:00,2014-03-03,18,9,0.096346154,0.17808576744909138,0.17808576744909138,179.18,121.65,89.59,737.590675278723,2946.6495581057998,1.0
Paper-proposed MLR,2014-03-03T08:00:00+00:00,2014-03-03T19:00:00+11:00,2014-03-03,19,10,0.032115385,0.07576788892333586,0.07576788892333586,154.07,181.14,77.035,249.32364020052532,2385.27026050425,1.0
Paper-proposed MLR,2014-03-03T09:00:00+00:00,2014-03-03T20:00:00+11:00,2014-03-03,20,11,0.006089744,0.005852319703898795,0.005852319703898795,141.06,219.24,70.53,26.327433603275765,2128.7852893296,1.0
Paper-proposed MLR,2014-03-03T22:00:00+00:00,2014-03-04T09:00:00+11:00,2014-03-04,9,0,0.073653846,0.29641323633041083,0.29641323633041083,89.99,140.5,44.995,499.535051083705,1449.2716440231,1.0
Paper-proposed MLR,2014-03-03T23:00:00+00:00,2014-03-04T10:00:00+11:00,2014-03-04,10,1,0.123653846,0.5393060117771654,0.5393060117771654,68.03,51.49,34.015,676.5173868687084,1146.6325671507,1.0
Paper-proposed MLR,2014-03-04T00:00:00+00:00,2014-03-04T11:00:00+11:00,2014-03-04,11,2,0.29525641,0.6786785262206547,0.6786785262206547,86.26,117.97,43.13,1260.1744139759053,1675.9322688990003,1.0
Paper-proposed MLR,2014-03-04T01:00:00+00:00,2014-03-04T12:00:00+11:00,2014-03-04,12,3,0.662371795,0.6543720036087601,0.6543720036087601,80.27,57.8,40.135,1589.664860162665,2001.57875976975,1.0
Paper-proposed MLR,2014-03-04T02:00:00+00:00,2014-03-04T13:00:00+11:00,2014-03-04,13,4,0.802115385,0.7447707030304269,0.7447707030304269,78.8,60.6,39.4,1864.890573784613,2130.10038507,1.0
Paper-proposed MLR,2014-03-04T03:00:00+00:00,2014-03-04T14:00:00+11:00,2014-03-04,14,5,0.781025641,0.6925680083399705,0.6925680083399705,76.31,61.32,38.155,1748.2226025340851,2038.65099997065,1.0
Paper-proposed MLR,2014-03-04T04:00:00+00:00,2014-03-04T15:00:00+11:00,2014-03-04,15,6,0.599038462,0.5849415139599365,0.5849415139599365,79.01,59.77,39.505,1411.7641080698756,1895.1004332393,1.0
Paper-proposed MLR,2014-03-04T05:00:00+00:00,2014-03-04T16:00:00+11:00,2014-03-04,16,7,0.418205128,0.4144932903931855,0.4144932903931855,96.28,53.75,48.14,1203.2077581126653,2048.1718458575997,1.0
Paper-proposed MLR,2014-03-04T06:00:00+00:00,2014-03-04T17:00:00+11:00,2014-03-04,17,8,0.299807692,0.2817836894834651,0.2817836894834651,166.56,90.18,83.28,1456.778876019212,3247.4395376927996,1.0
Paper-proposed MLR,2014-03-04T07:00:00+00:00,2014-03-04T18:00:00+11:00,2014-03-04,18,9,0.086346154,0.17854480068609685,0.17854480068609685,275.21,160.03,137.605,1093.5095945874104,4484.5998756351,1.0
Paper-proposed MLR,2014-03-04T08:00:00+00:00,2014-03-04T19:00:00+11:00,2014-03-04,19,10,0.025320513,0.07732075799300181,0.07732075799300181,249.55,68.3,124.775,384.2119376445541,3838.0310102872504,1.0
Paper-proposed MLR,2014-03-04T09:00:00+00:00,2014-03-04T20:00:00+11:00,2014-03-04,20,11,0.005384615,0.005517698876523425,0.005517698876523425,218.21,70.93,109.105,35.68490866494264,3290.77465258725,1.0
Paper-proposed MLR,2014-03-04T22:00:00+00:00,2014-03-05T09:00:00+11:00,2014-03-05,9,0,0.257115385,0.33557794027510024,0.33557794027510024,117.12,49.44,58.56,1041.243633843296,2208.5003083680003,1.0
Paper-proposed MLR,2014-03-04T23:00:00+00:00,2014-03-05T10:00:00+11:00,2014-03-05,10,1,0.401666667,0.565215973796933,0.565215973796933,75.15,48.66,37.575,1089.9184568383428,1580.0287503757502,1.0
Paper-proposed MLR,2014-03-05T00:00:00+00:00,2014-03-05T11:00:00+11:00,2014-03-05,11,2,0.258269231,0.5712915454099803,0.5712915454099803,59.73,46.74,29.865,743.2449776245219,1127.3463175144498,1.0
Paper-proposed MLR,2014-03-05T01:00:00+00:00,2014-03-05T12:00:00+11:00,2014-03-05,12,3,0.569615385,0.5561208409676064,0.5561208409676064,57.23,44.16,28.615,972.6814437913985,1347.4363272532498,1.0
Paper-proposed MLR,2014-03-05T02:00:00+00:00,2014-03-05T13:00:00+11:00,2014-03-05,13,4,0.060128205,0.6149429101445719,0.6149429101445719,55.41,46.11,27.705,561.085357352411,881.1255575857499,1.0
Paper-proposed MLR,2014-03-05T03:00:00+00:00,2014-03-05T14:00:00+11:00,2014-03-05,14,5,0.148846154,0.5115688781753127,0.5115688781753127,53.42,38.39,26.71,529.1905652820781,920.5704232002,1.0
Paper-proposed MLR,2014-03-05T04:00:00+00:00,2014-03-05T15:00:00+11:00,2014-03-05,15,6,0.616602564,0.29680626662270637,0.29680626662270637,49.12,41.8,24.56,838.3982714063462,1191.1127691552,1.0
Paper-proposed MLR,2014-03-05T05:00:00+00:00,2014-03-05T16:00:00+11:00,2014-03-05,16,7,0.481474359,0.2597860547087314,0.2597860547087314,54.65,38.32,27.325,680.7721113082075,1214.4386057902498,1.0
Paper-proposed MLR,2014-03-05T06:00:00+00:00,2014-03-05T17:00:00+11:00,2014-03-05,17,8,0.326474359,0.19355715879279012,0.19355715879279012,76.83,61.59,38.415,691.7210061243636,1528.69537502955,1.0
Paper-proposed MLR,2014-03-05T07:00:00+00:00,2014-03-05T18:00:00+11:00,2014-03-05,18,9,0.101474359,0.12556835005807454,0.12556835005807454,130.69,76.8,65.345,445.08317470199637,2159.27525966565,1.0
Paper-proposed MLR,2014-03-05T08:00:00+00:00,2014-03-05T19:00:00+11:00,2014-03-05,19,10,0.024487179,0.049870588134036775,0.049870588134036775,109.66,64.21000000000001,54.83,122.31109115877709,1685.1789607371,1.0
Paper-proposed MLR,2014-03-05T09:00:00+00:00,2014-03-05T20:00:00+11:00,2014-03-05,20,11,0.004358974,0.003932372440055454,0.003932372440055454,93.89,53.71,46.945,11.763696545442844,1414.4889610329,1.0
Paper-proposed MLR,2014-03-05T22:00:00+00:00,2014-03-06T09:00:00+11:00,2014-03-06,9,0,0.056025641,0.3036314883141713,0.3036314883141713,56.21,40.88,28.105,303.2449085812436,890.38801920915,1.0
Paper-proposed MLR,2014-03-05T23:00:00+00:00,2014-03-06T10:00:00+11:00,2014-03-06,10,1,0.087371795,0.5366913469843175,0.5366913469843175,51.75,42.59,25.875,484.42901396532653,844.07235586875,1.0
Paper-proposed MLR,2014-03-06T00:00:00+00:00,2014-03-06T11:00:00+11:00,2014-03-06,11,2,0.16474359,0.6638041534480629,0.6638041534480629,44.84,27.75,22.42,557.2812122431671,783.4065386340001,1.0
Paper-proposed MLR,2014-03-06T01:00:00+00:00,2014-03-06T12:00:00+11:00,2014-03-06,12,3,0.393333333,0.6655541357035307,0.6655541357035307,40.22,24.83,20.11,638.8268098688402,840.5979997988999,1.0
Paper-proposed MLR,2014-03-06T02:00:00+00:00,2014-03-06T13:00:00+11:00,2014-03-06,13,4,0.366089744,0.6622407306898379,0.6622407306898379,37.17,27.51,18.585,573.3456561633192,761.6633367672,1.0
Paper-proposed MLR,2014-03-06T03:00:00+00:00,2014-03-06T14:00:00+11:00,2014-03-06,14,5,0.482564103,0.47725928848367993,0.47725928848367993,36.31,25.51,18.155,523.9383174946124,807.47853869895,1.0
Paper-proposed MLR,2014-03-06T04:00:00+00:00,2014-03-06T15:00:00+11:00,2014-03-06,15,6,0.555320513,0.3634267513431113,0.3634267513431113,35.64,29.47,17.82,558.2291572169098,831.4743462498,1.0
Paper-proposed MLR,2014-03-06T05:00:00+00:00,2014-03-06T16:00:00+11:00,2014-03-06,16,7,0.346217949,0.3360679352411849,0.3360679352411849,39.8,33.32,19.9,411.4110684312863,803.6921155529999,1.0
Paper-proposed MLR,2014-03-06T06:00:00+00:00,2014-03-06T17:00:00+11:00,2014-03-06,17,8,0.312820513,0.17102598305197117,0.17102598305197117,56.29,48.58,28.145,495.462925526121,1108.48000015155,1.0
Paper-proposed MLR,2014-03-06T07:00:00+00:00,2014-03-06T18:00:00+11:00,2014-03-06,18,9,0.095576923,0.13606865259489648,0.13606865259489648,73.82000000000001,55.18,36.910000000000004,256.5011458562289,1213.1323268379,1.0
Paper-proposed MLR,2014-03-06T08:00:00+00:00,2014-03-06T19:00:00+11:00,2014-03-06,19,10,0.036666667,0.04606535720934013,0.04606535720934013,63.42,46.22,31.71,78.70297463034527,986.1810003171,1.0
Paper-proposed MLR,2014-03-06T09:00:00+00:00,2014-03-06T20:00:00+11:00,2014-03-06,20,11,0.007307692,0.002929059339008,0.002929059339008,57.37,47.96,28.685,11.341180701001958,866.8386343506,1.0
Paper-proposed MLR,2014-03-06T22:00:00+00:00,2014-03-07T09:00:00+11:00,2014-03-07,9,0,0.312564103,0.318049779423845,0.318049779423845,40.99,31.96,20.495,387.7329456083011,807.03003872955,1.0
Paper-proposed MLR,2014-03-06T23:00:00+00:00,2014-03-07T10:00:00+11:00,2014-03-07,10,1,0.625320513,0.5429562460845567,0.5429562460845567,31.23,28.36,15.615,578.7712252482804,761.3813943148501,1.0
Paper-proposed MLR,2014-03-07T00:00:00+00:00,2014-03-07T11:00:00+11:00,2014-03-07,11,2,0.752307692,0.6109653175988389,0.6109653175988389,34.11,21.93,17.055,718.1899576174158,896.5682306118001,1.0
Paper-proposed MLR,2014-03-07T01:00:00+00:00,2014-03-07T12:00:00+11:00,2014-03-07,12,3,0.795064103,0.7197834513602877,0.7197834513602877,33.09,26.67,16.545,774.7610815422914,890.9800675240501,1.0
Paper-proposed MLR,2014-03-07T02:00:00+00:00,2014-03-07T13:00:00+11:00,2014-03-07,13,4,0.781282051,0.7263243377537043,0.7263243377537043,31.93,26.14,15.965,738.8439218620184,853.1450383264499,1.0
Paper-proposed MLR,2014-03-07T03:00:00+00:00,2014-03-07T14:00:00+11:00,2014-03-07,14,5,0.744423077,0.6817884440852995,0.6817884440852995,32.26,30.54,16.13,717.2207068622014,844.1263269602999,1.0
Paper-proposed MLR,2014-03-07T04:00:00+00:00,2014-03-07T15:00:00+11:00,2014-03-07,15,6,0.638589744,0.5532753157469492,0.5532753157469492,30.87,30.52,15.435,590.502160421743,758.7489809592,1.0
Paper-proposed MLR,2014-03-07T05:00:00+00:00,2014-03-07T16:00:00+11:00,2014-03-07,16,7,0.511410256,0.4048020483678749,0.4048020483678749,30.34,38.93,15.17,492.95855011799864,687.8428075055999,1.0
Paper-proposed MLR,2014-03-07T06:00:00+00:00,2014-03-07T17:00:00+11:00,2014-03-07,17,8,0.305128205,0.2696735648022284,0.2696735648022284,45.07,46.89,22.535,414.49966933529834,882.33192299025,1.0
Paper-proposed MLR,2014-03-07T07:00:00+00:00,2014-03-07T18:00:00+11:00,2014-03-07,18,9,0.090128205,0.1697245249488143,0.1697245249488143,57.52,60.93,28.76,224.20093539983702,940.562615274,1.0
Paper-proposed MLR,2014-03-07T08:00:00+00:00,2014-03-07T19:00:00+11:00,2014-03-07,19,10,0.027435897,0.07214613868415476,0.07214613868415476,51.36,45.95,25.68,76.71800029107283,791.5366150488001,1.0
Paper-proposed MLR,2014-03-07T09:00:00+00:00,2014-03-07T20:00:00+11:00,2014-03-07,20,11,0.005064103,0.004758206220702527,0.004758206220702527,47.51,39.06,23.755,7.140321172348091,716.25893300295,1.0
Paper-proposed MLR,2014-03-07T22:00:00+00:00,2014-03-08T09:00:00+11:00,2014-03-08,9,0,0.272884615,0.3004161848136753,0.3004161848136753,40.37,32.29,20.185,347.16229932717107,770.7952786132499,1.0
Paper-proposed MLR,2014-03-07T23:00:00+00:00,2014-03-08T10:00:00+11:00,2014-03-08,10,1,0.561858974,0.4802288600214276,0.4802288600214276,38.9,27.23,19.45,627.1107197541018,911.3447113289999,1.0
Paper-proposed MLR,2014-03-08T00:00:00+00:00,2014-03-08T11:00:00+11:00,2014-03-08,11,2,0.36775641,0.5611617614575033,0.5611617614575033,39.08,24.33,19.54,544.5318321083884,801.7788075419999,1.0
Paper-proposed MLR,2014-03-08T01:00:00+00:00,2014-03-08T12:00:00+11:00,2014-03-08,12,3,0.319166667,0.6625870183721763,0.6625870183721763,34.24,27.12,17.12,504.2286928071498,677.5240001712,1.0
Paper-proposed MLR,2014-03-08T02:00:00+00:00,2014-03-08T13:00:00+11:00,2014-03-08,13,4,0.456153846,0.6651037155749964,0.6651037155749964,31.8,24.56,15.9,534.8398568712732,694.5853845419999,1.0
Paper-proposed MLR,2014-03-08T03:00:00+00:00,2014-03-08T14:00:00+11:00,2014-03-08,14,5,0.325769231,0.6174968060932391,0.6174968060932391,31.32,28.93,15.66,443.14638422640377,622.8463847238,1.0
Paper-proposed MLR,2014-03-08T04:00:00+00:00,2014-03-08T15:00:00+11:00,2014-03-08,15,6,0.3675,0.5280621351342076,0.5280621351342076,30.83,27.25,15.415,414.1527093928143,632.4003749999999,1.0
Paper-proposed MLR,2014-03-08T05:00:00+00:00,2014-03-08T16:00:00+11:00,2014-03-08,16,7,0.611538462,0.3079203941410985,0.3079203941410985,32.81,42.45,16.405,689.7436533713943,793.1186540733,1.0
Paper-proposed MLR,2014-03-08T06:00:00+00:00,2014-03-08T17:00:00+11:00,2014-03-08,17,8,0.161858974,0.16657833537534183,0.16657833537534183,36.22,31.58,18.11,178.4399901836232,631.2379805742,1.0
Paper-proposed MLR,2014-03-08T07:00:00+00:00,2014-03-08T18:00:00+11:00,2014-03-08,18,9,0.038910256,0.08305548645573152,0.08305548645573152,42.95,51.77,21.475,78.57642957710503,669.317932428,1.0
Paper-proposed MLR,2014-03-08T08:00:00+00:00,2014-03-08T19:00:00+11:00,2014-03-08,19,10,0.007115385,0.047508975962993194,0.047508975962993194,49.05,75.8,24.525,40.189873578522246,740.9851445137499,1.0
Paper-proposed MLR,2014-03-08T09:00:00+00:00,2014-03-08T20:00:00+11:00,2014-03-08,20,11,0.001794872,0.003400093949553623,0.003400093949553623,53.43,65.07000000000001,26.715,4.163505460269751,802.8885001643999,1.0
Paper-proposed MLR,2014-03-08T22:00:00+00:00,2014-03-09T09:00:00+11:00,2014-03-09,9,0,0.028974359,0.31762654011139557,0.31762654011139557,44.11,35.18,22.055,229.32848489705486,680.8208846323499,1.0
Paper-proposed MLR,2014-03-08T23:00:00+00:00,2014-03-09T10:00:00+11:00,2014-03-09,10,1,0.074294872,0.5635181592775272,0.5635181592775272,37.82,26.47,18.91,361.83133264374123,609.4474808855999,1.0
Paper-proposed MLR,2014-03-09T00:00:00+00:00,2014-03-09T11:00:00+11:00,2014-03-09,11,2,0.33974359,0.6454595684698594,0.6454595684698594,34.32,30.26,17.16,507.18258598028365,689.700000132,1.0
Paper-proposed MLR,2014-03-09T01:00:00+00:00,2014-03-09T12:00:00+11:00,2014-03-09,12,3,0.388974359,0.7041981966542518,0.7041981966542518,33.9,26.69,16.95,555.8782445501871,706.2934615515001,1.0
Paper-proposed MLR,2014-03-09T02:00:00+00:00,2014-03-09T13:00:00+11:00,2014-03-09,13,4,0.497628205,0.7277515941582561,0.7277515941582561,30.08,24.18,15.04,552.8913653802051,675.729846096,1.0
Paper-proposed MLR,2014-03-09T03:00:00+00:00,2014-03-09T14:00:00+11:00,2014-03-09,14,5,0.713012821,0.6634899664484719,0.6634899664484719,26.92,20.21,13.46,565.8602036183775,691.7145771198001,1.0
Paper-proposed MLR,2014-03-09T04:00:00+00:00,2014-03-09T15:00:00+11:00,2014-03-09,15,6,0.652820513,0.544529673069335,0.544529673069335,26.15,22.88,13.075,501.5143610513017,648.31884622425,1.0
Paper-proposed MLR,2014-03-09T05:00:00+00:00,2014-03-09T16:00:00+11:00,2014-03-09,16,7,0.5025,0.38460812692214064,0.38460812692214064,27.02,22.4,13.51,390.9866863914087,608.96325,1.0
Paper-proposed MLR,2014-03-09T06:00:00+00:00,2014-03-09T17:00:00+11:00,2014-03-09,17,8,0.212435897,0.2274095502763821,0.2274095502763821,31.66,22.93,15.83,208.88260291155385,575.7858074853,1.0
Paper-proposed MLR,2014-03-09T07:00:00+00:00,2014-03-09T18:00:00+11:00,2014-03-09,18,9,0.142371795,0.1454008323911558,0.1454008323911558,37.03,26.38,18.515,159.8433058844175,634.53041353275,1.0
Paper-proposed MLR,2014-03-09T08:00:00+00:00,2014-03-09T19:00:00+11:00,2014-03-09,19,10,0.061346154,0.033124907155198224,0.033124907155198224,37.8,25.77,18.9,59.38149064971103,601.783269318,1.0
Paper-proposed MLR,2014-03-09T09:00:00+00:00,2014-03-09T20:00:00+11:00,2014-03-09,20,11,0.011282051,0.003411353122502264,0.003411353122502264,38.95,25.01,19.475,9.891550741130446,590.8415382967501,1.0
Paper-proposed MLR,2014-03-09T22:00:00+00:00,2014-03-10T09:00:00+11:00,2014-03-10,9,0,0.322179487,0.3453731655800307,0.3453731655800307,31.23,25.99,15.615,312.7150401011154,619.3749806851499,1.0
Paper-proposed MLR,2014-03-09T23:00:00+00:00,2014-03-10T10:00:00+11:00,2014-03-10,10,1,0.628012821,0.5964205176882634,0.5964205176882634,25.42,23.37,12.71,476.97965064092824,620.7612886473,1.0
Paper-proposed MLR,2014-03-10T00:00:00+00:00,2014-03-10T11:00:00+11:00,2014-03-10,11,2,0.732628205,0.6857729292885403,0.6857729292885403,27.23,22.18,13.615,591.385406394214,707.69199033225,1.0
Paper-proposed MLR,2014-03-10T01:00:00+00:00,2014-03-10T12:00:00+11:00,2014-03-10,12,3,0.777628205,0.7201505954659747,0.7201505954659747,25.12,21.34,12.56,579.5026543668415,669.810307644,1.0
Paper-proposed MLR,2014-03-10T02:00:00+00:00,2014-03-10T13:00:00+11:00,2014-03-10,13,4,0.781730769,0.7253409985008583,0.7253409985008583,24.36,22.37,12.18,567.9223766864013,651.0444229926001,1.0
Paper-proposed MLR,2014-03-10T03:00:00+00:00,2014-03-10T14:00:00+11:00,2014-03-10,14,5,0.726346154,0.6091524520975911,0.6091524520975911,23.5,22.97,11.75,510.2106587097517,608.537019285,1.0
Paper-proposed MLR,2014-03-10T04:00:00+00:00,2014-03-10T15:00:00+11:00,2014-03-10,15,6,0.444487179,0.4478116448245917,0.4478116448245917,29.67,25.49,14.835,397.11759154313455,642.86901901395,1.0
Paper-proposed MLR,2014-03-10T05:00:00+00:00,2014-03-10T16:00:00+11:00,2014-03-10,16,7,0.374871795,0.3222034745195633,0.3222034745195633,38.58,42.91,19.29,440.7182303634087,795.6383077664999,1.0
Paper-proposed MLR,2014-03-10T06:00:00+00:00,2014-03-10T17:00:00+11:00,2014-03-10,17,8,0.276025641,0.19269800702725737,0.19269800702725737,51.52,153.87,25.76,682.4827308429062,1274.1619614201002,0.0
Paper-proposed MLR,2014-03-10T07:00:00+00:00,2014-03-10T18:00:00+11:00,2014-03-10,18,9,0.157307692,0.1558315963405022,0.1558315963405022,58.17,73.76,29.085,275.2080232491472,1009.8088266546001,1.0
Paper-proposed MLR,2014-03-10T08:00:00+00:00,2014-03-10T19:00:00+11:00,2014-03-10,19,10,0.066666667,0.05443933180798721,0.05443933180798721,54.07,44.81,27.035,104.74324682435883,865.12000027035,1.0
Paper-proposed MLR,2014-03-10T09:00:00+00:00,2014-03-10T20:00:00+11:00,2014-03-10,20,11,0.006602564,0.0033986914509375743,0.0033986914509375743,52.21,63.18,26.105,11.395990449096445,788.3207979966,1.0
Paper-proposed MLR,2014-03-10T22:00:00+00:00,2014-03-11T09:00:00+11:00,2014-03-11,9,0,0.311858974,0.3437610282151563,0.3437610282151563,38.98,25.38,19.49,383.3410152952019,767.0439420977999,1.0
Paper-proposed MLR,2014-03-10T23:00:00+00:00,2014-03-11T10:00:00+11:00,2014-03-11,10,1,0.610641026,0.5958795625119041,0.5958795625119041,35.49,24.18,17.745,645.1409358206892,857.4247501911001,1.0
Paper-proposed MLR,2014-03-11T00:00:00+00:00,2014-03-11T11:00:00+11:00,2014-03-11,11,2,0.72,0.6829957550646608,0.6829957550646608,33.25,19.48,16.625,702.9135464172114,857.8499999999999,1.0
Paper-proposed MLR,2014-03-11T01:00:00+00:00,2014-03-11T12:00:00+11:00,2014-03-11,12,3,0.769166667,0.7087656712164585,0.7087656712164585,29.89,18.94,14.945,669.8700231840066,793.2058751494501,1.0
Paper-proposed MLR,2014-03-11T02:00:00+00:00,2014-03-11T13:00:00+11:00,2014-03-11,13,4,0.753397436,0.7223563157960251,0.7223563157960251,27.77,17.490000000000002,13.885,618.0823224606941,730.3777019657999,1.0
Paper-proposed MLR,2014-03-11T03:00:00+00:00,2014-03-11T14:00:00+11:00,2014-03-11,14,5,0.728910256,0.6573013664510693,0.6573013664510693,27.62,17.41,13.81,582.0412352527626,716.2875190608,1.0
Paper-proposed MLR,2014-03-11T04:00:00+00:00,2014-03-11T15:00:00+11:00,2014-03-11,15,6,0.489551282,0.4966077918239625,0.4966077918239625,30.51,20.56,15.255,451.3157001355364,681.6931442073001,1.0
Paper-proposed MLR,2014-03-11T05:00:00+00:00,2014-03-11T16:00:00+11:00,2014-03-11,16,7,0.103076923,0.339090367225498,0.339090367225498,38.56,30.52,19.28,255.7495606664281,638.0196922632001,1.0
Paper-proposed MLR,2014-03-11T06:00:00+00:00,2014-03-11T17:00:00+11:00,2014-03-11,17,8,0.129423077,0.1835117489278106,0.1835117489278106,50.81,35.03,25.405,238.50327758088088,860.7897981355501,1.0
Paper-proposed MLR,2014-03-11T07:00:00+00:00,2014-03-11T18:00:00+11:00,2014-03-11,18,9,0.118653846,0.10966060268382904,0.10966060268382904,46.87,30.02,23.435,162.29308836427555,786.4695864303,1.0
Paper-proposed MLR,2014-03-11T08:00:00+00:00,2014-03-11T19:00:00+11:00,2014-03-11,19,10,0.036282051,0.032627811471942936,0.032627811471942936,42.9,24.99,21.45,44.731576738574944,666.8474998185001,1.0
Paper-proposed MLR,2014-03-11T09:00:00+00:00,2014-03-11T20:00:00+11:00,2014-03-11,20,11,0.002820513,0.0024704094938256538,0.0024704094938256538,40.9,26.12,20.45,3.3055335563622954,615.2303847254999,1.0
Paper-proposed MLR,2014-03-11T22:00:00+00:00,2014-03-12T09:00:00+11:00,2014-03-12,9,0,0.009935897,0.23897997101973337,0.23897997101973337,29.91,21.9,14.955,111.67610418705337,453.10774018905,1.0
Paper-proposed MLR,2014-03-11T23:00:00+00:00,2014-03-12T10:00:00+11:00,2014-03-12,10,1,0.191153846,0.38762436532105854,0.38762436532105854,26.75,17.78,13.375,232.2347572925747,477.9504807075,1.0
Paper-proposed MLR,2014-03-12T00:00:00+00:00,2014-03-12T11:00:00+11:00,2014-03-12,11,2,0.496282051,0.5518480092538446,0.5518480092538446,21.53,12.77,10.765,338.4936029589791,483.22428837045,1.0
Paper-proposed MLR,2014-03-12T01:00:00+00:00,2014-03-12T12:00:00+11:00,2014-03-12,12,3,0.36974359,0.5578092175185777,0.5578092175185777,18.86,10.34,9.43,262.40468924700565,387.500461611,1.0
Paper-proposed MLR,2014-03-12T02:00:00+00:00,2014-03-12T13:00:00+11:00,2014-03-12,13,4,0.594871795,0.5893981072906159,0.5893981072906159,18.9,14.82,9.45,336.6223283893713,452.14615388249996,1.0
Paper-proposed MLR,2014-03-12T03:00:00+00:00,2014-03-12T14:00:00+11:00,2014-03-12,14,5,0.601025641,0.6038288949759416,0.6038288949759416,19.33,17.900000000000002,9.665,349.3475727062242,464.21738460794995,1.0
Paper-proposed MLR,2014-03-12T04:00:00+00:00,2014-03-12T15:00:00+11:00,2014-03-12,15,6,0.641410256,0.4861873850709403,0.4861873850709403,20.65,18.96,10.325,389.4838540358967,508.42682679599994,1.0
Paper-proposed MLR,2014-03-12T05:00:00+00:00,2014-03-12T16:00:00+11:00,2014-03-12,16,7,0.320705128,0.29722955395281925,0.29722955395281925,28.65,78.17,14.325,310.5213703204917,752.0855956728,0.0
Paper-proposed MLR,2014-03-12T06:00:00+00:00,2014-03-12T17:00:00+11:00,2014-03-12,17,8,0.281538462,0.20669426236554622,0.20669426236554622,43.81,33.85,21.905,347.6625537558253,842.1630003033,1.0
Paper-proposed MLR,2014-03-12T07:00:00+00:00,2014-03-12T18:00:00+11:00,2014-03-12,18,9,0.117628205,0.12403138485071558,0.12403138485071558,42.51,36.06,21.255,154.0942374683088,712.6556249182499,1.0
Paper-proposed MLR,2014-03-12T08:00:00+00:00,2014-03-12T19:00:00+11:00,2014-03-12,19,10,0.043589744,0.04735157254090172,0.04735157254090172,41.86,36.28,20.93,57.102052656032185,655.2700002576,1.0
Paper-proposed MLR,2014-03-12T09:00:00+00:00,2014-03-12T20:00:00+11:00,2014-03-12,20,11,0.005641026,0.0020297685658383358,0.0020297685658383358,41.53,33.76,20.765,6.186370185496916,626.4640771467001,1.0
Paper-proposed MLR,2014-03-12T22:00:00+00:00,2014-03-13T09:00:00+11:00,2014-03-13,9,0,0.066217949,0.2877642516129901,0.2877642516129901,36.66,31.34,18.33,194.6548121170832,586.3132501550999,1.0
Paper-proposed MLR,2014-03-12T23:00:00+00:00,2014-03-13T10:00:00+11:00,2014-03-13,10,1,0.116153846,0.5295731172931595,0.5295731172931595,36.2,28.91,18.1,350.62974106818564,606.071538378,1.0
Paper-proposed MLR,2014-03-13T00:00:00+00:00,2014-03-13T11:00:00+11:00,2014-03-13,11,2,0.176153846,0.5257996042386401,0.5257996042386401,33.0,26.99,16.5,347.46695786812677,582.19615377,1.0
Paper-proposed MLR,2014-03-13T01:00:00+00:00,2014-03-13T12:00:00+11:00,2014-03-13,12,3,0.200192308,0.5141583933884918,0.5141583933884918,32.12,26.87,16.06,344.1741679289753,578.2526539944,1.0
Paper-proposed MLR,2014-03-13T02:00:00+00:00,2014-03-13T13:00:00+11:00,2014-03-13,13,4,0.207371795,0.5741385599479086,0.5741385599479086,30.82,23.46,15.41,361.2922370924182,558.1679808285,1.0
Paper-proposed MLR,2014-03-13T03:00:00+00:00,2014-03-13T14:00:00+11:00,2014-03-13,14,5,0.271730769,0.49795639479114984,0.49795639479114984,30.76,30.13,15.38,355.13365737323653,586.7765768165999,1.0
Paper-proposed MLR,2014-03-13T04:00:00+00:00,2014-03-13T15:00:00+11:00,2014-03-13,15,6,0.309230769,0.3753298880880466,0.3753298880880466,32.29,32.59,16.145,331.5669542605954,634.1259229651499,1.0
Paper-proposed MLR,2014-03-13T05:00:00+00:00,2014-03-13T16:00:00+11:00,2014-03-13,16,7,0.430448718,0.3018368628401181,0.3018368628401181,40.21,93.89,20.105,726.3668200728738,1212.4449039906,0.0
Paper-proposed MLR,2014-03-13T06:00:00+00:00,2014-03-13T17:00:00+11:00,2014-03-13,17,8,0.301923077,0.21559054484348278,0.21559054484348278,71.56,112.85,35.78,755.1085692858778,1397.4842308518,1.0
Paper-proposed MLR,2014-03-13T07:00:00+00:00,2014-03-13T18:00:00+11:00,2014-03-13,18,9,0.087564103,0.1004099948707945,0.1004099948707945,69.05,56.26,34.525,194.6941718696754,1126.44451968225,1.0
Paper-proposed MLR,2014-03-13T08:00:00+00:00,2014-03-13T19:00:00+11:00,2014-03-13,19,10,0.038141026,0.03414114353299591,0.03414114353299591,56.3,66.01,28.15,65.5853586766383,876.710096457,1.0
Paper-proposed MLR,2014-03-13T09:00:00+00:00,2014-03-13T20:00:00+11:00,2014-03-13,20,11,0.002820513,0.0025836956875729677,0.0025836956875729677,52.14,91.17,26.07,4.689135825720813,784.3059232173,1.0
Paper-proposed MLR,2014-03-13T22:00:00+00:00,2014-03-14T09:00:00+11:00,2014-03-14,9,0,0.279038462,0.3143728201531171,0.3143728201531171,29.26,15.75,14.63,260.44821173700313,561.3699809718,1.0
Paper-proposed MLR,2014-03-13T23:00:00+00:00,2014-03-14T10:00:00+11:00,2014-03-14,10,1,0.424166667,0.5781317402796005,0.5781317402796005,26.7,12.34,13.35,401.42051211547994,570.3787501334999,1.0
Paper-proposed MLR,2014-03-14T00:00:00+00:00,2014-03-14T11:00:00+11:00,2014-03-14,11,2,0.699551282,0.6724760750155271,0.6724760750155271,22.29,7.91,11.145,456.1096979802984,568.2449711367,1.0
Paper-proposed MLR,2014-03-14T01:00:00+00:00,2014-03-14T12:00:00+11:00,2014-03-14,12,3,0.785512821,0.6216913851629231,0.6216913851629231,20.46,19.5,10.23,477.4297121776922,547.9738847649,1.0
Paper-proposed MLR,2014-03-14T02:00:00+00:00,2014-03-14T13:00:00+11:00,2014-03-14,13,4,0.702820513,0.7009775335493978,0.7009775335493978,20.27,35.7,10.135,428.23826914298377,752.7207694230001,0.0
Paper-proposed MLR,2014-03-14T03:00:00+00:00,2014-03-14T14:00:00+11:00,2014-03-14,14,5,0.625320513,0.5966484021225846,0.5966484021225846,19.92,24.69,9.96,377.79451763535815,485.64576928440005,1.0
Paper-proposed MLR,2014-03-14T04:00:00+00:00,2014-03-14T15:00:00+11:00,2014-03-14,15,6,0.362820513,0.43225765980878283,0.43225765980878283,22.98,20.71,11.49,274.06344616718746,469.7642308311,1.0
Paper-proposed MLR,2014-03-14T05:00:00+00:00,2014-03-14T16:00:00+11:00,2014-03-14,16,7,0.530448718,0.3025552049965203,0.3025552049965203,31.56,28.35,15.78,480.28270090016485,724.5144231011999,1.0
Paper-proposed MLR,2014-03-14T06:00:00+00:00,2014-03-14T17:00:00+11:00,2014-03-14,17,8,0.337371795,0.1968442935440072,0.1968442935440072,48.06,55.44,24.03,517.5354428533567,964.1113270154999,1.0
Paper-proposed MLR,2014-03-14T07:00:00+00:00,2014-03-14T18:00:00+11:00,2014-03-14,18,9,0.070320513,0.097716993970755,0.097716993970755,43.51,30.73,21.755,109.66967892446326,698.5446828094499,1.0
Paper-proposed MLR,2014-03-14T08:00:00+00:00,2014-03-14T19:00:00+11:00,2014-03-14,19,10,0.036602564,0.032002037222894186,0.032002037222894186,38.33,27.19,19.165,40.55179229469123,595.9946441718,1.0
Paper-proposed MLR,2014-03-14T09:00:00+00:00,2014-03-14T20:00:00+11:00,2014-03-14,20,11,0.004551282,0.001870904778438709,0.001870904778438709,36.88,24.4,18.44,4.032005173047453,555.7177692024001,1.0
Paper-proposed MLR,2014-03-14T22:00:00+00:00,2014-03-15T09:00:00+11:00,2014-03-15,9,0,0.154871795,0.3295355857240278,0.3295355857240278,32.07,28.47,16.035,233.02417049729357,555.55107698475,1.0
Paper-proposed MLR,2014-03-14T23:00:00+00:00,2014-03-15T10:00:00+11:00,2014-03-15,10,1,0.207051282,0.5157014129550217,0.5157014129550217,32.21,27.51,16.105,349.1979645675187,583.1868268983001,1.0
Paper-proposed MLR,2014-03-15T00:00:00+00:00,2014-03-15T11:00:00+11:00,2014-03-15,11,2,0.621282051,0.5537789500133469,0.5537789500133469,28.63,24.7,14.315,525.6605379975736,696.25957680195,1.0
Paper-proposed MLR,2014-03-15T01:00:00+00:00,2014-03-15T12:00:00+11:00,2014-03-15,12,3,0.793012821,0.6628173373874483,0.6628173373874483,28.02,26.18,14.01,659.4197866371871,753.6032886663,1.0
Paper-proposed MLR,2014-03-15T02:00:00+00:00,2014-03-15T13:00:00+11:00,2014-03-15,13,4,0.5925,0.6718899774416512,0.6718899774416512,27.75,25.88,13.875,526.3023281100873,662.8781250000001,1.0
Paper-proposed MLR,2014-03-15T03:00:00+00:00,2014-03-15T14:00:00+11:00,2014-03-15,14,5,0.391730769,0.5888892466698201,0.5888892466698201,27.62,25.72,13.81,406.2708724920065,576.5940575967,1.0
Paper-proposed MLR,2014-03-15T04:00:00+00:00,2014-03-15T15:00:00+11:00,2014-03-15,15,6,0.442179487,0.3083867331934454,0.3083867331934454,27.67,25.53,13.835,358.46369736431916,598.57659607935,1.0
Paper-proposed MLR,2014-03-15T05:00:00+00:00,2014-03-15T16:00:00+11:00,2014-03-15,16,7,0.401410256,0.15741667257475633,0.15741667257475633,28.81,26.26,14.405,328.2733751287689,605.6194421303999,1.0
Paper-proposed MLR,2014-03-15T06:00:00+00:00,2014-03-15T17:00:00+11:00,2014-03-15,17,8,0.124615385,0.15782184340143138,0.15782184340143138,33.15,30.3,16.575,140.44191182261176,559.2150001912499,1.0
Paper-proposed MLR,2014-03-15T07:00:00+00:00,2014-03-15T18:00:00+11:00,2014-03-15,18,9,0.09025641,0.07707559435185479,0.07707559435185479,36.74,33.58,18.37,98.23107377855584,600.840307551,1.0
Paper-proposed MLR,2014-03-15T08:00:00+00:00,2014-03-15T19:00:00+11:00,2014-03-15,19,10,0.02525641,0.04203443651694738,0.04203443651694738,39.68,37.22,19.84,40.05151184688708,610.232615232,1.0
Paper-proposed MLR,2014-03-15T09:00:00+00:00,2014-03-15T20:00:00+11:00,2014-03-15,20,11,0.001410256,0.002579525692423812,0.002579525692423812,41.85,39.28,20.925,2.5045854574190476,628.6352882040001,1.0
Paper-proposed MLR,2014-03-15T22:00:00+00:00,2014-03-16T09:00:00+11:00,2014-03-16,9,0,0.317884615,0.32440437854932275,0.32440437854932275,26.97,27.17,13.485,259.8380123403785,533.1502209982499,1.0
Paper-proposed MLR,2014-03-15T23:00:00+00:00,2014-03-16T10:00:00+11:00,2014-03-16,10,1,0.600064103,0.5320559750336997,0.5320559750336997,24.52,25.43,12.26,443.26377606028,588.5035770834,1.0
Paper-proposed MLR,2014-03-16T00:00:00+00:00,2014-03-16T11:00:00+11:00,2014-03-16,11,2,0.751923077,0.4863615172293839,0.4863615172293839,24.32,23.96,12.16,545.7350121336774,639.1015384896001,1.0
Paper-proposed MLR,2014-03-16T01:00:00+00:00,2014-03-16T12:00:00+11:00,2014-03-16,12,3,0.771025641,0.6956466527941056,0.6956466527941056,23.68,23.48,11.84,547.2843414371647,629.0683076832,1.0
Paper-proposed MLR,2014-03-16T02:00:00+00:00,2014-03-16T13:00:00+11:00,2014-03-16,13,4,0.601410256,0.7148310286970679,0.7148310286970679,23.26,22.66,11.63,459.236584230807,558.7320383184,1.0
Paper-proposed MLR,2014-03-16T03:00:00+00:00,2014-03-16T14:00:00+11:00,2014-03-16,14,5,0.614615385,0.41331920579603776,0.41331920579603776,23.47,24.13,11.735,436.7363569267385,568.42534628925,1.0
Paper-proposed MLR,2014-03-16T04:00:00+00:00,2014-03-16T15:00:00+11:00,2014-03-16,15,6,0.696153846,0.5153815349406009,0.5153815349406009,25.18,35.78,12.59,583.3602101852889,747.2515382964,0.0
Paper-proposed MLR,2014-03-16T05:00:00+00:00,2014-03-16T16:00:00+11:00,2014-03-16,16,7,0.424807692,0.2900328106079822,0.2900328106079822,26.64,48.39,13.32,427.44691755469165,616.6933264764001,0.0
Paper-proposed MLR,2014-03-16T06:00:00+00:00,2014-03-16T17:00:00+11:00,2014-03-16,17,8,0.172371795,0.12794885951246515,0.12794885951246515,31.04,25.88,15.52,153.6359450905296,545.856307752,1.0
Paper-proposed MLR,2014-03-16T07:00:00+00:00,2014-03-16T18:00:00+11:00,2014-03-16,18,9,0.081025641,0.10772629868127304,0.10772629868127304,35.84,25.63,17.92,101.47304277265239,581.1593846016,1.0
Paper-proposed MLR,2014-03-16T08:00:00+00:00,2014-03-16T19:00:00+11:00,2014-03-16,19,10,0.036858974,0.04415824301131133,0.04415824301131133,37.72,34.26,18.86,45.839541384999954,586.6548074892,1.0
Paper-proposed MLR,2014-03-16T09:00:00+00:00,2014-03-16T20:00:00+11:00,2014-03-16,20,11,0.002628205,0.0021383095062866564,0.0021383095062866564,41.97,40.22,20.985,3.2834534020800494,631.20458645775,1.0
Paper-proposed MLR,2014-03-16T22:00:00+00:00,2014-03-17T09:00:00+11:00,2014-03-17,9,0,0.323012821,0.3434490050975013,0.3434490050975013,33.0,33.21,16.5,329.8986039182632,654.891346395,1.0
Paper-proposed MLR,2014-03-16T23:00:00+00:00,2014-03-17T10:00:00+11:00,2014-03-17,10,1,0.667371795,0.5997738794958549,0.5997738794958549,30.33,26.81,15.165,600.1032563932622,758.57079813525,1.0
Paper-proposed MLR,2014-03-17T00:00:00+00:00,2014-03-17T11:00:00+11:00,2014-03-17,11,2,0.800961538,0.6883162502491497,0.6883162502491497,27.7,28.41,13.85,667.9983827070931,748.299519039,1.0
Paper-proposed MLR,2014-03-17T01:00:00+00:00,2014-03-17T12:00:00+11:00,2014-03-17,12,3,0.662115385,0.7245615576107225,0.7245615576107225,26.0,24.06,13.0,540.8040076181819,648.2250001499999,1.0
Paper-proposed MLR,2014-03-17T02:00:00+00:00,2014-03-17T13:00:00+11:00,2014-03-17,13,4,0.713141026,0.738063290986315,0.738063290986315,25.44,23.97,12.72,553.7795673619778,653.7346155216001,1.0
Paper-proposed MLR,2014-03-17T03:00:00+00:00,2014-03-17T14:00:00+11:00,2014-03-17,14,5,0.674871795,0.6504306218940378,0.6504306218940378,25.16,26.57,12.58,510.4270924883823,632.096615433,1.0
Paper-proposed MLR,2014-03-17T04:00:00+00:00,2014-03-17T15:00:00+11:00,2014-03-17,15,6,0.520961538,0.5321354841931065,0.5321354841931065,29.45,27.83,14.725,465.2056095538047,671.8847594115,1.0
Paper-proposed MLR,2014-03-17T05:00:00+00:00,2014-03-17T16:00:00+11:00,2014-03-17,16,7,0.46974359,0.36040197997197265,0.36040197997197265,37.27,35.59,18.635,519.7094908335874,821.6601539895,1.0
Paper-proposed MLR,2014-03-17T06:00:00+00:00,2014-03-17T17:00:00+11:00,2014-03-17,17,8,0.308141026,0.2460016179305632,0.2460016179305632,60.08,43.57,30.04,524.6157364456078,1178.8966926311998,1.0
Paper-proposed MLR,2014-03-17T07:00:00+00:00,2014-03-17T18:00:00+11:00,2014-03-17,18,9,0.089871795,0.14397249746346463,0.14397249746346463,61.7,40.91,30.85,216.4228926749365,1008.6763462725,1.0
Paper-proposed MLR,2014-03-17T08:00:00+00:00,2014-03-17T19:00:00+11:00,2014-03-17,19,10,0.025,0.05065627258372085,0.05065627258372085,53.41,128.77,26.705,60.61202278044795,821.17875,1.0
Paper-proposed MLR,2014-03-17T09:00:00+00:00,2014-03-17T20:00:00+11:00,2014-03-17,20,11,0.002435897,0.002448066675267979,0.002448066675267979,47.34,48.91,23.67,3.468102605807792,711.8297304597,1.0
Paper-proposed MLR,2014-03-17T22:00:00+00:00,2014-03-18T09:00:00+11:00,2014-03-18,9,0,0.23,0.3277058611912104,0.3277058611912104,30.56,23.24,15.28,255.65236677005083,563.832,1.0
Paper-proposed MLR,2014-03-17T23:00:00+00:00,2014-03-18T10:00:00+11:00,2014-03-18,10,1,0.506217949,0.5795608400929471,0.5795608400929471,26.79,25.78,13.395,436.32020639700073,605.27368280565,1.0
Paper-proposed MLR,2014-03-18T00:00:00+00:00,2014-03-18T11:00:00+11:00,2014-03-18,11,2,0.670448718,0.6620792432016952,0.6620792432016952,25.96,22.06,12.98,521.1662330269983,650.4727307892001,1.0
Paper-proposed MLR,2014-03-18T01:00:00+00:00,2014-03-18T12:00:00+11:00,2014-03-18,12,3,0.803910256,0.6947916784281933,0.6947916784281933,23.79,22.1,11.895,568.2184378243094,643.7253748536,1.0
Paper-proposed MLR,2014-03-18T02:00:00+00:00,2014-03-18T13:00:00+11:00,2014-03-18,13,4,0.852628205,0.6626239586561825,0.6626239586561825,22.89,23.08,11.445,586.5828125776599,636.09989418675,1.0
Paper-proposed MLR,2014-03-18T03:00:00+00:00,2014-03-18T14:00:00+11:00,2014-03-18,14,5,0.669423077,0.6366962785612884,0.6366962785612884,24.25,25.03,12.125,487.7710956009659,607.25264425875,1.0
Paper-proposed MLR,2014-03-18T04:00:00+00:00,2014-03-18T15:00:00+11:00,2014-03-18,15,6,0.655128205,0.5231009069139205,0.5231009069139205,27.68,30.79,13.84,556.3366083434312,687.209230716,1.0
Paper-proposed MLR,2014-03-18T05:00:00+00:00,2014-03-18T16:00:00+11:00,2014-03-18,16,7,0.466538462,0.3595474464560673,0.3595474464560673,34.74,39.17,17.37,500.4454910621887,764.2131925482,1.0
Paper-proposed MLR,2014-03-18T06:00:00+00:00,2014-03-18T17:00:00+11:00,2014-03-18,17,8,0.276666667,0.2372068908037474,0.2372068908037474,54.72,253.84,27.36,689.8929196331343,2106.8720025384,0.0
Paper-proposed MLR,2014-03-18T07:00:00+00:00,2014-03-18T18:00:00+11:00,2014-03-18,18,9,0.072692308,0.13763382146482833,0.13763382146482833,59.57,89.46,29.785,187.93691298329733,958.5042118134,1.0
Paper-proposed MLR,2014-03-18T08:00:00+00:00,2014-03-18T19:00:00+11:00,2014-03-18,19,10,0.019615385,0.04635327236579079,0.04635327236579079,46.25,40.08,23.125,45.765756047517364,707.3581733437501,1.0
Paper-proposed MLR,2014-03-18T09:00:00+00:00,2014-03-18T20:00:00+11:00,2014-03-18,20,11,0.001858974,0.0022312990951879885,0.0022312990951879885,42.12,39.5,21.06,2.584234541539771,632.9744997731999,1.0
Paper-proposed MLR,2014-03-18T22:00:00+00:00,2014-03-19T09:00:00+11:00,2014-03-19,9,0,0.300769231,0.29559975825145995,0.29559975825145995,26.19,24.28,13.095,236.0181740082087,511.00719239835,1.0
Paper-proposed MLR,2014-03-18T23:00:00+00:00,2014-03-19T10:00:00+11:00,2014-03-19,10,1,0.637435897,0.5554234744997043,0.5554234744997043,22.83,22.78,11.415,436.45682722154953,560.73992292765,1.0
Paper-proposed MLR,2014-03-19T00:00:00+00:00,2014-03-19T11:00:00+11:00,2014-03-19,11,2,0.730448718,0.6574451951302047,0.6574451951302047,23.26,18.49,11.63,499.2603112977323,603.7535577102001,1.0
Paper-proposed MLR,2014-03-19T01:00:00+00:00,2014-03-19T12:00:00+11:00,2014-03-19,12,3,0.780064103,0.7111634725309497,0.7111634725309497,20.38,19.65,10.19,475.42226876692774,544.1655962870999,1.0
Paper-proposed MLR,2014-03-19T02:00:00+00:00,2014-03-19T13:00:00+11:00,2014-03-19,13,4,0.791089744,0.7172625413047742,0.7172625413047742,18.93,19.37,9.465,450.234384693177,508.5799328088,1.0
Paper-proposed MLR,2014-03-19T03:00:00+00:00,2014-03-19T14:00:00+11:00,2014-03-19,14,5,0.545192308,0.6288308772802753,0.6288308772802753,18.82,22.05,9.41,331.4267452046217,436.2077885484,1.0
Paper-proposed MLR,2014-03-19T04:00:00+00:00,2014-03-19T15:00:00+11:00,2014-03-19,15,6,0.567628205,0.5229769032260049,0.5229769032260049,21.58,20.1,10.79,365.4999821182346,507.44124995849995,1.0
Paper-proposed MLR,2014-03-19T05:00:00+00:00,2014-03-19T16:00:00+11:00,2014-03-19,16,7,0.508782051,0.3016406105986529,0.3016406105986529,30.9,29.7,15.45,464.1838694225514,699.3204806384999,1.0
Paper-proposed MLR,2014-03-19T06:00:00+00:00,2014-03-19T17:00:00+11:00,2014-03-19,17,8,0.290641026,0.20072119626292423,0.20072119626292423,43.15,41.77,21.575,372.51212720588506,835.3674040785,1.0
Paper-proposed MLR,2014-03-19T07:00:00+00:00,2014-03-19T18:00:00+11:00,2014-03-19,18,9,0.105192308,0.13248758057647753,0.13248758057647753,44.66,27.57,22.33,159.22175735738227,740.3683271292,1.0
Paper-proposed MLR,2014-03-19T08:00:00+00:00,2014-03-19T19:00:00+11:00,2014-03-19,19,10,0.034358974,0.04154775501120034,0.04154775501120034,39.33,32.06,19.665,44.781174780157635,610.2200767113,1.0
Paper-proposed MLR,2014-03-19T09:00:00+00:00,2014-03-19T20:00:00+11:00,2014-03-19,20,11,0.001410256,0.0021110545930676516,0.0021110545930676516,37.39,31.34,18.695,1.9749270461219923,561.6409420776,1.0
Paper-proposed MLR,2014-03-19T22:00:00+00:00,2014-03-20T09:00:00+11:00,2014-03-20,9,0,0.087371795,0.27761280669640775,0.27761280669640775,32.61,36.57,16.305,178.53221791979783,531.88791352425,1.0
Paper-proposed MLR,2014-03-19T23:00:00+00:00,2014-03-20T10:00:00+11:00,2014-03-20,10,1,0.233974359,0.508333649571934,0.508333649571934,29.23,48.87,14.615,325.4649463583645,541.03605770355,1.0
Paper-proposed MLR,2014-03-20T00:00:00+00:00,2014-03-20T11:00:00+11:00,2014-03-20,11,2,0.406858974,0.5724313251723784,0.5724313251723784,28.8,27.29,14.4,423.0534092424675,607.7630767679999,1.0
Paper-proposed MLR,2014-03-20T01:00:00+00:00,2014-03-20T12:00:00+11:00,2014-03-20,12,3,0.584807692,0.7077129965996317,0.7077129965996317,26.65,28.95,13.325,516.6851452677029,633.526874877,1.0
Paper-proposed MLR,2014-03-20T02:00:00+00:00,2014-03-20T13:00:00+11:00,2014-03-20,13,4,0.731217949,0.7232053147904531,0.7232053147904531,26.12,28.25,13.06,573.4943921623901,678.2911924182001,1.0
Paper-proposed MLR,2014-03-20T03:00:00+00:00,2014-03-20T14:00:00+11:00,2014-03-20,14,5,0.727115385,0.6304803973621786,0.6304803973621786,26.83,28.83,13.415,591.0532726447692,695.0775866932499,1.0
Paper-proposed MLR,2014-03-20T04:00:00+00:00,2014-03-20T15:00:00+11:00,2014-03-20,15,6,0.438717949,0.5267178802831929,0.5267178802831929,28.49,30.13,14.245,412.5790016441724,614.83611550515,1.0
Paper-proposed MLR,2014-03-20T05:00:00+00:00,2014-03-20T16:00:00+11:00,2014-03-20,16,7,0.255,0.35895094790257187,0.35895094790257187,38.23,38.91,19.115,352.07017107472984,719.6797499999999,1.0
Paper-proposed MLR,2014-03-20T06:00:00+00:00,2014-03-20T17:00:00+11:00,2014-03-20,17,8,0.163974359,0.23433661221786753,0.23433661221786753,60.67,100.57,30.335,362.4828993568204,1059.27486540795,1.0
Paper-proposed MLR,2014-03-20T07:00:00+00:00,2014-03-20T18:00:00+11:00,2014-03-20,18,9,0.077884615,0.131539674375173,0.131539674375173,51.82,55.08,25.91,162.78550013132198,837.8397112395,1.0
Paper-proposed MLR,2014-03-20T08:00:00+00:00,2014-03-20T19:00:00+11:00,2014-03-20,19,10,0.022115385,0.042800242295765734,0.042800242295765734,47.24,96.62,23.62,45.99921350177961,724.270961811,1.0
Paper-proposed MLR,2014-03-20T09:00:00+00:00,2014-03-20T20:00:00+11:00,2014-03-20,20,11,0.001602564,0.0019867861229716788,0.0019867861229716788,44.21,43.0,22.105,2.380277534048669,664.2127403166,1.0
Paper-proposed MLR,2014-03-20T22:00:00+00:00,2014-03-21T09:00:00+11:00,2014-03-21,9,0,0.278461538,0.3290994089281719,0.3290994089281719,29.72,38.36,14.86,270.85067014057904,569.9381536403998,1.0
Paper-proposed MLR,2014-03-20T23:00:00+00:00,2014-03-21T10:00:00+11:00,2014-03-21,10,1,0.596987179,0.5813765332363261,0.5813765332363261,26.96,26.59,13.48,482.66995220722316,645.8216151876001,1.0
Paper-proposed MLR,2014-03-21T00:00:00+00:00,2014-03-21T11:00:00+11:00,2014-03-21,11,2,0.745961538,0.6677952116572818,0.6677952116572818,32.05,18.33,16.025,685.0687588643373,839.3710093935,1.0
Paper-proposed MLR,2014-03-21T01:00:00+00:00,2014-03-21T12:00:00+11:00,2014-03-21,12,3,0.558269231,0.6944265454447862,0.6944265454447862,27.73,16.92,13.865,521.0588082122089,648.16208663445,1.0
Paper-proposed MLR,2014-03-21T02:00:00+00:00,2014-03-21T13:00:00+11:00,2014-03-21,13,4,0.185064103,0.6785327972895372,0.6785327972895372,25.41,20.68,12.705,329.1599585453571,451.68718285845,1.0
Paper-proposed MLR,2014-03-21T03:00:00+00:00,2014-03-21T14:00:00+11:00,2014-03-21,14,5,0.537564103,0.6090820838741742,0.6090820838741742,24.57,19.17,12.285,422.5964521724769,566.66925016065,1.0
Paper-proposed MLR,2014-03-21T04:00:00+00:00,2014-03-21T15:00:00+11:00,2014-03-21,15,6,0.623333333,0.46566062360659155,0.46566062360659155,26.74,20.54,13.37,470.71087578542597,651.1189998663,1.0
Paper-proposed MLR,2014-03-21T05:00:00+00:00,2014-03-21T16:00:00+11:00,2014-03-21,16,7,0.45025641,0.3345649805423857,0.3345649805423857,34.76,47.98,17.38,515.4106052708897,756.163692174,1.0
Paper-proposed MLR,2014-03-21T06:00:00+00:00,2014-03-21T17:00:00+11:00,2014-03-21,17,8,0.201474359,0.19069800169073292,0.19069800169073292,57.5,84.68,28.75,356.33031102497637,1036.2716346375,1.0
Paper-proposed MLR,2014-03-21T07:00:00+00:00,2014-03-21T18:00:00+11:00,2014-03-21,18,9,0.106858974,0.10150336037626845,0.10150336037626845,46.52,33.63,23.26,147.061368326103,772.3661920572,1.0
Paper-proposed MLR,2014-03-21T08:00:00+00:00,2014-03-21T19:00:00+11:00,2014-03-21,19,10,0.035320513,0.03274512600569268,0.03274512600569268,42.28,34.33,21.14,44.186308891057706,656.6002693446001,1.0
Paper-proposed MLR,2014-03-21T09:00:00+00:00,2014-03-21T20:00:00+11:00,2014-03-21,20,11,0.000769231,0.001798425026675765,0.001798425026675765,39.9,34.33,19.95,1.5367421319654455,598.9603847535,1.0
Paper-proposed MLR,2014-03-21T22:00:00+00:00,2014-03-22T09:00:00+11:00,2014-03-22,9,0,0.273012821,0.3176762567903298,0.3176762567903298,25.86,43.65,12.93,229.12829327486892,493.80167326590004,1.0
Paper-proposed MLR,2014-03-21T23:00:00+00:00,2014-03-22T10:00:00+11:00,2014-03-22,10,1,0.577628205,0.5729602076359259,0.5729602076359259,23.38,34.52,11.69,406.7084677060735,598.1917690980001,0.0
Paper-proposed MLR,2014-03-22T00:00:00+00:00,2014-03-22T11:00:00+11:00,2014-03-22,11,2,0.723461538,0.6629844921452474,0.6629844921452474,21.2,15.3,10.6,449.4171010517088,548.060769084,1.0
Paper-proposed MLR,2014-03-22T01:00:00+00:00,2014-03-22T12:00:00+11:00,2014-03-22,12,3,0.79025641,0.6888984884392372,0.6888984884392372,20.5,18.8,10.25,480.8384381504011,550.503846075,1.0
Paper-proposed MLR,2014-03-22T02:00:00+00:00,2014-03-22T13:00:00+11:00,2014-03-22,13,4,0.789294872,0.625187776863842,0.625187776863842,20.5,19.79,10.25,481.92086515359983,550.20817314,1.0
Paper-proposed MLR,2014-03-22T03:00:00+00:00,2014-03-22T14:00:00+11:00,2014-03-22,14,5,0.733717949,0.572725374092063,0.572725374092063,20.38,17.84,10.19,436.3275198106152,529.9975770093,1.0
Paper-proposed MLR,2014-03-22T04:00:00+00:00,2014-03-22T15:00:00+11:00,2014-03-22,15,6,0.639230769,0.4347416869588343,0.4347416869588343,21.75,21.74,10.875,417.0367300478876,534.79903838625,1.0
Paper-proposed MLR,2014-03-22T05:00:00+00:00,2014-03-22T16:00:00+11:00,2014-03-22,16,7,0.488589744,0.291141440027438,0.291141440027438,23.65,22.8,11.825,341.61949161669963,528.077211684,1.0
Paper-proposed MLR,2014-03-22T06:00:00+00:00,2014-03-22T17:00:00+11:00,2014-03-22,17,8,0.260448718,0.19878761342622295,0.19878761342622295,29.65,24.0,14.825,221.21757743574483,560.5845673304999,1.0
Paper-proposed MLR,2014-03-22T07:00:00+00:00,2014-03-22T18:00:00+11:00,2014-03-22,18,9,0.07525641,0.1252879023465654,0.1252879023465654,32.52,24.95,16.26,97.82551556265459,524.510076798,1.0
Paper-proposed MLR,2014-03-22T08:00:00+00:00,2014-03-22T19:00:00+11:00,2014-03-22,19,10,0.019294872,0.03996579819976631,0.03996579819976631,37.0,29.04,18.5,32.8896719608703,565.70865396,1.0
Paper-proposed MLR,2014-03-22T09:00:00+00:00,2014-03-22T20:00:00+11:00,2014-03-22,20,11,0.001217949,0.0018485298741845457,0.0018485298741845457,40.7,28.78,20.35,1.8720853526896655,611.2435578645001,1.0
Paper-proposed MLR,2014-03-22T22:00:00+00:00,2014-03-23T09:00:00+11:00,2014-03-23,9,0,0.115833333,0.28382009534482366,0.28382009534482366,34.09,26.81,17.045,204.3627805841256,570.5813748295501,1.0
Paper-proposed MLR,2014-03-22T23:00:00+00:00,2014-03-23T10:00:00+11:00,2014-03-23,10,1,0.275897436,0.521890285007097,0.521890285007097,32.28,28.37,16.14,386.28881451163636,617.7895385112,1.0
Paper-proposed MLR,2014-03-23T00:00:00+00:00,2014-03-23T11:00:00+11:00,2014-03-23,11,2,0.669807692,0.6028627198282838,0.6028627198282838,31.76,30.41,15.88,635.4814975646455,795.4963844688001,1.0
Paper-proposed MLR,2014-03-23T01:00:00+00:00,2014-03-23T12:00:00+11:00,2014-03-23,12,3,0.698653846,0.668808199842496,0.668808199842496,31.22000000000001,31.94,15.610000000000005,655.0038581206022,795.4795960818003,1.0
Paper-proposed MLR,2014-03-23T02:00:00+00:00,2014-03-23T13:00:00+11:00,2014-03-23,13,4,0.686538462,0.6162469282485381,0.6162469282485381,33.2,31.19,16.6,679.5537286667868,839.8961540760001,1.0
Paper-proposed MLR,2014-03-23T03:00:00+00:00,2014-03-23T14:00:00+11:00,2014-03-23,14,5,0.618525641,0.5977133327894452,0.5977133327894452,32.92,30.8,16.46,609.5322602494086,799.2279615258001,1.0
Paper-proposed MLR,2014-03-23T04:00:00+00:00,2014-03-23T15:00:00+11:00,2014-03-23,15,6,0.584166667,0.4645464560446585,0.4645464560446585,33.33,31.69,16.665,578.2229359542972,792.0041251666499,1.0
Paper-proposed MLR,2014-03-23T05:00:00+00:00,2014-03-23T16:00:00+11:00,2014-03-23,16,7,0.364807692,0.333614586683396,0.333614586683396,35.65,34.0,17.825,388.6177678808281,729.830913297,1.0
Paper-proposed MLR,2014-03-23T06:00:00+00:00,2014-03-23T17:00:00+11:00,2014-03-23,17,8,0.251730769,0.19244750899970212,0.19244750899970212,38.83,35.36,19.415,287.06978544206896,729.0705864040499,1.0
Paper-proposed MLR,2014-03-23T07:00:00+00:00,2014-03-23T18:00:00+11:00,2014-03-23,18,9,0.103076923,0.10622891792271866,0.10622891792271866,41.73,38.88,20.865,131.0149911255757,690.47099995185,1.0
Paper-proposed MLR,2014-03-23T08:00:00+00:00,2014-03-23T19:00:00+11:00,2014-03-23,19,10,0.031217949,0.03071780336686214,0.03071780336686214,45.79,39.81,22.895,42.79437041471506,708.29204827065,1.0
Paper-proposed MLR,2014-03-23T09:00:00+00:00,2014-03-23T20:00:00+11:00,2014-03-23,20,11,0.000576923,0.0017074253181544596,0.0017074253181544596,46.95,47.06,23.475,1.6087523030602786,704.65629802275,1.0
Paper-proposed MLR,2014-03-23T22:00:00+00:00,2014-03-24T09:00:00+11:00,2014-03-24,9,0,0.094358974,0.24750591690993226,0.24750591690993226,37.25,31.61,18.625,191.01700779592466,611.4730767225,1.0
Paper-proposed MLR,2014-03-23T23:00:00+00:00,2014-03-24T10:00:00+11:00,2014-03-24,10,1,0.228012821,0.46690306164044004,0.46690306164044004,34.83,32.54,17.415,363.05880288549787,641.5752983314499,1.0
Paper-proposed MLR,2014-03-24T00:00:00+00:00,2014-03-24T11:00:00+11:00,2014-03-24,11,2,0.125384615,0.4343970746148297,0.4343970746148297,32.75,35.53,16.375,274.99275502328504,552.84519211875,1.0
Paper-proposed MLR,2014-03-24T01:00:00+00:00,2014-03-24T12:00:00+11:00,2014-03-24,12,3,0.074615385,0.44310589838217906,0.44310589838217906,30.35,33.19,15.175,235.69261425973698,489.2186540212501,1.0
Paper-proposed MLR,2014-03-24T02:00:00+00:00,2014-03-24T13:00:00+11:00,2014-03-24,13,4,0.079615385,0.38215867177693186,0.38215867177693186,30.22,30.77,15.11,209.32217993698322,489.38965402049996,1.0
Paper-proposed MLR,2014-03-24T03:00:00+00:00,2014-03-24T14:00:00+11:00,2014-03-24,14,5,0.077307692,0.2963414058063608,0.2963414058063608,29.83,31.19,14.915,167.18928881345613,482.0413267854,1.0
Paper-proposed MLR,2014-03-24T04:00:00+00:00,2014-03-24T15:00:00+11:00,2014-03-24,15,6,0.082692308,0.1751840106227421,0.1751840106227421,35.52,42.07,17.76,137.396502562197,576.8584617024001,1.0
Paper-proposed MLR,2014-03-24T05:00:00+00:00,2014-03-24T16:00:00+11:00,2014-03-24,16,7,0.078012821,0.06421264804505988,0.06421264804505988,44.73,45.85,22.365,105.14909031118597,723.2927022499499,1.0
Paper-proposed MLR,2014-03-24T06:00:00+00:00,2014-03-24T17:00:00+11:00,2014-03-24,17,8,0.081025641,0.03995703318432445,0.03995703318432445,79.33,42.4,39.665,147.33301241691305,1286.36646150795,1.0
Paper-proposed MLR,2014-03-24T07:00:00+00:00,2014-03-24T18:00:00+11:00,2014-03-24,18,9,0.045320513,0.04981129472151091,0.04981129472151091,77.12,53.02,38.56,110.04847517224383,1209.2267694384002,1.0
Paper-proposed MLR,2014-03-24T08:00:00+00:00,2014-03-24T19:00:00+11:00,2014-03-24,19,10,0.009230769,0.017714374747598627,0.017714374747598627,63.35,41.49,31.675,25.604622846155596,959.02153824225,1.0
Paper-proposed MLR,2014-03-24T09:00:00+00:00,2014-03-24T20:00:00+11:00,2014-03-24,20,11,0.000128205,0.0015983902706895592,0.0015983902706895592,56.64,39.67,28.32,1.4669153419778493,849.708922968,1.0
Paper-proposed MLR,2014-03-24T22:00:00+00:00,2014-03-25T09:00:00+11:00,2014-03-25,9,0,0.015769231,0.28529953066212355,0.28529953066212355,32.72,27.07,16.36,147.7645482237702,498.5395385748,1.0
Paper-proposed MLR,2014-03-24T23:00:00+00:00,2014-03-25T10:00:00+11:00,2014-03-25,10,1,0.09275641,0.4724971060533264,0.4724971060533264,27.12,26.17,13.56,229.94513033049319,444.533307588,1.0
Paper-proposed MLR,2014-03-25T00:00:00+00:00,2014-03-25T11:00:00+11:00,2014-03-25,11,2,0.249551282,0.5442517658805562,0.5442517658805562,28.75,25.65,14.375,342.3275643984899,538.8689903625,1.0
Paper-proposed MLR,2014-03-25T01:00:00+00:00,2014-03-25T12:00:00+11:00,2014-03-25,12,3,0.276474359,0.5303541695286224,0.5303541695286224,28.6,27.85,14.3,346.129438738779,547.607500011,1.0
Paper-proposed MLR,2014-03-25T02:00:00+00:00,2014-03-25T13:00:00+11:00,2014-03-25,13,4,0.400576923,0.5291791926625721,0.5291791926625721,28.28,24.28,14.14,394.4025442640631,594.1247307366,1.0
Paper-proposed MLR,2014-03-25T03:00:00+00:00,2014-03-25T14:00:00+11:00,2014-03-25,14,5,0.219551282,0.4364628256157198,0.4364628256157198,27.51,22.11,13.755,270.70422150762676,503.2478365173001,1.0
Paper-proposed MLR,2014-03-25T04:00:00+00:00,2014-03-25T15:00:00+11:00,2014-03-25,15,6,0.376217949,0.3364001954410493,0.3364001954410493,31.08,25.78,15.54,344.4545928317268,641.5928078238001,1.0
Paper-proposed MLR,2014-03-25T05:00:00+00:00,2014-03-25T16:00:00+11:00,2014-03-25,16,7,0.228397436,0.17073921334079462,0.17073921334079462,40.52,32.49,20.26,263.7500573629975,746.6199616008001,1.0
Paper-proposed MLR,2014-03-25T06:00:00+00:00,2014-03-25T17:00:00+11:00,2014-03-25,17,8,0.113910256,0.07152415089731973,0.07152415089731973,65.37,39.85,32.685,190.938600974988,1092.2447015208,1.0
Paper-proposed MLR,2014-03-25T07:00:00+00:00,2014-03-25T18:00:00+11:00,2014-03-25,18,9,0.083782051,0.044298359230869444,0.044298359230869444,63.96,37.97,31.98,129.9755649864089,1039.7804997294002,1.0
Paper-proposed MLR,2014-03-25T08:00:00+00:00,2014-03-25T19:00:00+11:00,2014-03-25,19,10,0.029807692,0.021711833982969997,0.021711833982969997,52.81,39.65,26.405,44.028081690476554,815.7621632178,1.0
Paper-proposed MLR,2014-03-25T09:00:00+00:00,2014-03-25T20:00:00+11:00,2014-03-25,20,11,0.000512821,0.0016021984772302267,0.0016021984772302267,49.33,42.55,24.665,1.5650086621765065,740.3294618989501,1.0
Paper-proposed MLR,2014-03-25T22:00:00+00:00,2014-03-26T09:00:00+11:00,2014-03-26,9,0,0.030192308,0.23320331564728577,0.23320331564728577,45.22,41.79,22.61,178.66125151995396,698.7794425164,1.0
Paper-proposed MLR,2014-03-25T23:00:00+00:00,2014-03-26T10:00:00+11:00,2014-03-26,10,1,0.06775641,0.3911213342561709,0.3911213342561709,37.58,34.68,18.79,258.6693844372035,601.8942883169999,1.0
Paper-proposed MLR,2014-03-26T00:00:00+00:00,2014-03-26T11:00:00+11:00,2014-03-26,11,2,0.103461538,0.382404758561085,0.382404758561085,35.35,39.63,17.675,257.63060375151537,585.1104805245,1.0
Paper-proposed MLR,2014-03-26T01:00:00+00:00,2014-03-26T12:00:00+11:00,2014-03-26,12,3,0.111794872,0.4525180388895376,0.4525180388895376,32.75,35.75,16.375,277.21871747448535,546.16923087,1.0
Paper-proposed MLR,2014-03-26T02:00:00+00:00,2014-03-26T13:00:00+11:00,2014-03-26,13,4,0.097948718,0.43328952944262356,0.43328952944262356,32.21,30.44,16.105,256.66775925190353,530.4739231017002,1.0
Paper-proposed MLR,2014-03-26T03:00:00+00:00,2014-03-26T14:00:00+11:00,2014-03-26,14,5,0.12974359,0.3904718306899114,0.3904718306899114,31.75,31.21,15.875,247.75259410357035,538.0403847375001,1.0
Paper-proposed MLR,2014-03-26T04:00:00+00:00,2014-03-26T15:00:00+11:00,2014-03-26,15,6,0.110512821,0.2969616740539628,0.2969616740539628,34.980000000000004,55.33,17.490000000000002,213.80186755481427,582.6860771787001,1.0
Paper-proposed MLR,2014-03-26T05:00:00+00:00,2014-03-26T16:00:00+11:00,2014-03-26,16,7,0.077692308,0.08898614709403563,0.08898614709403563,43.02,80.92,21.51,107.5576070721812,695.4348463524001,1.0
Paper-proposed MLR,2014-03-26T06:00:00+00:00,2014-03-26T17:00:00+11:00,2014-03-26,17,8,0.07724359,0.006154072891069534,0.006154072891069534,67.37,52.05,33.685,123.44427768573554,1088.6085098745,1.0
Paper-proposed MLR,2014-03-26T07:00:00+00:00,2014-03-26T18:00:00+11:00,2014-03-26,18,9,0.052051282,0.026530070480226042,0.026530070480226042,63.32,45.74,31.66,85.41672833167121,999.2383076435999,1.0
Paper-proposed MLR,2014-03-26T08:00:00+00:00,2014-03-26T19:00:00+11:00,2014-03-26,19,10,0.014871795,0.0025974752663611433,0.0025974752663611433,49.19,37.19,24.595,17.52755277739001,748.82315394075,1.0
Paper-proposed MLR,2014-03-26T09:00:00+00:00,2014-03-26T20:00:00+11:00,2014-03-26,20,11,0.000128205,0.0016021984772302267,0.0016021984772302267,44.91,38.45,22.455,1.1656863024361421,673.7363652982499,1.0
Paper-proposed MLR,2014-03-26T22:00:00+00:00,2014-03-27T09:00:00+11:00,2014-03-27,9,0,0.053333333,0.2221172091731088,0.2221172091731088,27.14,24.09,13.57,112.13591571867259,428.8119998643,1.0
Paper-proposed MLR,2014-03-26T23:00:00+00:00,2014-03-27T10:00:00+11:00,2014-03-27,10,1,0.086282051,0.39197808833689163,0.39197808833689163,25.44,21.5,12.72,182.50406917095782,414.5252306616,1.0
Paper-proposed MLR,2014-03-27T00:00:00+00:00,2014-03-27T11:00:00+11:00,2014-03-27,11,2,0.123910256,0.4089762768860744,0.4089762768860744,25.45,15.81,12.725,203.4294339292589,429.052740228,1.0
Paper-proposed MLR,2014-03-27T01:00:00+00:00,2014-03-27T12:00:00+11:00,2014-03-27,12,3,0.187820513,0.40189029052044445,0.40189029052044445,24.98,29.06,12.49,220.96463807911056,445.07634622110004,1.0
Paper-proposed MLR,2014-03-27T02:00:00+00:00,2014-03-27T13:00:00+11:00,2014-03-27,13,4,0.207435897,0.4226861778492696,0.4226861778492696,24.15,19.71,12.075,228.26172161414792,437.39365368824997,1.0
Paper-proposed MLR,2014-03-27T03:00:00+00:00,2014-03-27T14:00:00+11:00,2014-03-27,14,5,0.184807692,0.31160010391567505,0.31160010391567505,24.45,18.66,12.225,182.05755915207382,434.528221041,1.0
Paper-proposed MLR,2014-03-27T04:00:00+00:00,2014-03-27T15:00:00+11:00,2014-03-27,15,6,0.186987179,0.2518316543942855,0.2518316543942855,26.88,23.4,13.44,176.9317536245759,478.5932305728,1.0
Paper-proposed MLR,2014-03-27T05:00:00+00:00,2014-03-27T16:00:00+11:00,2014-03-27,16,7,0.150064103,0.07934385251046128,0.07934385251046128,35.58,31.78,17.79,152.1163149863926,613.7892117711,1.0
Paper-proposed MLR,2014-03-27T06:00:00+00:00,2014-03-27T17:00:00+11:00,2014-03-27,17,8,0.061474359,0.030678391792249876,0.030678391792249876,47.96,37.96,23.98,79.21051756687496,763.6246538646,1.0
Paper-proposed MLR,2014-03-27T07:00:00+00:00,2014-03-27T18:00:00+11:00,2014-03-27,18,9,0.044166667,0.015848211243459864,0.015848211243459864,46.4,37.8,23.2,54.17383887881264,726.740000232,1.0
Paper-proposed MLR,2014-03-27T08:00:00+00:00,2014-03-27T19:00:00+11:00,2014-03-27,19,10,0.010641026,0.005257026267424553,0.005257026267424553,42.52,38.33,21.26,12.896923999215266,644.5868463828001,1.0
Paper-proposed MLR,2014-03-27T09:00:00+00:00,2014-03-27T20:00:00+11:00,2014-03-27,20,11,0.000128205,0.0016021984772302267,0.0016021984772302267,40.97,52.33,20.485,1.063419456931836,614.62878838275,1.0
Paper-proposed MLR,2014-03-27T22:00:00+00:00,2014-03-28T09:00:00+11:00,2014-03-28,9,0,0.042371795,0.24519495068331473,0.24519495068331473,28.64,17.36,14.32,123.538673945552,447.802923132,1.0
Paper-proposed MLR,2014-03-27T23:00:00+00:00,2014-03-28T10:00:00+11:00,2014-03-28,10,1,0.079230769,0.429225617138152,0.429225617138152,25.64,16.18,12.82,195.55232610873327,415.07215375740003,1.0
Paper-proposed MLR,2014-03-28T00:00:00+00:00,2014-03-28T11:00:00+11:00,2014-03-28,11,2,0.084038462,0.461883090598593,0.461883090598593,22.25,17.64,11.125,182.20131817978043,361.7978366925,1.0
Paper-proposed MLR,2014-03-28T01:00:00+00:00,2014-03-28T12:00:00+11:00,2014-03-28,12,3,0.104358974,0.5238533898533391,0.5238533898533391,22.32,19.48,11.16,210.32549941809793,369.7393844952,1.0
Paper-proposed MLR,2014-03-28T02:00:00+00:00,2014-03-28T13:00:00+11:00,2014-03-28,13,4,0.128525641,0.5614301800041849,0.5614301800041849,21.51,20.43,10.755,222.61424564700025,364.11879806865,1.0
Paper-proposed MLR,2014-03-28T03:00:00+00:00,2014-03-28T14:00:00+11:00,2014-03-28,14,5,0.107115385,0.4311253854303918,0.4311253854303918,21.98,20.13,10.99,177.4579820109002,365.0159424345,1.0
Paper-proposed MLR,2014-03-28T04:00:00+00:00,2014-03-28T15:00:00+11:00,2014-03-28,15,6,0.131858974,0.332002771667265,0.332002771667265,24.15,22.96,12.075,168.03391736796672,410.0159133315,1.0
Paper-proposed MLR,2014-03-28T05:00:00+00:00,2014-03-28T16:00:00+11:00,2014-03-28,16,7,0.066410256,0.24821739895260717,0.24821739895260717,31.65,25.19,15.825,149.36947918875026,506.278269036,1.0
Paper-proposed MLR,2014-03-28T06:00:00+00:00,2014-03-28T17:00:00+11:00,2014-03-28,17,8,0.053076923,0.11767151701693518,0.11767151701693518,42.5,37.86,21.25,108.85213051079617,671.3365384125,1.0
Paper-proposed MLR,2014-03-28T07:00:00+00:00,2014-03-28T18:00:00+11:00,2014-03-28,18,9,0.052179487,0.03882743607784417,0.03882743607784417,43.54,38.6,21.77,66.1780719727365,687.1784229597,1.0
Paper-proposed MLR,2014-03-28T08:00:00+00:00,2014-03-28T19:00:00+11:00,2014-03-28,19,10,0.015064103,0.014554666572626412,0.014554666572626412,42.29,45.06,21.145,19.154161643214746,643.90591373805,1.0
Paper-proposed MLR,2014-03-28T09:00:00+00:00,2014-03-28T20:00:00+11:00,2014-03-28,20,11,0.000128205,0.0016021984772302267,0.0016021984772302267,43.48,45.72,21.74,1.1285691478495536,652.2836153009999,1.0
Paper-proposed MLR,2014-03-28T22:00:00+00:00,2014-03-29T09:00:00+11:00,2014-03-29,9,0,0.083589744,0.2671853908766526,0.2671853908766526,34.75,30.59,17.375,182.84153905445515,564.82115406,1.0
Paper-proposed MLR,2014-03-28T23:00:00+00:00,2014-03-29T10:00:00+11:00,2014-03-29,10,1,0.427179487,0.5405520572547102,0.5405520572547102,31.81,28.31,15.905,461.753106341135,680.97869222205,1.0
Paper-proposed MLR,2014-03-29T00:00:00+00:00,2014-03-29T11:00:00+11:00,2014-03-29,11,2,0.530320513,0.5878902393179422,0.5878902393179422,28.34,36.9,14.17,475.3513908103572,650.5392500763,1.0
Paper-proposed MLR,2014-03-29T01:00:00+00:00,2014-03-29T12:00:00+11:00,2014-03-29,12,3,0.410769231,0.5849902740726247,0.5849902740726247,26.88,27.1,13.44,401.4902324452823,568.8221539392,1.0
Paper-proposed MLR,2014-03-29T02:00:00+00:00,2014-03-29T13:00:00+11:00,2014-03-29,13,4,0.549294872,0.6036446238043681,0.6036446238043681,26.29,26.53,13.145,454.6616901704526,610.9644327732,1.0
Paper-proposed MLR,2014-03-29T03:00:00+00:00,2014-03-29T14:00:00+11:00,2014-03-29,14,5,0.56974359,0.555465703385865,0.555465703385865,26.06,26.55,13.03,445.63542359522773,613.612769331,1.0
Paper-proposed MLR,2014-03-29T04:00:00+00:00,2014-03-29T15:00:00+11:00,2014-03-29,15,6,0.362371795,0.3484523227608144,0.3484523227608144,26.28,26.88,13.14,285.9444736783053,537.046961589,1.0
Paper-proposed MLR,2014-03-29T05:00:00+00:00,2014-03-29T16:00:00+11:00,2014-03-29,16,7,0.221025641,0.2145892973979963,0.2145892973979963,27.67,27.67,13.835,183.4733845941,506.7866922970501,1.0
Paper-proposed MLR,2014-03-29T06:00:00+00:00,2014-03-29T17:00:00+11:00,2014-03-29,17,8,0.14775641,0.08142601835585318,0.08142601835585318,32.480000000000004,30.73,16.240000000000002,140.4915003426823,559.186922952,1.0
Paper-proposed MLR,2014-03-29T07:00:00+00:00,2014-03-29T18:00:00+11:00,2014-03-29,18,9,0.071538462,0.04440703193044271,0.04440703193044271,36.6,32.56,18.3,75.26090195156965,588.2746156380001,1.0
Paper-proposed MLR,2014-03-29T08:00:00+00:00,2014-03-29T19:00:00+11:00,2014-03-29,19,10,0.014935897,0.0088776274200848,0.0088776274200848,40.48,42.62,20.24,18.527094223830556,616.2690766584,1.0
Paper-proposed MLR,2014-03-29T09:00:00+00:00,2014-03-29T20:00:00+11:00,2014-03-29,20,11,0.000320513,0.0016021984772302267,0.0016021984772302267,43.93,47.08,21.965,1.266970727920858,659.1612020413501,1.0
Paper-proposed MLR,2014-03-29T22:00:00+00:00,2014-03-30T09:00:00+11:00,2014-03-30,9,0,0.042179487,0.257376852281011,0.257376852281011,23.98,19.24,11.99,107.75041523937966,374.8719614739,1.0
Paper-proposed MLR,2014-03-29T23:00:00+00:00,2014-03-30T10:00:00+11:00,2014-03-30,10,1,0.086987179,0.48271772740455204,0.48271772740455204,21.0,21.05,10.5,179.4570455174339,342.400961385,1.0
Paper-proposed MLR,2014-03-30T00:00:00+00:00,2014-03-30T11:00:00+11:00,2014-03-30,11,2,0.154230769,0.5697572997038702,0.5697572997038702,20.03,28.5,10.015,217.52221524207783,346.78863454605005,1.0
Paper-proposed MLR,2014-03-30T01:00:00+00:00,2014-03-30T12:00:00+11:00,2014-03-30,12,3,0.320448718,0.6103598705140998,0.6103598705140998,18.83,14.7,9.415,262.9068858258074,372.96074039909996,1.0
Paper-proposed MLR,2014-03-30T02:00:00+00:00,2014-03-30T13:00:00+11:00,2014-03-30,13,4,0.512884615,0.6595002678340032,0.6595002678340032,18.73,16.43,9.365,329.3815328322132,425.04493258425003,1.0
Paper-proposed MLR,2014-03-30T03:00:00+00:00,2014-03-30T14:00:00+11:00,2014-03-30,14,5,0.621089744,0.5174964665235593,0.5174964665235593,18.73,56.83,9.365,467.3974433091718,1058.8959045456002,0.0
Paper-proposed MLR,2014-03-30T04:00:00+00:00,2014-03-30T15:00:00+11:00,2014-03-30,15,6,0.205512821,0.37591771263857193,0.37591771263857193,18.97,15.34,9.485,165.44605834685564,343.02867321554993,1.0
Paper-proposed MLR,2014-03-30T05:00:00+00:00,2014-03-30T16:00:00+11:00,2014-03-30,16,7,0.097115385,0.19443990376481463,0.19443990376481463,20.21,16.53,10.105,88.38498578905356,332.59052896275,1.0
Paper-proposed MLR,2014-03-30T06:00:00+00:00,2014-03-30T17:00:00+11:00,2014-03-30,17,8,0.090576923,0.05247381978300458,0.05247381978300458,23.68,25.81,11.84,66.780634394766,387.3729230496,1.0
Paper-proposed MLR,2014-03-30T07:00:00+00:00,2014-03-30T18:00:00+11:00,2014-03-30,18,9,0.044487179,0.06498889849284545,0.06498889849284545,29.01,56.18,14.505,47.6385151210117,454.50859594185,1.0
Paper-proposed MLR,2014-03-30T08:00:00+00:00,2014-03-30T19:00:00+11:00,2014-03-30,19,10,0.019423077,0.018598795053380357,0.018598795053380357,32.82,41.55,16.41,19.339841056019683,501.86198080709994,1.0
Paper-proposed MLR,2014-03-30T09:00:00+00:00,2014-03-30T20:00:00+11:00,2014-03-30,20,11,0.000192308,0.0016021984772302267,0.0016021984772302267,34.300000000000004,35.63,17.150000000000002,0.9232735825349517,514.598942466,1.0
Paper-proposed MLR,2014-03-30T22:00:00+00:00,2014-03-31T09:00:00+11:00,2014-03-31,9,0,0.206089744,0.2750048005137705,0.2750048005137705,22.58,20.07,11.29,162.94672222681407,408.5025962928,1.0
Paper-proposed MLR,2014-03-30T23:00:00+00:00,2014-03-31T10:00:00+11:00,2014-03-31,10,1,0.61025641,0.5366390960162033,0.5366390960162033,20.44,16.580000000000002,10.22,365.68434565267637,493.704615306,1.0
Paper-proposed MLR,2014-03-31T00:00:00+00:00,2014-03-31T11:00:00+11:00,2014-03-31,11,2,0.711987179,0.6015976963737713,0.6015976963737713,18.34,7.77,9.17,356.73084094502286,470.9676729429,1.0
Paper-proposed MLR,2014-03-31T01:00:00+00:00,2014-03-31T12:00:00+11:00,2014-03-31,12,3,0.749358974,0.6442898260252965,0.6442898260252965,17.48,4.93,8.74,353.4053117531242,458.68192298279996,1.0
Paper-proposed MLR,2014-03-31T02:00:00+00:00,2014-03-31T13:00:00+11:00,2014-03-31,13,4,0.761987179,0.6908215326056132,0.6908215326056132,16.94,9.92,8.47,372.2543992371422,447.72094218390004,1.0
Paper-proposed MLR,2014-03-31T03:00:00+00:00,2014-03-31T14:00:00+11:00,2014-03-31,14,5,0.712948718,0.6064103726909224,0.6064103726909224,17.17,11.43,8.585,348.89398157957686,441.1699423209001,1.0
Paper-proposed MLR,2014-03-31T04:00:00+00:00,2014-03-31T15:00:00+11:00,2014-03-31,15,6,0.61,0.4487067222704898,0.4487067222704898,19.51,21.29,9.755,365.64606103075585,471.16650000000004,1.0
Paper-proposed MLR,2014-03-31T05:00:00+00:00,2014-03-31T16:00:00+11:00,2014-03-31,16,7,0.454166667,0.2731568845950334,0.2731568845950334,29.43,52.26,14.715,524.9573502634616,712.0425005226,0.0
Paper-proposed MLR,2014-03-31T06:00:00+00:00,2014-03-31T17:00:00+11:00,2014-03-31,17,8,0.221602564,0.1606067787168498,0.1606067787168498,40.69,47.8,20.345,283.5206508756959,745.6051249374,1.0
Paper-proposed MLR,2014-03-31T07:00:00+00:00,2014-03-31T18:00:00+11:00,2014-03-31,18,9,0.061089744,0.09439823862127761,0.09439823862127761,38.36,26.33,19.18,89.46778520028315,610.5510386976,1.0
Paper-proposed MLR,2014-03-31T08:00:00+00:00,2014-03-31T19:00:00+11:00,2014-03-31,19,10,0.02275641,0.02034136560580721,0.02034136560580721,37.0,27.34,18.5,24.559735234562933,567.6298075499999,1.0
Paper-proposed MLR,2014-03-31T09:00:00+00:00,2014-03-31T20:00:00+11:00,2014-03-31,20,11,0.000320513,0.0016021984772302267,0.0016021984772302267,36.43,25.89,18.215,1.0506656867324573,546.6251443288501,1.0
Paper-proposed MLR,2014-03-31T22:00:00+00:00,2014-04-01T09:00:00+11:00,2014-04-01,9,0,0.191923077,0.3035280865097079,0.3035280865097079,21.64,19.32,10.82,160.8234476752512,386.8982307942,1.0
Paper-proposed MLR,2014-03-31T23:00:00+00:00,2014-04-01T10:00:00+11:00,2014-04-01,10,1,0.320512821,0.5427039935075175,0.5427039935075175,19.03,16.36,9.515,246.4052397011709,376.94038475445,1.0
Paper-proposed MLR,2014-04-01T00:00:00+00:00,2014-04-01T11:00:00+11:00,2014-04-01,11,2,0.448653846,0.6102551396953235,0.6102551396953235,16.4,4.32,8.2,260.4916104810496,356.368846116,1.0
Paper-proposed MLR,2014-04-01T01:00:00+00:00,2014-04-01T12:00:00+11:00,2014-04-01,12,3,0.455192308,0.5932861318930358,0.5932861318930358,13.76,0.35,6.88,216.40594999392255,300.3516923712,1.0
Paper-proposed MLR,2014-04-01T02:00:00+00:00,2014-04-01T13:00:00+11:00,2014-04-01,13,4,0.386538462,0.576447643166978,0.576447643166978,13.58,16.080000000000002,6.79,196.16026962251343,282.4378847094,1.0
Paper-proposed MLR,2014-04-01T03:00:00+00:00,2014-04-01T14:00:00+11:00,2014-04-01,14,5,0.357884615,0.4677045776996211,0.4677045776996211,14.26,11.87,7.13,176.59352831844893,290.4515191485,1.0
Paper-proposed MLR,2014-04-01T04:00:00+00:00,2014-04-01T15:00:00+11:00,2014-04-01,15,6,0.282884615,0.35831896099568256,0.35831896099568256,18.31,16.03,9.155,176.1065621472142,352.3442595097499,1.0
Paper-proposed MLR,2014-04-01T05:00:00+00:00,2014-04-01T16:00:00+11:00,2014-04-01,16,7,0.238974359,0.1883378116606249,0.1883378116606249,28.96,24.88,14.48,201.4230097048605,538.2104615495999,1.0
Paper-proposed MLR,2014-04-01T06:00:00+00:00,2014-04-01T17:00:00+11:00,2014-04-01,17,8,0.233717949,0.09477797535734064,0.09477797535734064,38.27,37.12,19.135,263.5381481562282,708.21578862345,1.0
Paper-proposed MLR,2014-04-01T07:00:00+00:00,2014-04-01T18:00:00+11:00,2014-04-01,18,9,0.071666667,0.05689073025669039,0.05689073025669039,35.76,31.65,17.88,75.06212735714993,574.8420001788,1.0
Paper-proposed MLR,2014-04-01T08:00:00+00:00,2014-04-01T19:00:00+11:00,2014-04-01,19,10,0.012948718,0.014114033297242257,0.014114033297242257,35.56,29.1,17.78,14.435271541949021,540.3068461812001,1.0
Paper-proposed MLR,2014-04-01T09:00:00+00:00,2014-04-01T20:00:00+11:00,2014-04-01,20,11,0.000192308,0.0016021984772302267,0.0016021984772302267,35.79,29.8,17.895,0.9633808023010472,536.9532405498001,1.0
Paper-proposed MLR,2014-04-01T22:00:00+00:00,2014-04-02T09:00:00+11:00,2014-04-02,9,0,0.226666667,0.3117448423928739,0.3117448423928739,34.910000000000004,32.230000000000004,17.455000000000002,281.93918689357844,642.34400017455,1.0
Paper-proposed MLR,2014-04-01T23:00:00+00:00,2014-04-02T10:00:00+11:00,2014-04-02,10,1,0.535961538,0.5573539326300471,0.5573539326300471,31.47000000000001,29.94,15.735000000000005,516.0995679109138,725.0506440129003,1.0
Paper-proposed MLR,2014-04-02T00:00:00+00:00,2014-04-02T11:00:00+11:00,2014-04-02,11,2,0.677948718,0.6407594608796842,0.6407594608796842,27.69,30.19,13.845,565.9611943266237,696.9360000213001,1.0
Paper-proposed MLR,2014-04-02T01:00:00+00:00,2014-04-02T12:00:00+11:00,2014-04-02,12,3,0.753525641,0.6750789347417082,0.6750789347417082,26.57,28.47,13.285,605.1067506978226,698.8676442205499,1.0
Paper-proposed MLR,2014-04-02T02:00:00+00:00,2014-04-02T13:00:00+11:00,2014-04-02,13,4,0.764615385,0.68630254791854,0.68630254791854,26.2,27.47,13.1,603.9714117028036,693.493846305,1.0
Paper-proposed MLR,2014-04-02T03:00:00+00:00,2014-04-02T14:00:00+11:00,2014-04-02,14,5,0.715897436,0.6216929816246622,0.6216929816246622,25.96,27.37,12.98,561.5257715768768,668.1704615784,1.0
Paper-proposed MLR,2014-04-02T04:00:00+00:00,2014-04-02T15:00:00+11:00,2014-04-02,15,6,0.606987179,0.49856897341915,0.49856897341915,27.4,30.28,13.7,508.3107941001855,660.4717305689999,1.0
Paper-proposed MLR,2014-04-02T05:00:00+00:00,2014-04-02T16:00:00+11:00,2014-04-02,16,7,0.439935897,0.3271719221822882,0.3271719221822882,37.12,64.23,18.56,581.623555618445,847.7124799293001,0.0
Paper-proposed MLR,2014-04-02T06:00:00+00:00,2014-04-02T17:00:00+11:00,2014-04-02,17,8,0.243205128,0.1963601180674656,0.1963601180674656,48.27,128.06,24.135,464.31824613230765,934.3454607504,0.0
Paper-proposed MLR,2014-04-02T07:00:00+00:00,2014-04-02T18:00:00+11:00,2014-04-02,18,9,0.066153846,0.0946803086098355,0.0946803086098355,46.83,55.2,23.415,112.97795190567895,748.9197691227,1.0
Paper-proposed MLR,2014-04-02T08:00:00+00:00,2014-04-02T19:00:00+11:00,2014-04-02,19,10,0.022564103,0.017743875843750034,0.017743875843750034,44.07,268.68,22.035,62.31213722325913,675.96600028815,1.0
Paper-proposed MLR,2014-04-02T09:00:00+00:00,2014-04-02T20:00:00+11:00,2014-04-02,20,11,0.000128205,0.0016021984772302267,0.0016021984772302267,43.92,38.97,21.96,1.1399898107992734,658.8844614540001,1.0
Paper-proposed MLR,2014-04-02T22:00:00+00:00,2014-04-03T09:00:00+11:00,2014-04-03,9,0,0.191730769,0.3077624417900293,0.3077624417900293,29.76,32.730000000000004,14.88,222.97376929666908,531.9886152816,1.0
Paper-proposed MLR,2014-04-02T23:00:00+00:00,2014-04-03T10:00:00+11:00,2014-04-03,10,1,0.5,0.5317770809133643,0.5317770809133643,25.68,47.41,12.84,397.4405315678279,711.15,0.0
Paper-proposed MLR,2014-04-03T00:00:00+00:00,2014-04-03T11:00:00+11:00,2014-04-03,11,2,0.378846154,0.6083330397371507,0.6083330397371507,24.65,17.72,12.325,365.00950688431146,509.82836544149995,1.0
Paper-proposed MLR,2014-04-03T01:00:00+00:00,2014-04-03T12:00:00+11:00,2014-04-03,12,3,0.35474359,0.5037264716942311,0.5037264716942311,22.23,18.48,11.115,286.2568420719414,451.7392500855,1.0
Paper-proposed MLR,2014-04-03T02:00:00+00:00,2014-04-03T13:00:00+11:00,2014-04-03,13,4,0.223205128,0.5098617838797139,0.5098617838797139,21.16,18.86,10.58,232.67543783062123,388.2453076272,1.0
Paper-proposed MLR,2014-04-03T03:00:00+00:00,2014-04-03T14:00:00+11:00,2014-04-03,14,5,0.196730769,0.5154409440353063,0.5154409440353063,20.82,22.91,10.41,222.41122598092616,373.7390191587,1.0
Paper-proposed MLR,2014-04-03T04:00:00+00:00,2014-04-03T15:00:00+11:00,2014-04-03,15,6,0.285769231,0.3167711880753562,0.3167711880753562,23.24,24.34,11.62,210.0455900896692,448.2191539266,1.0
Paper-proposed MLR,2014-04-03T05:00:00+00:00,2014-04-03T16:00:00+11:00,2014-04-03,16,7,0.237820513,0.1559853744727433,0.1559853744727433,32.4,36.1,16.2,240.24523901252547,601.580769318,1.0
Paper-proposed MLR,2014-04-03T06:00:00+00:00,2014-04-03T17:00:00+11:00,2014-04-03,17,8,0.055320513,0.1241422903683176,0.1241422903683176,40.38,44.79,20.19,108.70062000018999,639.2076347241,1.0
Paper-proposed MLR,2014-04-03T07:00:00+00:00,2014-04-03T18:00:00+11:00,2014-04-03,18,9,0.031474359,0.054092250641589124,0.054092250641589124,39.78,40.13,19.89,51.05759597313623,615.4807500152999,1.0
Paper-proposed MLR,2014-04-03T08:00:00+00:00,2014-04-03T19:00:00+11:00,2014-04-03,19,10,0.003846154,0.011301571553198969,0.011301571553198969,39.64,45.5,19.82,9.006837613932108,596.8869231684,1.0
Paper-proposed MLR,2014-04-03T09:00:00+00:00,2014-04-03T20:00:00+11:00,2014-04-03,20,11,0.0,0.0016021984772302267,0.0016021984772302267,39.62,53.08,19.81,0.9521865550179237,594.3,1.0
Paper-proposed MLR,2014-04-03T22:00:00+00:00,2014-04-04T09:00:00+11:00,2014-04-04,9,0,0.009423077,0.22384991598296486,0.22384991598296486,28.5,31.31,14.25,99.72420450021747,431.5283654175,1.0
Paper-proposed MLR,2014-04-03T23:00:00+00:00,2014-04-04T10:00:00+11:00,2014-04-04,10,1,0.015064103,0.374208520889634,0.374208520889634,24.37,28.7,12.185,142.29860766285574,371.05668285165007,1.0
Paper-proposed MLR,2014-04-04T00:00:00+00:00,2014-04-04T11:00:00+11:00,2014-04-04,11,2,0.045705128,0.3704162800535601,0.3704162800535601,23.67,36.49,11.835,147.74390592941648,371.2776056964001,1.0
Paper-proposed MLR,2014-04-04T01:00:00+00:00,2014-04-04T12:00:00+11:00,2014-04-04,12,3,0.125128205,0.35175322920849594,0.35175322920849594,21.49,26.39,10.745,153.72273031710867,362.68507688175,1.0
Paper-proposed MLR,2014-04-04T02:00:00+00:00,2014-04-04T13:00:00+11:00,2014-04-04,13,4,0.151987179,0.3365052096558714,0.3365052096558714,20.48,26.96,10.24,150.06486179508371,353.8904613888,1.0
Paper-proposed MLR,2014-04-04T03:00:00+00:00,2014-04-04T14:00:00+11:00,2014-04-04,14,5,0.129487179,0.29732305929151803,0.29732305929151803,19.96,24.32,9.98,127.7869853444805,338.1684613926,1.0
Paper-proposed MLR,2014-04-04T04:00:00+00:00,2014-04-04T15:00:00+11:00,2014-04-04,15,6,0.103269231,0.1882547336980188,0.1882547336980188,21.88,24.36,10.94,95.67816521388974,362.09296161419996,1.0
Paper-proposed MLR,2014-04-04T05:00:00+00:00,2014-04-04T16:00:00+11:00,2014-04-04,16,7,0.082307692,0.05841638332052057,0.05841638332052057,29.76,30.9,14.88,74.3013901744382,483.1421537088,1.0
Paper-proposed MLR,2014-04-04T06:00:00+00:00,2014-04-04T17:00:00+11:00,2014-04-04,17,8,0.088141026,0.015349679330284693,0.015349679330284693,38.72,46.71,19.36,119.83270159833076,631.9923079007999,1.0
Paper-proposed MLR,2014-04-04T07:00:00+00:00,2014-04-04T18:00:00+11:00,2014-04-04,18,9,0.039679487,0.0024451926834505033,0.0024451926834505033,39.17,38.77,19.585,46.180553641901405,610.86368258685,1.0
Paper-proposed MLR,2014-04-04T08:00:00+00:00,2014-04-04T19:00:00+11:00,2014-04-04,19,10,0.008974359,0.00340601283943337,0.00340601283943337,38.81,39.93,19.405,10.63594261469504,587.3744230918501,1.0
Paper-proposed MLR,2014-04-04T09:00:00+00:00,2014-04-04T20:00:00+11:00,2014-04-04,20,11,6.41e-05,0.0016021984772302267,0.0016021984772302267,39.38,42.45,19.69,0.9842825104998949,590.7378638700001,1.0
Paper-proposed MLR,2014-04-04T22:00:00+00:00,2014-04-05T09:00:00+11:00,2014-04-05,9,0,0.042435897,0.2535258998720099,0.2535258998720099,33.92,34.4,16.96,150.58536224847865,530.3913843936001,1.0
Paper-proposed MLR,2014-04-04T23:00:00+00:00,2014-04-05T10:00:00+11:00,2014-04-05,10,1,0.125128205,0.4478209599450854,0.4478209599450854,30.94,30.74,15.47,265.90570745101417,522.1719999405,1.0
Paper-proposed MLR,2014-04-05T00:00:00+00:00,2014-04-05T11:00:00+11:00,2014-04-05,11,2,0.1125,0.4802776206223768,0.4802776206223768,32.14,29.77,16.07,285.77809090204784,536.3362500000001,1.0
Paper-proposed MLR,2014-04-05T01:00:00+00:00,2014-04-05T12:00:00+11:00,2014-04-05,12,3,0.216346154,0.4711287257691033,0.4711287257691033,31.34,28.36,15.67,323.1819409794554,571.8043269954001,1.0
Paper-proposed MLR,2014-04-05T02:00:00+00:00,2014-04-05T13:00:00+11:00,2014-04-05,13,4,0.256474359,0.3751489561435021,0.3751489561435021,29.96,27.56,14.98,283.8515178254898,564.6595769346,1.0
Paper-proposed MLR,2014-04-05T03:00:00+00:00,2014-04-05T14:00:00+11:00,2014-04-05,14,5,0.353525641,0.35285837486112764,0.35285837486112764,29.92,27.65,14.96,317.2791745375429,607.4623076808001,1.0
Paper-proposed MLR,2014-04-05T04:00:00+00:00,2014-04-05T15:00:00+11:00,2014-04-05,15,6,0.313205128,0.2543815894253794,0.2543815894253794,29.99,27.37,14.995,277.1671235296348,590.7453268308,1.0
Paper-proposed MLR,2014-04-05T05:00:00+00:00,2014-04-05T16:00:00+11:00,2014-04-05,16,7,0.228269231,0.2049911769742547,0.2049911769742547,32.58,28.21,16.29,220.05859349662478,600.2551731896999,1.0
Paper-proposed MLR,2014-04-05T06:00:00+00:00,2014-04-05T17:00:00+11:00,2014-04-05,17,8,0.187371795,0.03529159365895593,0.03529159365895593,38.41,28.99,19.205,172.93065447952094,684.10425968925,1.0
Paper-proposed MLR,2014-04-05T07:00:00+00:00,2014-04-05T18:00:00+11:00,2014-04-05,18,9,0.064807692,0.029006789296002145,0.029006789296002145,43.16,30.83,21.58,70.67024569139119,689.3564998008,1.0
Paper-proposed MLR,2014-04-05T08:00:00+00:00,2014-04-05T19:00:00+11:00,2014-04-05,19,10,0.005128205,0.006342140600942209,0.006342140600942209,47.21,32.81,23.605,8.122725237307227,711.78153837075,1.0
Paper-proposed MLR,2014-04-05T09:00:00+00:00,2014-04-05T20:00:00+11:00,2014-04-05,20,11,6.41e-05,0.0016021984772302267,0.0016021984772302267,48.53,30.07,24.265,1.2129819764997434,727.9966615950001,1.0
Paper-proposed MLR,2014-04-05T23:00:00+00:00,2014-04-06T09:00:00+10:00,2014-04-06,9,0,0.559166667,0.37767168296556386,0.37767168296556386,25.84,18.74,12.92,394.8075686590651,604.3330001292,1.0
Paper-proposed MLR,2014-04-06T00:00:00+00:00,2014-04-06T10:00:00+10:00,2014-04-06,10,1,0.580448718,0.6226497441327942,0.6226497441327942,24.0,19.46,12.0,433.11544636780593,568.9615384800001,1.0
Paper-proposed MLR,2014-04-06T01:00:00+00:00,2014-04-06T11:00:00+10:00,2014-04-06,11,2,0.445320513,0.6217357004323829,0.6217357004323829,22.58,19.61,11.29,361.41193948954805,489.5300577530999,1.0
Paper-proposed MLR,2014-04-06T02:00:00+00:00,2014-04-06T12:00:00+10:00,2014-04-06,12,3,0.565833333,0.566407064151913,0.566407064151913,23.04,18.48,11.52,391.30228125570113,541.1519998847999,1.0
Paper-proposed MLR,2014-04-06T03:00:00+00:00,2014-04-06T13:00:00+10:00,2014-04-06,13,4,0.358269231,0.4958978980618671,0.4958978980618671,21.99,20.02,10.995,281.7470275210569,448.02510584534997,1.0
Paper-proposed MLR,2014-04-06T04:00:00+00:00,2014-04-06T14:00:00+10:00,2014-04-06,14,5,0.45275641,0.5094945101304542,0.5094945101304542,23.02,18.06,11.51,332.26524272104587,501.63678837300006,1.0
Paper-proposed MLR,2014-04-06T05:00:00+00:00,2014-04-06T15:00:00+10:00,2014-04-06,15,6,0.290192308,0.39808690883315323,0.39808690883315323,23.88,18.9,11.94,246.54161546963545,462.1468847256,1.0
Paper-proposed MLR,2014-04-06T06:00:00+00:00,2014-04-06T16:00:00+10:00,2014-04-06,16,7,0.16525641,0.17624561108232206,0.17624561108232206,27.09,23.73,13.545,138.76934626680156,473.5019422035,1.0
Paper-proposed MLR,2014-04-06T07:00:00+00:00,2014-04-06T17:00:00+10:00,2014-04-06,17,8,0.065192308,0.08264519744384377,0.08264519744384377,30.14,25.83,15.07,66.83733621116177,481.5734424468001,1.0
Paper-proposed MLR,2014-04-06T08:00:00+00:00,2014-04-06T18:00:00+10:00,2014-04-06,18,9,0.010192308,0.01293617843368755,0.01293617843368755,33.45,27.8,16.725,11.604718068102729,506.86399053900004,1.0
Paper-proposed MLR,2014-04-06T09:00:00+00:00,2014-04-06T19:00:00+10:00,2014-04-06,19,10,6.41e-05,0.003434788343410461,0.003434788343410461,34.64,28.27,17.32,1.8180223832360756,519.63330636,1.0
Paper-proposed MLR,2014-04-06T10:00:00+00:00,2014-04-06T20:00:00+10:00,2014-04-06,20,11,0.0,0.0016021984772302267,0.0016021984772302267,34.910000000000004,28.41,17.455000000000002,0.8389912326016082,523.6500000000001,1.0
Paper-proposed MLR,2014-04-06T23:00:00+00:00,2014-04-07T09:00:00+10:00,2014-04-07,9,0,0.581282051,0.40831877026851016,0.40831877026851016,29.37,27.62,14.685,503.0870428976968,696.63380756805,1.0
Paper-proposed MLR,2014-04-07T00:00:00+00:00,2014-04-07T10:00:00+10:00,2014-04-07,10,1,0.743269231,0.6419877717320581,0.6419877717320581,27.54,27.13,13.77,612.8432767032043,720.1445193261,1.0
Paper-proposed MLR,2014-04-07T01:00:00+00:00,2014-04-07T11:00:00+10:00,2014-04-07,11,2,0.789102564,0.7043938477467373,0.7043938477467373,27.0,26.28,13.5,637.3433685689295,724.58653842,1.0
Paper-proposed MLR,2014-04-07T02:00:00+00:00,2014-04-07T12:00:00+10:00,2014-04-07,12,3,0.606730769,0.671496788399229,0.671496788399229,26.54,26.41,13.27,508.8623906006331,639.6395191389,1.0
Paper-proposed MLR,2014-04-07T03:00:00+00:00,2014-04-07T13:00:00+10:00,2014-04-07,13,4,0.656923077,0.6507159608080654,0.6507159608080654,26.79,26.5,13.395,527.9150750740301,665.83453849245,1.0
Paper-proposed MLR,2014-04-07T04:00:00+00:00,2014-04-07T14:00:00+10:00,2014-04-07,14,5,0.455961538,0.5297991372927979,0.5297991372927979,28.14,28.28,14.07,416.08958104109,614.5613651898,1.0
Paper-proposed MLR,2014-04-07T05:00:00+00:00,2014-04-07T15:00:00+10:00,2014-04-07,15,6,0.432884615,0.351468315869533,0.351468315869533,35.84,37.76,17.92,470.1271168779149,770.3187690240001,1.0
Paper-proposed MLR,2014-04-07T06:00:00+00:00,2014-04-07T16:00:00+10:00,2014-04-07,16,7,0.201153846,0.17624624996468516,0.17624624996468516,44.08,56.02,22.04,274.9277468502498,794.2029229752,1.0
Paper-proposed MLR,2014-04-07T07:00:00+00:00,2014-04-07T17:00:00+10:00,2014-04-07,17,8,0.08974359,0.06540234630623382,0.06540234630623382,48.02,41.13,24.01,124.25328068249854,784.9423078770001,1.0
Paper-proposed MLR,2014-04-07T08:00:00+00:00,2014-04-07T18:00:00+10:00,2014-04-07,18,9,0.0175,0.010324412429099317,0.010324412429099317,48.66,41.21,24.33,23.942756177903696,742.6732499999999,1.0
Paper-proposed MLR,2014-04-07T09:00:00+00:00,2014-04-07T19:00:00+10:00,2014-04-07,19,10,0.0,0.003434788343410461,0.003434788343410461,47.84,91.62,23.92,2.4648041152313467,717.6,1.0
Paper-proposed MLR,2014-04-07T10:00:00+00:00,2014-04-07T20:00:00+10:00,2014-04-07,20,11,0.0,0.0016021984772302267,0.0016021984772302267,47.24,44.68,23.62,1.1353178409653386,708.6,1.0
Paper-proposed MLR,2014-04-07T23:00:00+00:00,2014-04-08T09:00:00+10:00,2014-04-08,9,0,0.451666667,0.3321898793783703,0.3321898793783703,24.62,20.16,12.31,317.61500606242595,536.1005001231,1.0
Paper-proposed MLR,2014-04-08T00:00:00+00:00,2014-04-08T10:00:00+10:00,2014-04-08,10,1,0.301730769,0.5031270327109039,0.5031270327109039,24.52,21.27,12.26,296.0266994692704,478.77657683819996,1.0
Paper-proposed MLR,2014-04-08T01:00:00+00:00,2014-04-08T11:00:00+10:00,2014-04-08,11,2,0.530705128,0.6246168671857399,0.6246168671857399,23.32,20.59,11.66,404.13163391597186,535.4406537744001,1.0
Paper-proposed MLR,2014-04-08T02:00:00+00:00,2014-04-08T12:00:00+10:00,2014-04-08,12,3,0.667564103,0.5864902481687595,0.5864902481687595,22.8,18.75,11.4,446.7633730900043,570.306923226,1.0
Paper-proposed MLR,2014-04-08T03:00:00+00:00,2014-04-08T13:00:00+10:00,2014-04-08,13,4,0.333974359,0.603476439110618,0.603476439110618,22.74,21.38,11.37,319.7644672355318,455.0186538548999,1.0
Paper-proposed MLR,2014-04-08T04:00:00+00:00,2014-04-08T14:00:00+10:00,2014-04-08,14,5,0.370384615,0.5416099378389946,0.5416099378389946,24.92,24.68,12.46,340.9035638512162,512.249769087,1.0
Paper-proposed MLR,2014-04-08T05:00:00+00:00,2014-04-08T15:00:00+10:00,2014-04-08,15,6,0.420128205,0.4221218615435218,0.4221218615435218,33.37,40.23,16.685,421.5882708083598,710.8451730127499,1.0
Paper-proposed MLR,2014-04-08T06:00:00+00:00,2014-04-08T16:00:00+10:00,2014-04-08,16,7,0.225769231,0.23734664696801297,0.23734664696801297,41.3,52.55,20.65,286.900286401184,759.3640386044999,1.0
Paper-proposed MLR,2014-04-08T07:00:00+00:00,2014-04-08T17:00:00+10:00,2014-04-08,17,8,0.068141026,0.0882903939490968,0.0882903939490968,43.41,35.27,21.705,101.86031909985437,695.5200290798999,1.0
Paper-proposed MLR,2014-04-08T08:00:00+00:00,2014-04-08T18:00:00+10:00,2014-04-08,18,9,0.010961538,0.011860442670240001,0.011860442670240001,44.71,32.77,22.355,15.305561336496458,678.0013554597,1.0
Paper-proposed MLR,2014-04-08T09:00:00+00:00,2014-04-08T19:00:00+10:00,2014-04-08,19,10,0.0,0.003434788343410461,0.003434788343410461,43.09,28.11,21.545,2.2200754457633516,646.35,1.0
Paper-proposed MLR,2014-04-08T10:00:00+00:00,2014-04-08T20:00:00+10:00,2014-04-08,20,11,0.0,0.0016021984772302267,0.0016021984772302267,41.79,28.93,20.895,1.0043381154517677,626.85,1.0
Paper-proposed MLR,2014-04-08T23:00:00+00:00,2014-04-09T09:00:00+10:00,2014-04-09,9,0,0.072307692,0.25757773182859023,0.25757773182859023,30.7,27.37,15.35,151.9122376730658,493.79769216599993,1.0
Paper-proposed MLR,2014-04-09T00:00:00+00:00,2014-04-09T10:00:00+10:00,2014-04-09,10,1,0.121346154,0.41302090767297167,0.41302090767297167,25.91,24.47,12.955,207.68175851920043,435.8111827521,1.0
Paper-proposed MLR,2014-04-09T01:00:00+00:00,2014-04-09T11:00:00+10:00,2014-04-09,11,2,0.175064103,0.3964187740926396,0.3964187740926396,25.08,23.83,12.54,214.99185836225098,442.0591155486,1.0
Paper-proposed MLR,2014-04-09T02:00:00+00:00,2014-04-09T12:00:00+10:00,2014-04-09,12,3,0.273012821,0.39347345792296734,0.39347345792296734,24.28,23.92,12.14,242.73430278374468,463.6312694082,1.0
Paper-proposed MLR,2014-04-09T03:00:00+00:00,2014-04-09T13:00:00+10:00,2014-04-09,13,4,0.305705128,0.40826881448769226,0.40826881448769226,23.77,23.35,11.885,254.56740919398666,465.54916338839996,1.0
Paper-proposed MLR,2014-04-09T04:00:00+00:00,2014-04-09T14:00:00+10:00,2014-04-09,14,5,0.217115385,0.4166645345451732,0.4166645345451732,24.52,24.9,12.26,233.1042544087147,447.655038603,1.0
Paper-proposed MLR,2014-04-09T05:00:00+00:00,2014-04-09T15:00:00+10:00,2014-04-09,15,6,0.207820513,0.22755902687084595,0.22755902687084595,34.64,55.08,17.32,226.22320891689156,627.5835385548,1.0
Paper-proposed MLR,2014-04-09T06:00:00+00:00,2014-04-09T16:00:00+10:00,2014-04-09,16,7,0.084935897,0.09735708792827019,0.09735708792827019,43.59,43.47,21.795,119.19226819534948,709.3853362534501,1.0
Paper-proposed MLR,2014-04-09T07:00:00+00:00,2014-04-09T17:00:00+10:00,2014-04-09,17,8,0.060064103,0.0416856560631467,0.0416856560631467,42.11,37.77,21.055,73.4861075287217,669.58949065995,1.0
Paper-proposed MLR,2014-04-09T08:00:00+00:00,2014-04-09T18:00:00+10:00,2014-04-09,18,9,0.016025641,0.002934439684913026,0.002934439684913026,41.14,38.44,20.57,18.718458815677955,626.9894230611,1.0
Paper-proposed MLR,2014-04-09T09:00:00+00:00,2014-04-09T19:00:00+10:00,2014-04-09,19,10,0.0,0.003434788343410461,0.003434788343410461,39.41,32.19,19.705,2.030475129207094,591.15,1.0
Paper-proposed MLR,2014-04-09T10:00:00+00:00,2014-04-09T20:00:00+10:00,2014-04-09,20,11,0.0,0.0015993565523743924,0.0015993565523743924,37.64,29.09,18.82,0.902996709470582,564.6,1.0
Paper-proposed MLR,2014-04-09T23:00:00+00:00,2014-04-10T09:00:00+10:00,2014-04-10,9,0,0.032628205,0.2232337956550612,0.2232337956550612,21.32,21.01,10.66,81.82466780948857,330.234499959,1.0
Paper-proposed MLR,2014-04-10T00:00:00+00:00,2014-04-10T10:00:00+10:00,2014-04-10,10,1,0.045897436,0.3808954548021932,0.3808954548021932,19.4,8.59,9.7,124.19673122343822,304.35615387599995,1.0
Paper-proposed MLR,2014-04-10T01:00:00+00:00,2014-04-10T11:00:00+10:00,2014-04-10,11,2,0.091923077,0.37414536217728894,0.37414536217728894,18.76,5.54,9.38,131.15165878448914,307.26715386780006,1.0
Paper-proposed MLR,2014-04-10T02:00:00+00:00,2014-04-10T12:00:00+10:00,2014-04-10,12,3,0.074871795,0.36289633301442215,0.36289633301442215,18.94,9.11,9.47,124.36992516889737,305.3710769595,1.0
Paper-proposed MLR,2014-04-10T03:00:00+00:00,2014-04-10T13:00:00+10:00,2014-04-10,13,4,0.142371795,0.3382006416836244,0.3382006416836244,19.29,9.7,9.645,139.0536345544067,330.54527888325,1.0
Paper-proposed MLR,2014-04-10T04:00:00+00:00,2014-04-10T14:00:00+10:00,2014-04-10,14,5,0.081282051,0.27926198995676854,0.27926198995676854,20.82,13.01,10.41,112.59790399079883,337.6843845273,1.0
Paper-proposed MLR,2014-04-10T05:00:00+00:00,2014-04-10T15:00:00+10:00,2014-04-10,15,6,0.099807692,0.18438111810645938,0.18438111810645938,33.72,24.16,16.86,143.74270015184715,556.2827306135999,1.0
Paper-proposed MLR,2014-04-10T06:00:00+00:00,2014-04-10T16:00:00+10:00,2014-04-10,16,7,0.046474359,0.0604026524338338,0.0604026524338338,40.39,39.74,20.195,64.75143737718821,634.00649040015,1.0
Paper-proposed MLR,2014-04-10T07:00:00+00:00,2014-04-10T17:00:00+10:00,2014-04-10,17,8,0.018974359,0.0019826086808163723,0.0019826086808163723,40.43,38.82,20.215,22.193298490683432,617.95700001555,1.0
Paper-proposed MLR,2014-04-10T08:00:00+00:00,2014-04-10T18:00:00+10:00,2014-04-10,18,9,0.001602564,0.00025375239789310333,0.00025375239789310333,40.21,37.12,20.105,1.8081381176846905,604.1165864766,1.0
Paper-proposed MLR,2014-04-10T09:00:00+00:00,2014-04-10T19:00:00+10:00,2014-04-10,19,10,0.0,0.003434788343410461,0.003434788343410461,39.5,33.09,19.75,2.0351120934706977,592.5,1.0
Paper-proposed MLR,2014-04-10T10:00:00+00:00,2014-04-10T20:00:00+10:00,2014-04-10,20,11,0.0,0.0015795104437980323,0.0015795104437980323,39.11,30.89,19.555,0.9266198018541156,586.65,1.0
Paper-proposed MLR,2014-04-10T23:00:00+00:00,2014-04-11T09:00:00+10:00,2014-04-11,9,0,0.283846154,0.2674591836198421,0.2674591836198421,30.93,28.46,15.465,262.16657179143033,595.6404231483,1.0
Paper-proposed MLR,2014-04-11T00:00:00+00:00,2014-04-11T10:00:00+10:00,2014-04-11,10,1,0.283717949,0.38782986723634244,0.38782986723634244,27.39,26.43,13.695,275.9054203007013,527.41551934665,1.0
Paper-proposed MLR,2014-04-11T01:00:00+00:00,2014-04-11T11:00:00+10:00,2014-04-11,11,2,0.251410256,0.4782316555813679,0.4782316555813679,26.16,25.47,13.08,286.3114861045288,491.05338445440003,1.0
Paper-proposed MLR,2014-04-11T02:00:00+00:00,2014-04-11T12:00:00+10:00,2014-04-11,12,3,0.288910256,0.4322166246082631,0.4322166246082631,25.22,23.47,12.61,272.8022989341059,487.59474984479994,1.0
Paper-proposed MLR,2014-04-11T03:00:00+00:00,2014-04-11T13:00:00+10:00,2014-04-11,13,4,0.148653846,0.4792148108716464,0.4792148108716464,24.03,31.39,12.015,226.31525736938497,414.03227879070005,1.0
Paper-proposed MLR,2014-04-11T04:00:00+00:00,2014-04-11T14:00:00+10:00,2014-04-11,14,5,0.147051282,0.47674819539473484,0.47674819539473484,25.98,25.04,12.99,243.0946563407282,447.00588459540006,1.0
Paper-proposed MLR,2014-04-11T05:00:00+00:00,2014-04-11T15:00:00+10:00,2014-04-11,15,6,0.241346154,0.3036500206933246,0.3036500206933246,36.7,27.48,18.35,300.02039416867524,683.361057777,1.0
Paper-proposed MLR,2014-04-11T06:00:00+00:00,2014-04-11T16:00:00+10:00,2014-04-11,16,7,0.194294872,0.15294448621733853,0.15294448621733853,42.92,33.55,21.46,238.5504837436939,768.8870385936,1.0
Paper-proposed MLR,2014-04-11T07:00:00+00:00,2014-04-11T17:00:00+10:00,2014-04-11,17,8,0.035384615,0.05581482987499822,0.05581482987499822,43.29,39.98,21.645,59.220359529580094,672.3269997502499,1.0
Paper-proposed MLR,2014-04-11T08:00:00+00:00,2014-04-11T18:00:00+10:00,2014-04-11,18,9,0.006282051,0.005937746728599591,0.005937746728599591,45.77,40.94,22.885,8.575994539174081,690.86294211405,1.0
Paper-proposed MLR,2014-04-11T09:00:00+00:00,2014-04-11T19:00:00+10:00,2014-04-11,19,10,0.0,0.003434788343410461,0.003434788343410461,46.18,41.99,23.09,2.3792778854804264,692.7,1.0
Paper-proposed MLR,2014-04-11T10:00:00+00:00,2014-04-11T20:00:00+10:00,2014-04-11,20,11,0.0,0.0016111979059402481,0.0016111979059402481,46.03,38.57,23.015,1.1124515941564443,690.45,1.0
Paper-proposed MLR,2014-04-11T23:00:00+00:00,2014-04-12T09:00:00+10:00,2014-04-12,9,0,0.239551282,0.3890649595073512,0.3890649595073512,24.82,18.54,12.41,234.03382671318687,461.4849422886,1.0
Paper-proposed MLR,2014-04-12T00:00:00+00:00,2014-04-12T10:00:00+10:00,2014-04-12,10,1,0.705961538,0.6167834626960323,0.6167834626960323,19.4,10.95,9.7,388.2629730264442,496.43480755799993,1.0
Paper-proposed MLR,2014-04-12T01:00:00+00:00,2014-04-12T11:00:00+10:00,2014-04-12,11,2,0.837564103,0.5149756509377945,0.5149756509377945,16.080000000000002,15.84,8.040000000000001,401.71828643235216,443.22046164360006,1.0
Paper-proposed MLR,2014-04-12T02:00:00+00:00,2014-04-12T12:00:00+10:00,2014-04-12,12,3,0.821538462,0.5499734645350305,0.5499734645350305,15.95,5.55,7.975,308.3778748579295,435.80307703349996,1.0
Paper-proposed MLR,2014-04-12T03:00:00+00:00,2014-04-12T13:00:00+10:00,2014-04-12,13,4,0.754551282,0.6522825925189686,0.6522825925189686,14.88,15.49,7.44,338.70320930230287,391.6158461424,1.0
Paper-proposed MLR,2014-04-12T04:00:00+00:00,2014-04-12T14:00:00+10:00,2014-04-12,14,5,0.633910256,0.558248660178885,0.558248660178885,15.05,17.900000000000002,7.525,292.67954702670534,368.855240292,1.0
Paper-proposed MLR,2014-04-12T05:00:00+00:00,2014-04-12T15:00:00+10:00,2014-04-12,15,6,0.461474359,0.40384984074588204,0.40384984074588204,16.1,15.26,8.05,221.43997753699625,352.94605769850006,1.0
Paper-proposed MLR,2014-04-12T06:00:00+00:00,2014-04-12T16:00:00+10:00,2014-04-12,16,7,0.23275641,0.23553768048578444,0.23553768048578444,19.67,15.18,9.835,138.1701713978307,363.72477877050005,1.0
Paper-proposed MLR,2014-04-12T07:00:00+00:00,2014-04-12T17:00:00+10:00,2014-04-12,17,8,0.063461538,0.0882426139211169,0.0882426139211169,26.34,25.1,13.17,59.93831042403328,420.1736536638,1.0
Paper-proposed MLR,2014-04-12T08:00:00+00:00,2014-04-12T18:00:00+10:00,2014-04-12,18,9,0.010384615,0.00898074387840625,0.00898074387840625,30.49,27.82,15.245,9.38635726366034,462.09940367024996,1.0
Paper-proposed MLR,2014-04-12T09:00:00+00:00,2014-04-12T19:00:00+10:00,2014-04-12,19,10,0.0,0.003434788343410461,0.003434788343410461,33.17,29.37,16.585,1.7089789402638749,497.55,1.0
Paper-proposed MLR,2014-04-12T10:00:00+00:00,2014-04-12T20:00:00+10:00,2014-04-12,20,11,0.0,0.0016021984772302267,0.0016021984772302267,33.92,30.41,16.96,0.8151985852147394,508.8,1.0
Paper-proposed MLR,2014-04-12T23:00:00+00:00,2014-04-13T09:00:00+10:00,2014-04-13,9,0,0.626730769,0.3914925869535536,0.3914925869535536,26.72,24.33,13.36,485.52080677766975,651.9936922152,1.0
Paper-proposed MLR,2014-04-13T00:00:00+00:00,2014-04-13T10:00:00+10:00,2014-04-13,10,1,0.749358974,0.6286717519276055,0.6286717519276055,21.39,19.31,10.695,473.33277095848257,561.2818268079001,1.0
Paper-proposed MLR,2014-04-13T01:00:00+00:00,2014-04-13T11:00:00+10:00,2014-04-13,11,2,0.798910256,0.6787457647567073,0.6787457647567073,19.71,20.6,9.855,475.6040262889959,531.8478171864,1.0
Paper-proposed MLR,2014-04-13T02:00:00+00:00,2014-04-13T12:00:00+10:00,2014-04-13,12,3,0.779551282,0.6911902064983968,0.6911902064983968,19.18,20.81,9.59,452.87466425482836,511.97690383139997,1.0
Paper-proposed MLR,2014-04-13T03:00:00+00:00,2014-04-13T13:00:00+10:00,2014-04-13,13,4,0.722051282,0.6513038203685528,0.6513038203685528,17.61,20.2,8.805,386.95677004936346,454.87984614029995,1.0
Paper-proposed MLR,2014-04-13T04:00:00+00:00,2014-04-13T14:00:00+10:00,2014-04-13,14,5,0.596602564,0.4863266179337665,0.4863266179337665,17.84,15.95,8.92,313.0490461108446,427.2508461264,1.0
Paper-proposed MLR,2014-04-13T05:00:00+00:00,2014-04-13T15:00:00+10:00,2014-04-13,15,6,0.434615385,0.35340810314360116,0.35340810314360116,18.1,13.86,9.05,225.66658780286608,389.4980770275001,1.0
Paper-proposed MLR,2014-04-13T06:00:00+00:00,2014-04-13T16:00:00+10:00,2014-04-13,16,7,0.196474359,0.1787504138010944,0.1787504138010944,20.27,14.81,10.135,116.57287548431925,363.78802885395,1.0
Paper-proposed MLR,2014-04-13T07:00:00+00:00,2014-04-13T17:00:00+10:00,2014-04-13,17,8,0.051730769,0.05904534296359562,0.05904534296359562,22.47,19.3,11.235,37.337088537329905,354.48585569145,1.0
Paper-proposed MLR,2014-04-13T08:00:00+00:00,2014-04-13T18:00:00+10:00,2014-04-13,18,9,0.007435897,0.005633215696956073,0.005633215696956073,24.49,23.13,12.245,5.389604128735808,370.08157676294996,1.0
Paper-proposed MLR,2014-04-13T09:00:00+00:00,2014-04-13T19:00:00+10:00,2014-04-13,19,10,0.0,0.003434788343410461,0.003434788343410461,25.89,26.04,12.945,1.3339000531634526,388.35,1.0
Paper-proposed MLR,2014-04-13T10:00:00+00:00,2014-04-13T20:00:00+10:00,2014-04-13,20,11,0.0,0.0015812155987115217,0.0015812155987115217,26.88,27.83,13.44,0.6375461294004855,403.2,1.0
Paper-proposed MLR,2014-04-13T23:00:00+00:00,2014-04-14T09:00:00+10:00,2014-04-14,9,0,0.642435897,0.3879615868168498,0.3879615868168498,20.07,19.92,10.035,385.6655191878759,494.45532679185004,1.0
Paper-proposed MLR,2014-04-14T00:00:00+00:00,2014-04-14T10:00:00+10:00,2014-04-14,10,1,0.769102564,0.6289244717166966,0.6289244717166966,19.39,16.580000000000002,9.695,435.56994829931756,514.5434807393999,1.0
Paper-proposed MLR,2014-04-14T01:00:00+00:00,2014-04-14T11:00:00+10:00,2014-04-14,11,2,0.80974359,0.6640032751643615,0.6640032751643615,17.61,14.05,8.805,412.22247297255376,478.04376929849997,1.0
Paper-proposed MLR,2014-04-14T02:00:00+00:00,2014-04-14T12:00:00+10:00,2014-04-14,12,3,0.807628205,0.65088376767992,0.65088376767992,17.21,12.61,8.605,395.347709891329,466.63922112075005,1.0
Paper-proposed MLR,2014-04-14T03:00:00+00:00,2014-04-14T13:00:00+10:00,2014-04-14,13,4,0.73525641,0.5090705817859927,0.5090705817859927,18.02,13.5,9.01,366.80881694018063,469.039807623,1.0
Paper-proposed MLR,2014-04-14T04:00:00+00:00,2014-04-14T14:00:00+10:00,2014-04-14,14,5,0.467692308,0.4018405354589555,0.4018405354589555,21.04,21.71,10.52,296.531005437675,463.2036924048,1.0
Paper-proposed MLR,2014-04-14T05:00:00+00:00,2014-04-14T15:00:00+10:00,2014-04-14,15,6,0.479935897,0.28459725161622407,0.28459725161622407,30.54,44.27,15.27,520.1772568649773,677.9586344157001,1.0
Paper-proposed MLR,2014-04-14T06:00:00+00:00,2014-04-14T16:00:00+10:00,2014-04-14,16,7,0.193910256,0.14600307219989533,0.14600307219989533,34.38,44.63,17.19,214.7304970569322,615.6995190192001,1.0
Paper-proposed MLR,2014-04-14T07:00:00+00:00,2014-04-14T17:00:00+10:00,2014-04-14,17,8,0.0625,0.0645430014538537,0.0645430014538537,36.86,43.11,18.43,70.24207550383571,587.45625,1.0
Paper-proposed MLR,2014-04-14T08:00:00+00:00,2014-04-14T18:00:00+10:00,2014-04-14,18,9,0.004294872,0.007932214432234519,0.007932214432234519,39.34,58.1,19.67,7.21520370366159,592.6344039672,1.0
Paper-proposed MLR,2014-04-14T09:00:00+00:00,2014-04-14T19:00:00+10:00,2014-04-14,19,10,0.0,0.003434788343410461,0.003434788343410461,39.69,32.8,19.845,2.044901240249418,595.3499999999999,1.0
Paper-proposed MLR,2014-04-14T10:00:00+00:00,2014-04-14T20:00:00+10:00,2014-04-14,20,11,0.0,0.0016006354185595095,0.0016006354185595095,40.74,37.2,20.37,0.9781483042817164,611.1,1.0
Paper-proposed MLR,2014-04-14T23:00:00+00:00,2014-04-15T09:00:00+10:00,2014-04-15,9,0,0.614679487,0.38968765969102775,0.38968765969102775,33.11,33.0,16.555,609.8186614069804,801.93056721855,1.0
Paper-proposed MLR,2014-04-15T00:00:00+00:00,2014-04-15T10:00:00+10:00,2014-04-15,10,1,0.756730769,0.6246322630290432,0.6246322630290432,32.12,51.39,16.06,805.55191531021,1166.6518265673,0.0
Paper-proposed MLR,2014-04-15T01:00:00+00:00,2014-04-15T11:00:00+10:00,2014-04-15,11,2,0.775192308,0.68445995120309,0.68445995120309,30.65,28.27,15.325,706.3110369307007,816.1446636029999,1.0
Paper-proposed MLR,2014-04-15T02:00:00+00:00,2014-04-15T12:00:00+10:00,2014-04-15,12,3,0.537307692,0.6886376383150183,0.6886376383150183,30.49,26.48,15.245,560.6860968195735,703.0876729361999,1.0
Paper-proposed MLR,2014-04-15T03:00:00+00:00,2014-04-15T13:00:00+10:00,2014-04-15,13,4,0.463141026,0.6011848040893539,0.6011848040893539,30.72,28.31,15.36,490.4413425051743,674.2153847808,1.0
Paper-proposed MLR,2014-04-15T04:00:00+00:00,2014-04-15T14:00:00+10:00,2014-04-15,14,5,0.231538462,0.4638995173413361,0.4638995173413361,33.160000000000004,28.57,16.580000000000002,345.9108509243806,612.5672309988,1.0
Paper-proposed MLR,2014-04-15T05:00:00+00:00,2014-04-15T15:00:00+10:00,2014-04-15,15,6,0.288589744,0.2906753785162217,0.2906753785162217,48.41,46.64,24.205,420.63336871515435,935.7094426056,1.0
Paper-proposed MLR,2014-04-15T06:00:00+00:00,2014-04-15T16:00:00+10:00,2014-04-15,16,7,0.114423077,0.1341190552717189,0.1341190552717189,65.35,93.7,32.675,243.63342515935247,1092.41322122925,1.0
Paper-proposed MLR,2014-04-15T07:00:00+00:00,2014-04-15T17:00:00+10:00,2014-04-15,17,8,0.050641026,0.05213287434773636,0.05213287434773636,60.12,129.01,30.06,92.68150333358865,947.4680772468,1.0
Paper-proposed MLR,2014-04-15T08:00:00+00:00,2014-04-15T18:00:00+10:00,2014-04-15,18,9,0.008525641,0.005856249591400353,0.005856249591400353,55.65,53.04,27.825,14.024544302206648,841.86677882475,1.0
Paper-proposed MLR,2014-04-15T09:00:00+00:00,2014-04-15T19:00:00+10:00,2014-04-15,19,10,0.0,0.003434788343410461,0.003434788343410461,51.96,52.95,25.98,2.6770740348541135,779.4,1.0
Paper-proposed MLR,2014-04-15T10:00:00+00:00,2014-04-15T20:00:00+10:00,2014-04-15,20,11,0.0,0.0016021984772302267,0.0016021984772302267,50.39,46.11,25.195,1.2110217190144668,755.85,1.0
Paper-proposed MLR,2014-04-15T23:00:00+00:00,2014-04-16T09:00:00+10:00,2014-04-16,9,0,0.597820513,0.3885626873340577,0.3885626873340577,23.5,28.74,11.75,454.3587918596861,563.2317308325,1.0
Paper-proposed MLR,2014-04-16T00:00:00+00:00,2014-04-16T10:00:00+10:00,2014-04-16,10,1,0.717179487,0.6236373327984984,0.6236373327984984,25.87,31.28,12.935,571.7848914876037,673.0012306008,0.0
Paper-proposed MLR,2014-04-16T01:00:00+00:00,2014-04-16T11:00:00+10:00,2014-04-16,11,2,0.773205128,0.6837655489468842,0.6837655489468842,24.29,56.81,12.145,650.6918300978197,1317.7734996504,0.0
Paper-proposed MLR,2014-04-16T02:00:00+00:00,2014-04-16T12:00:00+10:00,2014-04-16,12,3,0.762179487,0.6861822188272024,0.6861822188272024,23.59,24.63,11.795,541.7655377168913,623.54721147495,1.0
Paper-proposed MLR,2014-04-16T03:00:00+00:00,2014-04-16T13:00:00+10:00,2014-04-16,13,4,0.706666667,0.6408620136885398,0.6408620136885398,23.71,20.15,11.855,495.62406326343614,606.97600011855,1.0
Paper-proposed MLR,2014-04-16T04:00:00+00:00,2014-04-16T14:00:00+10:00,2014-04-16,14,5,0.601410256,0.5182766102164316,0.5182766102164316,25.88,20.66,12.94,453.9161938286931,621.6674613792,1.0
Paper-proposed MLR,2014-04-16T05:00:00+00:00,2014-04-16T15:00:00+10:00,2014-04-16,15,6,0.38775641,0.3559853688996358,0.3559853688996358,40.24,52.02,20.12,479.3274240768687,837.6497690760001,1.0
Paper-proposed MLR,2014-04-16T06:00:00+00:00,2014-04-16T16:00:00+10:00,2014-04-16,16,7,0.212884615,0.1806717431762625,0.1806717431762625,62.12,47.28,31.06,382.39059797807204,1130.165884257,1.0
Paper-proposed MLR,2014-04-16T07:00:00+00:00,2014-04-16T17:00:00+10:00,2014-04-16,17,8,0.062948718,0.06162651939188599,0.06162651939188599,54.81,40.87,27.405,102.95363354948672,873.9032885037001,1.0
Paper-proposed MLR,2014-04-16T08:00:00+00:00,2014-04-16T18:00:00+10:00,2014-04-16,18,9,0.00775641,0.004811555341995732,0.004811555341995732,50.62,34.77,25.31,10.378605836118972,765.1894421129999,1.0
Paper-proposed MLR,2014-04-16T09:00:00+00:00,2014-04-16T19:00:00+10:00,2014-04-16,19,10,0.0,0.003434788343410461,0.003434788343410461,45.96,38.75,22.98,2.367943083947172,689.4,1.0
Paper-proposed MLR,2014-04-16T10:00:00+00:00,2014-04-16T20:00:00+10:00,2014-04-16,20,11,0.0,0.0016091138277126438,0.0016091138277126438,43.68,32.11,21.84,1.0542913799173241,655.2,1.0
Paper-proposed MLR,2014-04-16T23:00:00+00:00,2014-04-17T09:00:00+10:00,2014-04-17,9,0,0.59525641,0.3835912054403357,0.3835912054403357,27.09,18.94,13.545,432.012741892162,648.2324422034999,1.0
Paper-proposed MLR,2014-04-17T00:00:00+00:00,2014-04-17T10:00:00+10:00,2014-04-17,10,1,0.710961538,0.6168950065157006,0.6168950065157006,22.95,13.37,11.475,462.4622977644123,588.9985094565,1.0
Paper-proposed MLR,2014-04-17T01:00:00+00:00,2014-04-17T11:00:00+10:00,2014-04-17,11,2,0.759294872,0.6561144090820861,0.6561144090820861,22.19,19.75,11.095,497.9097864048088,585.5812981452001,1.0
Paper-proposed MLR,2014-04-17T02:00:00+00:00,2014-04-17T12:00:00+10:00,2014-04-17,12,3,0.764038462,0.6358221250797427,0.6358221250797427,22.97,17.84,11.485,506.7664099121723,607.7994520821,1.0
Paper-proposed MLR,2014-04-17T03:00:00+00:00,2014-04-17T13:00:00+10:00,2014-04-17,13,4,0.654166667,0.5890883100103846,0.5890883100103846,24.43,21.34,12.215,473.4059865513627,606.1693751221501,1.0
Paper-proposed MLR,2014-04-17T04:00:00+00:00,2014-04-17T14:00:00+10:00,2014-04-17,14,5,0.586794872,0.47638697005823843,0.47638697005823843,26.51,25.83,13.255,464.4256405019881,630.9889808508,1.0
Paper-proposed MLR,2014-04-17T05:00:00+00:00,2014-04-17T15:00:00+10:00,2014-04-17,15,6,0.392628205,0.35818072683217506,0.35818072683217506,36.7,27.52,18.35,422.79681821758106,766.6418268525001,1.0
Paper-proposed MLR,2014-04-17T06:00:00+00:00,2014-04-17T16:00:00+10:00,2014-04-17,16,7,0.229615385,0.16846345609137897,0.16846345609137897,45.51,44.44,22.755,311.53090822253324,839.39694257025,1.0
Paper-proposed MLR,2014-04-17T07:00:00+00:00,2014-04-17T17:00:00+10:00,2014-04-17,17,8,0.049551282,0.057614544734033296,0.057614544734033296,46.93,40.64,23.465,75.43938372942273,738.8316249639,1.0
Paper-proposed MLR,2014-04-17T08:00:00+00:00,2014-04-17T18:00:00+10:00,2014-04-17,18,9,0.008333333,0.006124096390182687,0.006124096390182687,45.99,46.27,22.995,11.516057127622467,695.5987497700501,1.0
Paper-proposed MLR,2014-04-17T09:00:00+00:00,2014-04-17T19:00:00+10:00,2014-04-17,19,10,0.0,0.003434788343410461,0.003434788343410461,45.62,40.36,22.81,2.3504256633957783,684.3,1.0
Paper-proposed MLR,2014-04-17T10:00:00+00:00,2014-04-17T20:00:00+10:00,2014-04-17,20,11,0.0,0.001595283126747754,0.001595283126747754,46.42,41.16,23.21,1.1107956411544613,696.3000000000001,1.0
Paper-proposed MLR,2014-04-17T23:00:00+00:00,2014-04-18T09:00:00+10:00,2014-04-18,9,0,0.205448718,0.35215174167776525,0.35215174167776525,31.77,25.1,15.885,265.72449905943904,574.4565865629,1.0
Paper-proposed MLR,2014-04-18T00:00:00+00:00,2014-04-18T10:00:00+10:00,2014-04-18,10,1,0.354807692,0.5935999152285036,0.5935999152285036,28.1,23.26,14.05,399.75380644681434,571.0514421780001,1.0
Paper-proposed MLR,2014-04-18T01:00:00+00:00,2014-04-18T11:00:00+10:00,2014-04-18,11,2,0.774230769,0.670357806272301,0.670357806272301,26.61,24.63,13.305,611.8983689066747,708.18421144635,1.0
Paper-proposed MLR,2014-04-18T02:00:00+00:00,2014-04-18T12:00:00+10:00,2014-04-18,12,3,0.729551282,0.6302106851237745,0.6302106851237745,26.29,23.64,13.145,567.49951866174,682.0485480567,1.0
Paper-proposed MLR,2014-04-18T03:00:00+00:00,2014-04-18T13:00:00+10:00,2014-04-18,13,4,0.667692308,0.5940765796547397,0.5940765796547397,25.95,23.38,12.975,514.1226891225804,649.149230889,1.0
Paper-proposed MLR,2014-04-18T04:00:00+00:00,2014-04-18T14:00:00+10:00,2014-04-18,14,5,0.451730769,0.4491017330998963,0.4491017330998963,26.93,25.4,13.465,364.8326155272852,586.4266441375499,1.0
Paper-proposed MLR,2014-04-18T05:00:00+00:00,2014-04-18T15:00:00+10:00,2014-04-18,15,6,0.303333333,0.3381001907277349,0.3381001907277349,32.92,27.74,16.46,316.7398740167555,643.5859998354001,1.0
Paper-proposed MLR,2014-04-18T06:00:00+00:00,2014-04-18T16:00:00+10:00,2014-04-18,16,7,0.218589744,0.1502611009963808,0.1502611009963808,39.16,32.230000000000004,19.58,242.59370637074755,715.7996156255999,1.0
Paper-proposed MLR,2014-04-18T07:00:00+00:00,2014-04-18T17:00:00+10:00,2014-04-18,17,8,0.039551282,0.05256466100287785,0.05256466100287785,43.23,41.89,21.615,59.73258324021614,674.0970288129,1.0
Paper-proposed MLR,2014-04-18T08:00:00+00:00,2014-04-18T18:00:00+10:00,2014-04-18,18,9,0.006089744,0.005339815673833903,0.005339815673833903,43.24,41.63,21.62,7.863394378646179,652.5498079584,1.0
Paper-proposed MLR,2014-04-18T09:00:00+00:00,2014-04-18T19:00:00+10:00,2014-04-18,19,10,0.0,0.003434788343410461,0.003434788343410461,43.0,38.63,21.5,2.2154384814997474,645.0,1.0
Paper-proposed MLR,2014-04-18T10:00:00+00:00,2014-04-18T20:00:00+10:00,2014-04-18,20,11,0.0,0.0016021984772302267,0.0016021984772302267,41.04,33.0,20.52,0.9863133825829276,615.6,1.0
Paper-proposed MLR,2014-04-18T23:00:00+00:00,2014-04-19T09:00:00+10:00,2014-04-19,9,0,0.622692308,0.33531914817408615,0.33531914817408615,22.87,15.02,11.435,359.55281337979727,556.6645962594,1.0
Paper-proposed MLR,2014-04-19T00:00:00+00:00,2014-04-19T10:00:00+10:00,2014-04-19,10,1,0.760576923,0.5673934787923285,0.5673934787923285,21.58,15.49,10.79,457.10288469345846,569.8987499750999,1.0
Paper-proposed MLR,2014-04-19T01:00:00+00:00,2014-04-19T11:00:00+10:00,2014-04-19,11,2,0.802628205,0.6323658677517696,0.6323658677517696,18.47,9.19,9.235,397.33525370059266,499.41814419524997,1.0
Paper-proposed MLR,2014-04-19T02:00:00+00:00,2014-04-19T12:00:00+10:00,2014-04-19,12,3,0.782307692,0.6689927564272147,0.6689927564272147,16.77,11.81,8.385,376.71773743196957,448.3394999226,1.0
Paper-proposed MLR,2014-04-19T03:00:00+00:00,2014-04-19T13:00:00+10:00,2014-04-19,13,4,0.718910256,0.6649512124406365,0.6649512124406365,16.7,14.22,8.35,356.1594854151834,430.587019128,1.0
Paper-proposed MLR,2014-04-19T04:00:00+00:00,2014-04-19T14:00:00+10:00,2014-04-19,14,5,0.605769231,0.5634009585184255,0.5634009585184255,16.490000000000002,13.97,8.245000000000001,296.470997176093,397.18701928785003,1.0
Paper-proposed MLR,2014-04-19T05:00:00+00:00,2014-04-19T15:00:00+10:00,2014-04-19,15,6,0.434615385,0.4144879219364096,0.4144879219364096,18.64,16.94,9.32,242.0104226757569,401.118461646,1.0
Paper-proposed MLR,2014-04-19T06:00:00+00:00,2014-04-19T16:00:00+10:00,2014-04-19,16,7,0.215512821,0.22311615263595055,0.22311615263595055,22.31,18.05,11.155,146.78718602727085,406.77136554764996,1.0
Paper-proposed MLR,2014-04-19T07:00:00+00:00,2014-04-19T17:00:00+10:00,2014-04-19,17,8,0.044423077,0.07591574024308093,0.07591574024308093,24.96,19.7,12.48,45.0548531758095,391.03200002880004,1.0
Paper-proposed MLR,2014-04-19T08:00:00+00:00,2014-04-19T18:00:00+10:00,2014-04-19,18,9,0.00525641,0.006243528173021484,0.006243528173021484,28.52,22.34,14.26,4.91967355041859,430.048692198,1.0
Paper-proposed MLR,2014-04-19T09:00:00+00:00,2014-04-19T19:00:00+10:00,2014-04-19,19,10,0.0,0.003434788343410461,0.003434788343410461,30.13,25.3,15.065,1.5523525918043577,451.95,1.0
Paper-proposed MLR,2014-04-19T10:00:00+00:00,2014-04-19T20:00:00+10:00,2014-04-19,20,11,0.0,0.0016011090727021393,0.0016011090727021393,29.64,22.07,14.82,0.7118530937233711,444.6,1.0
Paper-proposed MLR,2014-04-19T23:00:00+00:00,2014-04-20T09:00:00+10:00,2014-04-20,9,0,0.581025641,0.38223718700509135,0.38223718700509135,26.45,15.72,13.225,397.0538427925389,627.27192306675,1.0
Paper-proposed MLR,2014-04-20T00:00:00+00:00,2014-04-20T10:00:00+10:00,2014-04-20,10,1,0.682371795,0.6152726553017582,0.6152726553017582,22.61,13.56,11.305,444.6353721204274,570.57639427425,1.0
Paper-proposed MLR,2014-04-20T01:00:00+00:00,2014-04-20T11:00:00+10:00,2014-04-20,11,2,0.793910256,0.669696024908593,0.669696024908593,22.03,13.67,11.015,493.54235903267517,592.7976440952001,1.0
Paper-proposed MLR,2014-04-20T02:00:00+00:00,2014-04-20T12:00:00+10:00,2014-04-20,12,3,0.78224359,0.6827496460876793,0.6827496460876793,20.86,13.64,10.43,467.97765037059133,557.6640193110001,1.0
Paper-proposed MLR,2014-04-20T03:00:00+00:00,2014-04-20T13:00:00+10:00,2014-04-20,13,4,0.727628205,0.6576200960035667,0.6576200960035667,21.03,15.610000000000005,10.515,447.67731601168,544.98031726725,1.0
Paper-proposed MLR,2014-04-20T04:00:00+00:00,2014-04-20T14:00:00+10:00,2014-04-20,14,5,0.613846154,0.5661274984616009,0.5661274984616009,21.41,19.14,10.705,391.023744272035,518.2866923570999,1.0
Paper-proposed MLR,2014-04-20T05:00:00+00:00,2014-04-20T15:00:00+10:00,2014-04-20,15,6,0.439358974,0.41838895852118574,0.41838895852118574,22.73,21.64,11.365,298.91316486444276,490.7494421853,1.0
Paper-proposed MLR,2014-04-20T06:00:00+00:00,2014-04-20T16:00:00+10:00,2014-04-20,16,7,0.226602564,0.22254065863268005,0.22254065863268005,24.39,20.56,12.195,165.33838315209496,448.75254803940004,1.0
Paper-proposed MLR,2014-04-20T07:00:00+00:00,2014-04-20T17:00:00+10:00,2014-04-20,17,8,0.047692308,0.07662258260929916,0.07662258260929916,28.31,25.44,14.155,52.79031829723889,444.90253859219996,1.0
Paper-proposed MLR,2014-04-20T08:00:00+00:00,2014-04-20T18:00:00+10:00,2014-04-20,18,9,0.004935897,0.006056519831152907,0.006056519831152907,30.68,28.16,15.34,5.058710225696568,462.47149979939996,1.0
Paper-proposed MLR,2014-04-20T09:00:00+00:00,2014-04-20T19:00:00+10:00,2014-04-20,19,10,0.0,0.003434788343410461,0.003434788343410461,31.21,28.86,15.605,1.6079961629676074,468.15000000000003,1.0
Paper-proposed MLR,2014-04-20T10:00:00+00:00,2014-04-20T20:00:00+10:00,2014-04-20,20,11,0.0,0.0016021984772302267,0.0016021984772302267,31.33,33.08,15.665,0.752953174374345,469.95,1.0
Paper-proposed MLR,2014-04-20T23:00:00+00:00,2014-04-21T09:00:00+10:00,2014-04-21,9,0,0.100512821,0.3020059327414143,0.3020059327414143,27.7,20.05,13.85,167.24654217955762,457.2630771255,1.0
Paper-proposed MLR,2014-04-21T00:00:00+00:00,2014-04-21T10:00:00+10:00,2014-04-21,10,1,0.312692308,0.5250407615330615,0.5250407615330615,25.45,21.73,12.725,319.80459929424615,501.120288579,1.0
Paper-proposed MLR,2014-04-21T01:00:00+00:00,2014-04-21T11:00:00+10:00,2014-04-21,11,2,0.589487179,0.63089613456982,0.63089613456982,24.16,22.36,12.08,442.26691283770276,576.0301536696,1.0
Paper-proposed MLR,2014-04-21T02:00:00+00:00,2014-04-21T12:00:00+10:00,2014-04-21,12,3,0.658397436,0.5920931452731242,0.5920931452731242,23.19,22.01,11.595,455.69992433346863,576.8735481126,1.0
Paper-proposed MLR,2014-04-21T03:00:00+00:00,2014-04-21T13:00:00+10:00,2014-04-21,13,4,0.705576923,0.6300350289193046,0.6300350289193046,23.06,21.97,11.53,485.64789539496127,589.9590576656999,1.0
Paper-proposed MLR,2014-04-21T04:00:00+00:00,2014-04-21T14:00:00+10:00,2014-04-21,14,5,0.549551282,0.5259169235132284,0.5259169235132284,24.74,23.28,12.37,406.8417765986794,575.0384807501999,1.0
Paper-proposed MLR,2014-04-21T05:00:00+00:00,2014-04-21T15:00:00+10:00,2014-04-21,15,6,0.355192308,0.3748626919473994,0.3748626919473994,31.75,28.48,15.875,347.68869372494896,645.4103366850001,1.0
Paper-proposed MLR,2014-04-21T06:00:00+00:00,2014-04-21T16:00:00+10:00,2014-04-21,16,7,0.219871795,0.2128773695260678,0.2128773695260678,40.33,36.71,20.165,265.263290164031,737.9614423852499,1.0
Paper-proposed MLR,2014-04-21T07:00:00+00:00,2014-04-21T17:00:00+10:00,2014-04-21,17,8,0.0525,0.06933758449607333,0.06933758449607333,41.96,39.69,20.98,76.68457568182856,662.4435,1.0
Paper-proposed MLR,2014-04-21T08:00:00+00:00,2014-04-21T18:00:00+10:00,2014-04-21,18,9,0.005576923,0.005453529788247313,0.005453529788247313,43.99,49.09,21.995,7.378744444498161,663.52993264155,1.0
Paper-proposed MLR,2014-04-21T09:00:00+00:00,2014-04-21T19:00:00+10:00,2014-04-21,19,10,0.0,0.003434788343410461,0.003434788343410461,45.5,44.9,22.75,2.3442430443776394,682.5,1.0
Paper-proposed MLR,2014-04-21T10:00:00+00:00,2014-04-21T20:00:00+10:00,2014-04-21,20,11,0.0,0.001610961078868961,0.001610961078868961,45.09,50.56,22.545,1.089573525693022,676.35,1.0
Paper-proposed MLR,2014-04-21T23:00:00+00:00,2014-04-22T09:00:00+10:00,2014-04-22,9,0,0.357179487,0.3514297431747011,0.3514297431747011,26.62,22.27,13.31,284.49319674899857,541.9217691591,1.0
Paper-proposed MLR,2014-04-22T00:00:00+00:00,2014-04-22T10:00:00+10:00,2014-04-22,10,1,0.601089744,0.5666496247659367,0.5666496247659367,25.1,20.63,12.55,448.00215724271214,602.810288616,1.0
Paper-proposed MLR,2014-04-22T01:00:00+00:00,2014-04-22T11:00:00+10:00,2014-04-22,11,2,0.749487179,0.6425900264365104,0.6425900264365104,23.87,21.63,11.935,529.5242802296335,626.40388444095,1.0
Paper-proposed MLR,2014-04-22T02:00:00+00:00,2014-04-22T12:00:00+10:00,2014-04-22,12,3,0.771602564,0.646088086288648,0.646088086288648,23.6,20.79,11.8,535.7137448409331,627.1473076560001,1.0
Paper-proposed MLR,2014-04-22T03:00:00+00:00,2014-04-22T13:00:00+10:00,2014-04-22,13,4,0.718846154,0.6287050218281419,0.6287050218281419,24.36,23.8,12.18,523.8183983227127,628.0663846716,1.0
Paper-proposed MLR,2014-04-22T04:00:00+00:00,2014-04-22T14:00:00+10:00,2014-04-22,14,5,0.558012821,0.5325899533449476,0.5325899533449476,26.71,26.03,13.355,446.61704696713696,624.2178367336501,1.0
Paper-proposed MLR,2014-04-22T05:00:00+00:00,2014-04-22T15:00:00+10:00,2014-04-22,15,6,0.355769231,0.36312042880101975,0.36312042880101975,35.21,33.31,17.605,379.6815738239086,716.04951935265,1.0
Paper-proposed MLR,2014-04-22T06:00:00+00:00,2014-04-22T16:00:00+10:00,2014-04-22,16,7,0.143269231,0.1755593122094843,0.1755593122094843,41.8,37.44,20.9,199.90549659234662,716.829807837,1.0
Paper-proposed MLR,2014-04-22T07:00:00+00:00,2014-04-22T17:00:00+10:00,2014-04-22,17,8,0.054358974,0.05280636765544844,0.05280636765544844,47.66,40.87,23.83,77.40619511281484,753.7612305126,1.0
Paper-proposed MLR,2014-04-22T08:00:00+00:00,2014-04-22T18:00:00+10:00,2014-04-22,18,9,0.012179487,0.004930937162193061,0.004930937162193061,48.47,47.7,24.235,17.54275054544666,735.90509602335,1.0
Paper-proposed MLR,2014-04-22T09:00:00+00:00,2014-04-22T19:00:00+10:00,2014-04-22,19,10,0.0,0.003434788343410461,0.003434788343410461,48.63,40.35,24.315,2.505506357100761,729.45,1.0
Paper-proposed MLR,2014-04-22T10:00:00+00:00,2014-04-22T20:00:00+10:00,2014-04-22,20,11,0.0,0.0016066034607567226,0.0016066034607567226,49.01,41.64,24.505,1.1810945341753045,735.15,1.0
Paper-proposed MLR,2014-04-22T23:00:00+00:00,2014-04-23T09:00:00+10:00,2014-04-23,9,0,0.193461538,0.3583323639525731,0.3583323639525731,26.74,0.0,13.37,221.32453407317706,478.69742289179993,1.0
Paper-proposed MLR,2014-04-23T00:00:00+00:00,2014-04-23T10:00:00+10:00,2014-04-23,10,1,0.585448718,0.5880928936964318,0.5880928936964318,24.31,21.8,12.155,427.9319487051038,578.1338750187,1.0
Paper-proposed MLR,2014-04-23T01:00:00+00:00,2014-04-23T11:00:00+10:00,2014-04-23,11,2,0.581217949,0.6398697851544448,0.6398697851544448,22.48,21.19,11.24,411.7507839568788,533.1866924028,1.0
Paper-proposed MLR,2014-04-23T02:00:00+00:00,2014-04-23T12:00:00+10:00,2014-04-23,12,3,0.4775,0.6128699092441199,0.6128699092441199,20.98,20.43,10.49,343.13941043912456,464.96925000000005,1.0
Paper-proposed MLR,2014-04-23T03:00:00+00:00,2014-04-23T13:00:00+10:00,2014-04-23,13,4,0.440384615,0.5863303605843296,0.5863303605843296,20.54,18.65,10.27,316.3308839775319,443.7824998815,1.0
Paper-proposed MLR,2014-04-23T04:00:00+00:00,2014-04-23T14:00:00+10:00,2014-04-23,14,5,0.376282051,0.5193179827675949,0.5193179827675949,23.33,21.36,11.665,313.4152318169698,481.62990374744993,1.0
Paper-proposed MLR,2014-04-23T05:00:00+00:00,2014-04-23T15:00:00+10:00,2014-04-23,15,6,0.250512821,0.38254970908771696,0.38254970908771696,32.92,25.58,16.46,312.60627735731464,617.5032310098001,1.0
Paper-proposed MLR,2014-04-23T06:00:00+00:00,2014-04-23T16:00:00+10:00,2014-04-23,16,7,0.194230769,0.20622901893016773,0.20622901893016773,39.84,37.06,19.92,239.31476926706827,713.6723075544,1.0
Paper-proposed MLR,2014-04-23T07:00:00+00:00,2014-04-23T17:00:00+10:00,2014-04-23,17,8,0.050192308,0.06510787615021735,0.06510787615021735,41.13,40.54,20.565,71.13444861147659,647.9161444206,1.0
Paper-proposed MLR,2014-04-23T08:00:00+00:00,2014-04-23T18:00:00+10:00,2014-04-23,18,9,0.004294872,0.004974022932482669,0.004974022932482669,40.13,35.71,20.065,5.579411304607943,604.5352982004,1.0
Paper-proposed MLR,2014-04-23T09:00:00+00:00,2014-04-23T19:00:00+10:00,2014-04-23,19,10,0.0,0.003434788343410461,0.003434788343410461,41.43,35.99,20.715,2.134549216012431,621.45,1.0
Paper-proposed MLR,2014-04-23T10:00:00+00:00,2014-04-23T20:00:00+10:00,2014-04-23,20,11,0.0,0.0015808366753974068,0.0015808366753974068,41.36,38.66,20.68,0.9807510734165511,620.4,1.0
Paper-proposed MLR,2014-04-23T23:00:00+00:00,2014-04-24T09:00:00+10:00,2014-04-24,9,0,0.454807692,0.365802813553025,0.365802813553025,24.56,19.75,12.28,322.2589035057015,535.9511537327999,1.0
Paper-proposed MLR,2014-04-24T00:00:00+00:00,2014-04-24T10:00:00+10:00,2014-04-24,10,1,0.682435897,0.5978796475547705,0.5978796475547705,20.93,17.88,10.465,420.7646029020615,528.20074986315,1.0
Paper-proposed MLR,2014-04-24T01:00:00+00:00,2014-04-24T11:00:00+10:00,2014-04-24,11,2,0.742628205,0.6553518198186912,0.6553518198186912,19.89,20.64,9.945,445.0899685900795,519.91312496175,1.0
Paper-proposed MLR,2014-04-24T02:00:00+00:00,2014-04-24T12:00:00+10:00,2014-04-24,12,3,0.483076923,0.6577383165893207,0.6577383165893207,19.75,20.01,9.875,337.9665147283362,439.36153843875,1.0
Paper-proposed MLR,2014-04-24T03:00:00+00:00,2014-04-24T13:00:00+10:00,2014-04-24,13,4,0.341217949,0.6386512484521665,0.6386512484521665,20.66,21.07,10.33,303.6614642904264,415.6434423951,1.0
Paper-proposed MLR,2014-04-24T04:00:00+00:00,2014-04-24T14:00:00+10:00,2014-04-24,14,5,0.51275641,0.5468274993791924,0.5468274993791924,23.21,26.18,11.605,368.8941380503658,526.6661441415,1.0
Paper-proposed MLR,2014-04-24T05:00:00+00:00,2014-04-24T15:00:00+10:00,2014-04-24,15,6,0.416923077,0.40392001655497867,0.40392001655497867,31.56,40.27,15.78,398.14046899788406,670.7713846518,1.0
Paper-proposed MLR,2014-04-24T06:00:00+00:00,2014-04-24T16:00:00+10:00,2014-04-24,16,7,0.203653846,0.21541724592873684,0.21541724592873684,38.26,64.81,19.13,240.5048996579021,690.7769422194,1.0
Paper-proposed MLR,2014-04-24T07:00:00+00:00,2014-04-24T17:00:00+10:00,2014-04-24,17,8,0.037051282,0.06917452457330947,0.06917452457330947,39.47,52.01,19.735,62.89098878172787,613.9862115081,1.0
Paper-proposed MLR,2014-04-24T08:00:00+00:00,2014-04-24T18:00:00+10:00,2014-04-24,18,9,0.003717949,0.004940566831980409,0.004940566831980409,41.62,187.37,20.81,5.405511433905368,626.6211155607,1.0
Paper-proposed MLR,2014-04-24T09:00:00+00:00,2014-04-24T19:00:00+10:00,2014-04-24,19,10,0.0,0.003434788343410461,0.003434788343410461,44.28,49.64,22.14,2.2813864176932284,664.2,1.0
Paper-proposed MLR,2014-04-24T10:00:00+00:00,2014-04-24T20:00:00+10:00,2014-04-24,20,11,0.0,0.001587704660465622,0.001587704660465622,43.02,44.52,21.51,1.024545817398466,645.3000000000001,1.0
Paper-proposed MLR,2014-04-24T23:00:00+00:00,2014-04-25T09:00:00+10:00,2014-04-25,9,0,0.258269231,0.32615201407336974,0.32615201407336974,28.18,30.5,14.09,247.03486029251337,531.8704039437,1.0
Paper-proposed MLR,2014-04-25T00:00:00+00:00,2014-04-25T10:00:00+10:00,2014-04-25,10,1,0.213205128,0.557358477148086,0.557358477148086,27.91,26.87,13.955,322.59645329524625,507.90832683720004,1.0
Paper-proposed MLR,2014-04-25T01:00:00+00:00,2014-04-25T11:00:00+10:00,2014-04-25,11,2,0.145,0.6185676044505939,0.6185676044505939,26.78,26.26,13.39,306.7251067078036,459.9465,1.0
Paper-proposed MLR,2014-04-25T02:00:00+00:00,2014-04-25T12:00:00+10:00,2014-04-25,12,3,0.133717949,0.6014217492569021,0.6014217492569021,25.72,25.15,12.86,283.6168955875128,437.3883847242,1.0
Paper-proposed MLR,2014-04-25T03:00:00+00:00,2014-04-25T13:00:00+10:00,2014-04-25,13,4,0.103461538,0.5324321671873442,0.5324321671873442,25.78,23.4,12.89,245.90009579594596,426.7085767446,1.0
Paper-proposed MLR,2014-04-25T04:00:00+00:00,2014-04-25T14:00:00+10:00,2014-04-25,14,5,0.082435897,0.4009237549565531,0.4009237549565531,26.97,27.95,13.485,195.54314719902354,437.89944213135,1.0
Paper-proposed MLR,2014-04-25T05:00:00+00:00,2014-04-25T15:00:00+10:00,2014-04-25,15,6,0.079615385,0.27478879716325233,0.27478879716325233,36.11,35.06,18.055,191.96302526872563,584.77367328525,1.0
Paper-proposed MLR,2014-04-25T06:00:00+00:00,2014-04-25T16:00:00+10:00,2014-04-25,16,7,0.075448718,0.10494881401437184,0.10494881401437184,41.27,33.42,20.635,111.6750921934969,665.7565288779001,1.0
Paper-proposed MLR,2014-04-25T07:00:00+00:00,2014-04-25T17:00:00+10:00,2014-04-25,17,8,0.019230769,0.02955314734767356,0.02955314734767356,44.18,36.15,22.09,32.329101363603264,675.4442306162999,1.0
Paper-proposed MLR,2014-04-25T08:00:00+00:00,2014-04-25T18:00:00+10:00,2014-04-25,18,9,0.001282051,0.004325152559845891,0.004325152559845891,48.78,66.18,24.39,4.102790844739238,732.6380767167,1.0
Paper-proposed MLR,2014-04-25T09:00:00+00:00,2014-04-25T19:00:00+10:00,2014-04-25,19,10,0.0,0.003434788343410461,0.003434788343410461,52.01,45.38,26.005,2.679650126111671,780.15,1.0
Paper-proposed MLR,2014-04-25T10:00:00+00:00,2014-04-25T20:00:00+10:00,2014-04-25,20,11,0.0,0.0016018195539161117,0.0016018195539161117,52.56,50.58,26.28,1.2628745363074625,788.4000000000001,1.0
Paper-proposed MLR,2014-04-25T23:00:00+00:00,2014-04-26T09:00:00+10:00,2014-04-26,9,0,0.144871795,0.3544085184186298,0.3544085184186298,27.88,27.25,13.94,208.79902707167096,478.785384669,1.0
Paper-proposed MLR,2014-04-26T00:00:00+00:00,2014-04-26T10:00:00+10:00,2014-04-26,10,1,0.228910256,0.5140511812152615,0.5140511812152615,27.16,20.97,13.58,302.6824895214976,500.6580382944,1.0
Paper-proposed MLR,2014-04-26T01:00:00+00:00,2014-04-26T11:00:00+10:00,2014-04-26,11,2,0.241217949,0.5427851031492644,0.5427851031492644,25.13,20.86,12.565,295.52995050766515,467.87710587554994,1.0
Paper-proposed MLR,2014-04-26T02:00:00+00:00,2014-04-26T12:00:00+10:00,2014-04-26,12,3,0.330320513,0.5393032096150937,0.5393032096150937,23.9,19.17,11.95,311.76010455751106,476.9199039105,1.0
Paper-proposed MLR,2014-04-26T03:00:00+00:00,2014-04-26T13:00:00+10:00,2014-04-26,13,4,0.330769231,0.5772845632126342,0.5772845632126342,23.63,20.99,11.815,321.8596673586682,471.69115392795,1.0
Paper-proposed MLR,2014-04-26T04:00:00+00:00,2014-04-26T14:00:00+10:00,2014-04-26,14,5,0.437179487,0.4749395860367326,0.4749395860367326,23.68,22.69,11.84,323.9846947426474,510.4861537824,1.0
Paper-proposed MLR,2014-04-26T05:00:00+00:00,2014-04-26T15:00:00+10:00,2014-04-26,15,6,0.154423077,0.36159273238874506,0.36159273238874506,24.28,23.68,12.14,187.93295777938098,420.4408846434,1.0
Paper-proposed MLR,2014-04-26T06:00:00+00:00,2014-04-26T16:00:00+10:00,2014-04-26,16,7,0.093653846,0.18211258753931242,0.18211258753931242,27.98,24.31,13.99,115.73917215644943,459.0065191662,1.0
Paper-proposed MLR,2014-04-26T07:00:00+00:00,2014-04-26T17:00:00+10:00,2014-04-26,17,8,0.021730769,0.03573301033187562,0.03573301033187562,31.27,29.97,15.635,26.95338569561626,479.24281719945003,1.0
Paper-proposed MLR,2014-04-26T08:00:00+00:00,2014-04-26T18:00:00+10:00,2014-04-26,18,9,0.002435897,0.004130718278629153,0.004130718278629153,35.58,32.46,17.79,3.5046025742043785,535.0000382289,1.0
Paper-proposed MLR,2014-04-26T09:00:00+00:00,2014-04-26T19:00:00+10:00,2014-04-26,19,10,0.0,0.003434788343410461,0.003434788343410461,38.0,40.0,19.0,1.9578293557439628,570.0,1.0
Paper-proposed MLR,2014-04-26T10:00:00+00:00,2014-04-26T20:00:00+10:00,2014-04-26,20,11,0.0,0.0015978408591179882,0.0015978408591179882,37.23,33.85,18.615,0.8923142277744405,558.4499999999999,1.0
Paper-proposed MLR,2014-04-26T23:00:00+00:00,2014-04-27T09:00:00+10:00,2014-04-27,9,0,0.042307692,0.25234417762782113,0.25234417762782113,21.37,23.55,10.685,94.45065680919808,334.1117306706,1.0
Paper-proposed MLR,2014-04-27T00:00:00+00:00,2014-04-27T10:00:00+10:00,2014-04-27,10,1,0.073525641,0.4236317992582221,0.4236317992582221,20.07,21.7,10.035,149.6692473897378,323.18489422305004,1.0
Paper-proposed MLR,2014-04-27T01:00:00+00:00,2014-04-27T11:00:00+10:00,2014-04-27,11,2,0.159358974,0.4642415605470224,0.4642415605470224,18.73,19.13,9.365,175.20057018098595,325.7219037453,1.0
Paper-proposed MLR,2014-04-27T02:00:00+00:00,2014-04-27T12:00:00+10:00,2014-04-27,12,3,0.161794872,0.46942937916419347,0.46942937916419347,17.75,18.79,8.875,168.06345687246653,309.32788467,1.0
Paper-proposed MLR,2014-04-27T03:00:00+00:00,2014-04-27T13:00:00+10:00,2014-04-27,13,4,0.168717949,0.4929005329569409,0.4929005329569409,17.59,19.59,8.795,174.56803646433886,308.36623084365,1.0
Paper-proposed MLR,2014-04-27T04:00:00+00:00,2014-04-27T14:00:00+10:00,2014-04-27,14,5,0.307371795,0.45488535958017423,0.45488535958017423,18.42,18.58,9.21,210.61165181050217,361.22682695850006,1.0
Paper-proposed MLR,2014-04-27T05:00:00+00:00,2014-04-27T15:00:00+10:00,2014-04-27,15,6,0.16974359,0.3539731245993693,0.3539731245993693,19.1,38.77,9.55,150.0448387327193,335.131538535,1.0
Paper-proposed MLR,2014-04-27T06:00:00+00:00,2014-04-27T16:00:00+10:00,2014-04-27,16,7,0.161217949,0.16207905582365767,0.16207905582365767,20.5,18.59,10.25,99.41382898327474,357.0745193175,1.0
Paper-proposed MLR,2014-04-27T07:00:00+00:00,2014-04-27T17:00:00+10:00,2014-04-27,17,8,0.066282051,0.045921040248580014,0.045921040248580014,24.25,22.04,12.125,46.87025708968085,387.86009605124997,1.0
Paper-proposed MLR,2014-04-27T08:00:00+00:00,2014-04-27T18:00:00+10:00,2014-04-27,18,9,0.004166667,0.0038282976508864364,0.0038282976508864364,27.59,28.14,13.795,3.454333370160373,415.57437513794997,1.0
Paper-proposed MLR,2014-04-27T09:00:00+00:00,2014-04-27T19:00:00+10:00,2014-04-27,19,10,0.0,0.003434788343410461,0.003434788343410461,30.1,30.13,15.05,1.5508069370498232,451.5,1.0
Paper-proposed MLR,2014-04-27T10:00:00+00:00,2014-04-27T20:00:00+10:00,2014-04-27,20,11,0.0,0.0016035720742438586,0.0016035720742438586,31.25,30.44,15.625,0.7516744098018088,468.75,1.0
Paper-proposed MLR,2014-04-27T23:00:00+00:00,2014-04-28T09:00:00+10:00,2014-04-28,9,0,0.135961538,0.3246398807887334,0.3246398807887334,20.78,21.94,10.39,143.5694622364482,354.0792113946,1.0
Paper-proposed MLR,2014-04-28T00:00:00+00:00,2014-04-28T10:00:00+10:00,2014-04-28,10,1,0.442820513,0.5764243400883647,0.5764243400883647,20.21,18.96,10.105,308.9840772137378,437.39103851595,1.0
Paper-proposed MLR,2014-04-28T01:00:00+00:00,2014-04-28T11:00:00+10:00,2014-04-28,11,2,0.763782051,0.6028104687031088,0.6028104687031088,19.1,20.65,9.55,445.13229379980544,505.32355761150006,1.0
Paper-proposed MLR,2014-04-28T02:00:00+00:00,2014-04-28T12:00:00+10:00,2014-04-28,12,3,0.725897436,0.6496778964818981,0.6496778964818981,18.88,21.3,9.44,416.68184631941415,488.7741538752,1.0
Paper-proposed MLR,2014-04-28T03:00:00+00:00,2014-04-28T13:00:00+10:00,2014-04-28,13,4,0.671089744,0.62054408971233,0.62054408971233,18.79,21.48,9.395,382.372322993815,470.9966443464,1.0
Paper-proposed MLR,2014-04-28T04:00:00+00:00,2014-04-28T14:00:00+10:00,2014-04-28,14,5,0.570128205,0.4875563000213299,0.4875563000213299,20.28,23.51,10.14,354.8672175144332,477.632999961,1.0
Paper-proposed MLR,2014-04-28T05:00:00+00:00,2014-04-28T15:00:00+10:00,2014-04-28,15,6,0.399551282,0.33922517266497804,0.33922517266497804,28.45,35.6,14.225,353.9569696393622,597.2585095935,1.0
Paper-proposed MLR,2014-04-28T06:00:00+00:00,2014-04-28T16:00:00+10:00,2014-04-28,16,7,0.186730769,0.17710263631550655,0.17710263631550655,35.26,70.19,17.63,207.61312768828068,627.6619037240998,1.0
Paper-proposed MLR,2014-04-28T07:00:00+00:00,2014-04-28T17:00:00+10:00,2014-04-28,17,8,0.046217949,0.05077480418155797,0.05077480418155797,37.52,41.0,18.76,54.587521490580826,588.8114616972,1.0
Paper-proposed MLR,2014-04-28T08:00:00+00:00,2014-04-28T18:00:00+10:00,2014-04-28,18,9,0.003782051,0.004136443489383634,0.004136443489383634,39.34,43.71,19.67,4.672703598185284,592.3317882951001,1.0
Paper-proposed MLR,2014-04-28T09:00:00+00:00,2014-04-28T19:00:00+10:00,2014-04-28,19,10,0.0,0.003434788343410461,0.003434788343410461,41.07,43.84,20.535,2.1160013589580147,616.05,1.0
Paper-proposed MLR,2014-04-28T10:00:00+00:00,2014-04-28T20:00:00+10:00,2014-04-28,20,11,0.0,0.0016048035750147183,0.0016048035750147183,43.22,43.25,21.61,1.040394157682042,648.3,1.0
Paper-proposed MLR,2014-04-28T23:00:00+00:00,2014-04-29T09:00:00+10:00,2014-04-29,9,0,0.249807692,0.3194886691174154,0.3194886691174154,26.48,29.7,13.24,226.12451463583741,496.4236152624,1.0
Paper-proposed MLR,2014-04-29T00:00:00+00:00,2014-04-29T10:00:00+10:00,2014-04-29,10,1,0.343589744,0.5498079375070367,0.5498079375070367,25.73,26.82,12.865,344.80683517764083,518.5584616968,1.0
Paper-proposed MLR,2014-04-29T01:00:00+00:00,2014-04-29T11:00:00+10:00,2014-04-29,11,2,0.649551282,0.6193838363640992,0.6193838363640992,23.97,23.91,11.985,467.03802548405537,593.0961634431,1.0
Paper-proposed MLR,2014-04-29T02:00:00+00:00,2014-04-29T12:00:00+10:00,2014-04-29,12,3,0.366346154,0.5638379173217017,0.5638379173217017,23.31,23.33,11.655,325.23886053763295,477.74293274609994,1.0
Paper-proposed MLR,2014-04-29T03:00:00+00:00,2014-04-29T13:00:00+10:00,2014-04-29,13,4,0.388141026,0.47518236876985187,0.47518236876985187,23.24,22.83,11.62,300.95453541677034,483.9059616636,1.0
Paper-proposed MLR,2014-04-29T04:00:00+00:00,2014-04-29T14:00:00+10:00,2014-04-29,14,5,0.401794872,0.4081105076834042,0.4081105076834042,25.04,25.41,12.52,304.20046060908663,526.5141539232,1.0
Paper-proposed MLR,2014-04-29T05:00:00+00:00,2014-04-29T15:00:00+10:00,2014-04-29,15,6,0.202051282,0.2742584427823877,0.2742584427823877,34.2,58.87,17.1,244.3468888133649,616.6523076660001,1.0
Paper-proposed MLR,2014-04-29T06:00:00+00:00,2014-04-29T16:00:00+10:00,2014-04-29,16,7,0.108461538,0.14076822535399586,0.14076822535399586,43.17,103.27,21.585,161.38873325988,717.7842689319001,1.0
Paper-proposed MLR,2014-04-29T07:00:00+00:00,2014-04-29T17:00:00+10:00,2014-04-29,17,8,0.023846154,0.02670402188212631,0.02670402188212631,46.12,55.61,23.06,34.97061167525498,708.2967693372,1.0
Paper-proposed MLR,2014-04-29T08:00:00+00:00,2014-04-29T18:00:00+10:00,2014-04-29,18,9,0.000448718,0.00301692560590483,0.00301692560590483,46.72,51.32,23.36,2.4287230390181045,701.1144615744,1.0
Paper-proposed MLR,2014-04-29T09:00:00+00:00,2014-04-29T19:00:00+10:00,2014-04-29,19,10,0.0,0.003434788343410461,0.003434788343410461,47.62,41.33,23.81,2.453469313698092,714.3,1.0
Paper-proposed MLR,2014-04-29T10:00:00+00:00,2014-04-29T20:00:00+10:00,2014-04-29,20,11,0.0,0.0016021984772302267,0.0016021984772302267,47.45,48.21,23.725,1.1403647661686138,711.75,1.0
Paper-proposed MLR,2014-04-29T23:00:00+00:00,2014-04-30T09:00:00+10:00,2014-04-30,9,0,0.515833333,0.34307000316140335,0.34307000316140335,27.49,28.26,13.745,429.3985826443716,625.05387486255,1.0
Paper-proposed MLR,2014-04-30T00:00:00+00:00,2014-04-30T10:00:00+10:00,2014-04-30,10,1,0.699294872,0.5841348152720441,0.5841348152720441,26.35,24.72,13.175,547.161269542003,671.646298158,1.0
Paper-proposed MLR,2014-04-30T01:00:00+00:00,2014-04-30T11:00:00+10:00,2014-04-30,11,2,0.796987179,0.6014360683203125,0.6014360683203125,24.2,26.55,12.1,592.399045256918,652.306345977,1.0
Paper-proposed MLR,2014-04-30T02:00:00+00:00,2014-04-30T12:00:00+10:00,2014-04-30,12,3,0.754871795,0.6231626591032489,0.6231626591032489,23.86,27.29,11.93,553.8901009447757,628.0686154305,1.0
Paper-proposed MLR,2014-04-30T03:00:00+00:00,2014-04-30T13:00:00+10:00,2014-04-30,13,4,0.711666667,0.5752978241226274,0.5752978241226274,24.16,27.04,12.08,527.598268266205,620.3080001208,1.0
Paper-proposed MLR,2014-04-30T04:00:00+00:00,2014-04-30T14:00:00+10:00,2014-04-30,14,5,0.590064103,0.5273292754128188,0.5273292754128188,26.75,28.29,13.375,476.4247916920278,638.01322132875,1.0
Paper-proposed MLR,2014-04-30T05:00:00+00:00,2014-04-30T15:00:00+10:00,2014-04-30,15,6,0.420448718,0.37569647973808223,0.37569647973808223,37.73,34.22,18.865,471.19349321522003,803.9029519520999,1.0
Paper-proposed MLR,2014-04-30T06:00:00+00:00,2014-04-30T16:00:00+10:00,2014-04-30,16,7,0.194358974,0.18188465480996313,0.18188465480996313,44.06,44.24,22.03,256.9710531568262,789.3518459166,1.0
Paper-proposed MLR,2014-04-30T07:00:00+00:00,2014-04-30T17:00:00+10:00,2014-04-30,17,8,0.035833333,0.04774621853953584,0.04774621853953584,46.92,64.72,23.46,58.82328837352533,729.0194997654,1.0
Paper-proposed MLR,2014-04-30T08:00:00+00:00,2014-04-30T18:00:00+10:00,2014-04-30,18,9,0.002435897,0.0038134023727964816,0.0038134023727964816,48.07,93.57,24.035,4.506057312754903,722.80640353185,1.0
Paper-proposed MLR,2014-04-30T09:00:00+00:00,2014-04-30T19:00:00+10:00,2014-04-30,19,10,0.0,0.003434788343410461,0.003434788343410461,46.79,61.24,23.395,2.410706198822632,701.85,1.0
Paper-proposed MLR,2014-04-30T10:00:00+00:00,2014-04-30T20:00:00+10:00,2014-04-30,20,11,0.0,0.0016021984772302267,0.0016021984772302267,47.44,38.69,23.72,1.1401244363970293,711.5999999999999,1.0
